candidate_id,pixels,emitted_pixels,row,col,easting_m,northing_m,mean_A_operating_rank,mean_B_operating_rank,mean_band15_native,mean_gravity_gradient_native_per_m,mean_band19_native,hypothesis,non_fault_mimic,falsifier,status
CTD5-A-00001,2,1,85.5,1774.5,420850.0,4499950.0,0.96763,0.46903,633.6992,0.00286853,1.3268,"Geophysical donor high and surface receiver abstains. A buried structural boundary is one hypothesis; native cover/gradient/slope measurements above are context, not proof.",Basin-fill density boundary or volcanic lithologic contact; gravity and modelled cover may not be independent.,Compare both sides in official high-resolution terrain/geologic mapping and field offset observations. A continuous unfaulted contact would weaken the fault interpretation.,"Unverified candidate; no slip, permeability, temperature or geothermal resource established."
CTD5-A-00002,22,3,89.818,1774.364,420836.4,4499518.2,0.96408,0.52391,523.459,0.0028361,2.183,"Geophysical donor high and surface receiver abstains. A buried structural boundary is one hypothesis; native cover/gradient/slope measurements above are context, not proof.",Basin-fill density boundary or volcanic lithologic contact; gravity and modelled cover may not be independent.,Compare both sides in official high-resolution terrain/geologic mapping and field offset observations. A continuous unfaulted contact would weaken the fault interpretation.,"Unverified candidate; no slip, permeability, temperature or geothermal resource established."
CTD5-A-00003,3,1,89.333,2038.333,447233.3,4499566.7,0.9638,0.58907,109.887,0.00293418,3.7639,"Geophysical donor high and surface receiver abstains. A buried structural boundary is one hypothesis; native cover/gradient/slope measurements above are context, not proof.",Basin-fill density boundary or volcanic lithologic contact; gravity and modelled cover may not be independent.,Compare both sides in official high-resolution terrain/geologic mapping and field offset observations. A continuous unfaulted contact would weaken the fault interpretation.,"Unverified candidate; no slip, permeability, temperature or geothermal resource established."
CTD5-A-00004,1,0,94.0,1780.0,421400.0,4499100.0,0.95007,0.6472,338.2569,0.00281137,2.7905,"Geophysical donor high and surface receiver abstains. A buried structural boundary is one hypothesis; native cover/gradient/slope measurements above are context, not proof.",Basin-fill density boundary or volcanic lithologic contact; gravity and modelled cover may not be independent.,Compare both sides in official high-resolution terrain/geologic mapping and field offset observations. A continuous unfaulted contact would weaken the fault interpretation.,"Unverified candidate; no slip, permeability, temperature or geothermal resource established."
CTD5-A-00005,1,0,95.0,1778.0,421200.0,4499000.0,0.97167,0.60587,341.0398,0.00278759,3.9011,"Geophysical donor high and surface receiver abstains. A buried structural boundary is one hypothesis; native cover/gradient/slope measurements above are context, not proof.",Basin-fill density boundary or volcanic lithologic contact; gravity and modelled cover may not be independent.,Compare both sides in official high-resolution terrain/geologic mapping and field offset observations. A continuous unfaulted contact would weaken the fault interpretation.,"Unverified candidate; no slip, permeability, temperature or geothermal resource established."
CTD5-A-00006,11,2,105.545,1643.727,407772.7,4497945.5,0.97065,0.46308,473.7651,0.00507922,16.7076,"Geophysical donor high and surface receiver abstains. A buried structural boundary is one hypothesis; native cover/gradient/slope measurements above are context, not proof.",Basin-fill density boundary or volcanic lithologic contact; gravity and modelled cover may not be independent.,Compare both sides in official high-resolution terrain/geologic mapping and field offset observations. A continuous unfaulted contact would weaken the fault interpretation.,"Unverified candidate; no slip, permeability, temperature or geothermal resource established."
CTD5-A-00007,3,1,108.667,1640.667,407466.7,4497633.3,0.97147,0.45366,395.3221,0.00522313,19.6427,"Geophysical donor high and surface receiver abstains. A buried structural boundary is one hypothesis; native cover/gradient/slope measurements above are context, not proof.",Basin-fill density boundary or volcanic lithologic contact; gravity and modelled cover may not be independent.,Compare both sides in official high-resolution terrain/geologic mapping and field offset observations. A continuous unfaulted contact would weaken the fault interpretation.,"Unverified candidate; no slip, permeability, temperature or geothermal resource established."
CTD5-A-00008,6,1,112.833,1611.333,404533.3,4497216.7,0.96211,0.60277,255.2291,0.00474807,4.6715,"Geophysical donor high and surface receiver abstains. A buried structural boundary is one hypothesis; native cover/gradient/slope measurements above are context, not proof.",Basin-fill density boundary or volcanic lithologic contact; gravity and modelled cover may not be independent.,Compare both sides in official high-resolution terrain/geologic mapping and field offset observations. A continuous unfaulted contact would weaken the fault interpretation.,"Unverified candidate; no slip, permeability, temperature or geothermal resource established."
CTD5-A-00009,5,1,115.4,1625.8,405980.0,4496960.0,0.95911,0.50479,221.8856,0.00555932,11.6672,"Geophysical donor high and surface receiver abstains. A buried structural boundary is one hypothesis; native cover/gradient/slope measurements above are context, not proof.",Basin-fill density boundary or volcanic lithologic contact; gravity and modelled cover may not be independent.,Compare both sides in official high-resolution terrain/geologic mapping and field offset observations. A continuous unfaulted contact would weaken the fault interpretation.,"Unverified candidate; no slip, permeability, temperature or geothermal resource established."
CTD5-A-00010,14,2,120.857,1619.357,405335.7,4496414.3,0.97029,0.48884,174.8941,0.00483015,21.2708,"Geophysical donor high and surface receiver abstains. A buried structural boundary is one hypothesis; native cover/gradient/slope measurements above are context, not proof.",Basin-fill density boundary or volcanic lithologic contact; gravity and modelled cover may not be independent.,Compare both sides in official high-resolution terrain/geologic mapping and field offset observations. A continuous unfaulted contact would weaken the fault interpretation.,"Unverified candidate; no slip, permeability, temperature or geothermal resource established."
CTD5-A-00011,1,1,117.0,1634.0,406800.0,4496800.0,0.9563,0.42817,245.2378,0.00505909,15.7023,"Geophysical donor high and surface receiver abstains. A buried structural boundary is one hypothesis; native cover/gradient/slope measurements above are context, not proof.",Basin-fill density boundary or volcanic lithologic contact; gravity and modelled cover may not be independent.,Compare both sides in official high-resolution terrain/geologic mapping and field offset observations. A continuous unfaulted contact would weaken the fault interpretation.,"Unverified candidate; no slip, permeability, temperature or geothermal resource established."
CTD5-A-00012,4,1,119.25,1631.0,406500.0,4496575.0,0.9651,0.44858,218.9799,0.00506441,17.1786,"Geophysical donor high and surface receiver abstains. A buried structural boundary is one hypothesis; native cover/gradient/slope measurements above are context, not proof.",Basin-fill density boundary or volcanic lithologic contact; gravity and modelled cover may not be independent.,Compare both sides in official high-resolution terrain/geologic mapping and field offset observations. A continuous unfaulted contact would weaken the fault interpretation.,"Unverified candidate; no slip, permeability, temperature or geothermal resource established."
CTD5-A-00013,19,3,124.474,1623.789,405778.9,4496052.6,0.97376,0.50082,155.6053,0.0051128,19.6913,"Geophysical donor high and surface receiver abstains. A buried structural boundary is one hypothesis; native cover/gradient/slope measurements above are context, not proof.",Basin-fill density boundary or volcanic lithologic contact; gravity and modelled cover may not be independent.,Compare both sides in official high-resolution terrain/geologic mapping and field offset observations. A continuous unfaulted contact would weaken the fault interpretation.,"Unverified candidate; no slip, permeability, temperature or geothermal resource established."
CTD5-A-00014,1,1,125.0,445.0,287900.0,4496000.0,0.95077,0.5128,169.8961,0.003857,20.0059,"Geophysical donor high and surface receiver abstains. A buried structural boundary is one hypothesis; native cover/gradient/slope measurements above are context, not proof.",Basin-fill density boundary or volcanic lithologic contact; gravity and modelled cover may not be independent.,Compare both sides in official high-resolution terrain/geologic mapping and field offset observations. A continuous unfaulted contact would weaken the fault interpretation.,"Unverified candidate; no slip, permeability, temperature or geothermal resource established."
CTD5-A-00015,19,3,129.263,1615.895,404989.5,4495573.7,0.97641,0.48385,108.9994,0.00441479,25.1245,"Geophysical donor high and surface receiver abstains. A buried structural boundary is one hypothesis; native cover/gradient/slope measurements above are context, not proof.",Basin-fill density boundary or volcanic lithologic contact; gravity and modelled cover may not be independent.,Compare both sides in official high-resolution terrain/geologic mapping and field offset observations. A continuous unfaulted contact would weaken the fault interpretation.,"Unverified candidate; no slip, permeability, temperature or geothermal resource established."
CTD5-A-00016,3,0,126.333,441.0,287500.0,4495866.7,0.95148,0.45801,196.3086,0.00430983,6.5517,"Geophysical donor high and surface receiver abstains. A buried structural boundary is one hypothesis; native cover/gradient/slope measurements above are context, not proof.",Basin-fill density boundary or volcanic lithologic contact; gravity and modelled cover may not be independent.,Compare both sides in official high-resolution terrain/geologic mapping and field offset observations. A continuous unfaulted contact would weaken the fault interpretation.,"Unverified candidate; no slip, permeability, temperature or geothermal resource established."
CTD5-A-00017,7,2,131.571,642.714,307671.4,4495342.9,0.9787,0.46066,36.2928,0.00445859,17.4809,"Geophysical donor high and surface receiver abstains. A buried structural boundary is one hypothesis; native cover/gradient/slope measurements above are context, not proof.",Basin-fill density boundary or volcanic lithologic contact; gravity and modelled cover may not be independent.,Compare both sides in official high-resolution terrain/geologic mapping and field offset observations. A continuous unfaulted contact would weaken the fault interpretation.,"Unverified candidate; no slip, permeability, temperature or geothermal resource established."
CTD5-A-00018,31,5,139.419,655.323,308932.3,4494558.1,0.97506,0.49441,39.4331,0.00422884,12.8561,"Geophysical donor high and surface receiver abstains. A buried structural boundary is one hypothesis; native cover/gradient/slope measurements above are context, not proof.",Basin-fill density boundary or volcanic lithologic contact; gravity and modelled cover may not be independent.,Compare both sides in official high-resolution terrain/geologic mapping and field offset observations. A continuous unfaulted contact would weaken the fault interpretation.,"Unverified candidate; no slip, permeability, temperature or geothermal resource established."
CTD5-A-00019,52,6,140.75,646.442,308044.2,4494425.0,0.97486,0.50251,15.9195,0.00410469,14.6002,"Geophysical donor high and surface receiver abstains. A buried structural boundary is one hypothesis; native cover/gradient/slope measurements above are context, not proof.",Basin-fill density boundary or volcanic lithologic contact; gravity and modelled cover may not be independent.,Compare both sides in official high-resolution terrain/geologic mapping and field offset observations. A continuous unfaulted contact would weaken the fault interpretation.,"Unverified candidate; no slip, permeability, temperature or geothermal resource established."
CTD5-A-00020,1,1,137.0,1617.0,405100.0,4494800.0,0.97203,0.4184,78.1467,0.00567206,30.2945,"Geophysical donor high and surface receiver abstains. A buried structural boundary is one hypothesis; native cover/gradient/slope measurements above are context, not proof.",Basin-fill density boundary or volcanic lithologic contact; gravity and modelled cover may not be independent.,Compare both sides in official high-resolution terrain/geologic mapping and field offset observations. A continuous unfaulted contact would weaken the fault interpretation.,"Unverified candidate; no slip, permeability, temperature or geothermal resource established."
CTD5-A-00021,11,2,141.636,637.182,307118.2,4494336.4,0.97525,0.44384,9.4974,0.00382724,19.3524,"Geophysical donor high and surface receiver abstains. A buried structural boundary is one hypothesis; native cover/gradient/slope measurements above are context, not proof.",Basin-fill density boundary or volcanic lithologic contact; gravity and modelled cover may not be independent.,Compare both sides in official high-resolution terrain/geologic mapping and field offset observations. A continuous unfaulted contact would weaken the fault interpretation.,"Unverified candidate; no slip, permeability, temperature or geothermal resource established."
CTD5-A-00022,1,1,138.0,640.0,307400.0,4494700.0,0.9879,0.36203,10.4132,0.00406239,14.926,"Geophysical donor high and surface receiver abstains. A buried structural boundary is one hypothesis; native cover/gradient/slope measurements above are context, not proof.",Basin-fill density boundary or volcanic lithologic contact; gravity and modelled cover may not be independent.,Compare both sides in official high-resolution terrain/geologic mapping and field offset observations. A continuous unfaulted contact would weaken the fault interpretation.,"Unverified candidate; no slip, permeability, temperature or geothermal resource established."
CTD5-A-00023,2,0,142.5,704.5,313850.0,4494250.0,0.9649,0.39345,37.7686,0.00554087,3.0421,"Geophysical donor high and surface receiver abstains. A buried structural boundary is one hypothesis; native cover/gradient/slope measurements above are context, not proof.",Basin-fill density boundary or volcanic lithologic contact; gravity and modelled cover may not be independent.,Compare both sides in official high-resolution terrain/geologic mapping and field offset observations. A continuous unfaulted contact would weaken the fault interpretation.,"Unverified candidate; no slip, permeability, temperature or geothermal resource established."
CTD5-A-00024,1,0,143.0,700.0,313400.0,4494200.0,0.95197,0.373,37.7333,0.00531333,0.9559,"Geophysical donor high and surface receiver abstains. A buried structural boundary is one hypothesis; native cover/gradient/slope measurements above are context, not proof.",Basin-fill density boundary or volcanic lithologic contact; gravity and modelled cover may not be independent.,Compare both sides in official high-resolution terrain/geologic mapping and field offset observations. A continuous unfaulted contact would weaken the fault interpretation.,"Unverified candidate; no slip, permeability, temperature or geothermal resource established."
CTD5-A-00025,31,4,147.097,699.806,313380.6,4493790.3,0.96454,0.45725,28.0595,0.00536646,4.0604,"Geophysical donor high and surface receiver abstains. A buried structural boundary is one hypothesis; native cover/gradient/slope measurements above are context, not proof.",Basin-fill density boundary or volcanic lithologic contact; gravity and modelled cover may not be independent.,Compare both sides in official high-resolution terrain/geologic mapping and field offset observations. A continuous unfaulted contact would weaken the fault interpretation.,"Unverified candidate; no slip, permeability, temperature or geothermal resource established."
CTD5-A-00026,4,1,144.25,696.75,313075.0,4494075.0,0.96381,0.42948,33.4972,0.00487894,1.4941,"Geophysical donor high and surface receiver abstains. A buried structural boundary is one hypothesis; native cover/gradient/slope measurements above are context, not proof.",Basin-fill density boundary or volcanic lithologic contact; gravity and modelled cover may not be independent.,Compare both sides in official high-resolution terrain/geologic mapping and field offset observations. A continuous unfaulted contact would weaken the fault interpretation.,"Unverified candidate; no slip, permeability, temperature or geothermal resource established."
CTD5-A-00027,4,1,146.5,690.0,312400.0,4493850.0,0.96888,0.58601,27.2963,0.00407345,1.7296,"Geophysical donor high and surface receiver abstains. A buried structural boundary is one hypothesis; native cover/gradient/slope measurements above are context, not proof.",Basin-fill density boundary or volcanic lithologic contact; gravity and modelled cover may not be independent.,Compare both sides in official high-resolution terrain/geologic mapping and field offset observations. A continuous unfaulted contact would weaken the fault interpretation.,"Unverified candidate; no slip, permeability, temperature or geothermal resource established."
CTD5-A-00028,1,1,147.0,637.0,307100.0,4493800.0,0.9669,0.61447,19.6391,0.00356469,24.2464,"Geophysical donor high and surface receiver abstains. A buried structural boundary is one hypothesis; native cover/gradient/slope measurements above are context, not proof.",Basin-fill density boundary or volcanic lithologic contact; gravity and modelled cover may not be independent.,Compare both sides in official high-resolution terrain/geologic mapping and field offset observations. A continuous unfaulted contact would weaken the fault interpretation.,"Unverified candidate; no slip, permeability, temperature or geothermal resource established."
CTD5-A-00029,1,0,150.0,704.0,313800.0,4493500.0,0.95653,0.3569,23.6133,0.00591838,3.6774,"Geophysical donor high and surface receiver abstains. A buried structural boundary is one hypothesis; native cover/gradient/slope measurements above are context, not proof.",Basin-fill density boundary or volcanic lithologic contact; gravity and modelled cover may not be independent.,Compare both sides in official high-resolution terrain/geologic mapping and field offset observations. A continuous unfaulted contact would weaken the fault interpretation.,"Unverified candidate; no slip, permeability, temperature or geothermal resource established."
CTD5-A-00030,1,1,151.0,693.0,312700.0,4493400.0,0.95817,0.4928,18.7898,0.00475758,3.0971,"Geophysical donor high and surface receiver abstains. A buried structural boundary is one hypothesis; native cover/gradient/slope measurements above are context, not proof.",Basin-fill density boundary or volcanic lithologic contact; gravity and modelled cover may not be independent.,Compare both sides in official high-resolution terrain/geologic mapping and field offset observations. A continuous unfaulted contact would weaken the fault interpretation.,"Unverified candidate; no slip, permeability, temperature or geothermal resource established."
CTD5-A-00031,12,2,154.167,639.25,307325.0,4493083.3,0.95057,0.47737,39.5813,0.00337071,12.1186,"Geophysical donor high and surface receiver abstains. A buried structural boundary is one hypothesis; native cover/gradient/slope measurements above are context, not proof.",Basin-fill density boundary or volcanic lithologic contact; gravity and modelled cover may not be independent.,Compare both sides in official high-resolution terrain/geologic mapping and field offset observations. A continuous unfaulted contact would weaken the fault interpretation.,"Unverified candidate; no slip, permeability, temperature or geothermal resource established."
CTD5-A-00032,5,1,153.4,695.2,312920.0,4493160.0,0.97014,0.51139,15.3114,0.00511756,4.3672,"Geophysical donor high and surface receiver abstains. A buried structural boundary is one hypothesis; native cover/gradient/slope measurements above are context, not proof.",Basin-fill density boundary or volcanic lithologic contact; gravity and modelled cover may not be independent.,Compare both sides in official high-resolution terrain/geologic mapping and field offset observations. A continuous unfaulted contact would weaken the fault interpretation.,"Unverified candidate; no slip, permeability, temperature or geothermal resource established."
CTD5-A-00033,6,1,163.5,692.0,312600.0,4492150.0,0.96762,0.52442,11.8021,0.00496136,3.2858,"Geophysical donor high and surface receiver abstains. A buried structural boundary is one hypothesis; native cover/gradient/slope measurements above are context, not proof.",Basin-fill density boundary or volcanic lithologic contact; gravity and modelled cover may not be independent.,Compare both sides in official high-resolution terrain/geologic mapping and field offset observations. A continuous unfaulted contact would weaken the fault interpretation.,"Unverified candidate; no slip, permeability, temperature or geothermal resource established."
CTD5-A-00034,3,1,163.333,696.0,313000.0,4492166.7,0.96643,0.42781,14.2666,0.0055213,2.9723,"Geophysical donor high and surface receiver abstains. A buried structural boundary is one hypothesis; native cover/gradient/slope measurements above are context, not proof.",Basin-fill density boundary or volcanic lithologic contact; gravity and modelled cover may not be independent.,Compare both sides in official high-resolution terrain/geologic mapping and field offset observations. A continuous unfaulted contact would weaken the fault interpretation.,"Unverified candidate; no slip, permeability, temperature or geothermal resource established."
CTD5-A-00035,2,1,164.0,703.5,313750.0,4492100.0,0.96113,0.49717,19.1126,0.0065059,2.9481,"Geophysical donor high and surface receiver abstains. A buried structural boundary is one hypothesis; native cover/gradient/slope measurements above are context, not proof.",Basin-fill density boundary or volcanic lithologic contact; gravity and modelled cover may not be independent.,Compare both sides in official high-resolution terrain/geologic mapping and field offset observations. A continuous unfaulted contact would weaken the fault interpretation.,"Unverified candidate; no slip, permeability, temperature or geothermal resource established."
CTD5-A-00036,1,0,165.0,643.0,307700.0,4492000.0,0.95103,0.40827,83.4818,0.00315405,13.0477,"Geophysical donor high and surface receiver abstains. A buried structural boundary is one hypothesis; native cover/gradient/slope measurements above are context, not proof.",Basin-fill density boundary or volcanic lithologic contact; gravity and modelled cover may not be independent.,Compare both sides in official high-resolution terrain/geologic mapping and field offset observations. A continuous unfaulted contact would weaken the fault interpretation.,"Unverified candidate; no slip, permeability, temperature or geothermal resource established."
CTD5-A-00037,2,1,168.0,689.5,312350.0,4491700.0,0.95943,0.53497,10.4367,0.00432849,2.0939,"Geophysical donor high and surface receiver abstains. A buried structural boundary is one hypothesis; native cover/gradient/slope measurements above are context, not proof.",Basin-fill density boundary or volcanic lithologic contact; gravity and modelled cover may not be independent.,Compare both sides in official high-resolution terrain/geologic mapping and field offset observations. A continuous unfaulted contact would weaken the fault interpretation.,"Unverified candidate; no slip, permeability, temperature or geothermal resource established."
CTD5-A-00038,1,1,177.0,695.0,312900.0,4490800.0,0.9684,0.64177,13.3923,0.00511709,4.0708,"Geophysical donor high and surface receiver abstains. A buried structural boundary is one hypothesis; native cover/gradient/slope measurements above are context, not proof.",Basin-fill density boundary or volcanic lithologic contact; gravity and modelled cover may not be independent.,Compare both sides in official high-resolution terrain/geologic mapping and field offset observations. A continuous unfaulted contact would weaken the fault interpretation.,"Unverified candidate; no slip, permeability, temperature or geothermal resource established."
CTD5-A-00039,10,1,185.0,703.1,313710.0,4490000.0,0.95932,0.50126,15.6432,0.00622794,3.1174,"Geophysical donor high and surface receiver abstains. A buried structural boundary is one hypothesis; native cover/gradient/slope measurements above are context, not proof.",Basin-fill density boundary or volcanic lithologic contact; gravity and modelled cover may not be independent.,Compare both sides in official high-resolution terrain/geologic mapping and field offset observations. A continuous unfaulted contact would weaken the fault interpretation.,"Unverified candidate; no slip, permeability, temperature or geothermal resource established."
CTD5-A-00040,1,0,186.0,705.0,313900.0,4489900.0,0.9654,0.4476,16.4667,0.0063432,3.2169,"Geophysical donor high and surface receiver abstains. A buried structural boundary is one hypothesis; native cover/gradient/slope measurements above are context, not proof.",Basin-fill density boundary or volcanic lithologic contact; gravity and modelled cover may not be independent.,Compare both sides in official high-resolution terrain/geologic mapping and field offset observations. A continuous unfaulted contact would weaken the fault interpretation.,"Unverified candidate; no slip, permeability, temperature or geothermal resource established."
CTD5-A-00041,3,1,188.0,1975.667,440966.7,4489700.0,0.95083,0.5731,257.8114,0.00385563,3.8083,"Geophysical donor high and surface receiver abstains. A buried structural boundary is one hypothesis; native cover/gradient/slope measurements above are context, not proof.",Basin-fill density boundary or volcanic lithologic contact; gravity and modelled cover may not be independent.,Compare both sides in official high-resolution terrain/geologic mapping and field offset observations. A continuous unfaulted contact would weaken the fault interpretation.,"Unverified candidate; no slip, permeability, temperature or geothermal resource established."
CTD5-A-00042,1,1,190.0,606.0,304000.0,4489500.0,0.9529,0.47517,246.0561,0.00386393,7.0567,"Geophysical donor high and surface receiver abstains. A buried structural boundary is one hypothesis; native cover/gradient/slope measurements above are context, not proof.",Basin-fill density boundary or volcanic lithologic contact; gravity and modelled cover may not be independent.,Compare both sides in official high-resolution terrain/geologic mapping and field offset observations. A continuous unfaulted contact would weaken the fault interpretation.,"Unverified candidate; no slip, permeability, temperature or geothermal resource established."
CTD5-A-00043,131,19,198.725,630.053,306405.3,4488627.5,0.97052,0.48443,101.0609,0.00385348,14.778,"Geophysical donor high and surface receiver abstains. A buried structural boundary is one hypothesis; native cover/gradient/slope measurements above are context, not proof.",Basin-fill density boundary or volcanic lithologic contact; gravity and modelled cover may not be independent.,Compare both sides in official high-resolution terrain/geologic mapping and field offset observations. A continuous unfaulted contact would weaken the fault interpretation.,"Unverified candidate; no slip, permeability, temperature or geothermal resource established."
CTD5-A-00044,8,1,199.75,1976.875,441087.5,4488525.0,0.95668,0.51678,142.9782,0.00239267,2.1247,"Geophysical donor high and surface receiver abstains. A buried structural boundary is one hypothesis; native cover/gradient/slope measurements above are context, not proof.",Basin-fill density boundary or volcanic lithologic contact; gravity and modelled cover may not be independent.,Compare both sides in official high-resolution terrain/geologic mapping and field offset observations. A continuous unfaulted contact would weaken the fault interpretation.,"Unverified candidate; no slip, permeability, temperature or geothermal resource established."
CTD5-A-00045,1,0,200.0,624.0,305800.0,4488500.0,0.96157,0.55137,103.3372,0.0035965,19.4201,"Geophysical donor high and surface receiver abstains. A buried structural boundary is one hypothesis; native cover/gradient/slope measurements above are context, not proof.",Basin-fill density boundary or volcanic lithologic contact; gravity and modelled cover may not be independent.,Compare both sides in official high-resolution terrain/geologic mapping and field offset observations. A continuous unfaulted contact would weaken the fault interpretation.,"Unverified candidate; no slip, permeability, temperature or geothermal resource established."
CTD5-A-00046,1,1,203.0,644.0,307800.0,4488200.0,0.95127,0.39143,60.0609,0.00438674,15.8344,"Geophysical donor high and surface receiver abstains. A buried structural boundary is one hypothesis; native cover/gradient/slope measurements above are context, not proof.",Basin-fill density boundary or volcanic lithologic contact; gravity and modelled cover may not be independent.,Compare both sides in official high-resolution terrain/geologic mapping and field offset observations. A continuous unfaulted contact would weaken the fault interpretation.,"Unverified candidate; no slip, permeability, temperature or geothermal resource established."
CTD5-A-00047,2,1,204.0,630.5,306450.0,4488100.0,0.97622,0.37275,63.0101,0.00404982,8.9666,"Geophysical donor high and surface receiver abstains. A buried structural boundary is one hypothesis; native cover/gradient/slope measurements above are context, not proof.",Basin-fill density boundary or volcanic lithologic contact; gravity and modelled cover may not be independent.,Compare both sides in official high-resolution terrain/geologic mapping and field offset observations. A continuous unfaulted contact would weaken the fault interpretation.,"Unverified candidate; no slip, permeability, temperature or geothermal resource established."
CTD5-A-00048,94,13,213.202,643.468,307746.8,4487179.8,0.97086,0.46697,22.6503,0.00482579,9.4161,"Geophysical donor high and surface receiver abstains. A buried structural boundary is one hypothesis; native cover/gradient/slope measurements above are context, not proof.",Basin-fill density boundary or volcanic lithologic contact; gravity and modelled cover may not be independent.,Compare both sides in official high-resolution terrain/geologic mapping and field offset observations. A continuous unfaulted contact would weaken the fault interpretation.,"Unverified candidate; no slip, permeability, temperature or geothermal resource established."
CTD5-A-00049,1,1,207.0,620.0,305400.0,4487800.0,0.9702,0.47353,59.8023,0.00354988,22.1849,"Geophysical donor high and surface receiver abstains. A buried structural boundary is one hypothesis; native cover/gradient/slope measurements above are context, not proof.",Basin-fill density boundary or volcanic lithologic contact; gravity and modelled cover may not be independent.,Compare both sides in official high-resolution terrain/geologic mapping and field offset observations. A continuous unfaulted contact would weaken the fault interpretation.,"Unverified candidate; no slip, permeability, temperature or geothermal resource established."
CTD5-A-00050,1,1,209.0,634.0,306800.0,4487600.0,0.98217,0.374,33.2625,0.0042974,24.4311,"Geophysical donor high and surface receiver abstains. A buried structural boundary is one hypothesis; native cover/gradient/slope measurements above are context, not proof.",Basin-fill density boundary or volcanic lithologic contact; gravity and modelled cover may not be independent.,Compare both sides in official high-resolution terrain/geologic mapping and field offset observations. A continuous unfaulted contact would weaken the fault interpretation.,"Unverified candidate; no slip, permeability, temperature or geothermal resource established."
CTD5-A-00051,4,1,210.5,624.5,305850.0,4487450.0,0.98368,0.45799,26.854,0.00370242,25.5162,"Geophysical donor high and surface receiver abstains. A buried structural boundary is one hypothesis; native cover/gradient/slope measurements above are context, not proof.",Basin-fill density boundary or volcanic lithologic contact; gravity and modelled cover may not be independent.,Compare both sides in official high-resolution terrain/geologic mapping and field offset observations. A continuous unfaulted contact would weaken the fault interpretation.,"Unverified candidate; no slip, permeability, temperature or geothermal resource established."
CTD5-A-00052,1,0,211.0,621.0,305500.0,4487400.0,0.97993,0.38053,28.8489,0.00358189,26.7569,"Geophysical donor high and surface receiver abstains. A buried structural boundary is one hypothesis; native cover/gradient/slope measurements above are context, not proof.",Basin-fill density boundary or volcanic lithologic contact; gravity and modelled cover may not be independent.,Compare both sides in official high-resolution terrain/geologic mapping and field offset observations. A continuous unfaulted contact would weaken the fault interpretation.,"Unverified candidate; no slip, permeability, temperature or geothermal resource established."
CTD5-A-00053,1,1,212.0,651.0,308500.0,4487300.0,0.9687,0.45083,27.8316,0.00408758,13.6821,"Geophysical donor high and surface receiver abstains. A buried structural boundary is one hypothesis; native cover/gradient/slope measurements above are context, not proof.",Basin-fill density boundary or volcanic lithologic contact; gravity and modelled cover may not be independent.,Compare both sides in official high-resolution terrain/geologic mapping and field offset observations. A continuous unfaulted contact would weaken the fault interpretation.,"Unverified candidate; no slip, permeability, temperature or geothermal resource established."
CTD5-A-00054,1,0,215.0,652.0,308600.0,4487000.0,0.97683,0.42763,22.2281,0.00422931,10.8965,"Geophysical donor high and surface receiver abstains. A buried structural boundary is one hypothesis; native cover/gradient/slope measurements above are context, not proof.",Basin-fill density boundary or volcanic lithologic contact; gravity and modelled cover may not be independent.,Compare both sides in official high-resolution terrain/geologic mapping and field offset observations. A continuous unfaulted contact would weaken the fault interpretation.,"Unverified candidate; no slip, permeability, temperature or geothermal resource established."
CTD5-A-00055,6,1,217.333,678.167,311216.7,4486766.7,0.95324,0.58529,17.7254,0.00570562,3.5055,"Geophysical donor high and surface receiver abstains. A buried structural boundary is one hypothesis; native cover/gradient/slope measurements above are context, not proof.",Basin-fill density boundary or volcanic lithologic contact; gravity and modelled cover may not be independent.,Compare both sides in official high-resolution terrain/geologic mapping and field offset observations. A continuous unfaulted contact would weaken the fault interpretation.,"Unverified candidate; no slip, permeability, temperature or geothermal resource established."
CTD5-A-00056,2,0,217.5,650.0,308400.0,4486750.0,0.96647,0.4163,17.5715,0.00469529,8.7154,"Geophysical donor high and surface receiver abstains. A buried structural boundary is one hypothesis; native cover/gradient/slope measurements above are context, not proof.",Basin-fill density boundary or volcanic lithologic contact; gravity and modelled cover may not be independent.,Compare both sides in official high-resolution terrain/geologic mapping and field offset observations. A continuous unfaulted contact would weaken the fault interpretation.,"Unverified candidate; no slip, permeability, temperature or geothermal resource established."
CTD5-A-00057,4,1,217.75,653.0,308700.0,4486725.0,0.95103,0.43217,18.6772,0.00435416,13.7014,"Geophysical donor high and surface receiver abstains. A buried structural boundary is one hypothesis; native cover/gradient/slope measurements above are context, not proof.",Basin-fill density boundary or volcanic lithologic contact; gravity and modelled cover may not be independent.,Compare both sides in official high-resolution terrain/geologic mapping and field offset observations. A continuous unfaulted contact would weaken the fault interpretation.,"Unverified candidate; no slip, permeability, temperature or geothermal resource established."
CTD5-A-00058,9,2,219.0,621.667,305566.7,4486600.0,0.97517,0.46233,12.5686,0.0036451,20.2666,"Geophysical donor high and surface receiver abstains. A buried structural boundary is one hypothesis; native cover/gradient/slope measurements above are context, not proof.",Basin-fill density boundary or volcanic lithologic contact; gravity and modelled cover may not be independent.,Compare both sides in official high-resolution terrain/geologic mapping and field offset observations. A continuous unfaulted contact would weaken the fault interpretation.,"Unverified candidate; no slip, permeability, temperature or geothermal resource established."
CTD5-A-00059,1,0,218.0,675.0,310900.0,4486700.0,0.9587,0.63563,18.4103,0.00537088,2.6106,"Geophysical donor high and surface receiver abstains. A buried structural boundary is one hypothesis; native cover/gradient/slope measurements above are context, not proof.",Basin-fill density boundary or volcanic lithologic contact; gravity and modelled cover may not be independent.,Compare both sides in official high-resolution terrain/geologic mapping and field offset observations. A continuous unfaulted contact would weaken the fault interpretation.,"Unverified candidate; no slip, permeability, temperature or geothermal resource established."
CTD5-A-00060,1,0,220.0,652.0,308600.0,4486500.0,0.95823,0.35223,14.8499,0.00479722,13.9773,"Geophysical donor high and surface receiver abstains. A buried structural boundary is one hypothesis; native cover/gradient/slope measurements above are context, not proof.",Basin-fill density boundary or volcanic lithologic contact; gravity and modelled cover may not be independent.,Compare both sides in official high-resolution terrain/geologic mapping and field offset observations. A continuous unfaulted contact would weaken the fault interpretation.,"Unverified candidate; no slip, permeability, temperature or geothermal resource established."
CTD5-A-00061,21,4,225.238,625.286,305928.6,4485976.2,0.97342,0.45824,6.9725,0.00360976,19.811,"Geophysical donor high and surface receiver abstains. A buried structural boundary is one hypothesis; native cover/gradient/slope measurements above are context, not proof.",Basin-fill density boundary or volcanic lithologic contact; gravity and modelled cover may not be independent.,Compare both sides in official high-resolution terrain/geologic mapping and field offset observations. A continuous unfaulted contact would weaken the fault interpretation.,"Unverified candidate; no slip, permeability, temperature or geothermal resource established."
CTD5-A-00062,1,1,222.0,654.0,308800.0,4486300.0,0.95823,0.49423,13.1539,0.00482281,23.9132,"Geophysical donor high and surface receiver abstains. A buried structural boundary is one hypothesis; native cover/gradient/slope measurements above are context, not proof.",Basin-fill density boundary or volcanic lithologic contact; gravity and modelled cover may not be independent.,Compare both sides in official high-resolution terrain/geologic mapping and field offset observations. A continuous unfaulted contact would weaken the fault interpretation.,"Unverified candidate; no slip, permeability, temperature or geothermal resource established."
CTD5-A-00063,18,2,224.444,714.556,314855.6,4486055.6,0.96898,0.4713,22.7397,0.004678,2.0349,"Geophysical donor high and surface receiver abstains. A buried structural boundary is one hypothesis; native cover/gradient/slope measurements above are context, not proof.",Basin-fill density boundary or volcanic lithologic contact; gravity and modelled cover may not be independent.,Compare both sides in official high-resolution terrain/geologic mapping and field offset observations. A continuous unfaulted contact would weaken the fault interpretation.,"Unverified candidate; no slip, permeability, temperature or geothermal resource established."
CTD5-A-00064,1,0,225.0,655.0,308900.0,4486000.0,0.953,0.5636,11.3037,0.00529053,26.0623,"Geophysical donor high and surface receiver abstains. A buried structural boundary is one hypothesis; native cover/gradient/slope measurements above are context, not proof.",Basin-fill density boundary or volcanic lithologic contact; gravity and modelled cover may not be independent.,Compare both sides in official high-resolution terrain/geologic mapping and field offset observations. A continuous unfaulted contact would weaken the fault interpretation.,"Unverified candidate; no slip, permeability, temperature or geothermal resource established."
CTD5-A-00065,2,1,226.5,621.0,305500.0,4485850.0,0.96977,0.3863,23.1074,0.0036004,24.5246,"Geophysical donor high and surface receiver abstains. A buried structural boundary is one hypothesis; native cover/gradient/slope measurements above are context, not proof.",Basin-fill density boundary or volcanic lithologic contact; gravity and modelled cover may not be independent.,Compare both sides in official high-resolution terrain/geologic mapping and field offset observations. A continuous unfaulted contact would weaken the fault interpretation.,"Unverified candidate; no slip, permeability, temperature or geothermal resource established."
CTD5-A-00066,1,0,227.0,623.0,305700.0,4485800.0,0.95613,0.63503,17.797,0.00358478,17.0699,"Geophysical donor high and surface receiver abstains. A buried structural boundary is one hypothesis; native cover/gradient/slope measurements above are context, not proof.",Basin-fill density boundary or volcanic lithologic contact; gravity and modelled cover may not be independent.,Compare both sides in official high-resolution terrain/geologic mapping and field offset observations. A continuous unfaulted contact would weaken the fault interpretation.,"Unverified candidate; no slip, permeability, temperature or geothermal resource established."
CTD5-A-00067,7,2,230.0,655.429,308942.9,4485500.0,0.97326,0.49484,8.9033,0.00625191,22.6911,"Geophysical donor high and surface receiver abstains. A buried structural boundary is one hypothesis; native cover/gradient/slope measurements above are context, not proof.",Basin-fill density boundary or volcanic lithologic contact; gravity and modelled cover may not be independent.,Compare both sides in official high-resolution terrain/geologic mapping and field offset observations. A continuous unfaulted contact would weaken the fault interpretation.,"Unverified candidate; no slip, permeability, temperature or geothermal resource established."
CTD5-A-00068,1,1,230.0,633.0,306700.0,4485500.0,0.9752,0.39407,0.8119,0.00365434,32.2215,"Geophysical donor high and surface receiver abstains. A buried structural boundary is one hypothesis; native cover/gradient/slope measurements above are context, not proof.",Basin-fill density boundary or volcanic lithologic contact; gravity and modelled cover may not be independent.,Compare both sides in official high-resolution terrain/geologic mapping and field offset observations. A continuous unfaulted contact would weaken the fault interpretation.,"Unverified candidate; no slip, permeability, temperature or geothermal resource established."
CTD5-A-00069,32,5,238.312,648.594,308259.4,4484668.8,0.97503,0.46719,2.2578,0.00616085,18.9192,"Geophysical donor high and surface receiver abstains. A buried structural boundary is one hypothesis; native cover/gradient/slope measurements above are context, not proof.",Basin-fill density boundary or volcanic lithologic contact; gravity and modelled cover may not be independent.,Compare both sides in official high-resolution terrain/geologic mapping and field offset observations. A continuous unfaulted contact would weaken the fault interpretation.,"Unverified candidate; no slip, permeability, temperature or geothermal resource established."
CTD5-A-00070,1,0,238.0,357.0,279100.0,4484700.0,0.95687,0.39653,201.8957,0.00229958,30.8681,"Geophysical donor high and surface receiver abstains. A buried structural boundary is one hypothesis; native cover/gradient/slope measurements above are context, not proof.",Basin-fill density boundary or volcanic lithologic contact; gravity and modelled cover may not be independent.,Compare both sides in official high-resolution terrain/geologic mapping and field offset observations. A continuous unfaulted contact would weaken the fault interpretation.,"Unverified candidate; no slip, permeability, temperature or geothermal resource established."
CTD5-A-00071,1,1,238.0,382.0,281600.0,4484700.0,0.95933,0.4676,56.3655,0.00051706,21.0815,"Geophysical donor high and surface receiver abstains. A buried structural boundary is one hypothesis; native cover/gradient/slope measurements above are context, not proof.",Basin-fill density boundary or volcanic lithologic contact; gravity and modelled cover may not be independent.,Compare both sides in official high-resolution terrain/geologic mapping and field offset observations. A continuous unfaulted contact would weaken the fault interpretation.,"Unverified candidate; no slip, permeability, temperature or geothermal resource established."
CTD5-A-00072,1,1,240.0,356.0,279000.0,4484500.0,0.97123,0.4997,224.4514,0.00247223,24.0938,"Geophysical donor high and surface receiver abstains. A buried structural boundary is one hypothesis; native cover/gradient/slope measurements above are context, not proof.",Basin-fill density boundary or volcanic lithologic contact; gravity and modelled cover may not be independent.,Compare both sides in official high-resolution terrain/geologic mapping and field offset observations. A continuous unfaulted contact would weaken the fault interpretation.,"Unverified candidate; no slip, permeability, temperature or geothermal resource established."
CTD5-A-00073,1,1,241.0,373.0,280700.0,4484400.0,0.9529,0.46107,32.5372,0.00055283,11.21,"Geophysical donor high and surface receiver abstains. A buried structural boundary is one hypothesis; native cover/gradient/slope measurements above are context, not proof.",Basin-fill density boundary or volcanic lithologic contact; gravity and modelled cover may not be independent.,Compare both sides in official high-resolution terrain/geologic mapping and field offset observations. A continuous unfaulted contact would weaken the fault interpretation.,"Unverified candidate; no slip, permeability, temperature or geothermal resource established."
CTD5-A-00074,1,0,242.0,647.0,308100.0,4484300.0,0.97737,0.43467,0.9088,0.00467075,23.5945,"Geophysical donor high and surface receiver abstains. A buried structural boundary is one hypothesis; native cover/gradient/slope measurements above are context, not proof.",Basin-fill density boundary or volcanic lithologic contact; gravity and modelled cover may not be independent.,Compare both sides in official high-resolution terrain/geologic mapping and field offset observations. A continuous unfaulted contact would weaken the fault interpretation.,"Unverified candidate; no slip, permeability, temperature or geothermal resource established."
CTD5-A-00075,1,1,242.0,689.0,312300.0,4484300.0,0.96607,0.57927,14.0293,0.00404222,2.5377,"Geophysical donor high and surface receiver abstains. A buried structural boundary is one hypothesis; native cover/gradient/slope measurements above are context, not proof.",Basin-fill density boundary or volcanic lithologic contact; gravity and modelled cover may not be independent.,Compare both sides in official high-resolution terrain/geologic mapping and field offset observations. A continuous unfaulted contact would weaken the fault interpretation.,"Unverified candidate; no slip, permeability, temperature or geothermal resource established."
CTD5-A-00076,2,1,244.5,649.5,308350.0,4484050.0,0.96897,0.44662,2.5705,0.00396613,26.6192,"Geophysical donor high and surface receiver abstains. A buried structural boundary is one hypothesis; native cover/gradient/slope measurements above are context, not proof.",Basin-fill density boundary or volcanic lithologic contact; gravity and modelled cover may not be independent.,Compare both sides in official high-resolution terrain/geologic mapping and field offset observations. A continuous unfaulted contact would weaken the fault interpretation.,"Unverified candidate; no slip, permeability, temperature or geothermal resource established."
CTD5-A-00077,3,1,246.333,694.0,312800.0,4483866.7,0.96009,0.60172,20.3359,0.00323335,1.8167,"Geophysical donor high and surface receiver abstains. A buried structural boundary is one hypothesis; native cover/gradient/slope measurements above are context, not proof.",Basin-fill density boundary or volcanic lithologic contact; gravity and modelled cover may not be independent.,Compare both sides in official high-resolution terrain/geologic mapping and field offset observations. A continuous unfaulted contact would weaken the fault interpretation.,"Unverified candidate; no slip, permeability, temperature or geothermal resource established."
CTD5-A-00078,1,1,247.0,649.0,308300.0,4483800.0,0.96203,0.44297,2.3734,0.00322106,25.1462,"Geophysical donor high and surface receiver abstains. A buried structural boundary is one hypothesis; native cover/gradient/slope measurements above are context, not proof.",Basin-fill density boundary or volcanic lithologic contact; gravity and modelled cover may not be independent.,Compare both sides in official high-resolution terrain/geologic mapping and field offset observations. A continuous unfaulted contact would weaken the fault interpretation.,"Unverified candidate; no slip, permeability, temperature or geothermal resource established."
CTD5-A-00079,1,1,249.0,662.0,309600.0,4483600.0,0.96867,0.54877,9.0331,0.00471921,4.0169,"Geophysical donor high and surface receiver abstains. A buried structural boundary is one hypothesis; native cover/gradient/slope measurements above are context, not proof.",Basin-fill density boundary or volcanic lithologic contact; gravity and modelled cover may not be independent.,Compare both sides in official high-resolution terrain/geologic mapping and field offset observations. A continuous unfaulted contact would weaken the fault interpretation.,"Unverified candidate; no slip, permeability, temperature or geothermal resource established."
CTD5-A-00080,11,1,280.364,331.364,276536.4,4480463.6,0.9579,0.57201,975.6489,0.00425571,2.4711,"Geophysical donor high and surface receiver abstains. A buried structural boundary is one hypothesis; native cover/gradient/slope measurements above are context, not proof.",Basin-fill density boundary or volcanic lithologic contact; gravity and modelled cover may not be independent.,Compare both sides in official high-resolution terrain/geologic mapping and field offset observations. A continuous unfaulted contact would weaken the fault interpretation.,"Unverified candidate; no slip, permeability, temperature or geothermal resource established."
CTD5-A-00081,8,2,321.5,406.0,284000.0,4476350.0,0.95331,0.4157,22.8758,0.00104457,22.7652,"Geophysical donor high and surface receiver abstains. A buried structural boundary is one hypothesis; native cover/gradient/slope measurements above are context, not proof.",Basin-fill density boundary or volcanic lithologic contact; gravity and modelled cover may not be independent.,Compare both sides in official high-resolution terrain/geologic mapping and field offset observations. A continuous unfaulted contact would weaken the fault interpretation.,"Unverified candidate; no slip, permeability, temperature or geothermal resource established."
CTD5-A-00082,2,1,327.0,405.5,283950.0,4475800.0,0.9589,0.3915,22.7964,0.00115885,18.7581,"Geophysical donor high and surface receiver abstains. A buried structural boundary is one hypothesis; native cover/gradient/slope measurements above are context, not proof.",Basin-fill density boundary or volcanic lithologic contact; gravity and modelled cover may not be independent.,Compare both sides in official high-resolution terrain/geologic mapping and field offset observations. A continuous unfaulted contact would weaken the fault interpretation.,"Unverified candidate; no slip, permeability, temperature or geothermal resource established."
CTD5-A-00083,7,0,329.0,524.571,295857.1,4475600.0,0.95785,0.60533,2001.5222,0.00522977,0.6126,"Geophysical donor high and surface receiver abstains. A buried structural boundary is one hypothesis; native cover/gradient/slope measurements above are context, not proof.",Basin-fill density boundary or volcanic lithologic contact; gravity and modelled cover may not be independent.,Compare both sides in official high-resolution terrain/geologic mapping and field offset observations. A continuous unfaulted contact would weaken the fault interpretation.,"Unverified candidate; no slip, permeability, temperature or geothermal resource established."
CTD5-A-00084,1,1,331.0,824.0,325800.0,4475400.0,0.95653,0.36597,240.3777,0.00321998,0.4445,"Geophysical donor high and surface receiver abstains. A buried structural boundary is one hypothesis; native cover/gradient/slope measurements above are context, not proof.",Basin-fill density boundary or volcanic lithologic contact; gravity and modelled cover may not be independent.,Compare both sides in official high-resolution terrain/geologic mapping and field offset observations. A continuous unfaulted contact would weaken the fault interpretation.,"Unverified candidate; no slip, permeability, temperature or geothermal resource established."
CTD5-A-00085,66,9,341.091,825.015,325901.5,4474390.9,0.95626,0.41979,206.2746,0.00320437,0.4885,"Geophysical donor high and surface receiver abstains. A buried structural boundary is one hypothesis; native cover/gradient/slope measurements above are context, not proof.",Basin-fill density boundary or volcanic lithologic contact; gravity and modelled cover may not be independent.,Compare both sides in official high-resolution terrain/geologic mapping and field offset observations. A continuous unfaulted contact would weaken the fault interpretation.,"Unverified candidate; no slip, permeability, temperature or geothermal resource established."
CTD5-A-00086,30,5,339.967,522.067,295606.7,4474503.3,0.96087,0.45994,2054.6028,0.00552987,0.2789,"Geophysical donor high and surface receiver abstains. A buried structural boundary is one hypothesis; native cover/gradient/slope measurements above are context, not proof.",Basin-fill density boundary or volcanic lithologic contact; gravity and modelled cover may not be independent.,Compare both sides in official high-resolution terrain/geologic mapping and field offset observations. A continuous unfaulted contact would weaken the fault interpretation.,"Unverified candidate; no slip, permeability, temperature or geothermal resource established."
CTD5-A-00087,1,1,345.0,518.0,295200.0,4474000.0,0.9619,0.3537,2176.9751,0.00490862,0.122,"Geophysical donor high and surface receiver abstains. A buried structural boundary is one hypothesis; native cover/gradient/slope measurements above are context, not proof.",Basin-fill density boundary or volcanic lithologic contact; gravity and modelled cover may not be independent.,Compare both sides in official high-resolution terrain/geologic mapping and field offset observations. A continuous unfaulted contact would weaken the fault interpretation.,"Unverified candidate; no slip, permeability, temperature or geothermal resource established."
CTD5-A-00088,85,8,361.788,522.682,295668.2,4472321.2,0.9719,0.42539,1281.082,0.00487133,0.1379,"Geophysical donor high and surface receiver abstains. A buried structural boundary is one hypothesis; native cover/gradient/slope measurements above are context, not proof.",Basin-fill density boundary or volcanic lithologic contact; gravity and modelled cover may not be independent.,Compare both sides in official high-resolution terrain/geologic mapping and field offset observations. A continuous unfaulted contact would weaken the fault interpretation.,"Unverified candidate; no slip, permeability, temperature or geothermal resource established."
CTD5-A-00089,1,1,348.0,820.0,325400.0,4473700.0,0.9543,0.373,235.8628,0.0033949,0.1686,"Geophysical donor high and surface receiver abstains. A buried structural boundary is one hypothesis; native cover/gradient/slope measurements above are context, not proof.",Basin-fill density boundary or volcanic lithologic contact; gravity and modelled cover may not be independent.,Compare both sides in official high-resolution terrain/geologic mapping and field offset observations. A continuous unfaulted contact would weaken the fault interpretation.,"Unverified candidate; no slip, permeability, temperature or geothermal resource established."
CTD5-A-00090,104,12,358.769,512.74,294674.0,4472623.1,0.96286,0.43194,1875.5265,0.00366492,0.3559,"Geophysical donor high and surface receiver abstains. A buried structural boundary is one hypothesis; native cover/gradient/slope measurements above are context, not proof.",Basin-fill density boundary or volcanic lithologic contact; gravity and modelled cover may not be independent.,Compare both sides in official high-resolution terrain/geologic mapping and field offset observations. A continuous unfaulted contact would weaken the fault interpretation.,"Unverified candidate; no slip, permeability, temperature or geothermal resource established."
CTD5-A-00091,10,2,352.4,316.4,275040.0,4473260.0,0.96585,0.4493,514.8764,0.00345618,28.8681,"Geophysical donor high and surface receiver abstains. A buried structural boundary is one hypothesis; native cover/gradient/slope measurements above are context, not proof.",Basin-fill density boundary or volcanic lithologic contact; gravity and modelled cover may not be independent.,Compare both sides in official high-resolution terrain/geologic mapping and field offset observations. A continuous unfaulted contact would weaken the fault interpretation.,"Unverified candidate; no slip, permeability, temperature or geothermal resource established."
CTD5-A-00092,4,1,350.75,820.0,325400.0,4473425.0,0.95093,0.36396,223.2432,0.00336663,0.2644,"Geophysical donor high and surface receiver abstains. A buried structural boundary is one hypothesis; native cover/gradient/slope measurements above are context, not proof.",Basin-fill density boundary or volcanic lithologic contact; gravity and modelled cover may not be independent.,Compare both sides in official high-resolution terrain/geologic mapping and field offset observations. A continuous unfaulted contact would weaken the fault interpretation.,"Unverified candidate; no slip, permeability, temperature or geothermal resource established."
CTD5-A-00093,1,1,354.0,322.0,275600.0,4473100.0,0.95237,0.374,427.4149,0.0035223,17.2733,"Geophysical donor high and surface receiver abstains. A buried structural boundary is one hypothesis; native cover/gradient/slope measurements above are context, not proof.",Basin-fill density boundary or volcanic lithologic contact; gravity and modelled cover may not be independent.,Compare both sides in official high-resolution terrain/geologic mapping and field offset observations. A continuous unfaulted contact would weaken the fault interpretation.,"Unverified candidate; no slip, permeability, temperature or geothermal resource established."
CTD5-A-00094,5,1,354.6,824.2,325820.0,4473040.0,0.95197,0.46715,161.1285,0.00308812,0.1216,"Geophysical donor high and surface receiver abstains. A buried structural boundary is one hypothesis; native cover/gradient/slope measurements above are context, not proof.",Basin-fill density boundary or volcanic lithologic contact; gravity and modelled cover may not be independent.,Compare both sides in official high-resolution terrain/geologic mapping and field offset observations. A continuous unfaulted contact would weaken the fault interpretation.,"Unverified candidate; no slip, permeability, temperature or geothermal resource established."
CTD5-A-00095,1,1,356.0,313.0,274700.0,4472900.0,0.95107,0.35307,586.4483,0.00401025,36.6199,"Geophysical donor high and surface receiver abstains. A buried structural boundary is one hypothesis; native cover/gradient/slope measurements above are context, not proof.",Basin-fill density boundary or volcanic lithologic contact; gravity and modelled cover may not be independent.,Compare both sides in official high-resolution terrain/geologic mapping and field offset observations. A continuous unfaulted contact would weaken the fault interpretation.,"Unverified candidate; no slip, permeability, temperature or geothermal resource established."
CTD5-A-00096,1,1,359.0,311.0,274500.0,4472600.0,0.9865,0.5855,631.8912,0.00431132,23.8995,"Geophysical donor high and surface receiver abstains. A buried structural boundary is one hypothesis; native cover/gradient/slope measurements above are context, not proof.",Basin-fill density boundary or volcanic lithologic contact; gravity and modelled cover may not be independent.,Compare both sides in official high-resolution terrain/geologic mapping and field offset observations. A continuous unfaulted contact would weaken the fault interpretation.,"Unverified candidate; no slip, permeability, temperature or geothermal resource established."
CTD5-A-00097,1,0,360.0,314.0,274800.0,4472500.0,0.9814,0.44187,584.6876,0.00430937,24.5721,"Geophysical donor high and surface receiver abstains. A buried structural boundary is one hypothesis; native cover/gradient/slope measurements above are context, not proof.",Basin-fill density boundary or volcanic lithologic contact; gravity and modelled cover may not be independent.,Compare both sides in official high-resolution terrain/geologic mapping and field offset observations. A continuous unfaulted contact would weaken the fault interpretation.,"Unverified candidate; no slip, permeability, temperature or geothermal resource established."
CTD5-A-00098,1,0,360.0,319.0,275300.0,4472500.0,0.9852,0.37933,496.4683,0.00421968,22.865,"Geophysical donor high and surface receiver abstains. A buried structural boundary is one hypothesis; native cover/gradient/slope measurements above are context, not proof.",Basin-fill density boundary or volcanic lithologic contact; gravity and modelled cover may not be independent.,Compare both sides in official high-resolution terrain/geologic mapping and field offset observations. A continuous unfaulted contact would weaken the fault interpretation.,"Unverified candidate; no slip, permeability, temperature or geothermal resource established."
CTD5-A-00099,6,2,361.833,323.0,275700.0,4472316.7,0.96957,0.40371,423.2558,0.00349431,16.6597,"Geophysical donor high and surface receiver abstains. A buried structural boundary is one hypothesis; native cover/gradient/slope measurements above are context, not proof.",Basin-fill density boundary or volcanic lithologic contact; gravity and modelled cover may not be independent.,Compare both sides in official high-resolution terrain/geologic mapping and field offset observations. A continuous unfaulted contact would weaken the fault interpretation.,"Unverified candidate; no slip, permeability, temperature or geothermal resource established."
CTD5-A-00100,1,0,361.0,311.0,274500.0,4472400.0,0.99277,0.64887,639.0876,0.00444591,12.4369,"Geophysical donor high and surface receiver abstains. A buried structural boundary is one hypothesis; native cover/gradient/slope measurements above are context, not proof.",Basin-fill density boundary or volcanic lithologic contact; gravity and modelled cover may not be independent.,Compare both sides in official high-resolution terrain/geologic mapping and field offset observations. A continuous unfaulted contact would weaken the fault interpretation.,"Unverified candidate; no slip, permeability, temperature or geothermal resource established."
CTD5-A-00101,27,5,365.185,320.111,275411.1,4471981.5,0.97016,0.50218,460.6566,0.00432647,24.5437,"Geophysical donor high and surface receiver abstains. A buried structural boundary is one hypothesis; native cover/gradient/slope measurements above are context, not proof.",Basin-fill density boundary or volcanic lithologic contact; gravity and modelled cover may not be independent.,Compare both sides in official high-resolution terrain/geologic mapping and field offset observations. A continuous unfaulted contact would weaken the fault interpretation.,"Unverified candidate; no slip, permeability, temperature or geothermal resource established."
CTD5-A-00102,20,4,366.1,816.0,325000.0,4471890.0,0.95546,0.54772,176.7229,0.00331992,0.2872,"Geophysical donor high and surface receiver abstains. A buried structural boundary is one hypothesis; native cover/gradient/slope measurements above are context, not proof.",Basin-fill density boundary or volcanic lithologic contact; gravity and modelled cover may not be independent.,Compare both sides in official high-resolution terrain/geologic mapping and field offset observations. A continuous unfaulted contact would weaken the fault interpretation.,"Unverified candidate; no slip, permeability, temperature or geothermal resource established."
CTD5-A-00103,2,0,366.5,324.0,275800.0,4471850.0,0.9523,0.40687,386.7891,0.00302359,12.7254,"Geophysical donor high and surface receiver abstains. A buried structural boundary is one hypothesis; native cover/gradient/slope measurements above are context, not proof.",Basin-fill density boundary or volcanic lithologic contact; gravity and modelled cover may not be independent.,Compare both sides in official high-resolution terrain/geologic mapping and field offset observations. A continuous unfaulted contact would weaken the fault interpretation.,"Unverified candidate; no slip, permeability, temperature or geothermal resource established."
CTD5-A-00104,7,2,368.429,809.571,324357.1,4471657.1,0.96065,0.47369,252.645,0.00366116,0.3748,"Geophysical donor high and surface receiver abstains. A buried structural boundary is one hypothesis; native cover/gradient/slope measurements above are context, not proof.",Basin-fill density boundary or volcanic lithologic contact; gravity and modelled cover may not be independent.,Compare both sides in official high-resolution terrain/geologic mapping and field offset observations. A continuous unfaulted contact would weaken the fault interpretation.,"Unverified candidate; no slip, permeability, temperature or geothermal resource established."
CTD5-A-00105,1,1,369.0,530.0,296400.0,4471600.0,0.95407,0.52037,769.8626,0.00606867,1.5135,"Geophysical donor high and surface receiver abstains. A buried structural boundary is one hypothesis; native cover/gradient/slope measurements above are context, not proof.",Basin-fill density boundary or volcanic lithologic contact; gravity and modelled cover may not be independent.,Compare both sides in official high-resolution terrain/geologic mapping and field offset observations. A continuous unfaulted contact would weaken the fault interpretation.,"Unverified candidate; no slip, permeability, temperature or geothermal resource established."
CTD5-A-00106,1,0,372.0,537.0,297100.0,4471300.0,0.95317,0.55553,542.3959,0.00520768,1.7565,"Geophysical donor high and surface receiver abstains. A buried structural boundary is one hypothesis; native cover/gradient/slope measurements above are context, not proof.",Basin-fill density boundary or volcanic lithologic contact; gravity and modelled cover may not be independent.,Compare both sides in official high-resolution terrain/geologic mapping and field offset observations. A continuous unfaulted contact would weaken the fault interpretation.,"Unverified candidate; no slip, permeability, temperature or geothermal resource established."
CTD5-A-00107,2,1,372.0,618.5,305250.0,4471300.0,0.95258,0.55947,87.1731,0.00215617,21.3992,"Geophysical donor high and surface receiver abstains. A buried structural boundary is one hypothesis; native cover/gradient/slope measurements above are context, not proof.",Basin-fill density boundary or volcanic lithologic contact; gravity and modelled cover may not be independent.,Compare both sides in official high-resolution terrain/geologic mapping and field offset observations. A continuous unfaulted contact would weaken the fault interpretation.,"Unverified candidate; no slip, permeability, temperature or geothermal resource established."
CTD5-A-00108,14,2,374.143,512.714,294671.4,4471085.7,0.96504,0.40007,1236.3424,0.00407429,0.2569,"Geophysical donor high and surface receiver abstains. A buried structural boundary is one hypothesis; native cover/gradient/slope measurements above are context, not proof.",Basin-fill density boundary or volcanic lithologic contact; gravity and modelled cover may not be independent.,Compare both sides in official high-resolution terrain/geologic mapping and field offset observations. A continuous unfaulted contact would weaken the fault interpretation.,"Unverified candidate; no slip, permeability, temperature or geothermal resource established."
CTD5-A-00109,4,1,373.5,517.5,295150.0,4471150.0,0.96365,0.3655,1052.6942,0.00423649,0.0811,"Geophysical donor high and surface receiver abstains. A buried structural boundary is one hypothesis; native cover/gradient/slope measurements above are context, not proof.",Basin-fill density boundary or volcanic lithologic contact; gravity and modelled cover may not be independent.,Compare both sides in official high-resolution terrain/geologic mapping and field offset observations. A continuous unfaulted contact would weaken the fault interpretation.,"Unverified candidate; no slip, permeability, temperature or geothermal resource established."
CTD5-A-00110,4,0,377.25,522.75,295675.0,4470775.0,0.95097,0.54042,792.3188,0.0045051,0.4688,"Geophysical donor high and surface receiver abstains. A buried structural boundary is one hypothesis; native cover/gradient/slope measurements above are context, not proof.",Basin-fill density boundary or volcanic lithologic contact; gravity and modelled cover may not be independent.,Compare both sides in official high-resolution terrain/geologic mapping and field offset observations. A continuous unfaulted contact would weaken the fault interpretation.,"Unverified candidate; no slip, permeability, temperature or geothermal resource established."
CTD5-A-00111,2,1,376.5,618.5,305250.0,4470850.0,0.95407,0.46663,73.8962,0.00226518,24.9801,"Geophysical donor high and surface receiver abstains. A buried structural boundary is one hypothesis; native cover/gradient/slope measurements above are context, not proof.",Basin-fill density boundary or volcanic lithologic contact; gravity and modelled cover may not be independent.,Compare both sides in official high-resolution terrain/geologic mapping and field offset observations. A continuous unfaulted contact would weaken the fault interpretation.,"Unverified candidate; no slip, permeability, temperature or geothermal resource established."
CTD5-A-00112,11,1,379.182,804.818,323881.8,4470581.8,0.95671,0.39116,241.3599,0.00360573,0.3401,"Geophysical donor high and surface receiver abstains. A buried structural boundary is one hypothesis; native cover/gradient/slope measurements above are context, not proof.",Basin-fill density boundary or volcanic lithologic contact; gravity and modelled cover may not be independent.,Compare both sides in official high-resolution terrain/geologic mapping and field offset observations. A continuous unfaulted contact would weaken the fault interpretation.,"Unverified candidate; no slip, permeability, temperature or geothermal resource established."
CTD5-A-00113,3,0,379.0,325.667,275966.7,4470600.0,0.95212,0.43124,295.0458,0.00400429,24.3735,"Geophysical donor high and surface receiver abstains. A buried structural boundary is one hypothesis; native cover/gradient/slope measurements above are context, not proof.",Basin-fill density boundary or volcanic lithologic contact; gravity and modelled cover may not be independent.,Compare both sides in official high-resolution terrain/geologic mapping and field offset observations. A continuous unfaulted contact would weaken the fault interpretation.,"Unverified candidate; no slip, permeability, temperature or geothermal resource established."
CTD5-A-00114,1,0,380.0,523.0,295700.0,4470500.0,0.95107,0.6333,727.8857,0.0043068,1.2137,"Geophysical donor high and surface receiver abstains. A buried structural boundary is one hypothesis; native cover/gradient/slope measurements above are context, not proof.",Basin-fill density boundary or volcanic lithologic contact; gravity and modelled cover may not be independent.,Compare both sides in official high-resolution terrain/geologic mapping and field offset observations. A continuous unfaulted contact would weaken the fault interpretation.,"Unverified candidate; no slip, permeability, temperature or geothermal resource established."
CTD5-A-00115,11,1,389.818,804.0,323800.0,4469518.2,0.95791,0.57838,129.4331,0.00314902,0.9477,"Geophysical donor high and surface receiver abstains. A buried structural boundary is one hypothesis; native cover/gradient/slope measurements above are context, not proof.",Basin-fill density boundary or volcanic lithologic contact; gravity and modelled cover may not be independent.,Compare both sides in official high-resolution terrain/geologic mapping and field offset observations. A continuous unfaulted contact would weaken the fault interpretation.,"Unverified candidate; no slip, permeability, temperature or geothermal resource established."
CTD5-A-00116,22,3,396.5,796.0,323000.0,4468850.0,0.96153,0.46263,202.1455,0.00449873,0.9199,"Geophysical donor high and surface receiver abstains. A buried structural boundary is one hypothesis; native cover/gradient/slope measurements above are context, not proof.",Basin-fill density boundary or volcanic lithologic contact; gravity and modelled cover may not be independent.,Compare both sides in official high-resolution terrain/geologic mapping and field offset observations. A continuous unfaulted contact would weaken the fault interpretation.,"Unverified candidate; no slip, permeability, temperature or geothermal resource established."
CTD5-A-00117,26,3,408.577,790.385,322438.5,4467642.3,0.96056,0.4651,213.1784,0.00552872,1.2125,"Geophysical donor high and surface receiver abstains. A buried structural boundary is one hypothesis; native cover/gradient/slope measurements above are context, not proof.",Basin-fill density boundary or volcanic lithologic contact; gravity and modelled cover may not be independent.,Compare both sides in official high-resolution terrain/geologic mapping and field offset observations. A continuous unfaulted contact would weaken the fault interpretation.,"Unverified candidate; no slip, permeability, temperature or geothermal resource established."
CTD5-A-00118,3,1,406.0,802.333,323633.3,4467900.0,0.95996,0.55657,42.8326,0.00268218,23.825,"Geophysical donor high and surface receiver abstains. A buried structural boundary is one hypothesis; native cover/gradient/slope measurements above are context, not proof.",Basin-fill density boundary or volcanic lithologic contact; gravity and modelled cover may not be independent.,Compare both sides in official high-resolution terrain/geologic mapping and field offset observations. A continuous unfaulted contact would weaken the fault interpretation.,"Unverified candidate; no slip, permeability, temperature or geothermal resource established."
CTD5-A-00119,1,1,409.0,299.0,273300.0,4467600.0,0.95307,0.63733,305.999,0.00136463,1.7434,"Geophysical donor high and surface receiver abstains. A buried structural boundary is one hypothesis; native cover/gradient/slope measurements above are context, not proof.",Basin-fill density boundary or volcanic lithologic contact; gravity and modelled cover may not be independent.,Compare both sides in official high-resolution terrain/geologic mapping and field offset observations. A continuous unfaulted contact would weaken the fault interpretation.,"Unverified candidate; no slip, permeability, temperature or geothermal resource established."
CTD5-A-00120,6,1,410.5,799.833,323383.3,4467450.0,0.95503,0.48035,39.9781,0.00319357,18.9585,"Geophysical donor high and surface receiver abstains. A buried structural boundary is one hypothesis; native cover/gradient/slope measurements above are context, not proof.",Basin-fill density boundary or volcanic lithologic contact; gravity and modelled cover may not be independent.,Compare both sides in official high-resolution terrain/geologic mapping and field offset observations. A continuous unfaulted contact would weaken the fault interpretation.,"Unverified candidate; no slip, permeability, temperature or geothermal resource established."
CTD5-A-00121,14,2,415.071,297.286,273128.6,4466992.9,0.95691,0.48886,303.3052,0.00077854,5.8002,"Geophysical donor high and surface receiver abstains. A buried structural boundary is one hypothesis; native cover/gradient/slope measurements above are context, not proof.",Basin-fill density boundary or volcanic lithologic contact; gravity and modelled cover may not be independent.,Compare both sides in official high-resolution terrain/geologic mapping and field offset observations. A continuous unfaulted contact would weaken the fault interpretation.,"Unverified candidate; no slip, permeability, temperature or geothermal resource established."
CTD5-A-00122,1,0,414.0,799.0,323300.0,4467100.0,0.951,0.5517,36.705,0.00337534,21.4656,"Geophysical donor high and surface receiver abstains. A buried structural boundary is one hypothesis; native cover/gradient/slope measurements above are context, not proof.",Basin-fill density boundary or volcanic lithologic contact; gravity and modelled cover may not be independent.,Compare both sides in official high-resolution terrain/geologic mapping and field offset observations. A continuous unfaulted contact would weaken the fault interpretation.,"Unverified candidate; no slip, permeability, temperature or geothermal resource established."
CTD5-A-00123,1,0,414.0,801.0,323500.0,4467100.0,0.9538,0.404,30.9471,0.00281869,17.9707,"Geophysical donor high and surface receiver abstains. A buried structural boundary is one hypothesis; native cover/gradient/slope measurements above are context, not proof.",Basin-fill density boundary or volcanic lithologic contact; gravity and modelled cover may not be independent.,Compare both sides in official high-resolution terrain/geologic mapping and field offset observations. A continuous unfaulted contact would weaken the fault interpretation.,"Unverified candidate; no slip, permeability, temperature or geothermal resource established."
CTD5-A-00124,10,2,421.0,424.8,285880.0,4466400.0,0.95673,0.44292,14.5136,0.00244219,13.121,"Geophysical donor high and surface receiver abstains. A buried structural boundary is one hypothesis; native cover/gradient/slope measurements above are context, not proof.",Basin-fill density boundary or volcanic lithologic contact; gravity and modelled cover may not be independent.,Compare both sides in official high-resolution terrain/geologic mapping and field offset observations. A continuous unfaulted contact would weaken the fault interpretation.,"Unverified candidate; no slip, permeability, temperature or geothermal resource established."
CTD5-A-00125,1,0,418.0,791.0,322500.0,4466700.0,0.96213,0.63207,152.3705,0.00528606,1.2631,"Geophysical donor high and surface receiver abstains. A buried structural boundary is one hypothesis; native cover/gradient/slope measurements above are context, not proof.",Basin-fill density boundary or volcanic lithologic contact; gravity and modelled cover may not be independent.,Compare both sides in official high-resolution terrain/geologic mapping and field offset observations. A continuous unfaulted contact would weaken the fault interpretation.,"Unverified candidate; no slip, permeability, temperature or geothermal resource established."
CTD5-A-00126,1,1,420.0,294.0,272800.0,4466500.0,0.96207,0.49547,289.081,0.00035283,1.7061,"Geophysical donor high and surface receiver abstains. A buried structural boundary is one hypothesis; native cover/gradient/slope measurements above are context, not proof.",Basin-fill density boundary or volcanic lithologic contact; gravity and modelled cover may not be independent.,Compare both sides in official high-resolution terrain/geologic mapping and field offset observations. A continuous unfaulted contact would weaken the fault interpretation.,"Unverified candidate; no slip, permeability, temperature or geothermal resource established."
CTD5-A-00127,3,1,420.333,296.667,273066.7,4466466.7,0.95733,0.62092,304.9448,0.00032682,4.1571,"Geophysical donor high and surface receiver abstains. A buried structural boundary is one hypothesis; native cover/gradient/slope measurements above are context, not proof.",Basin-fill density boundary or volcanic lithologic contact; gravity and modelled cover may not be independent.,Compare both sides in official high-resolution terrain/geologic mapping and field offset observations. A continuous unfaulted contact would weaken the fault interpretation.,"Unverified candidate; no slip, permeability, temperature or geothermal resource established."
CTD5-A-00128,1,0,423.0,295.0,272900.0,4466200.0,0.95267,0.62843,292.7595,0.00024099,2.2309,"Geophysical donor high and surface receiver abstains. A buried structural boundary is one hypothesis; native cover/gradient/slope measurements above are context, not proof.",Basin-fill density boundary or volcanic lithologic contact; gravity and modelled cover may not be independent.,Compare both sides in official high-resolution terrain/geologic mapping and field offset observations. A continuous unfaulted contact would weaken the fault interpretation.,"Unverified candidate; no slip, permeability, temperature or geothermal resource established."
CTD5-A-00129,1,0,427.0,294.0,272800.0,4465800.0,0.95123,0.5845,282.5386,0.0002379,4.8382,"Geophysical donor high and surface receiver abstains. A buried structural boundary is one hypothesis; native cover/gradient/slope measurements above are context, not proof.",Basin-fill density boundary or volcanic lithologic contact; gravity and modelled cover may not be independent.,Compare both sides in official high-resolution terrain/geologic mapping and field offset observations. A continuous unfaulted contact would weaken the fault interpretation.,"Unverified candidate; no slip, permeability, temperature or geothermal resource established."
CTD5-A-00130,1,0,428.0,292.0,272600.0,4465700.0,0.95837,0.6128,269.0937,0.0001786,1.8216,"Geophysical donor high and surface receiver abstains. A buried structural boundary is one hypothesis; native cover/gradient/slope measurements above are context, not proof.",Basin-fill density boundary or volcanic lithologic contact; gravity and modelled cover may not be independent.,Compare both sides in official high-resolution terrain/geologic mapping and field offset observations. A continuous unfaulted contact would weaken the fault interpretation.,"Unverified candidate; no slip, permeability, temperature or geothermal resource established."
CTD5-A-00131,2,1,433.5,789.0,322300.0,4465150.0,0.95417,0.61553,145.8791,0.00481341,14.3377,"Geophysical donor high and surface receiver abstains. A buried structural boundary is one hypothesis; native cover/gradient/slope measurements above are context, not proof.",Basin-fill density boundary or volcanic lithologic contact; gravity and modelled cover may not be independent.,Compare both sides in official high-resolution terrain/geologic mapping and field offset observations. A continuous unfaulted contact would weaken the fault interpretation.,"Unverified candidate; no slip, permeability, temperature or geothermal resource established."
CTD5-A-00132,4,1,436.75,429.5,286350.0,4464825.0,0.97697,0.37273,23.7844,0.00329886,16.7815,"Geophysical donor high and surface receiver abstains. A buried structural boundary is one hypothesis; native cover/gradient/slope measurements above are context, not proof.",Basin-fill density boundary or volcanic lithologic contact; gravity and modelled cover may not be independent.,Compare both sides in official high-resolution terrain/geologic mapping and field offset observations. A continuous unfaulted contact would weaken the fault interpretation.,"Unverified candidate; no slip, permeability, temperature or geothermal resource established."
CTD5-A-00133,4,1,436.5,432.5,286650.0,4464850.0,0.97503,0.42037,31.4459,0.00339747,18.5974,"Geophysical donor high and surface receiver abstains. A buried structural boundary is one hypothesis; native cover/gradient/slope measurements above are context, not proof.",Basin-fill density boundary or volcanic lithologic contact; gravity and modelled cover may not be independent.,Compare both sides in official high-resolution terrain/geologic mapping and field offset observations. A continuous unfaulted contact would weaken the fault interpretation.,"Unverified candidate; no slip, permeability, temperature or geothermal resource established."
CTD5-A-00134,1,1,438.0,793.0,322700.0,4464700.0,0.95943,0.5157,98.0902,0.00364403,1.8056,"Geophysical donor high and surface receiver abstains. A buried structural boundary is one hypothesis; native cover/gradient/slope measurements above are context, not proof.",Basin-fill density boundary or volcanic lithologic contact; gravity and modelled cover may not be independent.,Compare both sides in official high-resolution terrain/geologic mapping and field offset observations. A continuous unfaulted contact would weaken the fault interpretation.,"Unverified candidate; no slip, permeability, temperature or geothermal resource established."
CTD5-A-00135,1,1,439.0,426.0,286000.0,4464600.0,0.96947,0.37657,16.2117,0.00229564,22.2723,"Geophysical donor high and surface receiver abstains. A buried structural boundary is one hypothesis; native cover/gradient/slope measurements above are context, not proof.",Basin-fill density boundary or volcanic lithologic contact; gravity and modelled cover may not be independent.,Compare both sides in official high-resolution terrain/geologic mapping and field offset observations. A continuous unfaulted contact would weaken the fault interpretation.,"Unverified candidate; no slip, permeability, temperature or geothermal resource established."
CTD5-A-00136,1,0,439.0,434.0,286800.0,4464600.0,0.9658,0.4188,33.3118,0.00319321,15.6273,"Geophysical donor high and surface receiver abstains. A buried structural boundary is one hypothesis; native cover/gradient/slope measurements above are context, not proof.",Basin-fill density boundary or volcanic lithologic contact; gravity and modelled cover may not be independent.,Compare both sides in official high-resolution terrain/geologic mapping and field offset observations. A continuous unfaulted contact would weaken the fault interpretation.,"Unverified candidate; no slip, permeability, temperature or geothermal resource established."
CTD5-A-00137,1,1,441.0,430.0,286400.0,4464400.0,0.97543,0.35493,24.7497,0.00305532,22.686,"Geophysical donor high and surface receiver abstains. A buried structural boundary is one hypothesis; native cover/gradient/slope measurements above are context, not proof.",Basin-fill density boundary or volcanic lithologic contact; gravity and modelled cover may not be independent.,Compare both sides in official high-resolution terrain/geologic mapping and field offset observations. A continuous unfaulted contact would weaken the fault interpretation.,"Unverified candidate; no slip, permeability, temperature or geothermal resource established."
CTD5-A-00138,5,1,442.0,433.2,286720.0,4464300.0,0.96811,0.45057,30.9722,0.00304383,18.9477,"Geophysical donor high and surface receiver abstains. A buried structural boundary is one hypothesis; native cover/gradient/slope measurements above are context, not proof.",Basin-fill density boundary or volcanic lithologic contact; gravity and modelled cover may not be independent.,Compare both sides in official high-resolution terrain/geologic mapping and field offset observations. A continuous unfaulted contact would weaken the fault interpretation.,"Unverified candidate; no slip, permeability, temperature or geothermal resource established."
CTD5-A-00139,1,1,443.0,359.0,279300.0,4464200.0,0.965,0.44793,208.5824,0.00409909,4.2591,"Geophysical donor high and surface receiver abstains. A buried structural boundary is one hypothesis; native cover/gradient/slope measurements above are context, not proof.",Basin-fill density boundary or volcanic lithologic contact; gravity and modelled cover may not be independent.,Compare both sides in official high-resolution terrain/geologic mapping and field offset observations. A continuous unfaulted contact would weaken the fault interpretation.,"Unverified candidate; no slip, permeability, temperature or geothermal resource established."
CTD5-A-00140,5,1,444.6,377.6,281160.0,4464040.0,0.96304,0.49271,49.3235,0.00328488,16.993,"Geophysical donor high and surface receiver abstains. A buried structural boundary is one hypothesis; native cover/gradient/slope measurements above are context, not proof.",Basin-fill density boundary or volcanic lithologic contact; gravity and modelled cover may not be independent.,Compare both sides in official high-resolution terrain/geologic mapping and field offset observations. A continuous unfaulted contact would weaken the fault interpretation.,"Unverified candidate; no slip, permeability, temperature or geothermal resource established."
CTD5-A-00141,1,1,443.0,427.0,286100.0,4464200.0,0.97643,0.38333,20.6989,0.00238433,20.8004,"Geophysical donor high and surface receiver abstains. A buried structural boundary is one hypothesis; native cover/gradient/slope measurements above are context, not proof.",Basin-fill density boundary or volcanic lithologic contact; gravity and modelled cover may not be independent.,Compare both sides in official high-resolution terrain/geologic mapping and field offset observations. A continuous unfaulted contact would weaken the fault interpretation.,"Unverified candidate; no slip, permeability, temperature or geothermal resource established."
CTD5-A-00142,1,0,446.0,385.0,281900.0,4463900.0,0.9532,0.5574,28.4588,0.00280708,18.909,"Geophysical donor high and surface receiver abstains. A buried structural boundary is one hypothesis; native cover/gradient/slope measurements above are context, not proof.",Basin-fill density boundary or volcanic lithologic contact; gravity and modelled cover may not be independent.,Compare both sides in official high-resolution terrain/geologic mapping and field offset observations. A continuous unfaulted contact would weaken the fault interpretation.,"Unverified candidate; no slip, permeability, temperature or geothermal resource established."
CTD5-A-00143,1,0,447.0,427.0,286100.0,4463800.0,0.95843,0.37203,23.6776,0.00227038,18.1237,"Geophysical donor high and surface receiver abstains. A buried structural boundary is one hypothesis; native cover/gradient/slope measurements above are context, not proof.",Basin-fill density boundary or volcanic lithologic contact; gravity and modelled cover may not be independent.,Compare both sides in official high-resolution terrain/geologic mapping and field offset observations. A continuous unfaulted contact would weaken the fault interpretation.,"Unverified candidate; no slip, permeability, temperature or geothermal resource established."
CTD5-A-00144,1,1,448.0,367.0,280100.0,4463700.0,0.9545,0.59657,125.2976,0.00437826,5.2743,"Geophysical donor high and surface receiver abstains. A buried structural boundary is one hypothesis; native cover/gradient/slope measurements above are context, not proof.",Basin-fill density boundary or volcanic lithologic contact; gravity and modelled cover may not be independent.,Compare both sides in official high-resolution terrain/geologic mapping and field offset observations. A continuous unfaulted contact would weaken the fault interpretation.,"Unverified candidate; no slip, permeability, temperature or geothermal resource established."
CTD5-A-00145,2,1,457.5,440.0,287400.0,4462750.0,0.9558,0.48447,55.3077,0.00226597,15.7682,"Geophysical donor high and surface receiver abstains. A buried structural boundary is one hypothesis; native cover/gradient/slope measurements above are context, not proof.",Basin-fill density boundary or volcanic lithologic contact; gravity and modelled cover may not be independent.,Compare both sides in official high-resolution terrain/geologic mapping and field offset observations. A continuous unfaulted contact would weaken the fault interpretation.,"Unverified candidate; no slip, permeability, temperature or geothermal resource established."
CTD5-A-00146,2,1,461.5,388.5,282250.0,4462350.0,0.963,0.64385,33.6315,0.00358724,12.5481,"Geophysical donor high and surface receiver abstains. A buried structural boundary is one hypothesis; native cover/gradient/slope measurements above are context, not proof.",Basin-fill density boundary or volcanic lithologic contact; gravity and modelled cover may not be independent.,Compare both sides in official high-resolution terrain/geologic mapping and field offset observations. A continuous unfaulted contact would weaken the fault interpretation.,"Unverified candidate; no slip, permeability, temperature or geothermal resource established."
CTD5-A-00147,3,1,463.333,377.667,281166.7,4462166.7,0.95283,0.60474,68.1621,0.00491446,2.7065,"Geophysical donor high and surface receiver abstains. A buried structural boundary is one hypothesis; native cover/gradient/slope measurements above are context, not proof.",Basin-fill density boundary or volcanic lithologic contact; gravity and modelled cover may not be independent.,Compare both sides in official high-resolution terrain/geologic mapping and field offset observations. A continuous unfaulted contact would weaken the fault interpretation.,"Unverified candidate; no slip, permeability, temperature or geothermal resource established."
CTD5-A-00148,1,0,464.0,394.0,282800.0,4462100.0,0.95633,0.5556,26.2003,0.00298706,25.2224,"Geophysical donor high and surface receiver abstains. A buried structural boundary is one hypothesis; native cover/gradient/slope measurements above are context, not proof.",Basin-fill density boundary or volcanic lithologic contact; gravity and modelled cover may not be independent.,Compare both sides in official high-resolution terrain/geologic mapping and field offset observations. A continuous unfaulted contact would weaken the fault interpretation.,"Unverified candidate; no slip, permeability, temperature or geothermal resource established."
CTD5-A-00149,1,1,467.0,382.0,281600.0,4461800.0,0.96483,0.59603,54.5024,0.0047369,0.9852,"Geophysical donor high and surface receiver abstains. A buried structural boundary is one hypothesis; native cover/gradient/slope measurements above are context, not proof.",Basin-fill density boundary or volcanic lithologic contact; gravity and modelled cover may not be independent.,Compare both sides in official high-resolution terrain/geologic mapping and field offset observations. A continuous unfaulted contact would weaken the fault interpretation.,"Unverified candidate; no slip, permeability, temperature or geothermal resource established."
CTD5-A-00150,28,4,472.143,277.929,271192.9,4461285.7,0.95245,0.47871,49.9529,0.00120784,1.1264,"Geophysical donor high and surface receiver abstains. A buried structural boundary is one hypothesis; native cover/gradient/slope measurements above are context, not proof.",Basin-fill density boundary or volcanic lithologic contact; gravity and modelled cover may not be independent.,Compare both sides in official high-resolution terrain/geologic mapping and field offset observations. A continuous unfaulted contact would weaken the fault interpretation.,"Unverified candidate; no slip, permeability, temperature or geothermal resource established."
CTD5-A-00151,9,1,470.111,408.111,284211.1,4461488.9,0.97054,0.59704,26.2002,0.00121023,7.0037,"Geophysical donor high and surface receiver abstains. A buried structural boundary is one hypothesis; native cover/gradient/slope measurements above are context, not proof.",Basin-fill density boundary or volcanic lithologic contact; gravity and modelled cover may not be independent.,Compare both sides in official high-resolution terrain/geologic mapping and field offset observations. A continuous unfaulted contact would weaken the fault interpretation.,"Unverified candidate; no slip, permeability, temperature or geothermal resource established."
CTD5-A-00152,1,1,470.0,382.0,281600.0,4461500.0,0.9586,0.61827,56.88,0.00481404,1.02,"Geophysical donor high and surface receiver abstains. A buried structural boundary is one hypothesis; native cover/gradient/slope measurements above are context, not proof.",Basin-fill density boundary or volcanic lithologic contact; gravity and modelled cover may not be independent.,Compare both sides in official high-resolution terrain/geologic mapping and field offset observations. A continuous unfaulted contact would weaken the fault interpretation.,"Unverified candidate; no slip, permeability, temperature or geothermal resource established."
CTD5-A-00153,395,38,496.116,388.985,282298.5,4458888.4,0.98516,0.54142,43.4189,0.0041412,1.669,"Geophysical donor high and surface receiver abstains. A buried structural boundary is one hypothesis; native cover/gradient/slope measurements above are context, not proof.",Basin-fill density boundary or volcanic lithologic contact; gravity and modelled cover may not be independent.,Compare both sides in official high-resolution terrain/geologic mapping and field offset observations. A continuous unfaulted contact would weaken the fault interpretation.,"Unverified candidate; no slip, permeability, temperature or geothermal resource established."
CTD5-A-00154,1,1,471.0,412.0,284600.0,4461400.0,0.96517,0.64637,27.3923,0.00092544,10.2237,"Geophysical donor high and surface receiver abstains. A buried structural boundary is one hypothesis; native cover/gradient/slope measurements above are context, not proof.",Basin-fill density boundary or volcanic lithologic contact; gravity and modelled cover may not be independent.,Compare both sides in official high-resolution terrain/geologic mapping and field offset observations. A continuous unfaulted contact would weaken the fault interpretation.,"Unverified candidate; no slip, permeability, temperature or geothermal resource established."
CTD5-A-00155,2,1,471.5,428.0,286200.0,4461350.0,0.95342,0.47852,29.8147,0.00140577,20.8259,"Geophysical donor high and surface receiver abstains. A buried structural boundary is one hypothesis; native cover/gradient/slope measurements above are context, not proof.",Basin-fill density boundary or volcanic lithologic contact; gravity and modelled cover may not be independent.,Compare both sides in official high-resolution terrain/geologic mapping and field offset observations. A continuous unfaulted contact would weaken the fault interpretation.,"Unverified candidate; no slip, permeability, temperature or geothermal resource established."
CTD5-A-00156,1,1,472.0,393.0,282700.0,4461300.0,0.98373,0.61073,28.584,0.00347122,1.9357,"Geophysical donor high and surface receiver abstains. A buried structural boundary is one hypothesis; native cover/gradient/slope measurements above are context, not proof.",Basin-fill density boundary or volcanic lithologic contact; gravity and modelled cover may not be independent.,Compare both sides in official high-resolution terrain/geologic mapping and field offset observations. A continuous unfaulted contact would weaken the fault interpretation.,"Unverified candidate; no slip, permeability, temperature or geothermal resource established."
CTD5-A-00157,13,2,476.231,410.923,284492.3,4460876.9,0.97128,0.52558,24.9919,0.00083088,14.7819,"Geophysical donor high and surface receiver abstains. A buried structural boundary is one hypothesis; native cover/gradient/slope measurements above are context, not proof.",Basin-fill density boundary or volcanic lithologic contact; gravity and modelled cover may not be independent.,Compare both sides in official high-resolution terrain/geologic mapping and field offset observations. A continuous unfaulted contact would weaken the fault interpretation.,"Unverified candidate; no slip, permeability, temperature or geothermal resource established."
CTD5-A-00158,2,1,474.5,415.0,284900.0,4461050.0,0.96465,0.63627,27.0176,0.00063993,5.4853,"Geophysical donor high and surface receiver abstains. A buried structural boundary is one hypothesis; native cover/gradient/slope measurements above are context, not proof.",Basin-fill density boundary or volcanic lithologic contact; gravity and modelled cover may not be independent.,Compare both sides in official high-resolution terrain/geologic mapping and field offset observations. A continuous unfaulted contact would weaken the fault interpretation.,"Unverified candidate; no slip, permeability, temperature or geothermal resource established."
CTD5-A-00159,8,1,478.0,252.0,268600.0,4460700.0,0.95845,0.50814,31.0748,0.00214491,1.5361,"Geophysical donor high and surface receiver abstains. A buried structural boundary is one hypothesis; native cover/gradient/slope measurements above are context, not proof.",Basin-fill density boundary or volcanic lithologic contact; gravity and modelled cover may not be independent.,Compare both sides in official high-resolution terrain/geologic mapping and field offset observations. A continuous unfaulted contact would weaken the fault interpretation.,"Unverified candidate; no slip, permeability, temperature or geothermal resource established."
CTD5-A-00160,20,4,481.3,281.75,271575.0,4460370.0,0.96093,0.53062,44.4577,0.00128203,11.4178,"Geophysical donor high and surface receiver abstains. A buried structural boundary is one hypothesis; native cover/gradient/slope measurements above are context, not proof.",Basin-fill density boundary or volcanic lithologic contact; gravity and modelled cover may not be independent.,Compare both sides in official high-resolution terrain/geologic mapping and field offset observations. A continuous unfaulted contact would weaken the fault interpretation.,"Unverified candidate; no slip, permeability, temperature or geothermal resource established."
CTD5-A-00161,6,2,478.333,367.167,280116.7,4460666.7,0.97762,0.58554,146.3205,0.00415359,2.2892,"Geophysical donor high and surface receiver abstains. A buried structural boundary is one hypothesis; native cover/gradient/slope measurements above are context, not proof.",Basin-fill density boundary or volcanic lithologic contact; gravity and modelled cover may not be independent.,Compare both sides in official high-resolution terrain/geologic mapping and field offset observations. A continuous unfaulted contact would weaken the fault interpretation.,"Unverified candidate; no slip, permeability, temperature or geothermal resource established."
CTD5-A-00162,4,1,480.5,215.5,264950.0,4460450.0,0.95783,0.56641,29.5099,0.00135864,1.5353,"Geophysical donor high and surface receiver abstains. A buried structural boundary is one hypothesis; native cover/gradient/slope measurements above are context, not proof.",Basin-fill density boundary or volcanic lithologic contact; gravity and modelled cover may not be independent.,Compare both sides in official high-resolution terrain/geologic mapping and field offset observations. A continuous unfaulted contact would weaken the fault interpretation.,"Unverified candidate; no slip, permeability, temperature or geothermal resource established."
CTD5-A-00163,1,1,480.0,414.0,284800.0,4460500.0,0.95687,0.6117,24.3665,0.00048638,14.9951,"Geophysical donor high and surface receiver abstains. A buried structural boundary is one hypothesis; native cover/gradient/slope measurements above are context, not proof.",Basin-fill density boundary or volcanic lithologic contact; gravity and modelled cover may not be independent.,Compare both sides in official high-resolution terrain/geologic mapping and field offset observations. A continuous unfaulted contact would weaken the fault interpretation.,"Unverified candidate; no slip, permeability, temperature or geothermal resource established."
CTD5-A-00164,1,1,481.0,253.0,268700.0,4460400.0,0.95457,0.5623,31.2645,0.00164212,2.4275,"Geophysical donor high and surface receiver abstains. A buried structural boundary is one hypothesis; native cover/gradient/slope measurements above are context, not proof.",Basin-fill density boundary or volcanic lithologic contact; gravity and modelled cover may not be independent.,Compare both sides in official high-resolution terrain/geologic mapping and field offset observations. A continuous unfaulted contact would weaken the fault interpretation.,"Unverified candidate; no slip, permeability, temperature or geothermal resource established."
CTD5-A-00165,2,1,482.5,260.5,269450.0,4460250.0,0.9569,0.5142,28.726,0.00111796,1.5916,"Geophysical donor high and surface receiver abstains. A buried structural boundary is one hypothesis; native cover/gradient/slope measurements above are context, not proof.",Basin-fill density boundary or volcanic lithologic contact; gravity and modelled cover may not be independent.,Compare both sides in official high-resolution terrain/geologic mapping and field offset observations. A continuous unfaulted contact would weaken the fault interpretation.,"Unverified candidate; no slip, permeability, temperature or geothermal resource established."
CTD5-A-00166,4,1,482.75,436.0,287000.0,4460225.0,0.96335,0.51748,40.5062,0.00164604,19.1212,"Geophysical donor high and surface receiver abstains. A buried structural boundary is one hypothesis; native cover/gradient/slope measurements above are context, not proof.",Basin-fill density boundary or volcanic lithologic contact; gravity and modelled cover may not be independent.,Compare both sides in official high-resolution terrain/geologic mapping and field offset observations. A continuous unfaulted contact would weaken the fault interpretation.,"Unverified candidate; no slip, permeability, temperature or geothermal resource established."
CTD5-A-00167,1,1,484.0,367.0,280100.0,4460100.0,0.95693,0.58107,150.6464,0.00326776,1.3005,"Geophysical donor high and surface receiver abstains. A buried structural boundary is one hypothesis; native cover/gradient/slope measurements above are context, not proof.",Basin-fill density boundary or volcanic lithologic contact; gravity and modelled cover may not be independent.,Compare both sides in official high-resolution terrain/geologic mapping and field offset observations. A continuous unfaulted contact would weaken the fault interpretation.,"Unverified candidate; no slip, permeability, temperature or geothermal resource established."
CTD5-A-00168,19,4,486.105,426.579,286057.9,4459889.5,0.97179,0.47231,25.0203,0.00108313,16.3181,"Geophysical donor high and surface receiver abstains. A buried structural boundary is one hypothesis; native cover/gradient/slope measurements above are context, not proof.",Basin-fill density boundary or volcanic lithologic contact; gravity and modelled cover may not be independent.,Compare both sides in official high-resolution terrain/geologic mapping and field offset observations. A continuous unfaulted contact would weaken the fault interpretation.,"Unverified candidate; no slip, permeability, temperature or geothermal resource established."
CTD5-A-00169,2,1,486.5,223.0,265700.0,4459850.0,0.95575,0.58893,32.7706,0.00090313,2.4955,"Geophysical donor high and surface receiver abstains. A buried structural boundary is one hypothesis; native cover/gradient/slope measurements above are context, not proof.",Basin-fill density boundary or volcanic lithologic contact; gravity and modelled cover may not be independent.,Compare both sides in official high-resolution terrain/geologic mapping and field offset observations. A continuous unfaulted contact would weaken the fault interpretation.,"Unverified candidate; no slip, permeability, temperature or geothermal resource established."
CTD5-A-00170,4,1,486.5,226.0,266000.0,4459850.0,0.95275,0.61212,32.8523,0.00073114,4.0396,"Geophysical donor high and surface receiver abstains. A buried structural boundary is one hypothesis; native cover/gradient/slope measurements above are context, not proof.",Basin-fill density boundary or volcanic lithologic contact; gravity and modelled cover may not be independent.,Compare both sides in official high-resolution terrain/geologic mapping and field offset observations. A continuous unfaulted contact would weaken the fault interpretation.,"Unverified candidate; no slip, permeability, temperature or geothermal resource established."
CTD5-A-00171,2,1,486.5,436.0,287000.0,4459850.0,0.96598,0.36437,39.6529,0.00163348,18.6126,"Geophysical donor high and surface receiver abstains. A buried structural boundary is one hypothesis; native cover/gradient/slope measurements above are context, not proof.",Basin-fill density boundary or volcanic lithologic contact; gravity and modelled cover may not be independent.,Compare both sides in official high-resolution terrain/geologic mapping and field offset observations. A continuous unfaulted contact would weaken the fault interpretation.,"Unverified candidate; no slip, permeability, temperature or geothermal resource established."
CTD5-A-00172,1,0,487.0,367.0,280100.0,4459800.0,0.95693,0.6378,152.1119,0.00316443,2.4637,"Geophysical donor high and surface receiver abstains. A buried structural boundary is one hypothesis; native cover/gradient/slope measurements above are context, not proof.",Basin-fill density boundary or volcanic lithologic contact; gravity and modelled cover may not be independent.,Compare both sides in official high-resolution terrain/geologic mapping and field offset observations. A continuous unfaulted contact would weaken the fault interpretation.,"Unverified candidate; no slip, permeability, temperature or geothermal resource established."
CTD5-A-00173,1,1,489.0,368.0,280200.0,4459600.0,0.96847,0.62957,146.7681,0.00340989,1.236,"Geophysical donor high and surface receiver abstains. A buried structural boundary is one hypothesis; native cover/gradient/slope measurements above are context, not proof.",Basin-fill density boundary or volcanic lithologic contact; gravity and modelled cover may not be independent.,Compare both sides in official high-resolution terrain/geologic mapping and field offset observations. A continuous unfaulted contact would weaken the fault interpretation.,"Unverified candidate; no slip, permeability, temperature or geothermal resource established."
CTD5-A-00174,21,3,494.667,292.333,272633.3,4459033.3,0.96327,0.4272,52.5353,0.00139561,5.565,"Geophysical donor high and surface receiver abstains. A buried structural boundary is one hypothesis; native cover/gradient/slope measurements above are context, not proof.",Basin-fill density boundary or volcanic lithologic contact; gravity and modelled cover may not be independent.,Compare both sides in official high-resolution terrain/geologic mapping and field offset observations. A continuous unfaulted contact would weaken the fault interpretation.,"Unverified candidate; no slip, permeability, temperature or geothermal resource established."
CTD5-A-00175,1,1,493.0,376.0,281000.0,4459200.0,0.985,0.6369,98.8022,0.00463942,1.4876,"Geophysical donor high and surface receiver abstains. A buried structural boundary is one hypothesis; native cover/gradient/slope measurements above are context, not proof.",Basin-fill density boundary or volcanic lithologic contact; gravity and modelled cover may not be independent.,Compare both sides in official high-resolution terrain/geologic mapping and field offset observations. A continuous unfaulted contact would weaken the fault interpretation.,"Unverified candidate; no slip, permeability, temperature or geothermal resource established."
CTD5-A-00176,3,1,495.0,426.0,286000.0,4459000.0,0.96254,0.48897,22.24,0.00108488,23.6873,"Geophysical donor high and surface receiver abstains. A buried structural boundary is one hypothesis; native cover/gradient/slope measurements above are context, not proof.",Basin-fill density boundary or volcanic lithologic contact; gravity and modelled cover may not be independent.,Compare both sides in official high-resolution terrain/geologic mapping and field offset observations. A continuous unfaulted contact would weaken the fault interpretation.,"Unverified candidate; no slip, permeability, temperature or geothermal resource established."
CTD5-A-00177,1,1,495.0,439.0,287300.0,4459000.0,0.97733,0.39743,48.5163,0.00175264,8.0044,"Geophysical donor high and surface receiver abstains. A buried structural boundary is one hypothesis; native cover/gradient/slope measurements above are context, not proof.",Basin-fill density boundary or volcanic lithologic contact; gravity and modelled cover may not be independent.,Compare both sides in official high-resolution terrain/geologic mapping and field offset observations. A continuous unfaulted contact would weaken the fault interpretation.,"Unverified candidate; no slip, permeability, temperature or geothermal resource established."
CTD5-A-00178,1,1,497.0,369.0,280300.0,4458800.0,0.96847,0.61347,142.9133,0.00340555,0.4333,"Geophysical donor high and surface receiver abstains. A buried structural boundary is one hypothesis; native cover/gradient/slope measurements above are context, not proof.",Basin-fill density boundary or volcanic lithologic contact; gravity and modelled cover may not be independent.,Compare both sides in official high-resolution terrain/geologic mapping and field offset observations. A continuous unfaulted contact would weaken the fault interpretation.,"Unverified candidate; no slip, permeability, temperature or geothermal resource established."
CTD5-A-00179,11,2,499.727,437.273,287127.3,4458527.3,0.96679,0.4153,40.4508,0.00166573,15.2245,"Geophysical donor high and surface receiver abstains. A buried structural boundary is one hypothesis; native cover/gradient/slope measurements above are context, not proof.",Basin-fill density boundary or volcanic lithologic contact; gravity and modelled cover may not be independent.,Compare both sides in official high-resolution terrain/geologic mapping and field offset observations. A continuous unfaulted contact would weaken the fault interpretation.,"Unverified candidate; no slip, permeability, temperature or geothermal resource established."
CTD5-A-00180,2,1,498.5,428.0,286200.0,4458650.0,0.97612,0.3807,24.4576,0.00126571,15.9803,"Geophysical donor high and surface receiver abstains. A buried structural boundary is one hypothesis; native cover/gradient/slope measurements above are context, not proof.",Basin-fill density boundary or volcanic lithologic contact; gravity and modelled cover may not be independent.,Compare both sides in official high-resolution terrain/geologic mapping and field offset observations. A continuous unfaulted contact would weaken the fault interpretation.,"Unverified candidate; no slip, permeability, temperature or geothermal resource established."
CTD5-A-00181,1,0,498.0,432.0,286600.0,4458700.0,0.95653,0.39583,30.2779,0.00143072,30.8813,"Geophysical donor high and surface receiver abstains. A buried structural boundary is one hypothesis; native cover/gradient/slope measurements above are context, not proof.",Basin-fill density boundary or volcanic lithologic contact; gravity and modelled cover may not be independent.,Compare both sides in official high-resolution terrain/geologic mapping and field offset observations. A continuous unfaulted contact would weaken the fault interpretation.,"Unverified candidate; no slip, permeability, temperature or geothermal resource established."
CTD5-A-00182,5,1,501.2,357.0,279100.0,4458380.0,0.95643,0.59559,206.8385,0.0012491,0.6828,"Geophysical donor high and surface receiver abstains. A buried structural boundary is one hypothesis; native cover/gradient/slope measurements above are context, not proof.",Basin-fill density boundary or volcanic lithologic contact; gravity and modelled cover may not be independent.,Compare both sides in official high-resolution terrain/geologic mapping and field offset observations. A continuous unfaulted contact would weaken the fault interpretation.,"Unverified candidate; no slip, permeability, temperature or geothermal resource established."
CTD5-A-00183,1,1,500.0,425.0,285900.0,4458500.0,0.978,0.44117,20.6637,0.00105443,7.9089,"Geophysical donor high and surface receiver abstains. A buried structural boundary is one hypothesis; native cover/gradient/slope measurements above are context, not proof.",Basin-fill density boundary or volcanic lithologic contact; gravity and modelled cover may not be independent.,Compare both sides in official high-resolution terrain/geologic mapping and field offset observations. A continuous unfaulted contact would weaken the fault interpretation.,"Unverified candidate; no slip, permeability, temperature or geothermal resource established."
CTD5-A-00184,1,1,500.0,432.0,286600.0,4458500.0,0.96157,0.45817,29.8219,0.00143454,30.6954,"Geophysical donor high and surface receiver abstains. A buried structural boundary is one hypothesis; native cover/gradient/slope measurements above are context, not proof.",Basin-fill density boundary or volcanic lithologic contact; gravity and modelled cover may not be independent.,Compare both sides in official high-resolution terrain/geologic mapping and field offset observations. A continuous unfaulted contact would weaken the fault interpretation.,"Unverified candidate; no slip, permeability, temperature or geothermal resource established."
CTD5-A-00185,2,1,501.5,441.5,287550.0,4458350.0,0.97737,0.40528,53.1864,0.00176728,11.1086,"Geophysical donor high and surface receiver abstains. A buried structural boundary is one hypothesis; native cover/gradient/slope measurements above are context, not proof.",Basin-fill density boundary or volcanic lithologic contact; gravity and modelled cover may not be independent.,Compare both sides in official high-resolution terrain/geologic mapping and field offset observations. A continuous unfaulted contact would weaken the fault interpretation.,"Unverified candidate; no slip, permeability, temperature or geothermal resource established."
CTD5-A-00186,20,3,504.65,426.8,286080.0,4458035.0,0.97239,0.47406,22.7641,0.001202,12.7922,"Geophysical donor high and surface receiver abstains. A buried structural boundary is one hypothesis; native cover/gradient/slope measurements above are context, not proof.",Basin-fill density boundary or volcanic lithologic contact; gravity and modelled cover may not be independent.,Compare both sides in official high-resolution terrain/geologic mapping and field offset observations. A continuous unfaulted contact would weaken the fault interpretation.,"Unverified candidate; no slip, permeability, temperature or geothermal resource established."
CTD5-A-00187,2,1,503.5,354.0,278800.0,4458150.0,0.9569,0.5565,217.2214,0.00101192,0.8773,"Geophysical donor high and surface receiver abstains. A buried structural boundary is one hypothesis; native cover/gradient/slope measurements above are context, not proof.",Basin-fill density boundary or volcanic lithologic contact; gravity and modelled cover may not be independent.,Compare both sides in official high-resolution terrain/geologic mapping and field offset observations. A continuous unfaulted contact would weaken the fault interpretation.,"Unverified candidate; no slip, permeability, temperature or geothermal resource established."
CTD5-A-00188,2,1,503.5,439.5,287350.0,4458150.0,0.97532,0.38087,45.0484,0.00171049,9.646,"Geophysical donor high and surface receiver abstains. A buried structural boundary is one hypothesis; native cover/gradient/slope measurements above are context, not proof.",Basin-fill density boundary or volcanic lithologic contact; gravity and modelled cover may not be independent.,Compare both sides in official high-resolution terrain/geologic mapping and field offset observations. A continuous unfaulted contact would weaken the fault interpretation.,"Unverified candidate; no slip, permeability, temperature or geothermal resource established."
CTD5-A-00189,1,0,504.0,359.0,279300.0,4458100.0,0.95343,0.54423,195.5722,0.00143639,0.9291,"Geophysical donor high and surface receiver abstains. A buried structural boundary is one hypothesis; native cover/gradient/slope measurements above are context, not proof.",Basin-fill density boundary or volcanic lithologic contact; gravity and modelled cover may not be independent.,Compare both sides in official high-resolution terrain/geologic mapping and field offset observations. A continuous unfaulted contact would weaken the fault interpretation.,"Unverified candidate; no slip, permeability, temperature or geothermal resource established."
CTD5-A-00190,1,1,505.0,357.0,279100.0,4458000.0,0.95303,0.6169,204.2853,0.00128902,0.5472,"Geophysical donor high and surface receiver abstains. A buried structural boundary is one hypothesis; native cover/gradient/slope measurements above are context, not proof.",Basin-fill density boundary or volcanic lithologic contact; gravity and modelled cover may not be independent.,Compare both sides in official high-resolution terrain/geologic mapping and field offset observations. A continuous unfaulted contact would weaken the fault interpretation.,"Unverified candidate; no slip, permeability, temperature or geothermal resource established."
CTD5-A-00191,4,1,507.75,296.75,273075.0,4457725.0,0.96202,0.40428,53.2188,0.00095634,13.5925,"Geophysical donor high and surface receiver abstains. A buried structural boundary is one hypothesis; native cover/gradient/slope measurements above are context, not proof.",Basin-fill density boundary or volcanic lithologic contact; gravity and modelled cover may not be independent.,Compare both sides in official high-resolution terrain/geologic mapping and field offset observations. A continuous unfaulted contact would weaken the fault interpretation.,"Unverified candidate; no slip, permeability, temperature or geothermal resource established."
CTD5-A-00192,110,18,513.773,370.664,280466.4,4457122.7,0.97258,0.50222,130.3447,0.00263595,0.8994,"Geophysical donor high and surface receiver abstains. A buried structural boundary is one hypothesis; native cover/gradient/slope measurements above are context, not proof.",Basin-fill density boundary or volcanic lithologic contact; gravity and modelled cover may not be independent.,Compare both sides in official high-resolution terrain/geologic mapping and field offset observations. A continuous unfaulted contact would weaken the fault interpretation.,"Unverified candidate; no slip, permeability, temperature or geothermal resource established."
CTD5-A-00193,39,5,511.641,436.949,287094.9,4457335.9,0.96128,0.49845,34.722,0.00154173,16.6936,"Geophysical donor high and surface receiver abstains. A buried structural boundary is one hypothesis; native cover/gradient/slope measurements above are context, not proof.",Basin-fill density boundary or volcanic lithologic contact; gravity and modelled cover may not be independent.,Compare both sides in official high-resolution terrain/geologic mapping and field offset observations. A continuous unfaulted contact would weaken the fault interpretation.,"Unverified candidate; no slip, permeability, temperature or geothermal resource established."
CTD5-A-00194,7,1,508.429,326.714,276071.4,4457657.1,0.95183,0.38081,179.7907,0.00103305,0.1739,"Geophysical donor high and surface receiver abstains. A buried structural boundary is one hypothesis; native cover/gradient/slope measurements above are context, not proof.",Basin-fill density boundary or volcanic lithologic contact; gravity and modelled cover may not be independent.,Compare both sides in official high-resolution terrain/geologic mapping and field offset observations. A continuous unfaulted contact would weaken the fault interpretation.,"Unverified candidate; no slip, permeability, temperature or geothermal resource established."
CTD5-A-00195,1,1,508.0,330.0,276400.0,4457700.0,0.9535,0.35917,194.6596,0.0008892,0.1589,"Geophysical donor high and surface receiver abstains. A buried structural boundary is one hypothesis; native cover/gradient/slope measurements above are context, not proof.",Basin-fill density boundary or volcanic lithologic contact; gravity and modelled cover may not be independent.,Compare both sides in official high-resolution terrain/geologic mapping and field offset observations. A continuous unfaulted contact would weaken the fault interpretation.,"Unverified candidate; no slip, permeability, temperature or geothermal resource established."
CTD5-A-00196,3,1,509.667,349.333,278333.3,4457533.3,0.95567,0.35747,220.5409,0.00071026,0.2814,"Geophysical donor high and surface receiver abstains. A buried structural boundary is one hypothesis; native cover/gradient/slope measurements above are context, not proof.",Basin-fill density boundary or volcanic lithologic contact; gravity and modelled cover may not be independent.,Compare both sides in official high-resolution terrain/geologic mapping and field offset observations. A continuous unfaulted contact would weaken the fault interpretation.,"Unverified candidate; no slip, permeability, temperature or geothermal resource established."
CTD5-A-00197,43,7,515.791,425.558,285955.8,4456920.9,0.96688,0.48755,24.7155,0.00111401,18.0489,"Geophysical donor high and surface receiver abstains. A buried structural boundary is one hypothesis; native cover/gradient/slope measurements above are context, not proof.",Basin-fill density boundary or volcanic lithologic contact; gravity and modelled cover may not be independent.,Compare both sides in official high-resolution terrain/geologic mapping and field offset observations. A continuous unfaulted contact would weaken the fault interpretation.,"Unverified candidate; no slip, permeability, temperature or geothermal resource established."
CTD5-A-00198,14,4,515.429,298.357,273235.7,4456957.1,0.95802,0.50899,55.2912,0.00039436,7.0855,"Geophysical donor high and surface receiver abstains. A buried structural boundary is one hypothesis; native cover/gradient/slope measurements above are context, not proof.",Basin-fill density boundary or volcanic lithologic contact; gravity and modelled cover may not be independent.,Compare both sides in official high-resolution terrain/geologic mapping and field offset observations. A continuous unfaulted contact would weaken the fault interpretation.,"Unverified candidate; no slip, permeability, temperature or geothermal resource established."
CTD5-A-00199,9,2,513.333,307.111,274111.1,4457166.7,0.95716,0.51636,83.9172,0.00071918,19.3926,"Geophysical donor high and surface receiver abstains. A buried structural boundary is one hypothesis; native cover/gradient/slope measurements above are context, not proof.",Basin-fill density boundary or volcanic lithologic contact; gravity and modelled cover may not be independent.,Compare both sides in official high-resolution terrain/geologic mapping and field offset observations. A continuous unfaulted contact would weaken the fault interpretation.,"Unverified candidate; no slip, permeability, temperature or geothermal resource established."
CTD5-A-00200,1,1,515.0,391.0,282500.0,4457000.0,0.97893,0.5655,39.0603,0.00361906,1.8626,"Geophysical donor high and surface receiver abstains. A buried structural boundary is one hypothesis; native cover/gradient/slope measurements above are context, not proof.",Basin-fill density boundary or volcanic lithologic contact; gravity and modelled cover may not be independent.,Compare both sides in official high-resolution terrain/geologic mapping and field offset observations. A continuous unfaulted contact would weaken the fault interpretation.,"Unverified candidate; no slip, permeability, temperature or geothermal resource established."
CTD5-A-00201,8,1,516.375,448.5,288250.0,4456862.5,0.96217,0.45778,52.0736,0.00163875,19.8562,"Geophysical donor high and surface receiver abstains. A buried structural boundary is one hypothesis; native cover/gradient/slope measurements above are context, not proof.",Basin-fill density boundary or volcanic lithologic contact; gravity and modelled cover may not be independent.,Compare both sides in official high-resolution terrain/geologic mapping and field offset observations. A continuous unfaulted contact would weaken the fault interpretation.,"Unverified candidate; no slip, permeability, temperature or geothermal resource established."
CTD5-A-00202,1,1,517.0,395.0,282900.0,4456800.0,0.95483,0.61567,27.2265,0.00301681,1.5499,"Geophysical donor high and surface receiver abstains. A buried structural boundary is one hypothesis; native cover/gradient/slope measurements above are context, not proof.",Basin-fill density boundary or volcanic lithologic contact; gravity and modelled cover may not be independent.,Compare both sides in official high-resolution terrain/geologic mapping and field offset observations. A continuous unfaulted contact would weaken the fault interpretation.,"Unverified candidate; no slip, permeability, temperature or geothermal resource established."
CTD5-A-00203,12,2,520.25,306.333,274033.3,4456475.0,0.96169,0.53417,77.3771,0.00072781,24.0516,"Geophysical donor high and surface receiver abstains. A buried structural boundary is one hypothesis; native cover/gradient/slope measurements above are context, not proof.",Basin-fill density boundary or volcanic lithologic contact; gravity and modelled cover may not be independent.,Compare both sides in official high-resolution terrain/geologic mapping and field offset observations. A continuous unfaulted contact would weaken the fault interpretation.,"Unverified candidate; no slip, permeability, temperature or geothermal resource established."
CTD5-A-00204,1,1,518.0,392.0,282600.0,4456700.0,0.97847,0.52427,36.3869,0.00337139,0.396,"Geophysical donor high and surface receiver abstains. A buried structural boundary is one hypothesis; native cover/gradient/slope measurements above are context, not proof.",Basin-fill density boundary or volcanic lithologic contact; gravity and modelled cover may not be independent.,Compare both sides in official high-resolution terrain/geologic mapping and field offset observations. A continuous unfaulted contact would weaken the fault interpretation.,"Unverified candidate; no slip, permeability, temperature or geothermal resource established."
CTD5-A-00205,1,0,519.0,395.0,282900.0,4456600.0,0.95483,0.459,27.3673,0.00295013,1.2753,"Geophysical donor high and surface receiver abstains. A buried structural boundary is one hypothesis; native cover/gradient/slope measurements above are context, not proof.",Basin-fill density boundary or volcanic lithologic contact; gravity and modelled cover may not be independent.,Compare both sides in official high-resolution terrain/geologic mapping and field offset observations. A continuous unfaulted contact would weaken the fault interpretation.,"Unverified candidate; no slip, permeability, temperature or geothermal resource established."
CTD5-A-00206,30,4,522.767,389.7,282370.0,4456223.3,0.97181,0.50814,44.0728,0.00310405,0.5673,"Geophysical donor high and surface receiver abstains. A buried structural boundary is one hypothesis; native cover/gradient/slope measurements above are context, not proof.",Basin-fill density boundary or volcanic lithologic contact; gravity and modelled cover may not be independent.,Compare both sides in official high-resolution terrain/geologic mapping and field offset observations. A continuous unfaulted contact would weaken the fault interpretation.,"Unverified candidate; no slip, permeability, temperature or geothermal resource established."
CTD5-A-00207,13,3,523.692,424.615,285861.5,4456130.8,0.95879,0.48615,28.281,0.00107136,26.8231,"Geophysical donor high and surface receiver abstains. A buried structural boundary is one hypothesis; native cover/gradient/slope measurements above are context, not proof.",Basin-fill density boundary or volcanic lithologic contact; gravity and modelled cover may not be independent.,Compare both sides in official high-resolution terrain/geologic mapping and field offset observations. A continuous unfaulted contact would weaken the fault interpretation.,"Unverified candidate; no slip, permeability, temperature or geothermal resource established."
CTD5-A-00208,2,0,523.5,299.0,273300.0,4456150.0,0.96487,0.62693,55.2481,0.0007046,17.7816,"Geophysical donor high and surface receiver abstains. A buried structural boundary is one hypothesis; native cover/gradient/slope measurements above are context, not proof.",Basin-fill density boundary or volcanic lithologic contact; gravity and modelled cover may not be independent.,Compare both sides in official high-resolution terrain/geologic mapping and field offset observations. A continuous unfaulted contact would weaken the fault interpretation.,"Unverified candidate; no slip, permeability, temperature or geothermal resource established."
CTD5-A-00209,3,1,523.333,360.667,279466.7,4456166.7,0.96278,0.3602,168.2797,0.00144846,0.4997,"Geophysical donor high and surface receiver abstains. A buried structural boundary is one hypothesis; native cover/gradient/slope measurements above are context, not proof.",Basin-fill density boundary or volcanic lithologic contact; gravity and modelled cover may not be independent.,Compare both sides in official high-resolution terrain/geologic mapping and field offset observations. A continuous unfaulted contact would weaken the fault interpretation.,"Unverified candidate; no slip, permeability, temperature or geothermal resource established."
CTD5-A-00210,16,2,530.625,328.938,276293.8,4455437.5,0.95821,0.44563,151.4692,0.00029136,0.1996,"Geophysical donor high and surface receiver abstains. A buried structural boundary is one hypothesis; native cover/gradient/slope measurements above are context, not proof.",Basin-fill density boundary or volcanic lithologic contact; gravity and modelled cover may not be independent.,Compare both sides in official high-resolution terrain/geologic mapping and field offset observations. A continuous unfaulted contact would weaken the fault interpretation.,"Unverified candidate; no slip, permeability, temperature or geothermal resource established."
CTD5-A-00211,6,1,526.5,409.5,284350.0,4455850.0,0.96177,0.60104,23.5821,0.00140937,2.4139,"Geophysical donor high and surface receiver abstains. A buried structural boundary is one hypothesis; native cover/gradient/slope measurements above are context, not proof.",Basin-fill density boundary or volcanic lithologic contact; gravity and modelled cover may not be independent.,Compare both sides in official high-resolution terrain/geologic mapping and field offset observations. A continuous unfaulted contact would weaken the fault interpretation.,"Unverified candidate; no slip, permeability, temperature or geothermal resource established."
CTD5-A-00212,3,1,527.0,300.0,273400.0,4455800.0,0.96443,0.48874,57.2215,0.00084396,26.8906,"Geophysical donor high and surface receiver abstains. A buried structural boundary is one hypothesis; native cover/gradient/slope measurements above are context, not proof.",Basin-fill density boundary or volcanic lithologic contact; gravity and modelled cover may not be independent.,Compare both sides in official high-resolution terrain/geologic mapping and field offset observations. A continuous unfaulted contact would weaken the fault interpretation.,"Unverified candidate; no slip, permeability, temperature or geothermal resource established."
CTD5-A-00213,9,2,527.111,433.111,286711.1,4455788.9,0.95798,0.46282,32.5879,0.00135806,15.0475,"Geophysical donor high and surface receiver abstains. A buried structural boundary is one hypothesis; native cover/gradient/slope measurements above are context, not proof.",Basin-fill density boundary or volcanic lithologic contact; gravity and modelled cover may not be independent.,Compare both sides in official high-resolution terrain/geologic mapping and field offset observations. A continuous unfaulted contact would weaken the fault interpretation.,"Unverified candidate; no slip, permeability, temperature or geothermal resource established."
CTD5-A-00214,49,8,536.061,317.633,275163.3,4454893.9,0.95893,0.50903,111.8688,0.00126942,15.6659,"Geophysical donor high and surface receiver abstains. A buried structural boundary is one hypothesis; native cover/gradient/slope measurements above are context, not proof.",Basin-fill density boundary or volcanic lithologic contact; gravity and modelled cover may not be independent.,Compare both sides in official high-resolution terrain/geologic mapping and field offset observations. A continuous unfaulted contact would weaken the fault interpretation.,"Unverified candidate; no slip, permeability, temperature or geothermal resource established."
CTD5-A-00215,21,3,538.476,305.143,273914.3,4454652.4,0.9631,0.54027,72.9099,0.00136023,14.3201,"Geophysical donor high and surface receiver abstains. A buried structural boundary is one hypothesis; native cover/gradient/slope measurements above are context, not proof.",Basin-fill density boundary or volcanic lithologic contact; gravity and modelled cover may not be independent.,Compare both sides in official high-resolution terrain/geologic mapping and field offset observations. A continuous unfaulted contact would weaken the fault interpretation.,"Unverified candidate; no slip, permeability, temperature or geothermal resource established."
CTD5-A-00216,2,0,536.0,414.5,284850.0,4454900.0,0.9504,0.58282,25.6904,0.00142536,3.1695,"Geophysical donor high and surface receiver abstains. A buried structural boundary is one hypothesis; native cover/gradient/slope measurements above are context, not proof.",Basin-fill density boundary or volcanic lithologic contact; gravity and modelled cover may not be independent.,Compare both sides in official high-resolution terrain/geologic mapping and field offset observations. A continuous unfaulted contact would weaken the fault interpretation.,"Unverified candidate; no slip, permeability, temperature or geothermal resource established."
CTD5-A-00217,3,1,541.0,412.0,284600.0,4454400.0,0.9555,0.46252,22.9854,0.00142265,0.4126,"Geophysical donor high and surface receiver abstains. A buried structural boundary is one hypothesis; native cover/gradient/slope measurements above are context, not proof.",Basin-fill density boundary or volcanic lithologic contact; gravity and modelled cover may not be independent.,Compare both sides in official high-resolution terrain/geologic mapping and field offset observations. A continuous unfaulted contact would weaken the fault interpretation.,"Unverified candidate; no slip, permeability, temperature or geothermal resource established."
CTD5-A-00218,1,1,540.0,520.0,295400.0,4454500.0,0.95433,0.47383,437.3486,0.00084944,33.38,"Geophysical donor high and surface receiver abstains. A buried structural boundary is one hypothesis; native cover/gradient/slope measurements above are context, not proof.",Basin-fill density boundary or volcanic lithologic contact; gravity and modelled cover may not be independent.,Compare both sides in official high-resolution terrain/geologic mapping and field offset observations. A continuous unfaulted contact would weaken the fault interpretation.,"Unverified candidate; no slip, permeability, temperature or geothermal resource established."
CTD5-A-00219,1,1,540.0,703.0,313700.0,4454500.0,0.95707,0.4762,20.0261,0.00258574,22.3693,"Geophysical donor high and surface receiver abstains. A buried structural boundary is one hypothesis; native cover/gradient/slope measurements above are context, not proof.",Basin-fill density boundary or volcanic lithologic contact; gravity and modelled cover may not be independent.,Compare both sides in official high-resolution terrain/geologic mapping and field offset observations. A continuous unfaulted contact would weaken the fault interpretation.,"Unverified candidate; no slip, permeability, temperature or geothermal resource established."
CTD5-A-00220,8,1,542.25,697.125,313112.5,4454275.0,0.95764,0.43542,26.6129,0.00248828,14.9383,"Geophysical donor high and surface receiver abstains. A buried structural boundary is one hypothesis; native cover/gradient/slope measurements above are context, not proof.",Basin-fill density boundary or volcanic lithologic contact; gravity and modelled cover may not be independent.,Compare both sides in official high-resolution terrain/geologic mapping and field offset observations. A continuous unfaulted contact would weaken the fault interpretation.,"Unverified candidate; no slip, permeability, temperature or geothermal resource established."
CTD5-A-00221,1,1,543.0,311.0,274500.0,4454200.0,0.95207,0.63357,94.7172,0.00159561,24.6885,"Geophysical donor high and surface receiver abstains. A buried structural boundary is one hypothesis; native cover/gradient/slope measurements above are context, not proof.",Basin-fill density boundary or volcanic lithologic contact; gravity and modelled cover may not be independent.,Compare both sides in official high-resolution terrain/geologic mapping and field offset observations. A continuous unfaulted contact would weaken the fault interpretation.,"Unverified candidate; no slip, permeability, temperature or geothermal resource established."
CTD5-A-00222,4,1,543.25,518.75,295275.0,4454175.0,0.95643,0.481,405.6912,0.00071036,28.6943,"Geophysical donor high and surface receiver abstains. A buried structural boundary is one hypothesis; native cover/gradient/slope measurements above are context, not proof.",Basin-fill density boundary or volcanic lithologic contact; gravity and modelled cover may not be independent.,Compare both sides in official high-resolution terrain/geologic mapping and field offset observations. A continuous unfaulted contact would weaken the fault interpretation.,"Unverified candidate; no slip, permeability, temperature or geothermal resource established."
CTD5-A-00223,27,6,552.407,519.667,295366.7,4453259.3,0.96188,0.47299,334.3024,0.0005466,24.0877,"Geophysical donor high and surface receiver abstains. A buried structural boundary is one hypothesis; native cover/gradient/slope measurements above are context, not proof.",Basin-fill density boundary or volcanic lithologic contact; gravity and modelled cover may not be independent.,Compare both sides in official high-resolution terrain/geologic mapping and field offset observations. A continuous unfaulted contact would weaken the fault interpretation.,"Unverified candidate; no slip, permeability, temperature or geothermal resource established."
CTD5-A-00224,4,1,549.0,324.5,275850.0,4453600.0,0.96113,0.54925,138.5031,0.00065336,0.4934,"Geophysical donor high and surface receiver abstains. A buried structural boundary is one hypothesis; native cover/gradient/slope measurements above are context, not proof.",Basin-fill density boundary or volcanic lithologic contact; gravity and modelled cover may not be independent.,Compare both sides in official high-resolution terrain/geologic mapping and field offset observations. A continuous unfaulted contact would weaken the fault interpretation.,"Unverified candidate; no slip, permeability, temperature or geothermal resource established."
CTD5-A-00225,1,1,549.0,367.0,280100.0,4453600.0,0.97287,0.39023,114.4582,0.00158569,0.5233,"Geophysical donor high and surface receiver abstains. A buried structural boundary is one hypothesis; native cover/gradient/slope measurements above are context, not proof.",Basin-fill density boundary or volcanic lithologic contact; gravity and modelled cover may not be independent.,Compare both sides in official high-resolution terrain/geologic mapping and field offset observations. A continuous unfaulted contact would weaken the fault interpretation.,"Unverified candidate; no slip, permeability, temperature or geothermal resource established."
CTD5-A-00226,1,1,550.0,288.0,272200.0,4453500.0,0.95487,0.62367,49.4746,0.00065768,2.1172,"Geophysical donor high and surface receiver abstains. A buried structural boundary is one hypothesis; native cover/gradient/slope measurements above are context, not proof.",Basin-fill density boundary or volcanic lithologic contact; gravity and modelled cover may not be independent.,Compare both sides in official high-resolution terrain/geologic mapping and field offset observations. A continuous unfaulted contact would weaken the fault interpretation.,"Unverified candidate; no slip, permeability, temperature or geothermal resource established."
CTD5-A-00227,3,0,553.0,287.0,272100.0,4453200.0,0.95207,0.55049,55.2226,0.00098666,2.2966,"Geophysical donor high and surface receiver abstains. A buried structural boundary is one hypothesis; native cover/gradient/slope measurements above are context, not proof.",Basin-fill density boundary or volcanic lithologic contact; gravity and modelled cover may not be independent.,Compare both sides in official high-resolution terrain/geologic mapping and field offset observations. A continuous unfaulted contact would weaken the fault interpretation.,"Unverified candidate; no slip, permeability, temperature or geothermal resource established."
CTD5-A-00228,5,1,554.6,306.8,274080.0,4453040.0,0.95477,0.45805,109.8243,0.00140876,0.7885,"Geophysical donor high and surface receiver abstains. A buried structural boundary is one hypothesis; native cover/gradient/slope measurements above are context, not proof.",Basin-fill density boundary or volcanic lithologic contact; gravity and modelled cover may not be independent.,Compare both sides in official high-resolution terrain/geologic mapping and field offset observations. A continuous unfaulted contact would weaken the fault interpretation.,"Unverified candidate; no slip, permeability, temperature or geothermal resource established."
CTD5-A-00229,4,1,556.25,279.75,271375.0,4452875.0,0.95266,0.48153,49.1679,0.00093212,2.0613,"Geophysical donor high and surface receiver abstains. A buried structural boundary is one hypothesis; native cover/gradient/slope measurements above are context, not proof.",Basin-fill density boundary or volcanic lithologic contact; gravity and modelled cover may not be independent.,Compare both sides in official high-resolution terrain/geologic mapping and field offset observations. A continuous unfaulted contact would weaken the fault interpretation.,"Unverified candidate; no slip, permeability, temperature or geothermal resource established."
CTD5-A-00230,3,1,555.333,283.333,271733.3,4452966.7,0.95393,0.4362,53.6618,0.00101069,0.8153,"Geophysical donor high and surface receiver abstains. A buried structural boundary is one hypothesis; native cover/gradient/slope measurements above are context, not proof.",Basin-fill density boundary or volcanic lithologic contact; gravity and modelled cover may not be independent.,Compare both sides in official high-resolution terrain/geologic mapping and field offset observations. A continuous unfaulted contact would weaken the fault interpretation.,"Unverified candidate; no slip, permeability, temperature or geothermal resource established."
CTD5-A-00231,2,1,560.5,539.0,297300.0,4452450.0,0.97008,0.61787,260.5029,0.00033898,3.646,"Geophysical donor high and surface receiver abstains. A buried structural boundary is one hypothesis; native cover/gradient/slope measurements above are context, not proof.",Basin-fill density boundary or volcanic lithologic contact; gravity and modelled cover may not be independent.,Compare both sides in official high-resolution terrain/geologic mapping and field offset observations. A continuous unfaulted contact would weaken the fault interpretation.,"Unverified candidate; no slip, permeability, temperature or geothermal resource established."
CTD5-A-00232,6,1,561.833,529.833,296383.3,4452316.7,0.96984,0.54482,269.0399,0.00023583,17.4788,"Geophysical donor high and surface receiver abstains. A buried structural boundary is one hypothesis; native cover/gradient/slope measurements above are context, not proof.",Basin-fill density boundary or volcanic lithologic contact; gravity and modelled cover may not be independent.,Compare both sides in official high-resolution terrain/geologic mapping and field offset observations. A continuous unfaulted contact would weaken the fault interpretation.,"Unverified candidate; no slip, permeability, temperature or geothermal resource established."
CTD5-A-00233,1,0,561.0,705.0,313900.0,4452400.0,0.95623,0.35837,31.4609,0.00460118,20.9797,"Geophysical donor high and surface receiver abstains. A buried structural boundary is one hypothesis; native cover/gradient/slope measurements above are context, not proof.",Basin-fill density boundary or volcanic lithologic contact; gravity and modelled cover may not be independent.,Compare both sides in official high-resolution terrain/geologic mapping and field offset observations. A continuous unfaulted contact would weaken the fault interpretation.,"Unverified candidate; no slip, permeability, temperature or geothermal resource established."
CTD5-A-00234,12,2,562.583,388.833,282283.3,4452241.7,0.96793,0.44749,52.7259,0.00137301,0.4222,"Geophysical donor high and surface receiver abstains. A buried structural boundary is one hypothesis; native cover/gradient/slope measurements above are context, not proof.",Basin-fill density boundary or volcanic lithologic contact; gravity and modelled cover may not be independent.,Compare both sides in official high-resolution terrain/geologic mapping and field offset observations. A continuous unfaulted contact would weaken the fault interpretation.,"Unverified candidate; no slip, permeability, temperature or geothermal resource established."
CTD5-A-00235,4,1,563.25,310.75,274475.0,4452175.0,0.95648,0.36867,155.5129,0.00097811,0.6649,"Geophysical donor high and surface receiver abstains. A buried structural boundary is one hypothesis; native cover/gradient/slope measurements above are context, not proof.",Basin-fill density boundary or volcanic lithologic contact; gravity and modelled cover may not be independent.,Compare both sides in official high-resolution terrain/geologic mapping and field offset observations. A continuous unfaulted contact would weaken the fault interpretation.,"Unverified candidate; no slip, permeability, temperature or geothermal resource established."
CTD5-A-00236,2,1,564.0,396.5,283050.0,4452100.0,0.98197,0.41035,35.8735,0.00117716,0.4493,"Geophysical donor high and surface receiver abstains. A buried structural boundary is one hypothesis; native cover/gradient/slope measurements above are context, not proof.",Basin-fill density boundary or volcanic lithologic contact; gravity and modelled cover may not be independent.,Compare both sides in official high-resolution terrain/geologic mapping and field offset observations. A continuous unfaulted contact would weaken the fault interpretation.,"Unverified candidate; no slip, permeability, temperature or geothermal resource established."
CTD5-A-00237,1,0,564.0,519.0,295300.0,4452100.0,0.96307,0.6053,269.939,0.00054091,15.9615,"Geophysical donor high and surface receiver abstains. A buried structural boundary is one hypothesis; native cover/gradient/slope measurements above are context, not proof.",Basin-fill density boundary or volcanic lithologic contact; gravity and modelled cover may not be independent.,Compare both sides in official high-resolution terrain/geologic mapping and field offset observations. A continuous unfaulted contact would weaken the fault interpretation.,"Unverified candidate; no slip, permeability, temperature or geothermal resource established."
CTD5-A-00238,1,1,564.0,538.0,297200.0,4452100.0,0.97187,0.55743,245.0539,0.00029656,3.9202,"Geophysical donor high and surface receiver abstains. A buried structural boundary is one hypothesis; native cover/gradient/slope measurements above are context, not proof.",Basin-fill density boundary or volcanic lithologic contact; gravity and modelled cover may not be independent.,Compare both sides in official high-resolution terrain/geologic mapping and field offset observations. A continuous unfaulted contact would weaken the fault interpretation.,"Unverified candidate; no slip, permeability, temperature or geothermal resource established."
CTD5-A-00239,10,3,568.6,318.6,275260.0,4451640.0,0.96251,0.45515,197.3121,0.00029805,0.6147,"Geophysical donor high and surface receiver abstains. A buried structural boundary is one hypothesis; native cover/gradient/slope measurements above are context, not proof.",Basin-fill density boundary or volcanic lithologic contact; gravity and modelled cover may not be independent.,Compare both sides in official high-resolution terrain/geologic mapping and field offset observations. A continuous unfaulted contact would weaken the fault interpretation.,"Unverified candidate; no slip, permeability, temperature or geothermal resource established."
CTD5-A-00240,1,0,568.0,329.0,276300.0,4451700.0,0.96067,0.35603,202.6865,0.00039751,0.5759,"Geophysical donor high and surface receiver abstains. A buried structural boundary is one hypothesis; native cover/gradient/slope measurements above are context, not proof.",Basin-fill density boundary or volcanic lithologic contact; gravity and modelled cover may not be independent.,Compare both sides in official high-resolution terrain/geologic mapping and field offset observations. A continuous unfaulted contact would weaken the fault interpretation.,"Unverified candidate; no slip, permeability, temperature or geothermal resource established."
CTD5-A-00241,2,1,570.5,431.0,286500.0,4451450.0,0.9573,0.54427,16.7649,0.00057447,31.8616,"Geophysical donor high and surface receiver abstains. A buried structural boundary is one hypothesis; native cover/gradient/slope measurements above are context, not proof.",Basin-fill density boundary or volcanic lithologic contact; gravity and modelled cover may not be independent.,Compare both sides in official high-resolution terrain/geologic mapping and field offset observations. A continuous unfaulted contact would weaken the fault interpretation.,"Unverified candidate; no slip, permeability, temperature or geothermal resource established."
CTD5-A-00242,1,1,570.0,441.0,287500.0,4451500.0,0.96227,0.42793,18.1615,0.0007528,35.531,"Geophysical donor high and surface receiver abstains. A buried structural boundary is one hypothesis; native cover/gradient/slope measurements above are context, not proof.",Basin-fill density boundary or volcanic lithologic contact; gravity and modelled cover may not be independent.,Compare both sides in official high-resolution terrain/geologic mapping and field offset observations. A continuous unfaulted contact would weaken the fault interpretation.,"Unverified candidate; no slip, permeability, temperature or geothermal resource established."
CTD5-A-00243,1,0,572.0,420.0,285400.0,4451300.0,0.95883,0.63753,21.0044,0.00042602,0.7419,"Geophysical donor high and surface receiver abstains. A buried structural boundary is one hypothesis; native cover/gradient/slope measurements above are context, not proof.",Basin-fill density boundary or volcanic lithologic contact; gravity and modelled cover may not be independent.,Compare both sides in official high-resolution terrain/geologic mapping and field offset observations. A continuous unfaulted contact would weaken the fault interpretation.,"Unverified candidate; no slip, permeability, temperature or geothermal resource established."
CTD5-A-00244,3,1,573.667,310.333,274433.3,4451133.3,0.95621,0.48987,211.5054,0.00068246,0.499,"Geophysical donor high and surface receiver abstains. A buried structural boundary is one hypothesis; native cover/gradient/slope measurements above are context, not proof.",Basin-fill density boundary or volcanic lithologic contact; gravity and modelled cover may not be independent.,Compare both sides in official high-resolution terrain/geologic mapping and field offset observations. A continuous unfaulted contact would weaken the fault interpretation.,"Unverified candidate; no slip, permeability, temperature or geothermal resource established."
CTD5-A-00245,1,1,573.0,432.0,286600.0,4451200.0,0.96573,0.4116,20.6422,0.00055802,35.6812,"Geophysical donor high and surface receiver abstains. A buried structural boundary is one hypothesis; native cover/gradient/slope measurements above are context, not proof.",Basin-fill density boundary or volcanic lithologic contact; gravity and modelled cover may not be independent.,Compare both sides in official high-resolution terrain/geologic mapping and field offset observations. A continuous unfaulted contact would weaken the fault interpretation.,"Unverified candidate; no slip, permeability, temperature or geothermal resource established."
CTD5-A-00246,3,1,578.0,418.0,285200.0,4450700.0,0.9634,0.39226,32.2,0.00033247,0.1216,"Geophysical donor high and surface receiver abstains. A buried structural boundary is one hypothesis; native cover/gradient/slope measurements above are context, not proof.",Basin-fill density boundary or volcanic lithologic contact; gravity and modelled cover may not be independent.,Compare both sides in official high-resolution terrain/geologic mapping and field offset observations. A continuous unfaulted contact would weaken the fault interpretation.,"Unverified candidate; no slip, permeability, temperature or geothermal resource established."
CTD5-A-00247,1,1,577.0,514.0,294800.0,4450800.0,0.95577,0.49537,214.0867,0.00069356,17.5619,"Geophysical donor high and surface receiver abstains. A buried structural boundary is one hypothesis; native cover/gradient/slope measurements above are context, not proof.",Basin-fill density boundary or volcanic lithologic contact; gravity and modelled cover may not be independent.,Compare both sides in official high-resolution terrain/geologic mapping and field offset observations. A continuous unfaulted contact would weaken the fault interpretation.,"Unverified candidate; no slip, permeability, temperature or geothermal resource established."
CTD5-A-00248,1,1,578.0,432.0,286600.0,4450700.0,0.95957,0.44107,28.3497,0.00052048,32.1262,"Geophysical donor high and surface receiver abstains. A buried structural boundary is one hypothesis; native cover/gradient/slope measurements above are context, not proof.",Basin-fill density boundary or volcanic lithologic contact; gravity and modelled cover may not be independent.,Compare both sides in official high-resolution terrain/geologic mapping and field offset observations. A continuous unfaulted contact would weaken the fault interpretation.,"Unverified candidate; no slip, permeability, temperature or geothermal resource established."
CTD5-A-00249,31,3,581.806,516.806,295080.6,4450319.4,0.95886,0.46354,195.8804,0.00053415,14.5181,"Geophysical donor high and surface receiver abstains. A buried structural boundary is one hypothesis; native cover/gradient/slope measurements above are context, not proof.",Basin-fill density boundary or volcanic lithologic contact; gravity and modelled cover may not be independent.,Compare both sides in official high-resolution terrain/geologic mapping and field offset observations. A continuous unfaulted contact would weaken the fault interpretation.,"Unverified candidate; no slip, permeability, temperature or geothermal resource established."
CTD5-A-00250,1,1,579.0,440.0,287400.0,4450600.0,0.97193,0.41083,33.1517,0.00070851,29.7141,"Geophysical donor high and surface receiver abstains. A buried structural boundary is one hypothesis; native cover/gradient/slope measurements above are context, not proof.",Basin-fill density boundary or volcanic lithologic contact; gravity and modelled cover may not be independent.,Compare both sides in official high-resolution terrain/geologic mapping and field offset observations. A continuous unfaulted contact would weaken the fault interpretation.,"Unverified candidate; no slip, permeability, temperature or geothermal resource established."
CTD5-A-00251,1,0,579.0,513.0,294700.0,4450600.0,0.9522,0.46173,205.5652,0.00074091,22.1973,"Geophysical donor high and surface receiver abstains. A buried structural boundary is one hypothesis; native cover/gradient/slope measurements above are context, not proof.",Basin-fill density boundary or volcanic lithologic contact; gravity and modelled cover may not be independent.,Compare both sides in official high-resolution terrain/geologic mapping and field offset observations. A continuous unfaulted contact would weaken the fault interpretation.,"Unverified candidate; no slip, permeability, temperature or geothermal resource established."
CTD5-A-00252,10,1,583.4,419.6,285360.0,4450160.0,0.98105,0.47601,45.6354,0.00022013,0.0975,"Geophysical donor high and surface receiver abstains. A buried structural boundary is one hypothesis; native cover/gradient/slope measurements above are context, not proof.",Basin-fill density boundary or volcanic lithologic contact; gravity and modelled cover may not be independent.,Compare both sides in official high-resolution terrain/geologic mapping and field offset observations. A continuous unfaulted contact would weaken the fault interpretation.,"Unverified candidate; no slip, permeability, temperature or geothermal resource established."
CTD5-A-00253,2,1,581.5,432.0,286600.0,4450350.0,0.9684,0.5542,36.801,0.00049275,30.3017,"Geophysical donor high and surface receiver abstains. A buried structural boundary is one hypothesis; native cover/gradient/slope measurements above are context, not proof.",Basin-fill density boundary or volcanic lithologic contact; gravity and modelled cover may not be independent.,Compare both sides in official high-resolution terrain/geologic mapping and field offset observations. A continuous unfaulted contact would weaken the fault interpretation.,"Unverified candidate; no slip, permeability, temperature or geothermal resource established."
CTD5-A-00254,3,1,584.0,439.0,287300.0,4450100.0,0.97136,0.43829,47.8134,0.00069025,22.8374,"Geophysical donor high and surface receiver abstains. A buried structural boundary is one hypothesis; native cover/gradient/slope measurements above are context, not proof.",Basin-fill density boundary or volcanic lithologic contact; gravity and modelled cover may not be independent.,Compare both sides in official high-resolution terrain/geologic mapping and field offset observations. A continuous unfaulted contact would weaken the fault interpretation.,"Unverified candidate; no slip, permeability, temperature or geothermal resource established."
CTD5-A-00255,2,0,585.5,514.0,294800.0,4449950.0,0.9537,0.37452,183.8105,0.00071498,23.0472,"Geophysical donor high and surface receiver abstains. A buried structural boundary is one hypothesis; native cover/gradient/slope measurements above are context, not proof.",Basin-fill density boundary or volcanic lithologic contact; gravity and modelled cover may not be independent.,Compare both sides in official high-resolution terrain/geologic mapping and field offset observations. A continuous unfaulted contact would weaken the fault interpretation.,"Unverified candidate; no slip, permeability, temperature or geothermal resource established."
CTD5-A-00256,1,1,586.0,512.0,294600.0,4449900.0,0.95903,0.4405,182.1788,0.00080352,14.2827,"Geophysical donor high and surface receiver abstains. A buried structural boundary is one hypothesis; native cover/gradient/slope measurements above are context, not proof.",Basin-fill density boundary or volcanic lithologic contact; gravity and modelled cover may not be independent.,Compare both sides in official high-resolution terrain/geologic mapping and field offset observations. A continuous unfaulted contact would weaken the fault interpretation.,"Unverified candidate; no slip, permeability, temperature or geothermal resource established."
CTD5-A-00257,6,2,589.5,420.333,285433.3,4449550.0,0.96312,0.55847,63.8211,0.0001215,0.0994,"Geophysical donor high and surface receiver abstains. A buried structural boundary is one hypothesis; native cover/gradient/slope measurements above are context, not proof.",Basin-fill density boundary or volcanic lithologic contact; gravity and modelled cover may not be independent.,Compare both sides in official high-resolution terrain/geologic mapping and field offset observations. A continuous unfaulted contact would weaken the fault interpretation.,"Unverified candidate; no slip, permeability, temperature or geothermal resource established."
CTD5-A-00258,1,1,587.0,438.0,287200.0,4449800.0,0.97387,0.4968,56.3659,0.00067313,23.1763,"Geophysical donor high and surface receiver abstains. A buried structural boundary is one hypothesis; native cover/gradient/slope measurements above are context, not proof.",Basin-fill density boundary or volcanic lithologic contact; gravity and modelled cover may not be independent.,Compare both sides in official high-resolution terrain/geologic mapping and field offset observations. A continuous unfaulted contact would weaken the fault interpretation.,"Unverified candidate; no slip, permeability, temperature or geothermal resource established."
CTD5-A-00259,1,0,589.0,438.0,287200.0,4449600.0,0.97143,0.54917,62.6562,0.0006773,28.7134,"Geophysical donor high and surface receiver abstains. A buried structural boundary is one hypothesis; native cover/gradient/slope measurements above are context, not proof.",Basin-fill density boundary or volcanic lithologic contact; gravity and modelled cover may not be independent.,Compare both sides in official high-resolution terrain/geologic mapping and field offset observations. A continuous unfaulted contact would weaken the fault interpretation.,"Unverified candidate; no slip, permeability, temperature or geothermal resource established."
CTD5-A-00260,101,15,604.188,442.98,287698.0,4448081.2,0.9623,0.48761,123.9657,0.00094152,24.6998,"Geophysical donor high and surface receiver abstains. A buried structural boundary is one hypothesis; native cover/gradient/slope measurements above are context, not proof.",Basin-fill density boundary or volcanic lithologic contact; gravity and modelled cover may not be independent.,Compare both sides in official high-resolution terrain/geologic mapping and field offset observations. A continuous unfaulted contact would weaken the fault interpretation.,"Unverified candidate; no slip, permeability, temperature or geothermal resource established."
CTD5-A-00261,15,3,602.2,419.867,285386.7,4448280.0,0.95601,0.51697,107.8146,0.00017109,0.0991,"Geophysical donor high and surface receiver abstains. A buried structural boundary is one hypothesis; native cover/gradient/slope measurements above are context, not proof.",Basin-fill density boundary or volcanic lithologic contact; gravity and modelled cover may not be independent.,Compare both sides in official high-resolution terrain/geologic mapping and field offset observations. A continuous unfaulted contact would weaken the fault interpretation.,"Unverified candidate; no slip, permeability, temperature or geothermal resource established."
CTD5-A-00262,13,2,599.923,607.615,304161.5,4448507.7,0.95403,0.50138,39.6998,0.00057777,0.2624,"Geophysical donor high and surface receiver abstains. A buried structural boundary is one hypothesis; native cover/gradient/slope measurements above are context, not proof.",Basin-fill density boundary or volcanic lithologic contact; gravity and modelled cover may not be independent.,Compare both sides in official high-resolution terrain/geologic mapping and field offset observations. A continuous unfaulted contact would weaken the fault interpretation.,"Unverified candidate; no slip, permeability, temperature or geothermal resource established."
CTD5-A-00263,1,0,618.0,438.0,287200.0,4446700.0,0.95107,0.43723,150.5686,0.00106405,43.0048,"Geophysical donor high and surface receiver abstains. A buried structural boundary is one hypothesis; native cover/gradient/slope measurements above are context, not proof.",Basin-fill density boundary or volcanic lithologic contact; gravity and modelled cover may not be independent.,Compare both sides in official high-resolution terrain/geologic mapping and field offset observations. A continuous unfaulted contact would weaken the fault interpretation.,"Unverified candidate; no slip, permeability, temperature or geothermal resource established."
CTD5-A-00264,1,1,620.0,439.0,287300.0,4446500.0,0.95107,0.53857,154.5611,0.00114208,28.0701,"Geophysical donor high and surface receiver abstains. A buried structural boundary is one hypothesis; native cover/gradient/slope measurements above are context, not proof.",Basin-fill density boundary or volcanic lithologic contact; gravity and modelled cover may not be independent.,Compare both sides in official high-resolution terrain/geologic mapping and field offset observations. A continuous unfaulted contact would weaken the fault interpretation.,"Unverified candidate; no slip, permeability, temperature or geothermal resource established."
CTD5-A-00265,1,1,678.0,448.0,288200.0,4440700.0,0.95027,0.51727,34.5154,0.00308923,26.7521,"Geophysical donor high and surface receiver abstains. A buried structural boundary is one hypothesis; native cover/gradient/slope measurements above are context, not proof.",Basin-fill density boundary or volcanic lithologic contact; gravity and modelled cover may not be independent.,Compare both sides in official high-resolution terrain/geologic mapping and field offset observations. A continuous unfaulted contact would weaken the fault interpretation.,"Unverified candidate; no slip, permeability, temperature or geothermal resource established."
CTD5-A-00266,1,0,679.0,455.0,288900.0,4440600.0,0.95037,0.6253,57.9879,0.00346268,28.851,"Geophysical donor high and surface receiver abstains. A buried structural boundary is one hypothesis; native cover/gradient/slope measurements above are context, not proof.",Basin-fill density boundary or volcanic lithologic contact; gravity and modelled cover may not be independent.,Compare both sides in official high-resolution terrain/geologic mapping and field offset observations. A continuous unfaulted contact would weaken the fault interpretation.,"Unverified candidate; no slip, permeability, temperature or geothermal resource established."
CTD5-A-00267,1,0,686.0,454.0,288800.0,4439900.0,0.95957,0.3535,35.2315,0.00301548,29.8223,"Geophysical donor high and surface receiver abstains. A buried structural boundary is one hypothesis; native cover/gradient/slope measurements above are context, not proof.",Basin-fill density boundary or volcanic lithologic contact; gravity and modelled cover may not be independent.,Compare both sides in official high-resolution terrain/geologic mapping and field offset observations. A continuous unfaulted contact would weaken the fault interpretation.,"Unverified candidate; no slip, permeability, temperature or geothermal resource established."
CTD5-A-00268,1,0,713.0,1018.0,345200.0,4437200.0,0.95103,0.60923,254.9748,0.00585761,2.0565,"Geophysical donor high and surface receiver abstains. A buried structural boundary is one hypothesis; native cover/gradient/slope measurements above are context, not proof.",Basin-fill density boundary or volcanic lithologic contact; gravity and modelled cover may not be independent.,Compare both sides in official high-resolution terrain/geologic mapping and field offset observations. A continuous unfaulted contact would weaken the fault interpretation.,"Unverified candidate; no slip, permeability, temperature or geothermal resource established."
CTD5-A-00269,2,1,713.5,1020.0,345400.0,4437150.0,0.95317,0.48705,212.064,0.00523709,2.2277,"Geophysical donor high and surface receiver abstains. A buried structural boundary is one hypothesis; native cover/gradient/slope measurements above are context, not proof.",Basin-fill density boundary or volcanic lithologic contact; gravity and modelled cover may not be independent.,Compare both sides in official high-resolution terrain/geologic mapping and field offset observations. A continuous unfaulted contact would weaken the fault interpretation.,"Unverified candidate; no slip, permeability, temperature or geothermal resource established."
CTD5-A-00270,19,3,734.526,1342.947,377694.7,4435047.4,0.96165,0.52937,254.3431,0.00463983,0.8176,"Geophysical donor high and surface receiver abstains. A buried structural boundary is one hypothesis; native cover/gradient/slope measurements above are context, not proof.",Basin-fill density boundary or volcanic lithologic contact; gravity and modelled cover may not be independent.,Compare both sides in official high-resolution terrain/geologic mapping and field offset observations. A continuous unfaulted contact would weaken the fault interpretation.,"Unverified candidate; no slip, permeability, temperature or geothermal resource established."
CTD5-A-00271,14,3,744.286,1346.357,378035.7,4434071.4,0.97744,0.59839,86.9548,0.00380564,7.3011,"Geophysical donor high and surface receiver abstains. A buried structural boundary is one hypothesis; native cover/gradient/slope measurements above are context, not proof.",Basin-fill density boundary or volcanic lithologic contact; gravity and modelled cover may not be independent.,Compare both sides in official high-resolution terrain/geologic mapping and field offset observations. A continuous unfaulted contact would weaken the fault interpretation.,"Unverified candidate; no slip, permeability, temperature or geothermal resource established."
CTD5-A-00272,1,1,751.0,1345.0,377900.0,4433400.0,0.96647,0.5968,42.3809,0.00363888,32.5392,"Geophysical donor high and surface receiver abstains. A buried structural boundary is one hypothesis; native cover/gradient/slope measurements above are context, not proof.",Basin-fill density boundary or volcanic lithologic contact; gravity and modelled cover may not be independent.,Compare both sides in official high-resolution terrain/geologic mapping and field offset observations. A continuous unfaulted contact would weaken the fault interpretation.,"Unverified candidate; no slip, permeability, temperature or geothermal resource established."
CTD5-A-00273,3,1,752.667,1342.0,377600.0,4433233.3,0.95464,0.57271,52.6582,0.00389951,23.7193,"Geophysical donor high and surface receiver abstains. A buried structural boundary is one hypothesis; native cover/gradient/slope measurements above are context, not proof.",Basin-fill density boundary or volcanic lithologic contact; gravity and modelled cover may not be independent.,Compare both sides in official high-resolution terrain/geologic mapping and field offset observations. A continuous unfaulted contact would weaken the fault interpretation.,"Unverified candidate; no slip, permeability, temperature or geothermal resource established."
CTD5-A-00274,818,87,784.535,1539.276,397327.6,4430046.5,0.97117,0.45209,160.8843,0.00656547,0.5678,"Geophysical donor high and surface receiver abstains. A buried structural boundary is one hypothesis; native cover/gradient/slope measurements above are context, not proof.",Basin-fill density boundary or volcanic lithologic contact; gravity and modelled cover may not be independent.,Compare both sides in official high-resolution terrain/geologic mapping and field offset observations. A continuous unfaulted contact would weaken the fault interpretation.,"Unverified candidate; no slip, permeability, temperature or geothermal resource established."
CTD5-A-00275,2,1,755.0,1545.5,397950.0,4433000.0,0.9578,0.55308,285.3475,0.00388441,1.4087,"Geophysical donor high and surface receiver abstains. A buried structural boundary is one hypothesis; native cover/gradient/slope measurements above are context, not proof.",Basin-fill density boundary or volcanic lithologic contact; gravity and modelled cover may not be independent.,Compare both sides in official high-resolution terrain/geologic mapping and field offset observations. A continuous unfaulted contact would weaken the fault interpretation.,"Unverified candidate; no slip, permeability, temperature or geothermal resource established."
CTD5-A-00276,169,15,767.272,1313.479,374747.9,4431772.8,0.96449,0.54918,190.0896,0.00514315,2.2785,"Geophysical donor high and surface receiver abstains. A buried structural boundary is one hypothesis; native cover/gradient/slope measurements above are context, not proof.",Basin-fill density boundary or volcanic lithologic contact; gravity and modelled cover may not be independent.,Compare both sides in official high-resolution terrain/geologic mapping and field offset observations. A continuous unfaulted contact would weaken the fault interpretation.,"Unverified candidate; no slip, permeability, temperature or geothermal resource established."
CTD5-A-00277,8,1,766.25,1550.25,398425.0,4431875.0,0.95283,0.44918,164.1014,0.00374791,1.0795,"Geophysical donor high and surface receiver abstains. A buried structural boundary is one hypothesis; native cover/gradient/slope measurements above are context, not proof.",Basin-fill density boundary or volcanic lithologic contact; gravity and modelled cover may not be independent.,Compare both sides in official high-resolution terrain/geologic mapping and field offset observations. A continuous unfaulted contact would weaken the fault interpretation.,"Unverified candidate; no slip, permeability, temperature or geothermal resource established."
CTD5-A-00278,1,1,768.0,1315.0,374900.0,4431700.0,0.96383,0.52093,143.239,0.00465111,4.5622,"Geophysical donor high and surface receiver abstains. A buried structural boundary is one hypothesis; native cover/gradient/slope measurements above are context, not proof.",Basin-fill density boundary or volcanic lithologic contact; gravity and modelled cover may not be independent.,Compare both sides in official high-resolution terrain/geologic mapping and field offset observations. A continuous unfaulted contact would weaken the fault interpretation.,"Unverified candidate; no slip, permeability, temperature or geothermal resource established."
CTD5-A-00279,5,1,771.2,994.6,342860.0,4431380.0,0.95523,0.52445,249.6969,0.00390454,2.2586,"Geophysical donor high and surface receiver abstains. A buried structural boundary is one hypothesis; native cover/gradient/slope measurements above are context, not proof.",Basin-fill density boundary or volcanic lithologic contact; gravity and modelled cover may not be independent.,Compare both sides in official high-resolution terrain/geologic mapping and field offset observations. A continuous unfaulted contact would weaken the fault interpretation.,"Unverified candidate; no slip, permeability, temperature or geothermal resource established."
CTD5-A-00280,2,1,770.5,1304.0,373800.0,4431450.0,0.9568,0.60188,239.8419,0.00584533,2.6612,"Geophysical donor high and surface receiver abstains. A buried structural boundary is one hypothesis; native cover/gradient/slope measurements above are context, not proof.",Basin-fill density boundary or volcanic lithologic contact; gravity and modelled cover may not be independent.,Compare both sides in official high-resolution terrain/geologic mapping and field offset observations. A continuous unfaulted contact would weaken the fault interpretation.,"Unverified candidate; no slip, permeability, temperature or geothermal resource established."
CTD5-A-00281,25,4,779.24,1304.44,373844.0,4430576.0,0.96426,0.54291,144.9398,0.00477744,3.8717,"Geophysical donor high and surface receiver abstains. A buried structural boundary is one hypothesis; native cover/gradient/slope measurements above are context, not proof.",Basin-fill density boundary or volcanic lithologic contact; gravity and modelled cover may not be independent.,Compare both sides in official high-resolution terrain/geologic mapping and field offset observations. A continuous unfaulted contact would weaken the fault interpretation.,"Unverified candidate; no slip, permeability, temperature or geothermal resource established."
CTD5-A-00282,30,6,786.067,577.3,301130.0,4429893.3,0.95876,0.47282,399.7289,0.00548812,0.7573,"Geophysical donor high and surface receiver abstains. A buried structural boundary is one hypothesis; native cover/gradient/slope measurements above are context, not proof.",Basin-fill density boundary or volcanic lithologic contact; gravity and modelled cover may not be independent.,Compare both sides in official high-resolution terrain/geologic mapping and field offset observations. A continuous unfaulted contact would weaken the fault interpretation.,"Unverified candidate; no slip, permeability, temperature or geothermal resource established."
CTD5-A-00283,1,0,781.0,575.0,300900.0,4430400.0,0.95087,0.36297,405.9684,0.00468617,0.6104,"Geophysical donor high and surface receiver abstains. A buried structural boundary is one hypothesis; native cover/gradient/slope measurements above are context, not proof.",Basin-fill density boundary or volcanic lithologic contact; gravity and modelled cover may not be independent.,Compare both sides in official high-resolution terrain/geologic mapping and field offset observations. A continuous unfaulted contact would weaken the fault interpretation.,"Unverified candidate; no slip, permeability, temperature or geothermal resource established."
CTD5-A-00284,3,1,781.333,577.333,301133.3,4430366.7,0.96471,0.46771,378.9992,0.00561327,0.9234,"Geophysical donor high and surface receiver abstains. A buried structural boundary is one hypothesis; native cover/gradient/slope measurements above are context, not proof.",Basin-fill density boundary or volcanic lithologic contact; gravity and modelled cover may not be independent.,Compare both sides in official high-resolution terrain/geologic mapping and field offset observations. A continuous unfaulted contact would weaken the fault interpretation.,"Unverified candidate; no slip, permeability, temperature or geothermal resource established."
CTD5-A-00285,2,1,787.5,583.0,301700.0,4429750.0,0.9608,0.36912,340.8639,0.00648951,1.2483,"Geophysical donor high and surface receiver abstains. A buried structural boundary is one hypothesis; native cover/gradient/slope measurements above are context, not proof.",Basin-fill density boundary or volcanic lithologic contact; gravity and modelled cover may not be independent.,Compare both sides in official high-resolution terrain/geologic mapping and field offset observations. A continuous unfaulted contact would weaken the fault interpretation.,"Unverified candidate; no slip, permeability, temperature or geothermal resource established."
CTD5-A-00286,13,2,792.231,294.462,272846.2,4429276.9,0.97024,0.43325,29.9745,0.00288853,23.3166,"Geophysical donor high and surface receiver abstains. A buried structural boundary is one hypothesis; native cover/gradient/slope measurements above are context, not proof.",Basin-fill density boundary or volcanic lithologic contact; gravity and modelled cover may not be independent.,Compare both sides in official high-resolution terrain/geologic mapping and field offset observations. A continuous unfaulted contact would weaken the fault interpretation.,"Unverified candidate; no slip, permeability, temperature or geothermal resource established."
CTD5-A-00287,2,1,792.5,306.0,274000.0,4429250.0,0.9559,0.41077,27.7651,0.00344318,23.1441,"Geophysical donor high and surface receiver abstains. A buried structural boundary is one hypothesis; native cover/gradient/slope measurements above are context, not proof.",Basin-fill density boundary or volcanic lithologic contact; gravity and modelled cover may not be independent.,Compare both sides in official high-resolution terrain/geologic mapping and field offset observations. A continuous unfaulted contact would weaken the fault interpretation.,"Unverified candidate; no slip, permeability, temperature or geothermal resource established."
CTD5-A-00288,4,1,795.25,301.0,273500.0,4428975.0,0.97291,0.46037,28.0174,0.00332852,23.3277,"Geophysical donor high and surface receiver abstains. A buried structural boundary is one hypothesis; native cover/gradient/slope measurements above are context, not proof.",Basin-fill density boundary or volcanic lithologic contact; gravity and modelled cover may not be independent.,Compare both sides in official high-resolution terrain/geologic mapping and field offset observations. A continuous unfaulted contact would weaken the fault interpretation.,"Unverified candidate; no slip, permeability, temperature or geothermal resource established."
CTD5-A-00289,2,1,796.5,575.0,300900.0,4428850.0,0.95703,0.43045,468.5012,0.00484255,0.6722,"Geophysical donor high and surface receiver abstains. A buried structural boundary is one hypothesis; native cover/gradient/slope measurements above are context, not proof.",Basin-fill density boundary or volcanic lithologic contact; gravity and modelled cover may not be independent.,Compare both sides in official high-resolution terrain/geologic mapping and field offset observations. A continuous unfaulted contact would weaken the fault interpretation.,"Unverified candidate; no slip, permeability, temperature or geothermal resource established."
CTD5-A-00290,1,0,798.0,296.0,273000.0,4428700.0,0.98893,0.3637,31.6872,0.00323386,17.385,"Geophysical donor high and surface receiver abstains. A buried structural boundary is one hypothesis; native cover/gradient/slope measurements above are context, not proof.",Basin-fill density boundary or volcanic lithologic contact; gravity and modelled cover may not be independent.,Compare both sides in official high-resolution terrain/geologic mapping and field offset observations. A continuous unfaulted contact would weaken the fault interpretation.,"Unverified candidate; no slip, permeability, temperature or geothermal resource established."
CTD5-A-00291,1,1,798.0,581.0,301500.0,4428700.0,0.9748,0.4438,406.3848,0.00565841,0.731,"Geophysical donor high and surface receiver abstains. A buried structural boundary is one hypothesis; native cover/gradient/slope measurements above are context, not proof.",Basin-fill density boundary or volcanic lithologic contact; gravity and modelled cover may not be independent.,Compare both sides in official high-resolution terrain/geologic mapping and field offset observations. A continuous unfaulted contact would weaken the fault interpretation.,"Unverified candidate; no slip, permeability, temperature or geothermal resource established."
CTD5-A-00292,1,1,799.0,604.0,303800.0,4428600.0,0.9543,0.5099,175.5651,0.00525551,2.5507,"Geophysical donor high and surface receiver abstains. A buried structural boundary is one hypothesis; native cover/gradient/slope measurements above are context, not proof.",Basin-fill density boundary or volcanic lithologic contact; gravity and modelled cover may not be independent.,Compare both sides in official high-resolution terrain/geologic mapping and field offset observations. A continuous unfaulted contact would weaken the fault interpretation.,"Unverified candidate; no slip, permeability, temperature or geothermal resource established."
CTD5-A-00293,79,12,806.924,301.354,273535.4,4427807.6,0.98039,0.4711,31.5519,0.00316805,23.0147,"Geophysical donor high and surface receiver abstains. A buried structural boundary is one hypothesis; native cover/gradient/slope measurements above are context, not proof.",Basin-fill density boundary or volcanic lithologic contact; gravity and modelled cover may not be independent.,Compare both sides in official high-resolution terrain/geologic mapping and field offset observations. A continuous unfaulted contact would weaken the fault interpretation.,"Unverified candidate; no slip, permeability, temperature or geothermal resource established."
CTD5-A-00294,1,1,800.0,575.0,300900.0,4428500.0,0.9556,0.48457,480.2669,0.00500883,0.656,"Geophysical donor high and surface receiver abstains. A buried structural boundary is one hypothesis; native cover/gradient/slope measurements above are context, not proof.",Basin-fill density boundary or volcanic lithologic contact; gravity and modelled cover may not be independent.,Compare both sides in official high-resolution terrain/geologic mapping and field offset observations. A continuous unfaulted contact would weaken the fault interpretation.,"Unverified candidate; no slip, permeability, temperature or geothermal resource established."
CTD5-A-00295,1,1,801.0,581.0,301500.0,4428400.0,0.9748,0.40337,416.0031,0.00564965,0.6749,"Geophysical donor high and surface receiver abstains. A buried structural boundary is one hypothesis; native cover/gradient/slope measurements above are context, not proof.",Basin-fill density boundary or volcanic lithologic contact; gravity and modelled cover may not be independent.,Compare both sides in official high-resolution terrain/geologic mapping and field offset observations. A continuous unfaulted contact would weaken the fault interpretation.,"Unverified candidate; no slip, permeability, temperature or geothermal resource established."
CTD5-A-00296,2,1,802.0,293.5,272750.0,4428300.0,0.9891,0.36482,34.823,0.0032305,28.6216,"Geophysical donor high and surface receiver abstains. A buried structural boundary is one hypothesis; native cover/gradient/slope measurements above are context, not proof.",Basin-fill density boundary or volcanic lithologic contact; gravity and modelled cover may not be independent.,Compare both sides in official high-resolution terrain/geologic mapping and field offset observations. A continuous unfaulted contact would weaken the fault interpretation.,"Unverified candidate; no slip, permeability, temperature or geothermal resource established."
CTD5-A-00297,2,0,802.0,1549.5,398350.0,4428300.0,0.95057,0.40877,87.4893,0.00396086,0.5871,"Geophysical donor high and surface receiver abstains. A buried structural boundary is one hypothesis; native cover/gradient/slope measurements above are context, not proof.",Basin-fill density boundary or volcanic lithologic contact; gravity and modelled cover may not be independent.,Compare both sides in official high-resolution terrain/geologic mapping and field offset observations. A continuous unfaulted contact would weaken the fault interpretation.,"Unverified candidate; no slip, permeability, temperature or geothermal resource established."
CTD5-A-00298,9,2,805.0,577.111,301111.1,4428000.0,0.96907,0.49508,470.1927,0.00534912,0.6729,"Geophysical donor high and surface receiver abstains. A buried structural boundary is one hypothesis; native cover/gradient/slope measurements above are context, not proof.",Basin-fill density boundary or volcanic lithologic contact; gravity and modelled cover may not be independent.,Compare both sides in official high-resolution terrain/geologic mapping and field offset observations. A continuous unfaulted contact would weaken the fault interpretation.,"Unverified candidate; no slip, permeability, temperature or geothermal resource established."
CTD5-A-00299,5,1,805.2,581.8,301580.0,4427980.0,0.97359,0.49076,421.1111,0.00562093,0.8462,"Geophysical donor high and surface receiver abstains. A buried structural boundary is one hypothesis; native cover/gradient/slope measurements above are context, not proof.",Basin-fill density boundary or volcanic lithologic contact; gravity and modelled cover may not be independent.,Compare both sides in official high-resolution terrain/geologic mapping and field offset observations. A continuous unfaulted contact would weaken the fault interpretation.,"Unverified candidate; no slip, permeability, temperature or geothermal resource established."
CTD5-A-00300,3,1,808.333,581.667,301566.7,4427666.7,0.95826,0.50889,430.586,0.00565446,0.7222,"Geophysical donor high and surface receiver abstains. A buried structural boundary is one hypothesis; native cover/gradient/slope measurements above are context, not proof.",Basin-fill density boundary or volcanic lithologic contact; gravity and modelled cover may not be independent.,Compare both sides in official high-resolution terrain/geologic mapping and field offset observations. A continuous unfaulted contact would weaken the fault interpretation.,"Unverified candidate; no slip, permeability, temperature or geothermal resource established."
CTD5-A-00301,1,1,809.0,578.0,301200.0,4427600.0,0.95973,0.5005,467.9553,0.00552981,0.5494,"Geophysical donor high and surface receiver abstains. A buried structural boundary is one hypothesis; native cover/gradient/slope measurements above are context, not proof.",Basin-fill density boundary or volcanic lithologic contact; gravity and modelled cover may not be independent.,Compare both sides in official high-resolution terrain/geologic mapping and field offset observations. A continuous unfaulted contact would weaken the fault interpretation.,"Unverified candidate; no slip, permeability, temperature or geothermal resource established."
CTD5-A-00302,1,0,809.0,584.0,301800.0,4427600.0,0.955,0.4428,406.8279,0.00567885,1.0225,"Geophysical donor high and surface receiver abstains. A buried structural boundary is one hypothesis; native cover/gradient/slope measurements above are context, not proof.",Basin-fill density boundary or volcanic lithologic contact; gravity and modelled cover may not be independent.,Compare both sides in official high-resolution terrain/geologic mapping and field offset observations. A continuous unfaulted contact would weaken the fault interpretation.,"Unverified candidate; no slip, permeability, temperature or geothermal resource established."
CTD5-A-00303,2,0,809.5,604.0,303800.0,4427550.0,0.9553,0.48552,207.1804,0.00547434,1.1572,"Geophysical donor high and surface receiver abstains. A buried structural boundary is one hypothesis; native cover/gradient/slope measurements above are context, not proof.",Basin-fill density boundary or volcanic lithologic contact; gravity and modelled cover may not be independent.,Compare both sides in official high-resolution terrain/geologic mapping and field offset observations. A continuous unfaulted contact would weaken the fault interpretation.,"Unverified candidate; no slip, permeability, temperature or geothermal resource established."
CTD5-A-00304,2,1,811.5,297.5,273150.0,4427350.0,0.97085,0.3742,34.8683,0.00306601,32.4546,"Geophysical donor high and surface receiver abstains. A buried structural boundary is one hypothesis; native cover/gradient/slope measurements above are context, not proof.",Basin-fill density boundary or volcanic lithologic contact; gravity and modelled cover may not be independent.,Compare both sides in official high-resolution terrain/geologic mapping and field offset observations. A continuous unfaulted contact would weaken the fault interpretation.,"Unverified candidate; no slip, permeability, temperature or geothermal resource established."
CTD5-A-00305,2,1,811.5,300.5,273450.0,4427350.0,0.98135,0.39492,33.3148,0.00305237,29.2763,"Geophysical donor high and surface receiver abstains. A buried structural boundary is one hypothesis; native cover/gradient/slope measurements above are context, not proof.",Basin-fill density boundary or volcanic lithologic contact; gravity and modelled cover may not be independent.,Compare both sides in official high-resolution terrain/geologic mapping and field offset observations. A continuous unfaulted contact would weaken the fault interpretation.,"Unverified candidate; no slip, permeability, temperature or geothermal resource established."
CTD5-A-00306,8,1,816.625,931.375,336537.5,4426837.5,0.9575,0.5427,227.2815,0.00378989,2.9899,"Geophysical donor high and surface receiver abstains. A buried structural boundary is one hypothesis; native cover/gradient/slope measurements above are context, not proof.",Basin-fill density boundary or volcanic lithologic contact; gravity and modelled cover may not be independent.,Compare both sides in official high-resolution terrain/geologic mapping and field offset observations. A continuous unfaulted contact would weaken the fault interpretation.,"Unverified candidate; no slip, permeability, temperature or geothermal resource established."
CTD5-A-00307,6,1,815.667,1543.667,397766.7,4426933.3,0.95671,0.49537,296.7247,0.00665572,0.5637,"Geophysical donor high and surface receiver abstains. A buried structural boundary is one hypothesis; native cover/gradient/slope measurements above are context, not proof.",Basin-fill density boundary or volcanic lithologic contact; gravity and modelled cover may not be independent.,Compare both sides in official high-resolution terrain/geologic mapping and field offset observations. A continuous unfaulted contact would weaken the fault interpretation.,"Unverified candidate; no slip, permeability, temperature or geothermal resource established."
CTD5-A-00308,1,1,817.0,765.0,319900.0,4426800.0,0.9536,0.49037,124.1712,0.00375038,5.6871,"Geophysical donor high and surface receiver abstains. A buried structural boundary is one hypothesis; native cover/gradient/slope measurements above are context, not proof.",Basin-fill density boundary or volcanic lithologic contact; gravity and modelled cover may not be independent.,Compare both sides in official high-resolution terrain/geologic mapping and field offset observations. A continuous unfaulted contact would weaken the fault interpretation.,"Unverified candidate; no slip, permeability, temperature or geothermal resource established."
CTD5-A-00309,3,1,820.333,615.667,304966.7,4426466.7,0.9537,0.6297,112.7059,0.00489934,2.813,"Geophysical donor high and surface receiver abstains. A buried structural boundary is one hypothesis; native cover/gradient/slope measurements above are context, not proof.",Basin-fill density boundary or volcanic lithologic contact; gravity and modelled cover may not be independent.,Compare both sides in official high-resolution terrain/geologic mapping and field offset observations. A continuous unfaulted contact would weaken the fault interpretation.,"Unverified candidate; no slip, permeability, temperature or geothermal resource established."
CTD5-A-00310,1,0,822.0,611.0,304500.0,4426300.0,0.9572,0.3504,149.3017,0.00568078,2.1447,"Geophysical donor high and surface receiver abstains. A buried structural boundary is one hypothesis; native cover/gradient/slope measurements above are context, not proof.",Basin-fill density boundary or volcanic lithologic contact; gravity and modelled cover may not be independent.,Compare both sides in official high-resolution terrain/geologic mapping and field offset observations. A continuous unfaulted contact would weaken the fault interpretation.,"Unverified candidate; no slip, permeability, temperature or geothermal resource established."
CTD5-A-00311,3,0,823.333,925.333,335933.3,4426166.7,0.95451,0.47818,178.9509,0.00430221,3.1252,"Geophysical donor high and surface receiver abstains. A buried structural boundary is one hypothesis; native cover/gradient/slope measurements above are context, not proof.",Basin-fill density boundary or volcanic lithologic contact; gravity and modelled cover may not be independent.,Compare both sides in official high-resolution terrain/geologic mapping and field offset observations. A continuous unfaulted contact would weaken the fault interpretation.,"Unverified candidate; no slip, permeability, temperature or geothermal resource established."
CTD5-A-00312,2,0,824.0,614.5,304850.0,4426100.0,0.95107,0.48938,118.4821,0.00504876,2.3076,"Geophysical donor high and surface receiver abstains. A buried structural boundary is one hypothesis; native cover/gradient/slope measurements above are context, not proof.",Basin-fill density boundary or volcanic lithologic contact; gravity and modelled cover may not be independent.,Compare both sides in official high-resolution terrain/geologic mapping and field offset observations. A continuous unfaulted contact would weaken the fault interpretation.,"Unverified candidate; no slip, permeability, temperature or geothermal resource established."
CTD5-A-00313,1,0,828.0,609.0,304300.0,4425700.0,0.9522,0.38863,157.0049,0.00540353,1.8351,"Geophysical donor high and surface receiver abstains. A buried structural boundary is one hypothesis; native cover/gradient/slope measurements above are context, not proof.",Basin-fill density boundary or volcanic lithologic contact; gravity and modelled cover may not be independent.,Compare both sides in official high-resolution terrain/geologic mapping and field offset observations. A continuous unfaulted contact would weaken the fault interpretation.,"Unverified candidate; no slip, permeability, temperature or geothermal resource established."
CTD5-A-00314,40,5,840.875,599.475,303347.5,4424412.5,0.97202,0.47614,176.6077,0.00495472,2.019,"Geophysical donor high and surface receiver abstains. A buried structural boundary is one hypothesis; native cover/gradient/slope measurements above are context, not proof.",Basin-fill density boundary or volcanic lithologic contact; gravity and modelled cover may not be independent.,Compare both sides in official high-resolution terrain/geologic mapping and field offset observations. A continuous unfaulted contact would weaken the fault interpretation.,"Unverified candidate; no slip, permeability, temperature or geothermal resource established."
CTD5-A-00315,73,11,845.356,1541.918,397591.8,4423964.4,0.9668,0.49152,497.5938,0.00498144,1.0884,"Geophysical donor high and surface receiver abstains. A buried structural boundary is one hypothesis; native cover/gradient/slope measurements above are context, not proof.",Basin-fill density boundary or volcanic lithologic contact; gravity and modelled cover may not be independent.,Compare both sides in official high-resolution terrain/geologic mapping and field offset observations. A continuous unfaulted contact would weaken the fault interpretation.,"Unverified candidate; no slip, permeability, temperature or geothermal resource established."
CTD5-A-00316,6,2,839.833,1548.833,398283.3,4424516.7,0.97873,0.52244,385.5168,0.0036721,1.6507,"Geophysical donor high and surface receiver abstains. A buried structural boundary is one hypothesis; native cover/gradient/slope measurements above are context, not proof.",Basin-fill density boundary or volcanic lithologic contact; gravity and modelled cover may not be independent.,Compare both sides in official high-resolution terrain/geologic mapping and field offset observations. A continuous unfaulted contact would weaken the fault interpretation.,"Unverified candidate; no slip, permeability, temperature or geothermal resource established."
CTD5-A-00317,69,9,846.188,590.072,302407.2,4423881.2,0.96757,0.45532,203.1552,0.00543118,1.7913,"Geophysical donor high and surface receiver abstains. A buried structural boundary is one hypothesis; native cover/gradient/slope measurements above are context, not proof.",Basin-fill density boundary or volcanic lithologic contact; gravity and modelled cover may not be independent.,Compare both sides in official high-resolution terrain/geologic mapping and field offset observations. A continuous unfaulted contact would weaken the fault interpretation.,"Unverified candidate; no slip, permeability, temperature or geothermal resource established."
CTD5-A-00318,1,1,841.0,1551.0,398500.0,4424400.0,0.9563,0.60323,344.7929,0.0032641,1.6549,"Geophysical donor high and surface receiver abstains. A buried structural boundary is one hypothesis; native cover/gradient/slope measurements above are context, not proof.",Basin-fill density boundary or volcanic lithologic contact; gravity and modelled cover may not be independent.,Compare both sides in official high-resolution terrain/geologic mapping and field offset observations. A continuous unfaulted contact would weaken the fault interpretation.,"Unverified candidate; no slip, permeability, temperature or geothermal resource established."
CTD5-A-00319,4,1,844.5,1549.0,398300.0,4424050.0,0.96335,0.52435,377.9606,0.00325647,1.2022,"Geophysical donor high and surface receiver abstains. A buried structural boundary is one hypothesis; native cover/gradient/slope measurements above are context, not proof.",Basin-fill density boundary or volcanic lithologic contact; gravity and modelled cover may not be independent.,Compare both sides in official high-resolution terrain/geologic mapping and field offset observations. A continuous unfaulted contact would weaken the fault interpretation.,"Unverified candidate; no slip, permeability, temperature or geothermal resource established."
CTD5-A-00320,1,0,845.0,1547.0,398100.0,4424000.0,0.97813,0.5728,412.1295,0.00363205,2.6124,"Geophysical donor high and surface receiver abstains. A buried structural boundary is one hypothesis; native cover/gradient/slope measurements above are context, not proof.",Basin-fill density boundary or volcanic lithologic contact; gravity and modelled cover may not be independent.,Compare both sides in official high-resolution terrain/geologic mapping and field offset observations. A continuous unfaulted contact would weaken the fault interpretation.,"Unverified candidate; no slip, permeability, temperature or geothermal resource established."
CTD5-A-00321,1,0,845.0,1551.0,398500.0,4424000.0,0.9609,0.58273,342.672,0.00294855,1.2027,"Geophysical donor high and surface receiver abstains. A buried structural boundary is one hypothesis; native cover/gradient/slope measurements above are context, not proof.",Basin-fill density boundary or volcanic lithologic contact; gravity and modelled cover may not be independent.,Compare both sides in official high-resolution terrain/geologic mapping and field offset observations. A continuous unfaulted contact would weaken the fault interpretation.,"Unverified candidate; no slip, permeability, temperature or geothermal resource established."
CTD5-A-00322,1,0,850.0,1545.0,397900.0,4423500.0,0.97227,0.59827,431.8083,0.00387084,1.0935,"Geophysical donor high and surface receiver abstains. A buried structural boundary is one hypothesis; native cover/gradient/slope measurements above are context, not proof.",Basin-fill density boundary or volcanic lithologic contact; gravity and modelled cover may not be independent.,Compare both sides in official high-resolution terrain/geologic mapping and field offset observations. A continuous unfaulted contact would weaken the fault interpretation.,"Unverified candidate; no slip, permeability, temperature or geothermal resource established."
CTD5-A-00323,1,0,854.0,580.0,301400.0,4423100.0,0.95723,0.56807,200.949,0.00628384,1.572,"Geophysical donor high and surface receiver abstains. A buried structural boundary is one hypothesis; native cover/gradient/slope measurements above are context, not proof.",Basin-fill density boundary or volcanic lithologic contact; gravity and modelled cover may not be independent.,Compare both sides in official high-resolution terrain/geologic mapping and field offset observations. A continuous unfaulted contact would weaken the fault interpretation.,"Unverified candidate; no slip, permeability, temperature or geothermal resource established."
CTD5-A-00324,16,2,860.875,568.562,300256.2,4422412.5,0.9628,0.44729,207.136,0.0057695,1.311,"Geophysical donor high and surface receiver abstains. A buried structural boundary is one hypothesis; native cover/gradient/slope measurements above are context, not proof.",Basin-fill density boundary or volcanic lithologic contact; gravity and modelled cover may not be independent.,Compare both sides in official high-resolution terrain/geologic mapping and field offset observations. A continuous unfaulted contact would weaken the fault interpretation.,"Unverified candidate; no slip, permeability, temperature or geothermal resource established."
CTD5-A-00325,1,1,857.0,579.0,301300.0,4422800.0,0.95937,0.49623,186.7276,0.00559691,0.7746,"Geophysical donor high and surface receiver abstains. A buried structural boundary is one hypothesis; native cover/gradient/slope measurements above are context, not proof.",Basin-fill density boundary or volcanic lithologic contact; gravity and modelled cover may not be independent.,Compare both sides in official high-resolution terrain/geologic mapping and field offset observations. A continuous unfaulted contact would weaken the fault interpretation.,"Unverified candidate; no slip, permeability, temperature or geothermal resource established."
CTD5-A-00326,11,2,858.909,1543.091,397709.1,4422609.1,0.96928,0.50623,406.1223,0.00394371,1.9605,"Geophysical donor high and surface receiver abstains. A buried structural boundary is one hypothesis; native cover/gradient/slope measurements above are context, not proof.",Basin-fill density boundary or volcanic lithologic contact; gravity and modelled cover may not be independent.,Compare both sides in official high-resolution terrain/geologic mapping and field offset observations. A continuous unfaulted contact would weaken the fault interpretation.,"Unverified candidate; no slip, permeability, temperature or geothermal resource established."
CTD5-A-00327,1,0,861.0,576.0,301000.0,4422400.0,0.95423,0.38817,187.4039,0.00562577,1.4876,"Geophysical donor high and surface receiver abstains. A buried structural boundary is one hypothesis; native cover/gradient/slope measurements above are context, not proof.",Basin-fill density boundary or volcanic lithologic contact; gravity and modelled cover may not be independent.,Compare both sides in official high-resolution terrain/geologic mapping and field offset observations. A continuous unfaulted contact would weaken the fault interpretation.,"Unverified candidate; no slip, permeability, temperature or geothermal resource established."
CTD5-A-00328,19,4,867.368,1540.947,397494.7,4421763.2,0.96189,0.55562,368.1478,0.003936,1.4798,"Geophysical donor high and surface receiver abstains. A buried structural boundary is one hypothesis; native cover/gradient/slope measurements above are context, not proof.",Basin-fill density boundary or volcanic lithologic contact; gravity and modelled cover may not be independent.,Compare both sides in official high-resolution terrain/geologic mapping and field offset observations. A continuous unfaulted contact would weaken the fault interpretation.,"Unverified candidate; no slip, permeability, temperature or geothermal resource established."
CTD5-A-00329,162,17,895.216,1531.494,396549.4,4418978.4,0.96592,0.50182,259.6035,0.00672486,1.5072,"Geophysical donor high and surface receiver abstains. A buried structural boundary is one hypothesis; native cover/gradient/slope measurements above are context, not proof.",Basin-fill density boundary or volcanic lithologic contact; gravity and modelled cover may not be independent.,Compare both sides in official high-resolution terrain/geologic mapping and field offset observations. A continuous unfaulted contact would weaken the fault interpretation.,"Unverified candidate; no slip, permeability, temperature or geothermal resource established."
CTD5-A-00330,1,0,874.0,1541.0,397500.0,4421100.0,0.9536,0.36647,327.2197,0.00359498,1.0212,"Geophysical donor high and surface receiver abstains. A buried structural boundary is one hypothesis; native cover/gradient/slope measurements above are context, not proof.",Basin-fill density boundary or volcanic lithologic contact; gravity and modelled cover may not be independent.,Compare both sides in official high-resolution terrain/geologic mapping and field offset observations. A continuous unfaulted contact would weaken the fault interpretation.,"Unverified candidate; no slip, permeability, temperature or geothermal resource established."
CTD5-A-00331,4,1,878.5,1540.0,397400.0,4420650.0,0.95761,0.52792,305.1525,0.00383879,1.7326,"Geophysical donor high and surface receiver abstains. A buried structural boundary is one hypothesis; native cover/gradient/slope measurements above are context, not proof.",Basin-fill density boundary or volcanic lithologic contact; gravity and modelled cover may not be independent.,Compare both sides in official high-resolution terrain/geologic mapping and field offset observations. A continuous unfaulted contact would weaken the fault interpretation.,"Unverified candidate; no slip, permeability, temperature or geothermal resource established."
CTD5-A-00332,4,0,880.5,1537.0,397100.0,4420450.0,0.95254,0.46492,301.9247,0.00476233,1.6426,"Geophysical donor high and surface receiver abstains. A buried structural boundary is one hypothesis; native cover/gradient/slope measurements above are context, not proof.",Basin-fill density boundary or volcanic lithologic contact; gravity and modelled cover may not be independent.,Compare both sides in official high-resolution terrain/geologic mapping and field offset observations. A continuous unfaulted contact would weaken the fault interpretation.,"Unverified candidate; no slip, permeability, temperature or geothermal resource established."
CTD5-A-00333,1,0,879.0,1542.0,397600.0,4420600.0,0.96067,0.64617,296.7468,0.00346254,1.8564,"Geophysical donor high and surface receiver abstains. A buried structural boundary is one hypothesis; native cover/gradient/slope measurements above are context, not proof.",Basin-fill density boundary or volcanic lithologic contact; gravity and modelled cover may not be independent.,Compare both sides in official high-resolution terrain/geologic mapping and field offset observations. A continuous unfaulted contact would weaken the fault interpretation.,"Unverified candidate; no slip, permeability, temperature or geothermal resource established."
CTD5-A-00334,1,1,886.0,1535.0,396900.0,4419900.0,0.9749,0.58397,274.3345,0.0058817,2.2376,"Geophysical donor high and surface receiver abstains. A buried structural boundary is one hypothesis; native cover/gradient/slope measurements above are context, not proof.",Basin-fill density boundary or volcanic lithologic contact; gravity and modelled cover may not be independent.,Compare both sides in official high-resolution terrain/geologic mapping and field offset observations. A continuous unfaulted contact would weaken the fault interpretation.,"Unverified candidate; no slip, permeability, temperature or geothermal resource established."
CTD5-A-00335,2,1,891.5,764.0,319800.0,4419350.0,0.9568,0.60668,179.6372,0.00489915,5.2284,"Geophysical donor high and surface receiver abstains. A buried structural boundary is one hypothesis; native cover/gradient/slope measurements above are context, not proof.",Basin-fill density boundary or volcanic lithologic contact; gravity and modelled cover may not be independent.,Compare both sides in official high-resolution terrain/geologic mapping and field offset observations. A continuous unfaulted contact would weaken the fault interpretation.,"Unverified candidate; no slip, permeability, temperature or geothermal resource established."
CTD5-A-00336,4,0,893.25,224.75,265875.0,4419175.0,0.95303,0.5294,45.5892,0.0017365,3.0617,"Geophysical donor high and surface receiver abstains. A buried structural boundary is one hypothesis; native cover/gradient/slope measurements above are context, not proof.",Basin-fill density boundary or volcanic lithologic contact; gravity and modelled cover may not be independent.,Compare both sides in official high-resolution terrain/geologic mapping and field offset observations. A continuous unfaulted contact would weaken the fault interpretation.,"Unverified candidate; no slip, permeability, temperature or geothermal resource established."
CTD5-A-00337,2,1,892.5,508.0,294200.0,4419250.0,0.95167,0.46868,54.042,0.00781428,1.6365,"Geophysical donor high and surface receiver abstains. A buried structural boundary is one hypothesis; native cover/gradient/slope measurements above are context, not proof.",Basin-fill density boundary or volcanic lithologic contact; gravity and modelled cover may not be independent.,Compare both sides in official high-resolution terrain/geologic mapping and field offset observations. A continuous unfaulted contact would weaken the fault interpretation.,"Unverified candidate; no slip, permeability, temperature or geothermal resource established."
CTD5-A-00338,1,1,892.0,761.0,319500.0,4419300.0,0.95303,0.57933,187.1779,0.00496381,3.7486,"Geophysical donor high and surface receiver abstains. A buried structural boundary is one hypothesis; native cover/gradient/slope measurements above are context, not proof.",Basin-fill density boundary or volcanic lithologic contact; gravity and modelled cover may not be independent.,Compare both sides in official high-resolution terrain/geologic mapping and field offset observations. A continuous unfaulted contact would weaken the fault interpretation.,"Unverified candidate; no slip, permeability, temperature or geothermal resource established."
CTD5-A-00339,6,2,897.833,510.667,294466.7,4418716.7,0.95714,0.48299,34.4257,0.00926431,0.9677,"Geophysical donor high and surface receiver abstains. A buried structural boundary is one hypothesis; native cover/gradient/slope measurements above are context, not proof.",Basin-fill density boundary or volcanic lithologic contact; gravity and modelled cover may not be independent.,Compare both sides in official high-resolution terrain/geologic mapping and field offset observations. A continuous unfaulted contact would weaken the fault interpretation.,"Unverified candidate; no slip, permeability, temperature or geothermal resource established."
CTD5-A-00340,3,1,896.333,513.333,294733.3,4418866.7,0.9554,0.37567,38.4129,0.00846184,0.8671,"Geophysical donor high and surface receiver abstains. A buried structural boundary is one hypothesis; native cover/gradient/slope measurements above are context, not proof.",Basin-fill density boundary or volcanic lithologic contact; gravity and modelled cover may not be independent.,Compare both sides in official high-resolution terrain/geologic mapping and field offset observations. A continuous unfaulted contact would weaken the fault interpretation.,"Unverified candidate; no slip, permeability, temperature or geothermal resource established."
CTD5-A-00341,1,1,897.0,317.0,275100.0,4418800.0,0.96203,0.44823,37.9384,0.00234853,2.2201,"Geophysical donor high and surface receiver abstains. A buried structural boundary is one hypothesis; native cover/gradient/slope measurements above are context, not proof.",Basin-fill density boundary or volcanic lithologic contact; gravity and modelled cover may not be independent.,Compare both sides in official high-resolution terrain/geologic mapping and field offset observations. A continuous unfaulted contact would weaken the fault interpretation.,"Unverified candidate; no slip, permeability, temperature or geothermal resource established."
CTD5-A-00342,1,0,898.0,226.0,266000.0,4418700.0,0.954,0.6096,47.5313,0.00194552,1.5939,"Geophysical donor high and surface receiver abstains. A buried structural boundary is one hypothesis; native cover/gradient/slope measurements above are context, not proof.",Basin-fill density boundary or volcanic lithologic contact; gravity and modelled cover may not be independent.,Compare both sides in official high-resolution terrain/geologic mapping and field offset observations. A continuous unfaulted contact would weaken the fault interpretation.,"Unverified candidate; no slip, permeability, temperature or geothermal resource established."
CTD5-A-00343,2,1,900.5,319.5,275350.0,4418450.0,0.97102,0.52348,35.9501,0.00291889,15.2031,"Geophysical donor high and surface receiver abstains. A buried structural boundary is one hypothesis; native cover/gradient/slope measurements above are context, not proof.",Basin-fill density boundary or volcanic lithologic contact; gravity and modelled cover may not be independent.,Compare both sides in official high-resolution terrain/geologic mapping and field offset observations. A continuous unfaulted contact would weaken the fault interpretation.,"Unverified candidate; no slip, permeability, temperature or geothermal resource established."
CTD5-A-00344,2,1,900.0,322.5,275650.0,4418500.0,0.96703,0.53313,34.585,0.0029911,17.729,"Geophysical donor high and surface receiver abstains. A buried structural boundary is one hypothesis; native cover/gradient/slope measurements above are context, not proof.",Basin-fill density boundary or volcanic lithologic contact; gravity and modelled cover may not be independent.,Compare both sides in official high-resolution terrain/geologic mapping and field offset observations. A continuous unfaulted contact would weaken the fault interpretation.,"Unverified candidate; no slip, permeability, temperature or geothermal resource established."
CTD5-A-00345,40,5,905.5,269.875,270387.5,4417950.0,0.96824,0.55674,40.1705,0.00282151,4.9107,"Geophysical donor high and surface receiver abstains. A buried structural boundary is one hypothesis; native cover/gradient/slope measurements above are context, not proof.",Basin-fill density boundary or volcanic lithologic contact; gravity and modelled cover may not be independent.,Compare both sides in official high-resolution terrain/geologic mapping and field offset observations. A continuous unfaulted contact would weaken the fault interpretation.,"Unverified candidate; no slip, permeability, temperature or geothermal resource established."
CTD5-A-00346,4,1,902.5,510.25,294425.0,4418250.0,0.95527,0.48202,25.8986,0.0101413,0.4241,"Geophysical donor high and surface receiver abstains. A buried structural boundary is one hypothesis; native cover/gradient/slope measurements above are context, not proof.",Basin-fill density boundary or volcanic lithologic contact; gravity and modelled cover may not be independent.,Compare both sides in official high-resolution terrain/geologic mapping and field offset observations. A continuous unfaulted contact would weaken the fault interpretation.,"Unverified candidate; no slip, permeability, temperature or geothermal resource established."
CTD5-A-00347,3,1,903.333,514.667,294866.7,4418166.7,0.95841,0.37747,24.511,0.0085674,0.8232,"Geophysical donor high and surface receiver abstains. A buried structural boundary is one hypothesis; native cover/gradient/slope measurements above are context, not proof.",Basin-fill density boundary or volcanic lithologic contact; gravity and modelled cover may not be independent.,Compare both sides in official high-resolution terrain/geologic mapping and field offset observations. A continuous unfaulted contact would weaken the fault interpretation.,"Unverified candidate; no slip, permeability, temperature or geothermal resource established."
CTD5-A-00348,4,0,906.0,516.5,295050.0,4417900.0,0.95818,0.40795,21.7142,0.00692703,1.8357,"Geophysical donor high and surface receiver abstains. A buried structural boundary is one hypothesis; native cover/gradient/slope measurements above are context, not proof.",Basin-fill density boundary or volcanic lithologic contact; gravity and modelled cover may not be independent.,Compare both sides in official high-resolution terrain/geologic mapping and field offset observations. A continuous unfaulted contact would weaken the fault interpretation.,"Unverified candidate; no slip, permeability, temperature or geothermal resource established."
CTD5-A-00349,1,0,908.0,1525.0,395900.0,4417700.0,0.96053,0.62903,261.6493,0.00762817,1.1994,"Geophysical donor high and surface receiver abstains. A buried structural boundary is one hypothesis; native cover/gradient/slope measurements above are context, not proof.",Basin-fill density boundary or volcanic lithologic contact; gravity and modelled cover may not be independent.,Compare both sides in official high-resolution terrain/geologic mapping and field offset observations. A continuous unfaulted contact would weaken the fault interpretation.,"Unverified candidate; no slip, permeability, temperature or geothermal resource established."
CTD5-A-00350,1,0,910.0,1526.0,396000.0,4417500.0,0.9543,0.6317,263.1241,0.00650155,2.3564,"Geophysical donor high and surface receiver abstains. A buried structural boundary is one hypothesis; native cover/gradient/slope measurements above are context, not proof.",Basin-fill density boundary or volcanic lithologic contact; gravity and modelled cover may not be independent.,Compare both sides in official high-resolution terrain/geologic mapping and field offset observations. A continuous unfaulted contact would weaken the fault interpretation.,"Unverified candidate; no slip, permeability, temperature or geothermal resource established."
CTD5-A-00351,2,1,911.0,164.5,259850.0,4417400.0,0.9567,0.51317,85.8221,0.00351708,6.1752,"Geophysical donor high and surface receiver abstains. A buried structural boundary is one hypothesis; native cover/gradient/slope measurements above are context, not proof.",Basin-fill density boundary or volcanic lithologic contact; gravity and modelled cover may not be independent.,Compare both sides in official high-resolution terrain/geologic mapping and field offset observations. A continuous unfaulted contact would weaken the fault interpretation.,"Unverified candidate; no slip, permeability, temperature or geothermal resource established."
CTD5-A-00352,2,0,912.5,1524.0,395800.0,4417250.0,0.9547,0.6171,288.0041,0.00715992,0.5204,"Geophysical donor high and surface receiver abstains. A buried structural boundary is one hypothesis; native cover/gradient/slope measurements above are context, not proof.",Basin-fill density boundary or volcanic lithologic contact; gravity and modelled cover may not be independent.,Compare both sides in official high-resolution terrain/geologic mapping and field offset observations. A continuous unfaulted contact would weaken the fault interpretation.,"Unverified candidate; no slip, permeability, temperature or geothermal resource established."
CTD5-A-00353,3,1,918.0,1631.0,406500.0,4416700.0,0.95207,0.39766,281.5827,0.00253451,7.7437,"Geophysical donor high and surface receiver abstains. A buried structural boundary is one hypothesis; native cover/gradient/slope measurements above are context, not proof.",Basin-fill density boundary or volcanic lithologic contact; gravity and modelled cover may not be independent.,Compare both sides in official high-resolution terrain/geologic mapping and field offset observations. A continuous unfaulted contact would weaken the fault interpretation.,"Unverified candidate; no slip, permeability, temperature or geothermal resource established."
CTD5-A-00354,1,1,930.0,1637.0,407100.0,4415500.0,0.97837,0.37977,227.1143,0.00379343,20.1434,"Geophysical donor high and surface receiver abstains. A buried structural boundary is one hypothesis; native cover/gradient/slope measurements above are context, not proof.",Basin-fill density boundary or volcanic lithologic contact; gravity and modelled cover may not be independent.,Compare both sides in official high-resolution terrain/geologic mapping and field offset observations. A continuous unfaulted contact would weaken the fault interpretation.,"Unverified candidate; no slip, permeability, temperature or geothermal resource established."
CTD5-A-00355,1,1,938.0,1635.0,406900.0,4414700.0,0.95247,0.39133,269.5057,0.00384739,12.524,"Geophysical donor high and surface receiver abstains. A buried structural boundary is one hypothesis; native cover/gradient/slope measurements above are context, not proof.",Basin-fill density boundary or volcanic lithologic contact; gravity and modelled cover may not be independent.,Compare both sides in official high-resolution terrain/geologic mapping and field offset observations. A continuous unfaulted contact would weaken the fault interpretation.,"Unverified candidate; no slip, permeability, temperature or geothermal resource established."
CTD5-A-00356,1,0,942.0,1629.0,406300.0,4414300.0,0.9576,0.366,361.1602,0.00350193,14.7298,"Geophysical donor high and surface receiver abstains. A buried structural boundary is one hypothesis; native cover/gradient/slope measurements above are context, not proof.",Basin-fill density boundary or volcanic lithologic contact; gravity and modelled cover may not be independent.,Compare both sides in official high-resolution terrain/geologic mapping and field offset observations. A continuous unfaulted contact would weaken the fault interpretation.,"Unverified candidate; no slip, permeability, temperature or geothermal resource established."
CTD5-A-00357,3,1,945.0,1641.0,407500.0,4414000.0,0.97781,0.42257,177.8652,0.00368932,19.031,"Geophysical donor high and surface receiver abstains. A buried structural boundary is one hypothesis; native cover/gradient/slope measurements above are context, not proof.",Basin-fill density boundary or volcanic lithologic contact; gravity and modelled cover may not be independent.,Compare both sides in official high-resolution terrain/geologic mapping and field offset observations. A continuous unfaulted contact would weaken the fault interpretation.,"Unverified candidate; no slip, permeability, temperature or geothermal resource established."
CTD5-A-00358,6,1,952.5,1625.167,405916.7,4413250.0,0.97449,0.45965,378.5285,0.00259289,19.2113,"Geophysical donor high and surface receiver abstains. A buried structural boundary is one hypothesis; native cover/gradient/slope measurements above are context, not proof.",Basin-fill density boundary or volcanic lithologic contact; gravity and modelled cover may not be independent.,Compare both sides in official high-resolution terrain/geologic mapping and field offset observations. A continuous unfaulted contact would weaken the fault interpretation.,"Unverified candidate; no slip, permeability, temperature or geothermal resource established."
CTD5-A-00359,1,1,953.0,1629.0,406300.0,4413200.0,0.96597,0.3726,323.9233,0.00275933,32.2009,"Geophysical donor high and surface receiver abstains. A buried structural boundary is one hypothesis; native cover/gradient/slope measurements above are context, not proof.",Basin-fill density boundary or volcanic lithologic contact; gravity and modelled cover may not be independent.,Compare both sides in official high-resolution terrain/geologic mapping and field offset observations. A continuous unfaulted contact would weaken the fault interpretation.,"Unverified candidate; no slip, permeability, temperature or geothermal resource established."
CTD5-A-00360,1,1,965.0,1623.0,405700.0,4412000.0,0.9741,0.5984,312.8312,0.00155496,29.7455,"Geophysical donor high and surface receiver abstains. A buried structural boundary is one hypothesis; native cover/gradient/slope measurements above are context, not proof.",Basin-fill density boundary or volcanic lithologic contact; gravity and modelled cover may not be independent.,Compare both sides in official high-resolution terrain/geologic mapping and field offset observations. A continuous unfaulted contact would weaken the fault interpretation.,"Unverified candidate; no slip, permeability, temperature or geothermal resource established."
CTD5-A-00361,1,0,1161.0,836.0,327000.0,4392400.0,0.95533,0.5881,1084.1334,0.00581179,15.9694,"Geophysical donor high and surface receiver abstains. A buried structural boundary is one hypothesis; native cover/gradient/slope measurements above are context, not proof.",Basin-fill density boundary or volcanic lithologic contact; gravity and modelled cover may not be independent.,Compare both sides in official high-resolution terrain/geologic mapping and field offset observations. A continuous unfaulted contact would weaken the fault interpretation.,"Unverified candidate; no slip, permeability, temperature or geothermal resource established."
CTD5-A-00362,19,3,1217.842,1375.263,380926.3,4386715.8,0.95369,0.44634,745.0411,0.00524506,0.4753,"Geophysical donor high and surface receiver abstains. A buried structural boundary is one hypothesis; native cover/gradient/slope measurements above are context, not proof.",Basin-fill density boundary or volcanic lithologic contact; gravity and modelled cover may not be independent.,Compare both sides in official high-resolution terrain/geologic mapping and field offset observations. A continuous unfaulted contact would weaken the fault interpretation.,"Unverified candidate; no slip, permeability, temperature or geothermal resource established."
CTD5-A-00363,1,1,1225.0,1374.0,380800.0,4386000.0,0.96147,0.4339,646.3868,0.00534721,0.596,"Geophysical donor high and surface receiver abstains. A buried structural boundary is one hypothesis; native cover/gradient/slope measurements above are context, not proof.",Basin-fill density boundary or volcanic lithologic contact; gravity and modelled cover may not be independent.,Compare both sides in official high-resolution terrain/geologic mapping and field offset observations. A continuous unfaulted contact would weaken the fault interpretation.,"Unverified candidate; no slip, permeability, temperature or geothermal resource established."
CTD5-A-00364,18,5,1242.833,1381.667,381566.7,4384216.7,0.95742,0.41989,277.6573,0.00475186,0.2721,"Geophysical donor high and surface receiver abstains. A buried structural boundary is one hypothesis; native cover/gradient/slope measurements above are context, not proof.",Basin-fill density boundary or volcanic lithologic contact; gravity and modelled cover may not be independent.,Compare both sides in official high-resolution terrain/geologic mapping and field offset observations. A continuous unfaulted contact would weaken the fault interpretation.,"Unverified candidate; no slip, permeability, temperature or geothermal resource established."
CTD5-A-00365,1,1,1249.0,1662.0,409600.0,4383600.0,0.95133,0.46653,1839.573,0.00246169,3.3423,"Geophysical donor high and surface receiver abstains. A buried structural boundary is one hypothesis; native cover/gradient/slope measurements above are context, not proof.",Basin-fill density boundary or volcanic lithologic contact; gravity and modelled cover may not be independent.,Compare both sides in official high-resolution terrain/geologic mapping and field offset observations. A continuous unfaulted contact would weaken the fault interpretation.,"Unverified candidate; no slip, permeability, temperature or geothermal resource established."
CTD5-A-00366,6,1,1257.167,1452.167,388616.7,4382783.3,0.95186,0.51348,689.0021,0.0037332,19.0269,"Geophysical donor high and surface receiver abstains. A buried structural boundary is one hypothesis; native cover/gradient/slope measurements above are context, not proof.",Basin-fill density boundary or volcanic lithologic contact; gravity and modelled cover may not be independent.,Compare both sides in official high-resolution terrain/geologic mapping and field offset observations. A continuous unfaulted contact would weaken the fault interpretation.,"Unverified candidate; no slip, permeability, temperature or geothermal resource established."
CTD5-A-00367,1,0,1262.0,1452.0,388600.0,4382300.0,0.95267,0.3664,798.7192,0.00386464,11.9538,"Geophysical donor high and surface receiver abstains. A buried structural boundary is one hypothesis; native cover/gradient/slope measurements above are context, not proof.",Basin-fill density boundary or volcanic lithologic contact; gravity and modelled cover may not be independent.,Compare both sides in official high-resolution terrain/geologic mapping and field offset observations. A continuous unfaulted contact would weaken the fault interpretation.,"Unverified candidate; no slip, permeability, temperature or geothermal resource established."
CTD5-A-00368,51,7,1269.686,1676.608,411060.8,4381531.4,0.96372,0.54432,1319.4086,0.00256934,3.1563,"Geophysical donor high and surface receiver abstains. A buried structural boundary is one hypothesis; native cover/gradient/slope measurements above are context, not proof.",Basin-fill density boundary or volcanic lithologic contact; gravity and modelled cover may not be independent.,Compare both sides in official high-resolution terrain/geologic mapping and field offset observations. A continuous unfaulted contact would weaken the fault interpretation.,"Unverified candidate; no slip, permeability, temperature or geothermal resource established."
CTD5-A-00369,2,0,1271.5,1685.0,411900.0,4381350.0,0.95093,0.63453,1029.5101,0.00255641,4.7587,"Geophysical donor high and surface receiver abstains. A buried structural boundary is one hypothesis; native cover/gradient/slope measurements above are context, not proof.",Basin-fill density boundary or volcanic lithologic contact; gravity and modelled cover may not be independent.,Compare both sides in official high-resolution terrain/geologic mapping and field offset observations. A continuous unfaulted contact would weaken the fault interpretation.,"Unverified candidate; no slip, permeability, temperature or geothermal resource established."
CTD5-A-00370,1,1,1303.0,966.0,340000.0,4378200.0,0.95123,0.5334,619.3895,0.00174181,0.3839,"Geophysical donor high and surface receiver abstains. A buried structural boundary is one hypothesis; native cover/gradient/slope measurements above are context, not proof.",Basin-fill density boundary or volcanic lithologic contact; gravity and modelled cover may not be independent.,Compare both sides in official high-resolution terrain/geologic mapping and field offset observations. A continuous unfaulted contact would weaken the fault interpretation.,"Unverified candidate; no slip, permeability, temperature or geothermal resource established."
CTD5-A-00371,3,1,1460.667,1641.667,407566.7,4362433.3,0.9562,0.51209,815.8293,0.00129658,3.4905,"Geophysical donor high and surface receiver abstains. A buried structural boundary is one hypothesis; native cover/gradient/slope measurements above are context, not proof.",Basin-fill density boundary or volcanic lithologic contact; gravity and modelled cover may not be independent.,Compare both sides in official high-resolution terrain/geologic mapping and field offset observations. A continuous unfaulted contact would weaken the fault interpretation.,"Unverified candidate; no slip, permeability, temperature or geothermal resource established."
CTD5-A-00372,2,0,1468.5,1560.0,399400.0,4361650.0,0.95127,0.4865,79.277,0.00381702,1.5086,"Geophysical donor high and surface receiver abstains. A buried structural boundary is one hypothesis; native cover/gradient/slope measurements above are context, not proof.",Basin-fill density boundary or volcanic lithologic contact; gravity and modelled cover may not be independent.,Compare both sides in official high-resolution terrain/geologic mapping and field offset observations. A continuous unfaulted contact would weaken the fault interpretation.,"Unverified candidate; no slip, permeability, temperature or geothermal resource established."
CTD5-A-00373,3,1,1474.0,1561.0,399500.0,4361100.0,0.96038,0.52166,55.2104,0.0037838,1.4411,"Geophysical donor high and surface receiver abstains. A buried structural boundary is one hypothesis; native cover/gradient/slope measurements above are context, not proof.",Basin-fill density boundary or volcanic lithologic contact; gravity and modelled cover may not be independent.,Compare both sides in official high-resolution terrain/geologic mapping and field offset observations. A continuous unfaulted contact would weaken the fault interpretation.,"Unverified candidate; no slip, permeability, temperature or geothermal resource established."
CTD5-A-00374,1,1,1475.0,1558.0,399200.0,4361000.0,0.968,0.37633,57.8344,0.00437023,2.1757,"Geophysical donor high and surface receiver abstains. A buried structural boundary is one hypothesis; native cover/gradient/slope measurements above are context, not proof.",Basin-fill density boundary or volcanic lithologic contact; gravity and modelled cover may not be independent.,Compare both sides in official high-resolution terrain/geologic mapping and field offset observations. A continuous unfaulted contact would weaken the fault interpretation.,"Unverified candidate; no slip, permeability, temperature or geothermal resource established."
CTD5-A-00375,1,1,1478.0,1584.0,401800.0,4360700.0,0.95417,0.64367,24.4848,0.00315715,3.8774,"Geophysical donor high and surface receiver abstains. A buried structural boundary is one hypothesis; native cover/gradient/slope measurements above are context, not proof.",Basin-fill density boundary or volcanic lithologic contact; gravity and modelled cover may not be independent.,Compare both sides in official high-resolution terrain/geologic mapping and field offset observations. A continuous unfaulted contact would weaken the fault interpretation.,"Unverified candidate; no slip, permeability, temperature or geothermal resource established."
CTD5-A-00376,14,2,1482.0,1587.0,402100.0,4360300.0,0.96212,0.50407,23.6836,0.00302018,3.1514,"Geophysical donor high and surface receiver abstains. A buried structural boundary is one hypothesis; native cover/gradient/slope measurements above are context, not proof.",Basin-fill density boundary or volcanic lithologic contact; gravity and modelled cover may not be independent.,Compare both sides in official high-resolution terrain/geologic mapping and field offset observations. A continuous unfaulted contact would weaken the fault interpretation.,"Unverified candidate; no slip, permeability, temperature or geothermal resource established."
CTD5-A-00377,1,1,1484.0,1583.0,401700.0,4360100.0,0.96207,0.5015,15.3446,0.00308661,1.5768,"Geophysical donor high and surface receiver abstains. A buried structural boundary is one hypothesis; native cover/gradient/slope measurements above are context, not proof.",Basin-fill density boundary or volcanic lithologic contact; gravity and modelled cover may not be independent.,Compare both sides in official high-resolution terrain/geologic mapping and field offset observations. A continuous unfaulted contact would weaken the fault interpretation.,"Unverified candidate; no slip, permeability, temperature or geothermal resource established."
CTD5-A-00378,14,3,1488.214,1641.286,407528.6,4359678.6,0.95908,0.57175,492.307,0.0011634,6.3416,"Geophysical donor high and surface receiver abstains. A buried structural boundary is one hypothesis; native cover/gradient/slope measurements above are context, not proof.",Basin-fill density boundary or volcanic lithologic contact; gravity and modelled cover may not be independent.,Compare both sides in official high-resolution terrain/geologic mapping and field offset observations. A continuous unfaulted contact would weaken the fault interpretation.,"Unverified candidate; no slip, permeability, temperature or geothermal resource established."
CTD5-A-00379,1,0,1493.0,1588.0,402200.0,4359200.0,0.9535,0.57537,24.806,0.00358584,3.3499,"Geophysical donor high and surface receiver abstains. A buried structural boundary is one hypothesis; native cover/gradient/slope measurements above are context, not proof.",Basin-fill density boundary or volcanic lithologic contact; gravity and modelled cover may not be independent.,Compare both sides in official high-resolution terrain/geologic mapping and field offset observations. A continuous unfaulted contact would weaken the fault interpretation.,"Unverified candidate; no slip, permeability, temperature or geothermal resource established."
CTD5-A-00380,1,0,1493.0,1590.0,402400.0,4359200.0,0.95487,0.55283,30.874,0.00361953,2.8449,"Geophysical donor high and surface receiver abstains. A buried structural boundary is one hypothesis; native cover/gradient/slope measurements above are context, not proof.",Basin-fill density boundary or volcanic lithologic contact; gravity and modelled cover may not be independent.,Compare both sides in official high-resolution terrain/geologic mapping and field offset observations. A continuous unfaulted contact would weaken the fault interpretation.,"Unverified candidate; no slip, permeability, temperature or geothermal resource established."
CTD5-A-00381,2,1,1493.0,1592.5,402650.0,4359200.0,0.95658,0.49712,38.459,0.00337587,2.2748,"Geophysical donor high and surface receiver abstains. A buried structural boundary is one hypothesis; native cover/gradient/slope measurements above are context, not proof.",Basin-fill density boundary or volcanic lithologic contact; gravity and modelled cover may not be independent.,Compare both sides in official high-resolution terrain/geologic mapping and field offset observations. A continuous unfaulted contact would weaken the fault interpretation.,"Unverified candidate; no slip, permeability, temperature or geothermal resource established."
CTD5-A-00382,7,1,1502.143,1642.714,407671.4,4358285.7,0.95972,0.54697,309.5635,0.00100832,5.7061,"Geophysical donor high and surface receiver abstains. A buried structural boundary is one hypothesis; native cover/gradient/slope measurements above are context, not proof.",Basin-fill density boundary or volcanic lithologic contact; gravity and modelled cover may not be independent.,Compare both sides in official high-resolution terrain/geologic mapping and field offset observations. A continuous unfaulted contact would weaken the fault interpretation.,"Unverified candidate; no slip, permeability, temperature or geothermal resource established."
CTD5-A-00383,17,3,1520.176,1667.118,410111.8,4356482.4,0.95988,0.47874,553.4988,0.00182059,12.6301,"Geophysical donor high and surface receiver abstains. A buried structural boundary is one hypothesis; native cover/gradient/slope measurements above are context, not proof.",Basin-fill density boundary or volcanic lithologic contact; gravity and modelled cover may not be independent.,Compare both sides in official high-resolution terrain/geologic mapping and field offset observations. A continuous unfaulted contact would weaken the fault interpretation.,"Unverified candidate; no slip, permeability, temperature or geothermal resource established."
CTD5-A-00384,1,0,1518.0,1704.0,413800.0,4356700.0,0.9537,0.62007,835.0184,0.00244865,4.7441,"Geophysical donor high and surface receiver abstains. A buried structural boundary is one hypothesis; native cover/gradient/slope measurements above are context, not proof.",Basin-fill density boundary or volcanic lithologic contact; gravity and modelled cover may not be independent.,Compare both sides in official high-resolution terrain/geologic mapping and field offset observations. A continuous unfaulted contact would weaken the fault interpretation.,"Unverified candidate; no slip, permeability, temperature or geothermal resource established."
CTD5-A-00385,1,1,1519.0,1644.0,407800.0,4356600.0,0.96893,0.6009,233.6712,0.00079251,12.9407,"Geophysical donor high and surface receiver abstains. A buried structural boundary is one hypothesis; native cover/gradient/slope measurements above are context, not proof.",Basin-fill density boundary or volcanic lithologic contact; gravity and modelled cover may not be independent.,Compare both sides in official high-resolution terrain/geologic mapping and field offset observations. A continuous unfaulted contact would weaken the fault interpretation.,"Unverified candidate; no slip, permeability, temperature or geothermal resource established."
CTD5-A-00386,1,1,1519.0,1701.0,413500.0,4356600.0,0.9558,0.6181,798.337,0.00245572,4.9948,"Geophysical donor high and surface receiver abstains. A buried structural boundary is one hypothesis; native cover/gradient/slope measurements above are context, not proof.",Basin-fill density boundary or volcanic lithologic contact; gravity and modelled cover may not be independent.,Compare both sides in official high-resolution terrain/geologic mapping and field offset observations. A continuous unfaulted contact would weaken the fault interpretation.,"Unverified candidate; no slip, permeability, temperature or geothermal resource established."
CTD5-A-00387,2,1,1529.5,1643.0,407700.0,4355550.0,0.9563,0.5035,177.4082,0.00122699,25.4355,"Geophysical donor high and surface receiver abstains. A buried structural boundary is one hypothesis; native cover/gradient/slope measurements above are context, not proof.",Basin-fill density boundary or volcanic lithologic contact; gravity and modelled cover may not be independent.,Compare both sides in official high-resolution terrain/geologic mapping and field offset observations. A continuous unfaulted contact would weaken the fault interpretation.,"Unverified candidate; no slip, permeability, temperature or geothermal resource established."
CTD5-A-00388,3,0,1532.0,1645.0,407900.0,4355300.0,0.9573,0.63213,179.2072,0.00142609,15.4164,"Geophysical donor high and surface receiver abstains. A buried structural boundary is one hypothesis; native cover/gradient/slope measurements above are context, not proof.",Basin-fill density boundary or volcanic lithologic contact; gravity and modelled cover may not be independent.,Compare both sides in official high-resolution terrain/geologic mapping and field offset observations. A continuous unfaulted contact would weaken the fault interpretation.,"Unverified candidate; no slip, permeability, temperature or geothermal resource established."
CTD5-A-00389,15,3,1534.267,1656.0,409000.0,4355073.3,0.95477,0.44384,319.6009,0.0019378,14.8604,"Geophysical donor high and surface receiver abstains. A buried structural boundary is one hypothesis; native cover/gradient/slope measurements above are context, not proof.",Basin-fill density boundary or volcanic lithologic contact; gravity and modelled cover may not be independent.,Compare both sides in official high-resolution terrain/geologic mapping and field offset observations. A continuous unfaulted contact would weaken the fault interpretation.,"Unverified candidate; no slip, permeability, temperature or geothermal resource established."
CTD5-A-00390,101,14,1580.525,1683.495,411749.5,4350447.5,0.97365,0.49069,631.9782,0.00544676,2.5252,"Geophysical donor high and surface receiver abstains. A buried structural boundary is one hypothesis; native cover/gradient/slope measurements above are context, not proof.",Basin-fill density boundary or volcanic lithologic contact; gravity and modelled cover may not be independent.,Compare both sides in official high-resolution terrain/geologic mapping and field offset observations. A continuous unfaulted contact would weaken the fault interpretation.,"Unverified candidate; no slip, permeability, temperature or geothermal resource established."
CTD5-A-00391,17,3,1589.941,1277.412,371141.2,4349505.9,0.9586,0.43769,760.8789,0.00050963,0.5633,"Geophysical donor high and surface receiver abstains. A buried structural boundary is one hypothesis; native cover/gradient/slope measurements above are context, not proof.",Basin-fill density boundary or volcanic lithologic contact; gravity and modelled cover may not be independent.,Compare both sides in official high-resolution terrain/geologic mapping and field offset observations. A continuous unfaulted contact would weaken the fault interpretation.,"Unverified candidate; no slip, permeability, temperature or geothermal resource established."
CTD5-A-00392,5,1,1593.0,1270.0,370400.0,4349200.0,0.95477,0.48606,771.0443,0.0010499,1.1723,"Geophysical donor high and surface receiver abstains. A buried structural boundary is one hypothesis; native cover/gradient/slope measurements above are context, not proof.",Basin-fill density boundary or volcanic lithologic contact; gravity and modelled cover may not be independent.,Compare both sides in official high-resolution terrain/geologic mapping and field offset observations. A continuous unfaulted contact would weaken the fault interpretation.,"Unverified candidate; no slip, permeability, temperature or geothermal resource established."
CTD5-A-00393,1,1,1595.0,1683.0,411700.0,4349000.0,0.9875,0.3641,487.8015,0.00520508,0.9957,"Geophysical donor high and surface receiver abstains. A buried structural boundary is one hypothesis; native cover/gradient/slope measurements above are context, not proof.",Basin-fill density boundary or volcanic lithologic contact; gravity and modelled cover may not be independent.,Compare both sides in official high-resolution terrain/geologic mapping and field offset observations. A continuous unfaulted contact would weaken the fault interpretation.,"Unverified candidate; no slip, permeability, temperature or geothermal resource established."
CTD5-A-00394,82,10,1603.744,1344.841,377884.1,4348125.6,0.97655,0.45408,424.6368,0.00437265,0.9936,"Geophysical donor high and surface receiver abstains. A buried structural boundary is one hypothesis; native cover/gradient/slope measurements above are context, not proof.",Basin-fill density boundary or volcanic lithologic contact; gravity and modelled cover may not be independent.,Compare both sides in official high-resolution terrain/geologic mapping and field offset observations. A continuous unfaulted contact would weaken the fault interpretation.,"Unverified candidate; no slip, permeability, temperature or geothermal resource established."
CTD5-A-00395,1,0,1597.0,1341.0,377500.0,4348800.0,0.97013,0.38243,533.8697,0.0047991,0.8057,"Geophysical donor high and surface receiver abstains. A buried structural boundary is one hypothesis; native cover/gradient/slope measurements above are context, not proof.",Basin-fill density boundary or volcanic lithologic contact; gravity and modelled cover may not be independent.,Compare both sides in official high-resolution terrain/geologic mapping and field offset observations. A continuous unfaulted contact would weaken the fault interpretation.,"Unverified candidate; no slip, permeability, temperature or geothermal resource established."
CTD5-A-00396,17,2,1599.294,1367.706,380170.6,4348570.6,0.96591,0.4938,223.2574,0.00179037,19.7494,"Geophysical donor high and surface receiver abstains. A buried structural boundary is one hypothesis; native cover/gradient/slope measurements above are context, not proof.",Basin-fill density boundary or volcanic lithologic contact; gravity and modelled cover may not be independent.,Compare both sides in official high-resolution terrain/geologic mapping and field offset observations. A continuous unfaulted contact would weaken the fault interpretation.,"Unverified candidate; no slip, permeability, temperature or geothermal resource established."
CTD5-A-00397,3,1,1598.0,1375.0,380900.0,4348700.0,0.9584,0.55177,208.969,0.00156631,21.0159,"Geophysical donor high and surface receiver abstains. A buried structural boundary is one hypothesis; native cover/gradient/slope measurements above are context, not proof.",Basin-fill density boundary or volcanic lithologic contact; gravity and modelled cover may not be independent.,Compare both sides in official high-resolution terrain/geologic mapping and field offset observations. A continuous unfaulted contact would weaken the fault interpretation.,"Unverified candidate; no slip, permeability, temperature or geothermal resource established."
CTD5-A-00398,22,3,1600.682,1681.727,411572.7,4348431.8,0.97268,0.4537,419.3144,0.00504082,2.289,"Geophysical donor high and surface receiver abstains. A buried structural boundary is one hypothesis; native cover/gradient/slope measurements above are context, not proof.",Basin-fill density boundary or volcanic lithologic contact; gravity and modelled cover may not be independent.,Compare both sides in official high-resolution terrain/geologic mapping and field offset observations. A continuous unfaulted contact would weaken the fault interpretation.,"Unverified candidate; no slip, permeability, temperature or geothermal resource established."
CTD5-A-00399,3,1,1599.0,1364.0,379800.0,4348600.0,0.96017,0.47698,244.7199,0.00204889,24.3237,"Geophysical donor high and surface receiver abstains. A buried structural boundary is one hypothesis; native cover/gradient/slope measurements above are context, not proof.",Basin-fill density boundary or volcanic lithologic contact; gravity and modelled cover may not be independent.,Compare both sides in official high-resolution terrain/geologic mapping and field offset observations. A continuous unfaulted contact would weaken the fault interpretation.,"Unverified candidate; no slip, permeability, temperature or geothermal resource established."
CTD5-A-00400,9,0,1599.444,1674.0,410800.0,4348555.6,0.95297,0.48373,267.8534,0.00503076,2.7037,"Geophysical donor high and surface receiver abstains. A buried structural boundary is one hypothesis; native cover/gradient/slope measurements above are context, not proof.",Basin-fill density boundary or volcanic lithologic contact; gravity and modelled cover may not be independent.,Compare both sides in official high-resolution terrain/geologic mapping and field offset observations. A continuous unfaulted contact would weaken the fault interpretation.,"Unverified candidate; no slip, permeability, temperature or geothermal resource established."
CTD5-A-00401,2,1,1599.0,1340.5,377450.0,4348600.0,0.95773,0.41783,532.0753,0.00501156,1.4419,"Geophysical donor high and surface receiver abstains. A buried structural boundary is one hypothesis; native cover/gradient/slope measurements above are context, not proof.",Basin-fill density boundary or volcanic lithologic contact; gravity and modelled cover may not be independent.,Compare both sides in official high-resolution terrain/geologic mapping and field offset observations. A continuous unfaulted contact would weaken the fault interpretation.,"Unverified candidate; no slip, permeability, temperature or geothermal resource established."
CTD5-A-00402,2,0,1599.0,1372.5,380650.0,4348600.0,0.961,0.62267,202.8251,0.00159069,17.7785,"Geophysical donor high and surface receiver abstains. A buried structural boundary is one hypothesis; native cover/gradient/slope measurements above are context, not proof.",Basin-fill density boundary or volcanic lithologic contact; gravity and modelled cover may not be independent.,Compare both sides in official high-resolution terrain/geologic mapping and field offset observations. A continuous unfaulted contact would weaken the fault interpretation.,"Unverified candidate; no slip, permeability, temperature or geothermal resource established."
CTD5-A-00403,1,0,1599.0,1678.0,411200.0,4348600.0,0.96143,0.49047,341.4217,0.0050533,0.5502,"Geophysical donor high and surface receiver abstains. A buried structural boundary is one hypothesis; native cover/gradient/slope measurements above are context, not proof.",Basin-fill density boundary or volcanic lithologic contact; gravity and modelled cover may not be independent.,Compare both sides in official high-resolution terrain/geologic mapping and field offset observations. A continuous unfaulted contact would weaken the fault interpretation.,"Unverified candidate; no slip, permeability, temperature or geothermal resource established."
CTD5-A-00404,2,0,1601.0,1211.5,364550.0,4348400.0,0.95207,0.4024,582.5592,0.00128961,9.3969,"Geophysical donor high and surface receiver abstains. A buried structural boundary is one hypothesis; native cover/gradient/slope measurements above are context, not proof.",Basin-fill density boundary or volcanic lithologic contact; gravity and modelled cover may not be independent.,Compare both sides in official high-resolution terrain/geologic mapping and field offset observations. A continuous unfaulted contact would weaken the fault interpretation.,"Unverified candidate; no slip, permeability, temperature or geothermal resource established."
CTD5-A-00405,1,0,1603.0,1210.0,364400.0,4348200.0,0.95103,0.35217,576.6,0.00129588,9.7171,"Geophysical donor high and surface receiver abstains. A buried structural boundary is one hypothesis; native cover/gradient/slope measurements above are context, not proof.",Basin-fill density boundary or volcanic lithologic contact; gravity and modelled cover may not be independent.,Compare both sides in official high-resolution terrain/geologic mapping and field offset observations. A continuous unfaulted contact would weaken the fault interpretation.,"Unverified candidate; no slip, permeability, temperature or geothermal resource established."
CTD5-A-00406,1,1,1603.0,1356.0,379000.0,4348200.0,0.97663,0.49493,276.6289,0.00278009,29.6582,"Geophysical donor high and surface receiver abstains. A buried structural boundary is one hypothesis; native cover/gradient/slope measurements above are context, not proof.",Basin-fill density boundary or volcanic lithologic contact; gravity and modelled cover may not be independent.,Compare both sides in official high-resolution terrain/geologic mapping and field offset observations. A continuous unfaulted contact would weaken the fault interpretation.,"Unverified candidate; no slip, permeability, temperature or geothermal resource established."
CTD5-A-00407,1,1,1604.0,1279.0,371300.0,4348100.0,0.95073,0.4382,873.3129,0.00144668,0.6401,"Geophysical donor high and surface receiver abstains. A buried structural boundary is one hypothesis; native cover/gradient/slope measurements above are context, not proof.",Basin-fill density boundary or volcanic lithologic contact; gravity and modelled cover may not be independent.,Compare both sides in official high-resolution terrain/geologic mapping and field offset observations. A continuous unfaulted contact would weaken the fault interpretation.,"Unverified candidate; no slip, permeability, temperature or geothermal resource established."
CTD5-A-00408,19,2,1609.158,1280.368,371436.8,4347584.2,0.96314,0.43002,907.7723,0.00173208,0.658,"Geophysical donor high and surface receiver abstains. A buried structural boundary is one hypothesis; native cover/gradient/slope measurements above are context, not proof.",Basin-fill density boundary or volcanic lithologic contact; gravity and modelled cover may not be independent.,Compare both sides in official high-resolution terrain/geologic mapping and field offset observations. A continuous unfaulted contact would weaken the fault interpretation.,"Unverified candidate; no slip, permeability, temperature or geothermal resource established."
CTD5-A-00409,2,0,1606.5,1285.5,371950.0,4347850.0,0.95743,0.37135,910.3424,0.00133233,0.5569,"Geophysical donor high and surface receiver abstains. A buried structural boundary is one hypothesis; native cover/gradient/slope measurements above are context, not proof.",Basin-fill density boundary or volcanic lithologic contact; gravity and modelled cover may not be independent.,Compare both sides in official high-resolution terrain/geologic mapping and field offset observations. A continuous unfaulted contact would weaken the fault interpretation.,"Unverified candidate; no slip, permeability, temperature or geothermal resource established."
CTD5-A-00410,1,1,1607.0,1241.0,367500.0,4347800.0,0.9584,0.63647,769.5688,0.00171634,5.5949,"Geophysical donor high and surface receiver abstains. A buried structural boundary is one hypothesis; native cover/gradient/slope measurements above are context, not proof.",Basin-fill density boundary or volcanic lithologic contact; gravity and modelled cover may not be independent.,Compare both sides in official high-resolution terrain/geologic mapping and field offset observations. A continuous unfaulted contact would weaken the fault interpretation.,"Unverified candidate; no slip, permeability, temperature or geothermal resource established."
CTD5-A-00411,1,1,1608.0,1208.0,364200.0,4347700.0,0.95103,0.35747,573.048,0.00120626,11.2789,"Geophysical donor high and surface receiver abstains. A buried structural boundary is one hypothesis; native cover/gradient/slope measurements above are context, not proof.",Basin-fill density boundary or volcanic lithologic contact; gravity and modelled cover may not be independent.,Compare both sides in official high-resolution terrain/geologic mapping and field offset observations. A continuous unfaulted contact would weaken the fault interpretation.,"Unverified candidate; no slip, permeability, temperature or geothermal resource established."
CTD5-A-00412,2,0,1609.0,1671.5,410550.0,4347600.0,0.95343,0.51012,322.3804,0.0043518,18.6726,"Geophysical donor high and surface receiver abstains. A buried structural boundary is one hypothesis; native cover/gradient/slope measurements above are context, not proof.",Basin-fill density boundary or volcanic lithologic contact; gravity and modelled cover may not be independent.,Compare both sides in official high-resolution terrain/geologic mapping and field offset observations. A continuous unfaulted contact would weaken the fault interpretation.,"Unverified candidate; no slip, permeability, temperature or geothermal resource established."
CTD5-A-00413,2,1,1611.0,1245.5,367950.0,4347400.0,0.9584,0.57328,808.2507,0.0016416,21.3882,"Geophysical donor high and surface receiver abstains. A buried structural boundary is one hypothesis; native cover/gradient/slope measurements above are context, not proof.",Basin-fill density boundary or volcanic lithologic contact; gravity and modelled cover may not be independent.,Compare both sides in official high-resolution terrain/geologic mapping and field offset observations. A continuous unfaulted contact would weaken the fault interpretation.,"Unverified candidate; no slip, permeability, temperature or geothermal resource established."
CTD5-A-00414,4,1,1611.5,1355.5,378950.0,4347350.0,0.96583,0.48835,187.0891,0.00157658,1.7215,"Geophysical donor high and surface receiver abstains. A buried structural boundary is one hypothesis; native cover/gradient/slope measurements above are context, not proof.",Basin-fill density boundary or volcanic lithologic contact; gravity and modelled cover may not be independent.,Compare both sides in official high-resolution terrain/geologic mapping and field offset observations. A continuous unfaulted contact would weaken the fault interpretation.,"Unverified candidate; no slip, permeability, temperature or geothermal resource established."
CTD5-A-00415,1,1,1613.0,1316.0,375000.0,4347200.0,0.98107,0.35313,834.9164,0.00231889,0.2229,"Geophysical donor high and surface receiver abstains. A buried structural boundary is one hypothesis; native cover/gradient/slope measurements above are context, not proof.",Basin-fill density boundary or volcanic lithologic contact; gravity and modelled cover may not be independent.,Compare both sides in official high-resolution terrain/geologic mapping and field offset observations. A continuous unfaulted contact would weaken the fault interpretation.,"Unverified candidate; no slip, permeability, temperature or geothermal resource established."
CTD5-A-00416,13,2,1615.923,1354.769,378876.9,4346907.7,0.9582,0.40523,159.3223,0.00169703,1.5556,"Geophysical donor high and surface receiver abstains. A buried structural boundary is one hypothesis; native cover/gradient/slope measurements above are context, not proof.",Basin-fill density boundary or volcanic lithologic contact; gravity and modelled cover may not be independent.,Compare both sides in official high-resolution terrain/geologic mapping and field offset observations. A continuous unfaulted contact would weaken the fault interpretation.,"Unverified candidate; no slip, permeability, temperature or geothermal resource established."
CTD5-A-00417,65,6,1619.277,1671.646,410564.6,4346572.3,0.96997,0.54013,523.1578,0.0032226,8.8827,"Geophysical donor high and surface receiver abstains. A buried structural boundary is one hypothesis; native cover/gradient/slope measurements above are context, not proof.",Basin-fill density boundary or volcanic lithologic contact; gravity and modelled cover may not be independent.,Compare both sides in official high-resolution terrain/geologic mapping and field offset observations. A continuous unfaulted contact would weaken the fault interpretation.,"Unverified candidate; no slip, permeability, temperature or geothermal resource established."
CTD5-A-00418,1,1,1616.0,1243.0,367700.0,4346900.0,0.96767,0.48797,844.6094,0.00119458,17.3117,"Geophysical donor high and surface receiver abstains. A buried structural boundary is one hypothesis; native cover/gradient/slope measurements above are context, not proof.",Basin-fill density boundary or volcanic lithologic contact; gravity and modelled cover may not be independent.,Compare both sides in official high-resolution terrain/geologic mapping and field offset observations. A continuous unfaulted contact would weaken the fault interpretation.,"Unverified candidate; no slip, permeability, temperature or geothermal resource established."
CTD5-A-00419,12,3,1617.75,1301.75,373575.0,4346725.0,0.96501,0.45125,932.8296,0.00089058,0.726,"Geophysical donor high and surface receiver abstains. A buried structural boundary is one hypothesis; native cover/gradient/slope measurements above are context, not proof.",Basin-fill density boundary or volcanic lithologic contact; gravity and modelled cover may not be independent.,Compare both sides in official high-resolution terrain/geologic mapping and field offset observations. A continuous unfaulted contact would weaken the fault interpretation.,"Unverified candidate; no slip, permeability, temperature or geothermal resource established."
CTD5-A-00420,7,2,1616.857,1308.286,374228.6,4346814.3,0.98038,0.39218,896.6919,0.00085965,0.8627,"Geophysical donor high and surface receiver abstains. A buried structural boundary is one hypothesis; native cover/gradient/slope measurements above are context, not proof.",Basin-fill density boundary or volcanic lithologic contact; gravity and modelled cover may not be independent.,Compare both sides in official high-resolution terrain/geologic mapping and field offset observations. A continuous unfaulted contact would weaken the fault interpretation.,"Unverified candidate; no slip, permeability, temperature or geothermal resource established."
CTD5-A-00421,1,0,1617.0,1316.0,375000.0,4346800.0,0.97747,0.3513,809.0811,0.00240845,0.3164,"Geophysical donor high and surface receiver abstains. A buried structural boundary is one hypothesis; native cover/gradient/slope measurements above are context, not proof.",Basin-fill density boundary or volcanic lithologic contact; gravity and modelled cover may not be independent.,Compare both sides in official high-resolution terrain/geologic mapping and field offset observations. A continuous unfaulted contact would weaken the fault interpretation.,"Unverified candidate; no slip, permeability, temperature or geothermal resource established."
CTD5-A-00422,1,0,1618.0,1242.0,367600.0,4346700.0,0.96497,0.4697,859.3803,0.0011088,14.8072,"Geophysical donor high and surface receiver abstains. A buried structural boundary is one hypothesis; native cover/gradient/slope measurements above are context, not proof.",Basin-fill density boundary or volcanic lithologic contact; gravity and modelled cover may not be independent.,Compare both sides in official high-resolution terrain/geologic mapping and field offset observations. A continuous unfaulted contact would weaken the fault interpretation.,"Unverified candidate; no slip, permeability, temperature or geothermal resource established."
CTD5-A-00423,2,1,1619.5,1246.0,368000.0,4346550.0,0.95135,0.53808,875.4888,0.00119599,19.2846,"Geophysical donor high and surface receiver abstains. A buried structural boundary is one hypothesis; native cover/gradient/slope measurements above are context, not proof.",Basin-fill density boundary or volcanic lithologic contact; gravity and modelled cover may not be independent.,Compare both sides in official high-resolution terrain/geologic mapping and field offset observations. A continuous unfaulted contact would weaken the fault interpretation.,"Unverified candidate; no slip, permeability, temperature or geothermal resource established."
CTD5-A-00424,4,1,1619.5,1314.0,374800.0,4346550.0,0.97539,0.38608,828.5162,0.00194471,0.3951,"Geophysical donor high and surface receiver abstains. A buried structural boundary is one hypothesis; native cover/gradient/slope measurements above are context, not proof.",Basin-fill density boundary or volcanic lithologic contact; gravity and modelled cover may not be independent.,Compare both sides in official high-resolution terrain/geologic mapping and field offset observations. A continuous unfaulted contact would weaken the fault interpretation.,"Unverified candidate; no slip, permeability, temperature or geothermal resource established."
CTD5-A-00425,14,3,1622.929,1238.429,367242.9,4346207.1,0.9571,0.4793,879.3253,0.00103123,22.3617,"Geophysical donor high and surface receiver abstains. A buried structural boundary is one hypothesis; native cover/gradient/slope measurements above are context, not proof.",Basin-fill density boundary or volcanic lithologic contact; gravity and modelled cover may not be independent.,Compare both sides in official high-resolution terrain/geologic mapping and field offset observations. A continuous unfaulted contact would weaken the fault interpretation.,"Unverified candidate; no slip, permeability, temperature or geothermal resource established."
CTD5-A-00426,1,1,1620.0,1308.0,374200.0,4346500.0,0.9752,0.35177,885.5221,0.00077977,0.5317,"Geophysical donor high and surface receiver abstains. A buried structural boundary is one hypothesis; native cover/gradient/slope measurements above are context, not proof.",Basin-fill density boundary or volcanic lithologic contact; gravity and modelled cover may not be independent.,Compare both sides in official high-resolution terrain/geologic mapping and field offset observations. A continuous unfaulted contact would weaken the fault interpretation.,"Unverified candidate; no slip, permeability, temperature or geothermal resource established."
CTD5-A-00427,2,1,1620.5,1335.0,376900.0,4346450.0,0.9549,0.4316,420.6044,0.00466843,1.2765,"Geophysical donor high and surface receiver abstains. A buried structural boundary is one hypothesis; native cover/gradient/slope measurements above are context, not proof.",Basin-fill density boundary or volcanic lithologic contact; gravity and modelled cover may not be independent.,Compare both sides in official high-resolution terrain/geologic mapping and field offset observations. A continuous unfaulted contact would weaken the fault interpretation.,"Unverified candidate; no slip, permeability, temperature or geothermal resource established."
CTD5-A-00428,2,1,1621.0,1243.5,367750.0,4346400.0,0.954,0.43422,884.7521,0.0011265,19.5236,"Geophysical donor high and surface receiver abstains. A buried structural boundary is one hypothesis; native cover/gradient/slope measurements above are context, not proof.",Basin-fill density boundary or volcanic lithologic contact; gravity and modelled cover may not be independent.,Compare both sides in official high-resolution terrain/geologic mapping and field offset observations. A continuous unfaulted contact would weaken the fault interpretation.,"Unverified candidate; no slip, permeability, temperature or geothermal resource established."
CTD5-A-00429,3,1,1621.0,1331.0,376500.0,4346400.0,0.96273,0.54221,491.2547,0.00444313,0.668,"Geophysical donor high and surface receiver abstains. A buried structural boundary is one hypothesis; native cover/gradient/slope measurements above are context, not proof.",Basin-fill density boundary or volcanic lithologic contact; gravity and modelled cover may not be independent.,Compare both sides in official high-resolution terrain/geologic mapping and field offset observations. A continuous unfaulted contact would weaken the fault interpretation.,"Unverified candidate; no slip, permeability, temperature or geothermal resource established."
CTD5-A-00430,2,1,1621.5,1667.5,410150.0,4346350.0,0.9727,0.61338,535.4827,0.00296364,9.5725,"Geophysical donor high and surface receiver abstains. A buried structural boundary is one hypothesis; native cover/gradient/slope measurements above are context, not proof.",Basin-fill density boundary or volcanic lithologic contact; gravity and modelled cover may not be independent.,Compare both sides in official high-resolution terrain/geologic mapping and field offset observations. A continuous unfaulted contact would weaken the fault interpretation.,"Unverified candidate; no slip, permeability, temperature or geothermal resource established."
CTD5-A-00431,1,0,1623.0,1334.0,376800.0,4346200.0,0.95087,0.4817,417.4526,0.00430221,0.7281,"Geophysical donor high and surface receiver abstains. A buried structural boundary is one hypothesis; native cover/gradient/slope measurements above are context, not proof.",Basin-fill density boundary or volcanic lithologic contact; gravity and modelled cover may not be independent.,Compare both sides in official high-resolution terrain/geologic mapping and field offset observations. A continuous unfaulted contact would weaken the fault interpretation.,"Unverified candidate; no slip, permeability, temperature or geothermal resource established."
CTD5-A-00432,298,39,1642.426,1346.017,378001.7,4344257.4,0.97907,0.48433,186.1617,0.0017671,1.5749,"Geophysical donor high and surface receiver abstains. A buried structural boundary is one hypothesis; native cover/gradient/slope measurements above are context, not proof.",Basin-fill density boundary or volcanic lithologic contact; gravity and modelled cover may not be independent.,Compare both sides in official high-resolution terrain/geologic mapping and field offset observations. A continuous unfaulted contact would weaken the fault interpretation.,"Unverified candidate; no slip, permeability, temperature or geothermal resource established."
CTD5-A-00433,7,2,1628.286,1335.286,376928.6,4345671.4,0.96751,0.43105,356.0649,0.00363887,1.0111,"Geophysical donor high and surface receiver abstains. A buried structural boundary is one hypothesis; native cover/gradient/slope measurements above are context, not proof.",Basin-fill density boundary or volcanic lithologic contact; gravity and modelled cover may not be independent.,Compare both sides in official high-resolution terrain/geologic mapping and field offset observations. A continuous unfaulted contact would weaken the fault interpretation.,"Unverified candidate; no slip, permeability, temperature or geothermal resource established."
CTD5-A-00434,7,2,1629.286,1277.714,371171.4,4345571.4,0.95802,0.59262,915.5165,0.00227013,1.0169,"Geophysical donor high and surface receiver abstains. A buried structural boundary is one hypothesis; native cover/gradient/slope measurements above are context, not proof.",Basin-fill density boundary or volcanic lithologic contact; gravity and modelled cover may not be independent.,Compare both sides in official high-resolution terrain/geologic mapping and field offset observations. A continuous unfaulted contact would weaken the fault interpretation.,"Unverified candidate; no slip, permeability, temperature or geothermal resource established."
CTD5-A-00435,1,1,1629.0,1290.0,372400.0,4345600.0,0.9535,0.37233,921.214,0.0017386,0.9498,"Geophysical donor high and surface receiver abstains. A buried structural boundary is one hypothesis; native cover/gradient/slope measurements above are context, not proof.",Basin-fill density boundary or volcanic lithologic contact; gravity and modelled cover may not be independent.,Compare both sides in official high-resolution terrain/geologic mapping and field offset observations. A continuous unfaulted contact would weaken the fault interpretation.,"Unverified candidate; no slip, permeability, temperature or geothermal resource established."
CTD5-A-00436,1,1,1631.0,1298.0,373200.0,4345400.0,0.97283,0.46467,889.4857,0.00084971,0.9837,"Geophysical donor high and surface receiver abstains. A buried structural boundary is one hypothesis; native cover/gradient/slope measurements above are context, not proof.",Basin-fill density boundary or volcanic lithologic contact; gravity and modelled cover may not be independent.,Compare both sides in official high-resolution terrain/geologic mapping and field offset observations. A continuous unfaulted contact would weaken the fault interpretation.,"Unverified candidate; no slip, permeability, temperature or geothermal resource established."
CTD5-A-00437,2,1,1631.5,1301.0,373500.0,4345350.0,0.98005,0.42837,872.9338,0.00047318,0.8556,"Geophysical donor high and surface receiver abstains. A buried structural boundary is one hypothesis; native cover/gradient/slope measurements above are context, not proof.",Basin-fill density boundary or volcanic lithologic contact; gravity and modelled cover may not be independent.,Compare both sides in official high-resolution terrain/geologic mapping and field offset observations. A continuous unfaulted contact would weaken the fault interpretation.,"Unverified candidate; no slip, permeability, temperature or geothermal resource established."
CTD5-A-00438,1,1,1631.0,1306.0,374000.0,4345400.0,0.9738,0.35587,839.6158,0.00054263,0.5752,"Geophysical donor high and surface receiver abstains. A buried structural boundary is one hypothesis; native cover/gradient/slope measurements above are context, not proof.",Basin-fill density boundary or volcanic lithologic contact; gravity and modelled cover may not be independent.,Compare both sides in official high-resolution terrain/geologic mapping and field offset observations. A continuous unfaulted contact would weaken the fault interpretation.,"Unverified candidate; no slip, permeability, temperature or geothermal resource established."
CTD5-A-00439,1,1,1631.0,1338.0,377200.0,4345400.0,0.9671,0.40763,292.5366,0.00325258,1.0131,"Geophysical donor high and surface receiver abstains. A buried structural boundary is one hypothesis; native cover/gradient/slope measurements above are context, not proof.",Basin-fill density boundary or volcanic lithologic contact; gravity and modelled cover may not be independent.,Compare both sides in official high-resolution terrain/geologic mapping and field offset observations. A continuous unfaulted contact would weaken the fault interpretation.,"Unverified candidate; no slip, permeability, temperature or geothermal resource established."
CTD5-A-00440,6,1,1633.333,1325.667,375966.7,4345166.7,0.96037,0.5008,514.6114,0.00318337,1.3867,"Geophysical donor high and surface receiver abstains. A buried structural boundary is one hypothesis; native cover/gradient/slope measurements above are context, not proof.",Basin-fill density boundary or volcanic lithologic contact; gravity and modelled cover may not be independent.,Compare both sides in official high-resolution terrain/geologic mapping and field offset observations. A continuous unfaulted contact would weaken the fault interpretation.,"Unverified candidate; no slip, permeability, temperature or geothermal resource established."
CTD5-A-00441,8,2,1634.0,1330.875,376487.5,4345100.0,0.97026,0.49126,406.0668,0.00309523,0.9835,"Geophysical donor high and surface receiver abstains. A buried structural boundary is one hypothesis; native cover/gradient/slope measurements above are context, not proof.",Basin-fill density boundary or volcanic lithologic contact; gravity and modelled cover may not be independent.,Compare both sides in official high-resolution terrain/geologic mapping and field offset observations. A continuous unfaulted contact would weaken the fault interpretation.,"Unverified candidate; no slip, permeability, temperature or geothermal resource established."
CTD5-A-00442,8,1,1634.625,1364.0,379800.0,4345037.5,0.97426,0.53824,36.147,0.00196052,2.5419,"Geophysical donor high and surface receiver abstains. A buried structural boundary is one hypothesis; native cover/gradient/slope measurements above are context, not proof.",Basin-fill density boundary or volcanic lithologic contact; gravity and modelled cover may not be independent.,Compare both sides in official high-resolution terrain/geologic mapping and field offset observations. A continuous unfaulted contact would weaken the fault interpretation.,"Unverified candidate; no slip, permeability, temperature or geothermal resource established."
CTD5-A-00443,1,1,1634.0,1335.0,376900.0,4345100.0,0.98037,0.381,332.7739,0.00297177,1.0975,"Geophysical donor high and surface receiver abstains. A buried structural boundary is one hypothesis; native cover/gradient/slope measurements above are context, not proof.",Basin-fill density boundary or volcanic lithologic contact; gravity and modelled cover may not be independent.,Compare both sides in official high-resolution terrain/geologic mapping and field offset observations. A continuous unfaulted contact would weaken the fault interpretation.,"Unverified candidate; no slip, permeability, temperature or geothermal resource established."
CTD5-A-00444,498,52,1652.982,1165.165,359916.5,4343201.8,0.96625,0.46397,251.4943,0.0010657,1.0132,"Geophysical donor high and surface receiver abstains. A buried structural boundary is one hypothesis; native cover/gradient/slope measurements above are context, not proof.",Basin-fill density boundary or volcanic lithologic contact; gravity and modelled cover may not be independent.,Compare both sides in official high-resolution terrain/geologic mapping and field offset observations. A continuous unfaulted contact would weaken the fault interpretation.,"Unverified candidate; no slip, permeability, temperature or geothermal resource established."
CTD5-A-00445,1,1,1636.0,1173.0,360700.0,4344900.0,0.96437,0.3877,320.021,0.00070843,0.4107,"Geophysical donor high and surface receiver abstains. A buried structural boundary is one hypothesis; native cover/gradient/slope measurements above are context, not proof.",Basin-fill density boundary or volcanic lithologic contact; gravity and modelled cover may not be independent.,Compare both sides in official high-resolution terrain/geologic mapping and field offset observations. A continuous unfaulted contact would weaken the fault interpretation.,"Unverified candidate; no slip, permeability, temperature or geothermal resource established."
CTD5-A-00446,166,21,1644.006,1185.976,361997.6,4344099.4,0.96277,0.44579,332.6982,0.00039491,1.1496,"Geophysical donor high and surface receiver abstains. A buried structural boundary is one hypothesis; native cover/gradient/slope measurements above are context, not proof.",Basin-fill density boundary or volcanic lithologic contact; gravity and modelled cover may not be independent.,Compare both sides in official high-resolution terrain/geologic mapping and field offset observations. A continuous unfaulted contact would weaken the fault interpretation.,"Unverified candidate; no slip, permeability, temperature or geothermal resource established."
CTD5-A-00447,1,0,1636.0,1334.0,376800.0,4344900.0,0.9818,0.3841,342.9128,0.00281426,1.2367,"Geophysical donor high and surface receiver abstains. A buried structural boundary is one hypothesis; native cover/gradient/slope measurements above are context, not proof.",Basin-fill density boundary or volcanic lithologic contact; gravity and modelled cover may not be independent.,Compare both sides in official high-resolution terrain/geologic mapping and field offset observations. A continuous unfaulted contact would weaken the fault interpretation.,"Unverified candidate; no slip, permeability, temperature or geothermal resource established."
CTD5-A-00448,1,0,1639.0,1356.0,379000.0,4344600.0,0.98893,0.56683,80.7505,0.00168627,2.0764,"Geophysical donor high and surface receiver abstains. A buried structural boundary is one hypothesis; native cover/gradient/slope measurements above are context, not proof.",Basin-fill density boundary or volcanic lithologic contact; gravity and modelled cover may not be independent.,Compare both sides in official high-resolution terrain/geologic mapping and field offset observations. A continuous unfaulted contact would weaken the fault interpretation.,"Unverified candidate; no slip, permeability, temperature or geothermal resource established."
CTD5-A-00449,6,2,1641.167,1158.333,359233.3,4344383.3,0.97613,0.37565,278.2719,0.0009419,0.4977,"Geophysical donor high and surface receiver abstains. A buried structural boundary is one hypothesis; native cover/gradient/slope measurements above are context, not proof.",Basin-fill density boundary or volcanic lithologic contact; gravity and modelled cover may not be independent.,Compare both sides in official high-resolution terrain/geologic mapping and field offset observations. A continuous unfaulted contact would weaken the fault interpretation.,"Unverified candidate; no slip, permeability, temperature or geothermal resource established."
CTD5-A-00450,1,1,1645.0,1320.0,375400.0,4344000.0,0.95107,0.50143,559.9924,0.00279466,1.0874,"Geophysical donor high and surface receiver abstains. A buried structural boundary is one hypothesis; native cover/gradient/slope measurements above are context, not proof.",Basin-fill density boundary or volcanic lithologic contact; gravity and modelled cover may not be independent.,Compare both sides in official high-resolution terrain/geologic mapping and field offset observations. A continuous unfaulted contact would weaken the fault interpretation.,"Unverified candidate; no slip, permeability, temperature or geothermal resource established."
CTD5-A-00451,3,1,1652.0,1340.0,377400.0,4343300.0,0.98921,0.45027,249.966,0.00177523,2.2546,"Geophysical donor high and surface receiver abstains. A buried structural boundary is one hypothesis; native cover/gradient/slope measurements above are context, not proof.",Basin-fill density boundary or volcanic lithologic contact; gravity and modelled cover may not be independent.,Compare both sides in official high-resolution terrain/geologic mapping and field offset observations. A continuous unfaulted contact would weaken the fault interpretation.,"Unverified candidate; no slip, permeability, temperature or geothermal resource established."
CTD5-A-00452,1,1,1653.0,1136.0,357000.0,4343200.0,0.95057,0.48043,124.133,0.00305299,0.4688,"Geophysical donor high and surface receiver abstains. A buried structural boundary is one hypothesis; native cover/gradient/slope measurements above are context, not proof.",Basin-fill density boundary or volcanic lithologic contact; gravity and modelled cover may not be independent.,Compare both sides in official high-resolution terrain/geologic mapping and field offset observations. A continuous unfaulted contact would weaken the fault interpretation.,"Unverified candidate; no slip, permeability, temperature or geothermal resource established."
CTD5-A-00453,1,0,1654.0,1117.0,355100.0,4343100.0,0.95227,0.60083,45.6804,0.00273854,1.4022,"Geophysical donor high and surface receiver abstains. A buried structural boundary is one hypothesis; native cover/gradient/slope measurements above are context, not proof.",Basin-fill density boundary or volcanic lithologic contact; gravity and modelled cover may not be independent.,Compare both sides in official high-resolution terrain/geologic mapping and field offset observations. A continuous unfaulted contact would weaken the fault interpretation.,"Unverified candidate; no slip, permeability, temperature or geothermal resource established."
CTD5-A-00454,2,1,1655.5,1119.0,355300.0,4342950.0,0.9625,0.45227,46.2191,0.00273567,1.8589,"Geophysical donor high and surface receiver abstains. A buried structural boundary is one hypothesis; native cover/gradient/slope measurements above are context, not proof.",Basin-fill density boundary or volcanic lithologic contact; gravity and modelled cover may not be independent.,Compare both sides in official high-resolution terrain/geologic mapping and field offset observations. A continuous unfaulted contact would weaken the fault interpretation.,"Unverified candidate; no slip, permeability, temperature or geothermal resource established."
CTD5-A-00455,3,1,1659.0,850.0,328400.0,4342600.0,0.96239,0.44958,758.5871,0.0022487,13.1824,"Geophysical donor high and surface receiver abstains. A buried structural boundary is one hypothesis; native cover/gradient/slope measurements above are context, not proof.",Basin-fill density boundary or volcanic lithologic contact; gravity and modelled cover may not be independent.,Compare both sides in official high-resolution terrain/geologic mapping and field offset observations. A continuous unfaulted contact would weaken the fault interpretation.,"Unverified candidate; no slip, permeability, temperature or geothermal resource established."
CTD5-A-00456,1,0,1659.0,852.0,328600.0,4342600.0,0.9509,0.39583,727.2928,0.00222932,13.7792,"Geophysical donor high and surface receiver abstains. A buried structural boundary is one hypothesis; native cover/gradient/slope measurements above are context, not proof.",Basin-fill density boundary or volcanic lithologic contact; gravity and modelled cover may not be independent.,Compare both sides in official high-resolution terrain/geologic mapping and field offset observations. A continuous unfaulted contact would weaken the fault interpretation.,"Unverified candidate; no slip, permeability, temperature or geothermal resource established."
CTD5-A-00457,1,0,1661.0,1648.0,408200.0,4342400.0,0.95133,0.64677,918.8304,0.00104137,2.6731,"Geophysical donor high and surface receiver abstains. A buried structural boundary is one hypothesis; native cover/gradient/slope measurements above are context, not proof.",Basin-fill density boundary or volcanic lithologic contact; gravity and modelled cover may not be independent.,Compare both sides in official high-resolution terrain/geologic mapping and field offset observations. A continuous unfaulted contact would weaken the fault interpretation.,"Unverified candidate; no slip, permeability, temperature or geothermal resource established."
CTD5-A-00458,1,0,1662.0,1125.0,355900.0,4342300.0,0.95743,0.63507,44.7626,0.00276351,1.6153,"Geophysical donor high and surface receiver abstains. A buried structural boundary is one hypothesis; native cover/gradient/slope measurements above are context, not proof.",Basin-fill density boundary or volcanic lithologic contact; gravity and modelled cover may not be independent.,Compare both sides in official high-resolution terrain/geologic mapping and field offset observations. A continuous unfaulted contact would weaken the fault interpretation.,"Unverified candidate; no slip, permeability, temperature or geothermal resource established."
CTD5-A-00459,9,2,1664.111,848.444,328244.4,4342088.9,0.9605,0.49776,825.3206,0.00183031,12.7756,"Geophysical donor high and surface receiver abstains. A buried structural boundary is one hypothesis; native cover/gradient/slope measurements above are context, not proof.",Basin-fill density boundary or volcanic lithologic contact; gravity and modelled cover may not be independent.,Compare both sides in official high-resolution terrain/geologic mapping and field offset observations. A continuous unfaulted contact would weaken the fault interpretation.,"Unverified candidate; no slip, permeability, temperature or geothermal resource established."
CTD5-A-00460,10,2,1664.8,854.9,328890.0,4342020.0,0.95857,0.55739,738.7628,0.00184434,16.6057,"Geophysical donor high and surface receiver abstains. A buried structural boundary is one hypothesis; native cover/gradient/slope measurements above are context, not proof.",Basin-fill density boundary or volcanic lithologic contact; gravity and modelled cover may not be independent.,Compare both sides in official high-resolution terrain/geologic mapping and field offset observations. A continuous unfaulted contact would weaken the fault interpretation.,"Unverified candidate; no slip, permeability, temperature or geothermal resource established."
CTD5-A-00461,2,1,1667.0,847.5,328150.0,4341800.0,0.9528,0.55138,859.157,0.0016323,11.6723,"Geophysical donor high and surface receiver abstains. A buried structural boundary is one hypothesis; native cover/gradient/slope measurements above are context, not proof.",Basin-fill density boundary or volcanic lithologic contact; gravity and modelled cover may not be independent.,Compare both sides in official high-resolution terrain/geologic mapping and field offset observations. A continuous unfaulted contact would weaken the fault interpretation.,"Unverified candidate; no slip, permeability, temperature or geothermal resource established."
CTD5-A-00462,4,1,1669.25,855.75,328975.0,4341575.0,0.95557,0.48505,770.9355,0.00163574,19.032,"Geophysical donor high and surface receiver abstains. A buried structural boundary is one hypothesis; native cover/gradient/slope measurements above are context, not proof.",Basin-fill density boundary or volcanic lithologic contact; gravity and modelled cover may not be independent.,Compare both sides in official high-resolution terrain/geologic mapping and field offset observations. A continuous unfaulted contact would weaken the fault interpretation.,"Unverified candidate; no slip, permeability, temperature or geothermal resource established."
CTD5-A-00463,9,2,1669.667,1170.333,360433.3,4341533.3,0.96489,0.41418,226.4638,0.00100486,1.4911,"Geophysical donor high and surface receiver abstains. A buried structural boundary is one hypothesis; native cover/gradient/slope measurements above are context, not proof.",Basin-fill density boundary or volcanic lithologic contact; gravity and modelled cover may not be independent.,Compare both sides in official high-resolution terrain/geologic mapping and field offset observations. A continuous unfaulted contact would weaken the fault interpretation.,"Unverified candidate; no slip, permeability, temperature or geothermal resource established."
CTD5-A-00464,10,2,1736.0,789.7,322370.0,4334900.0,0.96298,0.55108,35.5167,0.00298177,1.0017,"Geophysical donor high and surface receiver abstains. A buried structural boundary is one hypothesis; native cover/gradient/slope measurements above are context, not proof.",Basin-fill density boundary or volcanic lithologic contact; gravity and modelled cover may not be independent.,Compare both sides in official high-resolution terrain/geologic mapping and field offset observations. A continuous unfaulted contact would weaken the fault interpretation.,"Unverified candidate; no slip, permeability, temperature or geothermal resource established."
CTD5-A-00465,9,1,1742.333,793.0,322700.0,4334266.7,0.96936,0.55707,35.319,0.00265106,5.9893,"Geophysical donor high and surface receiver abstains. A buried structural boundary is one hypothesis; native cover/gradient/slope measurements above are context, not proof.",Basin-fill density boundary or volcanic lithologic contact; gravity and modelled cover may not be independent.,Compare both sides in official high-resolution terrain/geologic mapping and field offset observations. A continuous unfaulted contact would weaken the fault interpretation.,"Unverified candidate; no slip, permeability, temperature or geothermal resource established."
CTD5-A-00466,4,1,1744.5,790.0,322400.0,4334050.0,0.98228,0.62178,23.7416,0.00221595,1.8676,"Geophysical donor high and surface receiver abstains. A buried structural boundary is one hypothesis; native cover/gradient/slope measurements above are context, not proof.",Basin-fill density boundary or volcanic lithologic contact; gravity and modelled cover may not be independent.,Compare both sides in official high-resolution terrain/geologic mapping and field offset observations. A continuous unfaulted contact would weaken the fault interpretation.,"Unverified candidate; no slip, permeability, temperature or geothermal resource established."
CTD5-A-00467,1,1,1747.0,793.0,322700.0,4333800.0,0.98123,0.6422,25.7874,0.00236797,1.9296,"Geophysical donor high and surface receiver abstains. A buried structural boundary is one hypothesis; native cover/gradient/slope measurements above are context, not proof.",Basin-fill density boundary or volcanic lithologic contact; gravity and modelled cover may not be independent.,Compare both sides in official high-resolution terrain/geologic mapping and field offset observations. A continuous unfaulted contact would weaken the fault interpretation.,"Unverified candidate; no slip, permeability, temperature or geothermal resource established."
CTD5-A-00468,14,1,1749.0,796.0,323000.0,4333600.0,0.96921,0.56762,25.8522,0.00242757,1.2038,"Geophysical donor high and surface receiver abstains. A buried structural boundary is one hypothesis; native cover/gradient/slope measurements above are context, not proof.",Basin-fill density boundary or volcanic lithologic contact; gravity and modelled cover may not be independent.,Compare both sides in official high-resolution terrain/geologic mapping and field offset observations. A continuous unfaulted contact would weaken the fault interpretation.,"Unverified candidate; no slip, permeability, temperature or geothermal resource established."
CTD5-A-00469,18,2,1752.0,782.778,321677.8,4333300.0,0.97924,0.55317,22.0783,0.00074296,12.7783,"Geophysical donor high and surface receiver abstains. A buried structural boundary is one hypothesis; native cover/gradient/slope measurements above are context, not proof.",Basin-fill density boundary or volcanic lithologic contact; gravity and modelled cover may not be independent.,Compare both sides in official high-resolution terrain/geologic mapping and field offset observations. A continuous unfaulted contact would weaken the fault interpretation.,"Unverified candidate; no slip, permeability, temperature or geothermal resource established."
CTD5-A-00470,1,1,1750.0,788.0,322200.0,4333500.0,0.9761,0.64153,16.0128,0.00140833,11.6514,"Geophysical donor high and surface receiver abstains. A buried structural boundary is one hypothesis; native cover/gradient/slope measurements above are context, not proof.",Basin-fill density boundary or volcanic lithologic contact; gravity and modelled cover may not be independent.,Compare both sides in official high-resolution terrain/geologic mapping and field offset observations. A continuous unfaulted contact would weaken the fault interpretation.,"Unverified candidate; no slip, permeability, temperature or geothermal resource established."
CTD5-A-00471,1,1,1758.0,790.0,322400.0,4332700.0,0.95027,0.615,20.1782,0.00131517,3.2317,"Geophysical donor high and surface receiver abstains. A buried structural boundary is one hypothesis; native cover/gradient/slope measurements above are context, not proof.",Basin-fill density boundary or volcanic lithologic contact; gravity and modelled cover may not be independent.,Compare both sides in official high-resolution terrain/geologic mapping and field offset observations. A continuous unfaulted contact would weaken the fault interpretation.,"Unverified candidate; no slip, permeability, temperature or geothermal resource established."
CTD5-A-00472,31,4,1849.677,1439.194,387319.4,4323532.3,0.95475,0.57314,16.1566,0.00132228,9.1138,"Geophysical donor high and surface receiver abstains. A buried structural boundary is one hypothesis; native cover/gradient/slope measurements above are context, not proof.",Basin-fill density boundary or volcanic lithologic contact; gravity and modelled cover may not be independent.,Compare both sides in official high-resolution terrain/geologic mapping and field offset observations. A continuous unfaulted contact would weaken the fault interpretation.,"Unverified candidate; no slip, permeability, temperature or geothermal resource established."
CTD5-A-00473,11,2,1853.636,1446.818,388081.8,4323136.4,0.9575,0.47046,18.7965,0.00131941,23.3008,"Geophysical donor high and surface receiver abstains. A buried structural boundary is one hypothesis; native cover/gradient/slope measurements above are context, not proof.",Basin-fill density boundary or volcanic lithologic contact; gravity and modelled cover may not be independent.,Compare both sides in official high-resolution terrain/geologic mapping and field offset observations. A continuous unfaulted contact would weaken the fault interpretation.,"Unverified candidate; no slip, permeability, temperature or geothermal resource established."
CTD5-A-00474,5,1,1852.8,1451.4,388540.0,4323220.0,0.95239,0.4236,32.8017,0.00159279,13.9719,"Geophysical donor high and surface receiver abstains. A buried structural boundary is one hypothesis; native cover/gradient/slope measurements above are context, not proof.",Basin-fill density boundary or volcanic lithologic contact; gravity and modelled cover may not be independent.,Compare both sides in official high-resolution terrain/geologic mapping and field offset observations. A continuous unfaulted contact would weaken the fault interpretation.,"Unverified candidate; no slip, permeability, temperature or geothermal resource established."
CTD5-A-00475,7,1,1857.429,1447.571,388157.1,4322757.1,0.95891,0.48696,10.4059,0.00113082,10.4288,"Geophysical donor high and surface receiver abstains. A buried structural boundary is one hypothesis; native cover/gradient/slope measurements above are context, not proof.",Basin-fill density boundary or volcanic lithologic contact; gravity and modelled cover may not be independent.,Compare both sides in official high-resolution terrain/geologic mapping and field offset observations. A continuous unfaulted contact would weaken the fault interpretation.,"Unverified candidate; no slip, permeability, temperature or geothermal resource established."
CTD5-A-00476,1,0,1868.0,1479.0,391300.0,4321700.0,0.9503,0.60573,116.9502,0.00199432,2.0999,"Geophysical donor high and surface receiver abstains. A buried structural boundary is one hypothesis; native cover/gradient/slope measurements above are context, not proof.",Basin-fill density boundary or volcanic lithologic contact; gravity and modelled cover may not be independent.,Compare both sides in official high-resolution terrain/geologic mapping and field offset observations. A continuous unfaulted contact would weaken the fault interpretation.,"Unverified candidate; no slip, permeability, temperature or geothermal resource established."
CTD5-A-00477,2,0,1886.0,1635.5,406950.0,4319900.0,0.95143,0.59333,1068.5692,0.005303,3.4107,"Geophysical donor high and surface receiver abstains. A buried structural boundary is one hypothesis; native cover/gradient/slope measurements above are context, not proof.",Basin-fill density boundary or volcanic lithologic contact; gravity and modelled cover may not be independent.,Compare both sides in official high-resolution terrain/geologic mapping and field offset observations. A continuous unfaulted contact would weaken the fault interpretation.,"Unverified candidate; no slip, permeability, temperature or geothermal resource established."
CTD5-A-00478,175,26,1901.731,1634.731,406873.1,4318326.9,0.97396,0.54353,1799.4696,0.0055517,2.2953,"Geophysical donor high and surface receiver abstains. A buried structural boundary is one hypothesis; native cover/gradient/slope measurements above are context, not proof.",Basin-fill density boundary or volcanic lithologic contact; gravity and modelled cover may not be independent.,Compare both sides in official high-resolution terrain/geologic mapping and field offset observations. A continuous unfaulted contact would weaken the fault interpretation.,"Unverified candidate; no slip, permeability, temperature or geothermal resource established."
CTD5-A-00479,9,1,1892.0,1642.778,407677.8,4319300.0,0.97402,0.49765,1777.9056,0.00480683,2.2708,"Geophysical donor high and surface receiver abstains. A buried structural boundary is one hypothesis; native cover/gradient/slope measurements above are context, not proof.",Basin-fill density boundary or volcanic lithologic contact; gravity and modelled cover may not be independent.,Compare both sides in official high-resolution terrain/geologic mapping and field offset observations. A continuous unfaulted contact would weaken the fault interpretation.,"Unverified candidate; no slip, permeability, temperature or geothermal resource established."
CTD5-A-00480,1,1,1891.0,1496.0,393000.0,4319400.0,0.95027,0.53197,200.5925,0.00172309,7.9892,"Geophysical donor high and surface receiver abstains. A buried structural boundary is one hypothesis; native cover/gradient/slope measurements above are context, not proof.",Basin-fill density boundary or volcanic lithologic contact; gravity and modelled cover may not be independent.,Compare both sides in official high-resolution terrain/geologic mapping and field offset observations. A continuous unfaulted contact would weaken the fault interpretation.,"Unverified candidate; no slip, permeability, temperature or geothermal resource established."
CTD5-A-00481,2,0,1893.0,1495.5,392950.0,4319200.0,0.95788,0.57397,185.4096,0.00174214,8.563,"Geophysical donor high and surface receiver abstains. A buried structural boundary is one hypothesis; native cover/gradient/slope measurements above are context, not proof.",Basin-fill density boundary or volcanic lithologic contact; gravity and modelled cover may not be independent.,Compare both sides in official high-resolution terrain/geologic mapping and field offset observations. A continuous unfaulted contact would weaken the fault interpretation.,"Unverified candidate; no slip, permeability, temperature or geothermal resource established."
CTD5-A-00482,159,19,1911.39,1543.686,397768.6,4317361.0,0.96603,0.54649,680.5639,0.00308959,3.08,"Geophysical donor high and surface receiver abstains. A buried structural boundary is one hypothesis; native cover/gradient/slope measurements above are context, not proof.",Basin-fill density boundary or volcanic lithologic contact; gravity and modelled cover may not be independent.,Compare both sides in official high-resolution terrain/geologic mapping and field offset observations. A continuous unfaulted contact would weaken the fault interpretation.,"Unverified candidate; no slip, permeability, temperature or geothermal resource established."
CTD5-A-00483,29,3,1896.172,1484.828,391882.8,4318882.8,0.95856,0.48605,47.4843,0.00151425,13.5078,"Geophysical donor high and surface receiver abstains. A buried structural boundary is one hypothesis; native cover/gradient/slope measurements above are context, not proof.",Basin-fill density boundary or volcanic lithologic contact; gravity and modelled cover may not be independent.,Compare both sides in official high-resolution terrain/geologic mapping and field offset observations. A continuous unfaulted contact would weaken the fault interpretation.,"Unverified candidate; no slip, permeability, temperature or geothermal resource established."
CTD5-A-00484,1,1,1898.0,1480.0,391400.0,4318700.0,0.9527,0.4563,19.6163,0.00138907,18.5449,"Geophysical donor high and surface receiver abstains. A buried structural boundary is one hypothesis; native cover/gradient/slope measurements above are context, not proof.",Basin-fill density boundary or volcanic lithologic contact; gravity and modelled cover may not be independent.,Compare both sides in official high-resolution terrain/geologic mapping and field offset observations. A continuous unfaulted contact would weaken the fault interpretation.,"Unverified candidate; no slip, permeability, temperature or geothermal resource established."
CTD5-A-00485,16,2,1903.438,1494.375,392837.5,4318156.2,0.96852,0.44173,154.5166,0.00182847,9.3142,"Geophysical donor high and surface receiver abstains. A buried structural boundary is one hypothesis; native cover/gradient/slope measurements above are context, not proof.",Basin-fill density boundary or volcanic lithologic contact; gravity and modelled cover may not be independent.,Compare both sides in official high-resolution terrain/geologic mapping and field offset observations. A continuous unfaulted contact would weaken the fault interpretation.,"Unverified candidate; no slip, permeability, temperature or geothermal resource established."
CTD5-A-00486,64,8,1907.0,1486.25,392025.0,4317800.0,0.96168,0.4732,66.7958,0.00170558,15.1219,"Geophysical donor high and surface receiver abstains. A buried structural boundary is one hypothesis; native cover/gradient/slope measurements above are context, not proof.",Basin-fill density boundary or volcanic lithologic contact; gravity and modelled cover may not be independent.,Compare both sides in official high-resolution terrain/geologic mapping and field offset observations. A continuous unfaulted contact would weaken the fault interpretation.,"Unverified candidate; no slip, permeability, temperature or geothermal resource established."
CTD5-A-00487,3,1,1908.333,1512.333,394633.3,4317666.7,0.95664,0.60192,509.7607,0.00305853,3.0464,"Geophysical donor high and surface receiver abstains. A buried structural boundary is one hypothesis; native cover/gradient/slope measurements above are context, not proof.",Basin-fill density boundary or volcanic lithologic contact; gravity and modelled cover may not be independent.,Compare both sides in official high-resolution terrain/geologic mapping and field offset observations. A continuous unfaulted contact would weaken the fault interpretation.,"Unverified candidate; no slip, permeability, temperature or geothermal resource established."
CTD5-A-00488,1,1,1909.0,1420.0,385400.0,4317600.0,0.9561,0.5775,34.2909,0.0017774,2.4077,"Geophysical donor high and surface receiver abstains. A buried structural boundary is one hypothesis; native cover/gradient/slope measurements above are context, not proof.",Basin-fill density boundary or volcanic lithologic contact; gravity and modelled cover may not be independent.,Compare both sides in official high-resolution terrain/geologic mapping and field offset observations. A continuous unfaulted contact would weaken the fault interpretation.,"Unverified candidate; no slip, permeability, temperature or geothermal resource established."
CTD5-A-00489,1,1,1909.0,1521.0,395500.0,4317600.0,0.9672,0.64187,676.6385,0.00264743,2.9733,"Geophysical donor high and surface receiver abstains. A buried structural boundary is one hypothesis; native cover/gradient/slope measurements above are context, not proof.",Basin-fill density boundary or volcanic lithologic contact; gravity and modelled cover may not be independent.,Compare both sides in official high-resolution terrain/geologic mapping and field offset observations. A continuous unfaulted contact would weaken the fault interpretation.,"Unverified candidate; no slip, permeability, temperature or geothermal resource established."
CTD5-A-00490,32,5,1913.188,1417.438,385143.8,4317181.2,0.96779,0.53855,74.2917,0.00294583,3.2072,"Geophysical donor high and surface receiver abstains. A buried structural boundary is one hypothesis; native cover/gradient/slope measurements above are context, not proof.",Basin-fill density boundary or volcanic lithologic contact; gravity and modelled cover may not be independent.,Compare both sides in official high-resolution terrain/geologic mapping and field offset observations. A continuous unfaulted contact would weaken the fault interpretation.,"Unverified candidate; no slip, permeability, temperature or geothermal resource established."
CTD5-A-00491,1,0,1910.0,1519.0,395300.0,4317500.0,0.9558,0.64223,650.6926,0.00280328,2.8182,"Geophysical donor high and surface receiver abstains. A buried structural boundary is one hypothesis; native cover/gradient/slope measurements above are context, not proof.",Basin-fill density boundary or volcanic lithologic contact; gravity and modelled cover may not be independent.,Compare both sides in official high-resolution terrain/geologic mapping and field offset observations. A continuous unfaulted contact would weaken the fault interpretation.,"Unverified candidate; no slip, permeability, temperature or geothermal resource established."
CTD5-A-00492,10,1,1913.3,1492.2,392620.0,4317170.0,0.96529,0.46536,153.4967,0.0022181,17.5794,"Geophysical donor high and surface receiver abstains. A buried structural boundary is one hypothesis; native cover/gradient/slope measurements above are context, not proof.",Basin-fill density boundary or volcanic lithologic contact; gravity and modelled cover may not be independent.,Compare both sides in official high-resolution terrain/geologic mapping and field offset observations. A continuous unfaulted contact would weaken the fault interpretation.,"Unverified candidate; no slip, permeability, temperature or geothermal resource established."
CTD5-A-00493,137,17,1921.81,1522.92,395692.0,4316319.0,0.96784,0.50844,867.31,0.00223917,2.1161,"Geophysical donor high and surface receiver abstains. A buried structural boundary is one hypothesis; native cover/gradient/slope measurements above are context, not proof.",Basin-fill density boundary or volcanic lithologic contact; gravity and modelled cover may not be independent.,Compare both sides in official high-resolution terrain/geologic mapping and field offset observations. A continuous unfaulted contact would weaken the fault interpretation.,"Unverified candidate; no slip, permeability, temperature or geothermal resource established."
CTD5-A-00494,3,1,1913.333,1503.333,393733.3,4317166.7,0.96617,0.5936,338.3689,0.00296416,2.9179,"Geophysical donor high and surface receiver abstains. A buried structural boundary is one hypothesis; native cover/gradient/slope measurements above are context, not proof.",Basin-fill density boundary or volcanic lithologic contact; gravity and modelled cover may not be independent.,Compare both sides in official high-resolution terrain/geologic mapping and field offset observations. A continuous unfaulted contact would weaken the fault interpretation.,"Unverified candidate; no slip, permeability, temperature or geothermal resource established."
CTD5-A-00495,1,1,1915.0,1628.0,406200.0,4317000.0,0.9625,0.62953,1906.8381,0.00622691,1.9734,"Geophysical donor high and surface receiver abstains. A buried structural boundary is one hypothesis; native cover/gradient/slope measurements above are context, not proof.",Basin-fill density boundary or volcanic lithologic contact; gravity and modelled cover may not be independent.,Compare both sides in official high-resolution terrain/geologic mapping and field offset observations. A continuous unfaulted contact would weaken the fault interpretation.,"Unverified candidate; no slip, permeability, temperature or geothermal resource established."
CTD5-A-00496,7,1,1916.571,1415.429,384942.9,4316842.9,0.95123,0.54737,105.8702,0.00349947,3.3156,"Geophysical donor high and surface receiver abstains. A buried structural boundary is one hypothesis; native cover/gradient/slope measurements above are context, not proof.",Basin-fill density boundary or volcanic lithologic contact; gravity and modelled cover may not be independent.,Compare both sides in official high-resolution terrain/geologic mapping and field offset observations. A continuous unfaulted contact would weaken the fault interpretation.,"Unverified candidate; no slip, permeability, temperature or geothermal resource established."
CTD5-A-00497,2,1,1916.0,1604.5,403850.0,4316900.0,0.96128,0.46505,596.8026,0.00408758,15.8071,"Geophysical donor high and surface receiver abstains. A buried structural boundary is one hypothesis; native cover/gradient/slope measurements above are context, not proof.",Basin-fill density boundary or volcanic lithologic contact; gravity and modelled cover may not be independent.,Compare both sides in official high-resolution terrain/geologic mapping and field offset observations. A continuous unfaulted contact would weaken the fault interpretation.,"Unverified candidate; no slip, permeability, temperature or geothermal resource established."
CTD5-A-00498,5,1,1919.0,1608.0,404200.0,4316600.0,0.96988,0.47659,782.4857,0.00455363,28.641,"Geophysical donor high and surface receiver abstains. A buried structural boundary is one hypothesis; native cover/gradient/slope measurements above are context, not proof.",Basin-fill density boundary or volcanic lithologic contact; gravity and modelled cover may not be independent.,Compare both sides in official high-resolution terrain/geologic mapping and field offset observations. A continuous unfaulted contact would weaken the fault interpretation.,"Unverified candidate; no slip, permeability, temperature or geothermal resource established."
CTD5-A-00499,10,2,1919.3,1626.9,406090.0,4316570.0,0.95837,0.58866,1957.7842,0.00605205,2.8244,"Geophysical donor high and surface receiver abstains. A buried structural boundary is one hypothesis; native cover/gradient/slope measurements above are context, not proof.",Basin-fill density boundary or volcanic lithologic contact; gravity and modelled cover may not be independent.,Compare both sides in official high-resolution terrain/geologic mapping and field offset observations. A continuous unfaulted contact would weaken the fault interpretation.,"Unverified candidate; no slip, permeability, temperature or geothermal resource established."
CTD5-A-00500,9,2,1920.0,1460.556,389455.6,4316500.0,0.95762,0.58212,51.3337,0.00190723,16.5545,"Geophysical donor high and surface receiver abstains. A buried structural boundary is one hypothesis; native cover/gradient/slope measurements above are context, not proof.",Basin-fill density boundary or volcanic lithologic contact; gravity and modelled cover may not be independent.,Compare both sides in official high-resolution terrain/geologic mapping and field offset observations. A continuous unfaulted contact would weaken the fault interpretation.,"Unverified candidate; no slip, permeability, temperature or geothermal resource established."
CTD5-A-00501,91,10,1929.187,1470.374,390437.4,4315581.3,0.965,0.50416,77.9542,0.00183643,3.116,"Geophysical donor high and surface receiver abstains. A buried structural boundary is one hypothesis; native cover/gradient/slope measurements above are context, not proof.",Basin-fill density boundary or volcanic lithologic contact; gravity and modelled cover may not be independent.,Compare both sides in official high-resolution terrain/geologic mapping and field offset observations. A continuous unfaulted contact would weaken the fault interpretation.,"Unverified candidate; no slip, permeability, temperature or geothermal resource established."
CTD5-A-00502,265,36,1933.532,1536.117,397011.7,4315146.8,0.96625,0.48764,1017.8604,0.00235146,1.7576,"Geophysical donor high and surface receiver abstains. A buried structural boundary is one hypothesis; native cover/gradient/slope measurements above are context, not proof.",Basin-fill density boundary or volcanic lithologic contact; gravity and modelled cover may not be independent.,Compare both sides in official high-resolution terrain/geologic mapping and field offset observations. A continuous unfaulted contact would weaken the fault interpretation.,"Unverified candidate; no slip, permeability, temperature or geothermal resource established."
CTD5-A-00503,1,1,1918.0,1601.0,403500.0,4316700.0,0.9526,0.35643,516.0138,0.00401125,25.0567,"Geophysical donor high and surface receiver abstains. A buried structural boundary is one hypothesis; native cover/gradient/slope measurements above are context, not proof.",Basin-fill density boundary or volcanic lithologic contact; gravity and modelled cover may not be independent.,Compare both sides in official high-resolution terrain/geologic mapping and field offset observations. A continuous unfaulted contact would weaken the fault interpretation.,"Unverified candidate; no slip, permeability, temperature or geothermal resource established."
CTD5-A-00504,2,1,1919.0,1393.5,382750.0,4316600.0,0.957,0.6487,280.814,0.00321115,3.32,"Geophysical donor high and surface receiver abstains. A buried structural boundary is one hypothesis; native cover/gradient/slope measurements above are context, not proof.",Basin-fill density boundary or volcanic lithologic contact; gravity and modelled cover may not be independent.,Compare both sides in official high-resolution terrain/geologic mapping and field offset observations. A continuous unfaulted contact would weaken the fault interpretation.,"Unverified candidate; no slip, permeability, temperature or geothermal resource established."
CTD5-A-00505,607,66,1938.83,1427.804,386180.4,4314617.0,0.97743,0.51607,397.4213,0.00412895,2.178,"Geophysical donor high and surface receiver abstains. A buried structural boundary is one hypothesis; native cover/gradient/slope measurements above are context, not proof.",Basin-fill density boundary or volcanic lithologic contact; gravity and modelled cover may not be independent.,Compare both sides in official high-resolution terrain/geologic mapping and field offset observations. A continuous unfaulted contact would weaken the fault interpretation.,"Unverified candidate; no slip, permeability, temperature or geothermal resource established."
CTD5-A-00506,4,1,1919.5,1446.0,388000.0,4316550.0,0.97123,0.4748,82.9158,0.00175422,14.916,"Geophysical donor high and surface receiver abstains. A buried structural boundary is one hypothesis; native cover/gradient/slope measurements above are context, not proof.",Basin-fill density boundary or volcanic lithologic contact; gravity and modelled cover may not be independent.,Compare both sides in official high-resolution terrain/geologic mapping and field offset observations. A continuous unfaulted contact would weaken the fault interpretation.,"Unverified candidate; no slip, permeability, temperature or geothermal resource established."
CTD5-A-00507,1,1,1920.0,1396.0,383000.0,4316500.0,0.9548,0.60837,274.6024,0.00320264,4.099,"Geophysical donor high and surface receiver abstains. A buried structural boundary is one hypothesis; native cover/gradient/slope measurements above are context, not proof.",Basin-fill density boundary or volcanic lithologic contact; gravity and modelled cover may not be independent.,Compare both sides in official high-resolution terrain/geologic mapping and field offset observations. A continuous unfaulted contact would weaken the fault interpretation.,"Unverified candidate; no slip, permeability, temperature or geothermal resource established."
CTD5-A-00508,3,1,1921.0,1399.667,383366.7,4316400.0,0.96264,0.60243,253.6971,0.00321509,2.5889,"Geophysical donor high and surface receiver abstains. A buried structural boundary is one hypothesis; native cover/gradient/slope measurements above are context, not proof.",Basin-fill density boundary or volcanic lithologic contact; gravity and modelled cover may not be independent.,Compare both sides in official high-resolution terrain/geologic mapping and field offset observations. A continuous unfaulted contact would weaken the fault interpretation.,"Unverified candidate; no slip, permeability, temperature or geothermal resource established."
CTD5-A-00509,2,0,1920.5,1632.5,406650.0,4316450.0,0.96023,0.41122,2469.7122,0.00563707,2.2714,"Geophysical donor high and surface receiver abstains. A buried structural boundary is one hypothesis; native cover/gradient/slope measurements above are context, not proof.",Basin-fill density boundary or volcanic lithologic contact; gravity and modelled cover may not be independent.,Compare both sides in official high-resolution terrain/geologic mapping and field offset observations. A continuous unfaulted contact would weaken the fault interpretation.,"Unverified candidate; no slip, permeability, temperature or geothermal resource established."
CTD5-A-00510,1,1,1921.0,1421.0,385500.0,4316400.0,0.9892,0.55797,175.7386,0.00394936,2.3262,"Geophysical donor high and surface receiver abstains. A buried structural boundary is one hypothesis; native cover/gradient/slope measurements above are context, not proof.",Basin-fill density boundary or volcanic lithologic contact; gravity and modelled cover may not be independent.,Compare both sides in official high-resolution terrain/geologic mapping and field offset observations. A continuous unfaulted contact would weaken the fault interpretation.,"Unverified candidate; no slip, permeability, temperature or geothermal resource established."
CTD5-A-00511,1,1,1921.0,1449.0,388300.0,4316400.0,0.97083,0.46493,87.1697,0.00203224,17.0133,"Geophysical donor high and surface receiver abstains. A buried structural boundary is one hypothesis; native cover/gradient/slope measurements above are context, not proof.",Basin-fill density boundary or volcanic lithologic contact; gravity and modelled cover may not be independent.,Compare both sides in official high-resolution terrain/geologic mapping and field offset observations. A continuous unfaulted contact would weaken the fault interpretation.,"Unverified candidate; no slip, permeability, temperature or geothermal resource established."
CTD5-A-00512,1,1,1922.0,1393.0,382700.0,4316300.0,0.957,0.6124,353.0852,0.00324437,2.3644,"Geophysical donor high and surface receiver abstains. A buried structural boundary is one hypothesis; native cover/gradient/slope measurements above are context, not proof.",Basin-fill density boundary or volcanic lithologic contact; gravity and modelled cover may not be independent.,Compare both sides in official high-resolution terrain/geologic mapping and field offset observations. A continuous unfaulted contact would weaken the fault interpretation.,"Unverified candidate; no slip, permeability, temperature or geothermal resource established."
CTD5-A-00513,1,1,1923.0,1396.0,383000.0,4316200.0,0.95113,0.62037,339.0928,0.00321226,4.0151,"Geophysical donor high and surface receiver abstains. A buried structural boundary is one hypothesis; native cover/gradient/slope measurements above are context, not proof.",Basin-fill density boundary or volcanic lithologic contact; gravity and modelled cover may not be independent.,Compare both sides in official high-resolution terrain/geologic mapping and field offset observations. A continuous unfaulted contact would weaken the fault interpretation.,"Unverified candidate; no slip, permeability, temperature or geothermal resource established."
CTD5-A-00514,1,1,1923.0,1417.0,385100.0,4316200.0,0.97903,0.6492,209.7451,0.00418587,3.2421,"Geophysical donor high and surface receiver abstains. A buried structural boundary is one hypothesis; native cover/gradient/slope measurements above are context, not proof.",Basin-fill density boundary or volcanic lithologic contact; gravity and modelled cover may not be independent.,Compare both sides in official high-resolution terrain/geologic mapping and field offset observations. A continuous unfaulted contact would weaken the fault interpretation.,"Unverified candidate; no slip, permeability, temperature or geothermal resource established."
CTD5-A-00515,1,0,1923.0,1530.0,396400.0,4316200.0,0.95833,0.6261,934.6222,0.00128391,2.525,"Geophysical donor high and surface receiver abstains. A buried structural boundary is one hypothesis; native cover/gradient/slope measurements above are context, not proof.",Basin-fill density boundary or volcanic lithologic contact; gravity and modelled cover may not be independent.,Compare both sides in official high-resolution terrain/geologic mapping and field offset observations. A continuous unfaulted contact would weaken the fault interpretation.,"Unverified candidate; no slip, permeability, temperature or geothermal resource established."
CTD5-A-00516,52,10,1929.058,1601.75,403575.0,4315594.2,0.982,0.48474,561.8796,0.00513788,14.0179,"Geophysical donor high and surface receiver abstains. A buried structural boundary is one hypothesis; native cover/gradient/slope measurements above are context, not proof.",Basin-fill density boundary or volcanic lithologic contact; gravity and modelled cover may not be independent.,Compare both sides in official high-resolution terrain/geologic mapping and field offset observations. A continuous unfaulted contact would weaken the fault interpretation.,"Unverified candidate; no slip, permeability, temperature or geothermal resource established."
CTD5-A-00517,2,1,1923.5,1610.0,404400.0,4316150.0,0.97492,0.39762,919.2839,0.00505587,27.1647,"Geophysical donor high and surface receiver abstains. A buried structural boundary is one hypothesis; native cover/gradient/slope measurements above are context, not proof.",Basin-fill density boundary or volcanic lithologic contact; gravity and modelled cover may not be independent.,Compare both sides in official high-resolution terrain/geologic mapping and field offset observations. A continuous unfaulted contact would weaken the fault interpretation.,"Unverified candidate; no slip, permeability, temperature or geothermal resource established."
CTD5-A-00518,6,2,1925.833,1607.833,404183.3,4315916.7,0.96956,0.42074,824.8886,0.00519174,21.5288,"Geophysical donor high and surface receiver abstains. A buried structural boundary is one hypothesis; native cover/gradient/slope measurements above are context, not proof.",Basin-fill density boundary or volcanic lithologic contact; gravity and modelled cover may not be independent.,Compare both sides in official high-resolution terrain/geologic mapping and field offset observations. A continuous unfaulted contact would weaken the fault interpretation.,"Unverified candidate; no slip, permeability, temperature or geothermal resource established."
CTD5-A-00519,1,0,1925.0,1474.0,390800.0,4316000.0,0.95367,0.64713,56.3899,0.00175801,3.9272,"Geophysical donor high and surface receiver abstains. A buried structural boundary is one hypothesis; native cover/gradient/slope measurements above are context, not proof.",Basin-fill density boundary or volcanic lithologic contact; gravity and modelled cover may not be independent.,Compare both sides in official high-resolution terrain/geologic mapping and field offset observations. A continuous unfaulted contact would weaken the fault interpretation.,"Unverified candidate; no slip, permeability, temperature or geothermal resource established."
CTD5-A-00520,1,0,1925.0,1542.0,397600.0,4316000.0,0.95397,0.57247,865.9553,0.00245459,2.2492,"Geophysical donor high and surface receiver abstains. A buried structural boundary is one hypothesis; native cover/gradient/slope measurements above are context, not proof.",Basin-fill density boundary or volcanic lithologic contact; gravity and modelled cover may not be independent.,Compare both sides in official high-resolution terrain/geologic mapping and field offset observations. A continuous unfaulted contact would weaken the fault interpretation.,"Unverified candidate; no slip, permeability, temperature or geothermal resource established."
CTD5-A-00521,1,0,1926.0,1398.0,383200.0,4315900.0,0.9524,0.55897,378.03,0.00321586,1.6773,"Geophysical donor high and surface receiver abstains. A buried structural boundary is one hypothesis; native cover/gradient/slope measurements above are context, not proof.",Basin-fill density boundary or volcanic lithologic contact; gravity and modelled cover may not be independent.,Compare both sides in official high-resolution terrain/geologic mapping and field offset observations. A continuous unfaulted contact would weaken the fault interpretation.,"Unverified candidate; no slip, permeability, temperature or geothermal resource established."
CTD5-A-00522,13,2,1928.077,1429.308,386330.8,4315692.3,0.99053,0.59764,258.4796,0.00595208,2.8105,"Geophysical donor high and surface receiver abstains. A buried structural boundary is one hypothesis; native cover/gradient/slope measurements above are context, not proof.",Basin-fill density boundary or volcanic lithologic contact; gravity and modelled cover may not be independent.,Compare both sides in official high-resolution terrain/geologic mapping and field offset observations. A continuous unfaulted contact would weaken the fault interpretation.,"Unverified candidate; no slip, permeability, temperature or geothermal resource established."
CTD5-A-00523,4,1,1928.5,1400.75,383475.0,4315650.0,0.95511,0.58448,395.8846,0.00332343,2.7122,"Geophysical donor high and surface receiver abstains. A buried structural boundary is one hypothesis; native cover/gradient/slope measurements above are context, not proof.",Basin-fill density boundary or volcanic lithologic contact; gravity and modelled cover may not be independent.,Compare both sides in official high-resolution terrain/geologic mapping and field offset observations. A continuous unfaulted contact would weaken the fault interpretation.,"Unverified candidate; no slip, permeability, temperature or geothermal resource established."
CTD5-A-00524,3,1,1929.667,1457.333,389133.3,4315533.3,0.95117,0.58436,116.9974,0.00258186,2.8255,"Geophysical donor high and surface receiver abstains. A buried structural boundary is one hypothesis; native cover/gradient/slope measurements above are context, not proof.",Basin-fill density boundary or volcanic lithologic contact; gravity and modelled cover may not be independent.,Compare both sides in official high-resolution terrain/geologic mapping and field offset observations. A continuous unfaulted contact would weaken the fault interpretation.,"Unverified candidate; no slip, permeability, temperature or geothermal resource established."
CTD5-A-00525,4,1,1930.0,1588.5,402250.0,4315500.0,0.95924,0.41917,192.7831,0.00307542,9.1477,"Geophysical donor high and surface receiver abstains. A buried structural boundary is one hypothesis; native cover/gradient/slope measurements above are context, not proof.",Basin-fill density boundary or volcanic lithologic contact; gravity and modelled cover may not be independent.,Compare both sides in official high-resolution terrain/geologic mapping and field offset observations. A continuous unfaulted contact would weaken the fault interpretation.,"Unverified candidate; no slip, permeability, temperature or geothermal resource established."
CTD5-A-00526,1,1,1929.0,1620.0,405400.0,4315600.0,0.98027,0.60707,1611.6854,0.00580953,3.2997,"Geophysical donor high and surface receiver abstains. A buried structural boundary is one hypothesis; native cover/gradient/slope measurements above are context, not proof.",Basin-fill density boundary or volcanic lithologic contact; gravity and modelled cover may not be independent.,Compare both sides in official high-resolution terrain/geologic mapping and field offset observations. A continuous unfaulted contact would weaken the fault interpretation.,"Unverified candidate; no slip, permeability, temperature or geothermal resource established."
CTD5-A-00527,8,1,1930.5,1627.5,406150.0,4315450.0,0.95101,0.53072,2210.1025,0.00547109,2.2686,"Geophysical donor high and surface receiver abstains. A buried structural boundary is one hypothesis; native cover/gradient/slope measurements above are context, not proof.",Basin-fill density boundary or volcanic lithologic contact; gravity and modelled cover may not be independent.,Compare both sides in official high-resolution terrain/geologic mapping and field offset observations. A continuous unfaulted contact would weaken the fault interpretation.,"Unverified candidate; no slip, permeability, temperature or geothermal resource established."
CTD5-A-00528,5,1,1930.4,1422.0,385600.0,4315460.0,0.98968,0.60247,355.1208,0.00603596,2.312,"Geophysical donor high and surface receiver abstains. A buried structural boundary is one hypothesis; native cover/gradient/slope measurements above are context, not proof.",Basin-fill density boundary or volcanic lithologic contact; gravity and modelled cover may not be independent.,Compare both sides in official high-resolution terrain/geologic mapping and field offset observations. A continuous unfaulted contact would weaken the fault interpretation.,"Unverified candidate; no slip, permeability, temperature or geothermal resource established."
CTD5-A-00529,1,1,1930.0,1426.0,386000.0,4315500.0,0.97773,0.6213,324.2841,0.00689329,2.4878,"Geophysical donor high and surface receiver abstains. A buried structural boundary is one hypothesis; native cover/gradient/slope measurements above are context, not proof.",Basin-fill density boundary or volcanic lithologic contact; gravity and modelled cover may not be independent.,Compare both sides in official high-resolution terrain/geologic mapping and field offset observations. A continuous unfaulted contact would weaken the fault interpretation.,"Unverified candidate; no slip, permeability, temperature or geothermal resource established."
CTD5-A-00530,4,1,1930.5,1454.5,388850.0,4315450.0,0.97758,0.62881,134.4384,0.00288785,3.1685,"Geophysical donor high and surface receiver abstains. A buried structural boundary is one hypothesis; native cover/gradient/slope measurements above are context, not proof.",Basin-fill density boundary or volcanic lithologic contact; gravity and modelled cover may not be independent.,Compare both sides in official high-resolution terrain/geologic mapping and field offset observations. A continuous unfaulted contact would weaken the fault interpretation.,"Unverified candidate; no slip, permeability, temperature or geothermal resource established."
CTD5-A-00531,1,1,1933.0,1588.0,402200.0,4315200.0,0.962,0.39853,176.4894,0.00305524,9.4509,"Geophysical donor high and surface receiver abstains. A buried structural boundary is one hypothesis; native cover/gradient/slope measurements above are context, not proof.",Basin-fill density boundary or volcanic lithologic contact; gravity and modelled cover may not be independent.,Compare both sides in official high-resolution terrain/geologic mapping and field offset observations. A continuous unfaulted contact would weaken the fault interpretation.,"Unverified candidate; no slip, permeability, temperature or geothermal resource established."
CTD5-A-00532,4,1,1935.25,1617.75,405175.0,4314975.0,0.95876,0.57589,1418.9728,0.00607952,2.7882,"Geophysical donor high and surface receiver abstains. A buried structural boundary is one hypothesis; native cover/gradient/slope measurements above are context, not proof.",Basin-fill density boundary or volcanic lithologic contact; gravity and modelled cover may not be independent.,Compare both sides in official high-resolution terrain/geologic mapping and field offset observations. A continuous unfaulted contact would weaken the fault interpretation.,"Unverified candidate; no slip, permeability, temperature or geothermal resource established."
CTD5-A-00533,6,2,1937.833,1555.667,398966.7,4314716.7,0.96023,0.45378,586.0571,0.00479883,3.2564,"Geophysical donor high and surface receiver abstains. A buried structural boundary is one hypothesis; native cover/gradient/slope measurements above are context, not proof.",Basin-fill density boundary or volcanic lithologic contact; gravity and modelled cover may not be independent.,Compare both sides in official high-resolution terrain/geologic mapping and field offset observations. A continuous unfaulted contact would weaken the fault interpretation.,"Unverified candidate; no slip, permeability, temperature or geothermal resource established."
CTD5-A-00534,3,1,1937.0,1453.0,388700.0,4314800.0,0.97963,0.57999,191.205,0.00318374,2.5755,"Geophysical donor high and surface receiver abstains. A buried structural boundary is one hypothesis; native cover/gradient/slope measurements above are context, not proof.",Basin-fill density boundary or volcanic lithologic contact; gravity and modelled cover may not be independent.,Compare both sides in official high-resolution terrain/geologic mapping and field offset observations. A continuous unfaulted contact would weaken the fault interpretation.,"Unverified candidate; no slip, permeability, temperature or geothermal resource established."
CTD5-A-00535,2,1,1937.0,1490.5,392450.0,4314800.0,0.95662,0.44748,276.3988,0.00313784,1.955,"Geophysical donor high and surface receiver abstains. A buried structural boundary is one hypothesis; native cover/gradient/slope measurements above are context, not proof.",Basin-fill density boundary or volcanic lithologic contact; gravity and modelled cover may not be independent.,Compare both sides in official high-resolution terrain/geologic mapping and field offset observations. A continuous unfaulted contact would weaken the fault interpretation.,"Unverified candidate; no slip, permeability, temperature or geothermal resource established."
CTD5-A-00536,2,0,1939.0,1454.5,388850.0,4314600.0,0.96632,0.60732,198.5473,0.0029932,3.2469,"Geophysical donor high and surface receiver abstains. A buried structural boundary is one hypothesis; native cover/gradient/slope measurements above are context, not proof.",Basin-fill density boundary or volcanic lithologic contact; gravity and modelled cover may not be independent.,Compare both sides in official high-resolution terrain/geologic mapping and field offset observations. A continuous unfaulted contact would weaken the fault interpretation.,"Unverified candidate; no slip, permeability, temperature or geothermal resource established."
CTD5-A-00537,1,1,1939.0,1597.0,403100.0,4314600.0,0.9941,0.6028,346.2875,0.00534564,26.7737,"Geophysical donor high and surface receiver abstains. A buried structural boundary is one hypothesis; native cover/gradient/slope measurements above are context, not proof.",Basin-fill density boundary or volcanic lithologic contact; gravity and modelled cover may not be independent.,Compare both sides in official high-resolution terrain/geologic mapping and field offset observations. A continuous unfaulted contact would weaken the fault interpretation.,"Unverified candidate; no slip, permeability, temperature or geothermal resource established."
CTD5-A-00538,3,1,1941.0,1449.333,388333.3,4314400.0,0.99466,0.50596,263.77,0.00355163,2.1126,"Geophysical donor high and surface receiver abstains. A buried structural boundary is one hypothesis; native cover/gradient/slope measurements above are context, not proof.",Basin-fill density boundary or volcanic lithologic contact; gravity and modelled cover may not be independent.,Compare both sides in official high-resolution terrain/geologic mapping and field offset observations. A continuous unfaulted contact would weaken the fault interpretation.,"Unverified candidate; no slip, permeability, temperature or geothermal resource established."
CTD5-A-00539,1,1,1940.0,1489.0,392300.0,4314500.0,0.95153,0.56503,285.889,0.00321209,1.6468,"Geophysical donor high and surface receiver abstains. A buried structural boundary is one hypothesis; native cover/gradient/slope measurements above are context, not proof.",Basin-fill density boundary or volcanic lithologic contact; gravity and modelled cover may not be independent.,Compare both sides in official high-resolution terrain/geologic mapping and field offset observations. A continuous unfaulted contact would weaken the fault interpretation.,"Unverified candidate; no slip, permeability, temperature or geothermal resource established."
CTD5-A-00540,26,5,1944.423,1526.538,396053.8,4314057.7,0.95479,0.48059,1338.2001,0.00088234,1.1451,"Geophysical donor high and surface receiver abstains. A buried structural boundary is one hypothesis; native cover/gradient/slope measurements above are context, not proof.",Basin-fill density boundary or volcanic lithologic contact; gravity and modelled cover may not be independent.,Compare both sides in official high-resolution terrain/geologic mapping and field offset observations. A continuous unfaulted contact would weaken the fault interpretation.,"Unverified candidate; no slip, permeability, temperature or geothermal resource established."
CTD5-A-00541,15,2,1945.0,1591.667,402566.7,4314000.0,0.98187,0.48083,201.7393,0.00369611,22.7494,"Geophysical donor high and surface receiver abstains. A buried structural boundary is one hypothesis; native cover/gradient/slope measurements above are context, not proof.",Basin-fill density boundary or volcanic lithologic contact; gravity and modelled cover may not be independent.,Compare both sides in official high-resolution terrain/geologic mapping and field offset observations. A continuous unfaulted contact would weaken the fault interpretation.,"Unverified candidate; no slip, permeability, temperature or geothermal resource established."
CTD5-A-00542,4,1,1941.75,1452.0,388600.0,4314325.0,0.98575,0.58596,249.9125,0.00323536,2.4299,"Geophysical donor high and surface receiver abstains. A buried structural boundary is one hypothesis; native cover/gradient/slope measurements above are context, not proof.",Basin-fill density boundary or volcanic lithologic contact; gravity and modelled cover may not be independent.,Compare both sides in official high-resolution terrain/geologic mapping and field offset observations. A continuous unfaulted contact would weaken the fault interpretation.,"Unverified candidate; no slip, permeability, temperature or geothermal resource established."
CTD5-A-00543,1,1,1941.0,1455.0,388900.0,4314400.0,0.9721,0.60863,217.1994,0.0029247,2.717,"Geophysical donor high and surface receiver abstains. A buried structural boundary is one hypothesis; native cover/gradient/slope measurements above are context, not proof.",Basin-fill density boundary or volcanic lithologic contact; gravity and modelled cover may not be independent.,Compare both sides in official high-resolution terrain/geologic mapping and field offset observations. A continuous unfaulted contact would weaken the fault interpretation.,"Unverified candidate; no slip, permeability, temperature or geothermal resource established."
CTD5-A-00544,8,1,1943.625,1519.625,395362.5,4314137.5,0.95539,0.42022,1243.9678,0.00178625,1.4865,"Geophysical donor high and surface receiver abstains. A buried structural boundary is one hypothesis; native cover/gradient/slope measurements above are context, not proof.",Basin-fill density boundary or volcanic lithologic contact; gravity and modelled cover may not be independent.,Compare both sides in official high-resolution terrain/geologic mapping and field offset observations. A continuous unfaulted contact would weaken the fault interpretation.,"Unverified candidate; no slip, permeability, temperature or geothermal resource established."
CTD5-A-00545,2,1,1942.5,1555.0,398900.0,4314250.0,0.96247,0.46662,612.2804,0.00524737,3.6046,"Geophysical donor high and surface receiver abstains. A buried structural boundary is one hypothesis; native cover/gradient/slope measurements above are context, not proof.",Basin-fill density boundary or volcanic lithologic contact; gravity and modelled cover may not be independent.,Compare both sides in official high-resolution terrain/geologic mapping and field offset observations. A continuous unfaulted contact would weaken the fault interpretation.,"Unverified candidate; no slip, permeability, temperature or geothermal resource established."
CTD5-A-00546,1,0,1945.0,1407.0,384100.0,4314000.0,0.957,0.64107,708.4108,0.00274673,2.189,"Geophysical donor high and surface receiver abstains. A buried structural boundary is one hypothesis; native cover/gradient/slope measurements above are context, not proof.",Basin-fill density boundary or volcanic lithologic contact; gravity and modelled cover may not be independent.,Compare both sides in official high-resolution terrain/geologic mapping and field offset observations. A continuous unfaulted contact would weaken the fault interpretation.,"Unverified candidate; no slip, permeability, temperature or geothermal resource established."
CTD5-A-00547,3,1,1945.333,1467.333,390133.3,4313966.7,0.95572,0.47983,180.3047,0.00209596,1.8675,"Geophysical donor high and surface receiver abstains. A buried structural boundary is one hypothesis; native cover/gradient/slope measurements above are context, not proof.",Basin-fill density boundary or volcanic lithologic contact; gravity and modelled cover may not be independent.,Compare both sides in official high-resolution terrain/geologic mapping and field offset observations. A continuous unfaulted contact would weaken the fault interpretation.,"Unverified candidate; no slip, permeability, temperature or geothermal resource established."
CTD5-A-00548,1,1,1945.0,1471.0,390500.0,4314000.0,0.95453,0.37293,164.5773,0.00199211,1.7435,"Geophysical donor high and surface receiver abstains. A buried structural boundary is one hypothesis; native cover/gradient/slope measurements above are context, not proof.",Basin-fill density boundary or volcanic lithologic contact; gravity and modelled cover may not be independent.,Compare both sides in official high-resolution terrain/geologic mapping and field offset observations. A continuous unfaulted contact would weaken the fault interpretation.,"Unverified candidate; no slip, permeability, temperature or geothermal resource established."
CTD5-A-00549,1,1,1946.0,1461.0,389500.0,4313900.0,0.9641,0.63717,222.3042,0.00248168,2.2667,"Geophysical donor high and surface receiver abstains. A buried structural boundary is one hypothesis; native cover/gradient/slope measurements above are context, not proof.",Basin-fill density boundary or volcanic lithologic contact; gravity and modelled cover may not be independent.,Compare both sides in official high-resolution terrain/geologic mapping and field offset observations. A continuous unfaulted contact would weaken the fault interpretation.,"Unverified candidate; no slip, permeability, temperature or geothermal resource established."
CTD5-A-00550,1,0,1947.0,1463.0,389700.0,4313800.0,0.962,0.61283,214.8372,0.0023601,1.9948,"Geophysical donor high and surface receiver abstains. A buried structural boundary is one hypothesis; native cover/gradient/slope measurements above are context, not proof.",Basin-fill density boundary or volcanic lithologic contact; gravity and modelled cover may not be independent.,Compare both sides in official high-resolution terrain/geologic mapping and field offset observations. A continuous unfaulted contact would weaken the fault interpretation.,"Unverified candidate; no slip, permeability, temperature or geothermal resource established."
CTD5-A-00551,1,0,1947.0,1473.0,390700.0,4313800.0,0.9512,0.35237,174.8204,0.00206685,1.5988,"Geophysical donor high and surface receiver abstains. A buried structural boundary is one hypothesis; native cover/gradient/slope measurements above are context, not proof.",Basin-fill density boundary or volcanic lithologic contact; gravity and modelled cover may not be independent.,Compare both sides in official high-resolution terrain/geologic mapping and field offset observations. A continuous unfaulted contact would weaken the fault interpretation.,"Unverified candidate; no slip, permeability, temperature or geothermal resource established."
CTD5-A-00552,32,4,1951.938,1538.25,397225.0,4313306.2,0.98047,0.40047,1198.7415,0.00405505,1.0646,"Geophysical donor high and surface receiver abstains. A buried structural boundary is one hypothesis; native cover/gradient/slope measurements above are context, not proof.",Basin-fill density boundary or volcanic lithologic contact; gravity and modelled cover may not be independent.,Compare both sides in official high-resolution terrain/geologic mapping and field offset observations. A continuous unfaulted contact would weaken the fault interpretation.,"Unverified candidate; no slip, permeability, temperature or geothermal resource established."
CTD5-A-00553,214,22,1961.238,1255.435,368943.5,4312376.2,0.96492,0.48972,266.0598,0.00320023,1.5021,"Geophysical donor high and surface receiver abstains. A buried structural boundary is one hypothesis; native cover/gradient/slope measurements above are context, not proof.",Basin-fill density boundary or volcanic lithologic contact; gravity and modelled cover may not be independent.,Compare both sides in official high-resolution terrain/geologic mapping and field offset observations. A continuous unfaulted contact would weaken the fault interpretation.,"Unverified candidate; no slip, permeability, temperature or geothermal resource established."
CTD5-A-00554,1,0,1950.0,1588.0,402200.0,4313500.0,0.95217,0.40887,140.7492,0.00297137,21.8591,"Geophysical donor high and surface receiver abstains. A buried structural boundary is one hypothesis; native cover/gradient/slope measurements above are context, not proof.",Basin-fill density boundary or volcanic lithologic contact; gravity and modelled cover may not be independent.,Compare both sides in official high-resolution terrain/geologic mapping and field offset observations. A continuous unfaulted contact would weaken the fault interpretation.,"Unverified candidate; no slip, permeability, temperature or geothermal resource established."
CTD5-A-00555,2,1,1951.0,1428.5,386250.0,4313400.0,0.95417,0.4704,627.6974,0.00188768,1.8578,"Geophysical donor high and surface receiver abstains. A buried structural boundary is one hypothesis; native cover/gradient/slope measurements above are context, not proof.",Basin-fill density boundary or volcanic lithologic contact; gravity and modelled cover may not be independent.,Compare both sides in official high-resolution terrain/geologic mapping and field offset observations. A continuous unfaulted contact would weaken the fault interpretation.,"Unverified candidate; no slip, permeability, temperature or geothermal resource established."
CTD5-A-00556,2,1,1951.5,1488.5,392250.0,4313350.0,0.96922,0.3555,545.0059,0.00334077,0.8985,"Geophysical donor high and surface receiver abstains. A buried structural boundary is one hypothesis; native cover/gradient/slope measurements above are context, not proof.",Basin-fill density boundary or volcanic lithologic contact; gravity and modelled cover may not be independent.,Compare both sides in official high-resolution terrain/geologic mapping and field offset observations. A continuous unfaulted contact would weaken the fault interpretation.,"Unverified candidate; no slip, permeability, temperature or geothermal resource established."
CTD5-A-00557,58,8,1959.414,1533.793,396779.3,4312558.6,0.96946,0.42215,1333.8849,0.0046243,0.8482,"Geophysical donor high and surface receiver abstains. A buried structural boundary is one hypothesis; native cover/gradient/slope measurements above are context, not proof.",Basin-fill density boundary or volcanic lithologic contact; gravity and modelled cover may not be independent.,Compare both sides in official high-resolution terrain/geologic mapping and field offset observations. A continuous unfaulted contact would weaken the fault interpretation.,"Unverified candidate; no slip, permeability, temperature or geothermal resource established."
CTD5-A-00558,5,1,1955.0,1589.4,402340.0,4313000.0,0.96408,0.52162,150.7547,0.00388197,25.1417,"Geophysical donor high and surface receiver abstains. A buried structural boundary is one hypothesis; native cover/gradient/slope measurements above are context, not proof.",Basin-fill density boundary or volcanic lithologic contact; gravity and modelled cover may not be independent.,Compare both sides in official high-resolution terrain/geologic mapping and field offset observations. A continuous unfaulted contact would weaken the fault interpretation.,"Unverified candidate; no slip, permeability, temperature or geothermal resource established."
CTD5-A-00559,1,1,1954.0,1443.0,387700.0,4313100.0,0.9689,0.36557,554.183,0.00264825,1.5579,"Geophysical donor high and surface receiver abstains. A buried structural boundary is one hypothesis; native cover/gradient/slope measurements above are context, not proof.",Basin-fill density boundary or volcanic lithologic contact; gravity and modelled cover may not be independent.,Compare both sides in official high-resolution terrain/geologic mapping and field offset observations. A continuous unfaulted contact would weaken the fault interpretation.,"Unverified candidate; no slip, permeability, temperature or geothermal resource established."
CTD5-A-00560,15,2,1955.867,1512.4,394640.0,4312913.3,0.96481,0.49515,1516.2411,0.00226422,0.8125,"Geophysical donor high and surface receiver abstains. A buried structural boundary is one hypothesis; native cover/gradient/slope measurements above are context, not proof.",Basin-fill density boundary or volcanic lithologic contact; gravity and modelled cover may not be independent.,Compare both sides in official high-resolution terrain/geologic mapping and field offset observations. A continuous unfaulted contact would weaken the fault interpretation.,"Unverified candidate; no slip, permeability, temperature or geothermal resource established."
CTD5-A-00561,1,1,1955.0,1544.0,397800.0,4313000.0,0.9845,0.43307,959.5321,0.00588788,1.0363,"Geophysical donor high and surface receiver abstains. A buried structural boundary is one hypothesis; native cover/gradient/slope measurements above are context, not proof.",Basin-fill density boundary or volcanic lithologic contact; gravity and modelled cover may not be independent.,Compare both sides in official high-resolution terrain/geologic mapping and field offset observations. A continuous unfaulted contact would weaken the fault interpretation.,"Unverified candidate; no slip, permeability, temperature or geothermal resource established."
CTD5-A-00562,1,1,1957.0,1522.0,395600.0,4312800.0,0.95823,0.38267,1613.9486,0.00083852,1.0496,"Geophysical donor high and surface receiver abstains. A buried structural boundary is one hypothesis; native cover/gradient/slope measurements above are context, not proof.",Basin-fill density boundary or volcanic lithologic contact; gravity and modelled cover may not be independent.,Compare both sides in official high-resolution terrain/geologic mapping and field offset observations. A continuous unfaulted contact would weaken the fault interpretation.,"Unverified candidate; no slip, permeability, temperature or geothermal resource established."
CTD5-A-00563,8,1,1958.5,1626.5,406050.0,4312650.0,0.95242,0.52743,1916.9561,0.00502518,2.5388,"Geophysical donor high and surface receiver abstains. A buried structural boundary is one hypothesis; native cover/gradient/slope measurements above are context, not proof.",Basin-fill density boundary or volcanic lithologic contact; gravity and modelled cover may not be independent.,Compare both sides in official high-resolution terrain/geologic mapping and field offset observations. A continuous unfaulted contact would weaken the fault interpretation.,"Unverified candidate; no slip, permeability, temperature or geothermal resource established."
CTD5-A-00564,32,5,1963.219,1440.312,387431.2,4312178.1,0.97757,0.42889,838.8749,0.00336389,0.9724,"Geophysical donor high and surface receiver abstains. A buried structural boundary is one hypothesis; native cover/gradient/slope measurements above are context, not proof.",Basin-fill density boundary or volcanic lithologic contact; gravity and modelled cover may not be independent.,Compare both sides in official high-resolution terrain/geologic mapping and field offset observations. A continuous unfaulted contact would weaken the fault interpretation.,"Unverified candidate; no slip, permeability, temperature or geothermal resource established."
CTD5-A-00565,2,1,1958.0,1497.5,393150.0,4312700.0,0.95467,0.42252,1151.6367,0.00346407,0.8703,"Geophysical donor high and surface receiver abstains. A buried structural boundary is one hypothesis; native cover/gradient/slope measurements above are context, not proof.",Basin-fill density boundary or volcanic lithologic contact; gravity and modelled cover may not be independent.,Compare both sides in official high-resolution terrain/geologic mapping and field offset observations. A continuous unfaulted contact would weaken the fault interpretation.,"Unverified candidate; no slip, permeability, temperature or geothermal resource established."
CTD5-A-00566,22,2,1961.0,1510.773,394477.3,4312400.0,0.96462,0.49051,1682.2749,0.00211011,0.9925,"Geophysical donor high and surface receiver abstains. A buried structural boundary is one hypothesis; native cover/gradient/slope measurements above are context, not proof.",Basin-fill density boundary or volcanic lithologic contact; gravity and modelled cover may not be independent.,Compare both sides in official high-resolution terrain/geologic mapping and field offset observations. A continuous unfaulted contact would weaken the fault interpretation.,"Unverified candidate; no slip, permeability, temperature or geothermal resource established."
CTD5-A-00567,33,5,1962.697,1524.879,395887.9,4312230.3,0.97171,0.48054,1666.8383,0.00268324,0.9403,"Geophysical donor high and surface receiver abstains. A buried structural boundary is one hypothesis; native cover/gradient/slope measurements above are context, not proof.",Basin-fill density boundary or volcanic lithologic contact; gravity and modelled cover may not be independent.,Compare both sides in official high-resolution terrain/geologic mapping and field offset observations. A continuous unfaulted contact would weaken the fault interpretation.,"Unverified candidate; no slip, permeability, temperature or geothermal resource established."
CTD5-A-00568,1,1,1959.0,1530.0,396400.0,4312600.0,0.98347,0.3661,1482.6632,0.00344296,1.2109,"Geophysical donor high and surface receiver abstains. A buried structural boundary is one hypothesis; native cover/gradient/slope measurements above are context, not proof.",Basin-fill density boundary or volcanic lithologic contact; gravity and modelled cover may not be independent.,Compare both sides in official high-resolution terrain/geologic mapping and field offset observations. A continuous unfaulted contact would weaken the fault interpretation.,"Unverified candidate; no slip, permeability, temperature or geothermal resource established."
CTD5-A-00569,8,2,1962.0,1551.75,398575.0,4312300.0,0.96329,0.43243,542.4847,0.00706532,0.6759,"Geophysical donor high and surface receiver abstains. A buried structural boundary is one hypothesis; native cover/gradient/slope measurements above are context, not proof.",Basin-fill density boundary or volcanic lithologic contact; gravity and modelled cover may not be independent.,Compare both sides in official high-resolution terrain/geologic mapping and field offset observations. A continuous unfaulted contact would weaken the fault interpretation.,"Unverified candidate; no slip, permeability, temperature or geothermal resource established."
CTD5-A-00570,1,0,1959.0,1591.0,402500.0,4312600.0,0.9638,0.59473,160.4316,0.00461512,31.859,"Geophysical donor high and surface receiver abstains. A buried structural boundary is one hypothesis; native cover/gradient/slope measurements above are context, not proof.",Basin-fill density boundary or volcanic lithologic contact; gravity and modelled cover may not be independent.,Compare both sides in official high-resolution terrain/geologic mapping and field offset observations. A continuous unfaulted contact would weaken the fault interpretation.,"Unverified candidate; no slip, permeability, temperature or geothermal resource established."
CTD5-A-00571,2,1,1960.5,1543.0,397700.0,4312450.0,0.98492,0.35892,924.8616,0.0069138,0.6002,"Geophysical donor high and surface receiver abstains. A buried structural boundary is one hypothesis; native cover/gradient/slope measurements above are context, not proof.",Basin-fill density boundary or volcanic lithologic contact; gravity and modelled cover may not be independent.,Compare both sides in official high-resolution terrain/geologic mapping and field offset observations. A continuous unfaulted contact would weaken the fault interpretation.,"Unverified candidate; no slip, permeability, temperature or geothermal resource established."
CTD5-A-00572,4,1,1961.0,1546.25,398025.0,4312400.0,0.96013,0.42953,773.9108,0.00761078,0.3633,"Geophysical donor high and surface receiver abstains. A buried structural boundary is one hypothesis; native cover/gradient/slope measurements above are context, not proof.",Basin-fill density boundary or volcanic lithologic contact; gravity and modelled cover may not be independent.,Compare both sides in official high-resolution terrain/geologic mapping and field offset observations. A continuous unfaulted contact would weaken the fault interpretation.,"Unverified candidate; no slip, permeability, temperature or geothermal resource established."
CTD5-A-00573,3,1,1962.333,1593.0,402700.0,4312266.7,0.96388,0.50717,180.0988,0.00528671,28.7933,"Geophysical donor high and surface receiver abstains. A buried structural boundary is one hypothesis; native cover/gradient/slope measurements above are context, not proof.",Basin-fill density boundary or volcanic lithologic contact; gravity and modelled cover may not be independent.,Compare both sides in official high-resolution terrain/geologic mapping and field offset observations. A continuous unfaulted contact would weaken the fault interpretation.,"Unverified candidate; no slip, permeability, temperature or geothermal resource established."
CTD5-A-00574,2,1,1962.5,1619.5,405350.0,4312250.0,0.95107,0.38022,1349.9971,0.00581918,2.1139,"Geophysical donor high and surface receiver abstains. A buried structural boundary is one hypothesis; native cover/gradient/slope measurements above are context, not proof.",Basin-fill density boundary or volcanic lithologic contact; gravity and modelled cover may not be independent.,Compare both sides in official high-resolution terrain/geologic mapping and field offset observations. A continuous unfaulted contact would weaken the fault interpretation.,"Unverified candidate; no slip, permeability, temperature or geothermal resource established."
CTD5-A-00575,2,0,1962.5,1623.0,405700.0,4312250.0,0.96388,0.43655,1634.5527,0.00552363,1.4097,"Geophysical donor high and surface receiver abstains. A buried structural boundary is one hypothesis; native cover/gradient/slope measurements above are context, not proof.",Basin-fill density boundary or volcanic lithologic contact; gravity and modelled cover may not be independent.,Compare both sides in official high-resolution terrain/geologic mapping and field offset observations. A continuous unfaulted contact would weaken the fault interpretation.,"Unverified candidate; no slip, permeability, temperature or geothermal resource established."
CTD5-A-00576,49,8,1967.714,1623.776,405777.6,4311728.6,0.96145,0.47062,1753.1123,0.00535322,1.8576,"Geophysical donor high and surface receiver abstains. A buried structural boundary is one hypothesis; native cover/gradient/slope measurements above are context, not proof.",Basin-fill density boundary or volcanic lithologic contact; gravity and modelled cover may not be independent.,Compare both sides in official high-resolution terrain/geologic mapping and field offset observations. A continuous unfaulted contact would weaken the fault interpretation.,"Unverified candidate; no slip, permeability, temperature or geothermal resource established."
CTD5-A-00577,1,0,1963.0,1244.0,367800.0,4312200.0,0.9513,0.46987,253.4559,0.00408186,0.6746,"Geophysical donor high and surface receiver abstains. A buried structural boundary is one hypothesis; native cover/gradient/slope measurements above are context, not proof.",Basin-fill density boundary or volcanic lithologic contact; gravity and modelled cover may not be independent.,Compare both sides in official high-resolution terrain/geologic mapping and field offset observations. A continuous unfaulted contact would weaken the fault interpretation.,"Unverified candidate; no slip, permeability, temperature or geothermal resource established."
CTD5-A-00578,1,0,1965.0,1589.0,402300.0,4312000.0,0.9519,0.6226,156.2506,0.00463847,17.7041,"Geophysical donor high and surface receiver abstains. A buried structural boundary is one hypothesis; native cover/gradient/slope measurements above are context, not proof.",Basin-fill density boundary or volcanic lithologic contact; gravity and modelled cover may not be independent.,Compare both sides in official high-resolution terrain/geologic mapping and field offset observations. A continuous unfaulted contact would weaken the fault interpretation.,"Unverified candidate; no slip, permeability, temperature or geothermal resource established."
CTD5-A-00579,16,2,1969.625,1550.688,398468.8,4311537.5,0.97751,0.46578,430.5089,0.00556355,1.1859,"Geophysical donor high and surface receiver abstains. A buried structural boundary is one hypothesis; native cover/gradient/slope measurements above are context, not proof.",Basin-fill density boundary or volcanic lithologic contact; gravity and modelled cover may not be independent.,Compare both sides in official high-resolution terrain/geologic mapping and field offset observations. A continuous unfaulted contact would weaken the fault interpretation.,"Unverified candidate; no slip, permeability, temperature or geothermal resource established."
CTD5-A-00580,6,1,1968.167,1605.667,403966.7,4311683.3,0.95706,0.59645,479.9593,0.00661791,3.0312,"Geophysical donor high and surface receiver abstains. A buried structural boundary is one hypothesis; native cover/gradient/slope measurements above are context, not proof.",Basin-fill density boundary or volcanic lithologic contact; gravity and modelled cover may not be independent.,Compare both sides in official high-resolution terrain/geologic mapping and field offset observations. A continuous unfaulted contact would weaken the fault interpretation.,"Unverified candidate; no slip, permeability, temperature or geothermal resource established."
CTD5-A-00581,1,0,1967.0,1617.0,405100.0,4311800.0,0.95323,0.39903,1162.4917,0.00590636,1.646,"Geophysical donor high and surface receiver abstains. A buried structural boundary is one hypothesis; native cover/gradient/slope measurements above are context, not proof.",Basin-fill density boundary or volcanic lithologic contact; gravity and modelled cover may not be independent.,Compare both sides in official high-resolution terrain/geologic mapping and field offset observations. A continuous unfaulted contact would weaken the fault interpretation.,"Unverified candidate; no slip, permeability, temperature or geothermal resource established."
CTD5-A-00582,3,1,1968.333,1232.667,366666.7,4311666.7,0.95593,0.58157,241.179,0.00417227,0.7297,"Geophysical donor high and surface receiver abstains. A buried structural boundary is one hypothesis; native cover/gradient/slope measurements above are context, not proof.",Basin-fill density boundary or volcanic lithologic contact; gravity and modelled cover may not be independent.,Compare both sides in official high-resolution terrain/geologic mapping and field offset observations. A continuous unfaulted contact would weaken the fault interpretation.,"Unverified candidate; no slip, permeability, temperature or geothermal resource established."
CTD5-A-00583,1,0,1968.0,1527.0,396100.0,4311700.0,0.95127,0.37733,1636.4084,0.00537827,0.9618,"Geophysical donor high and surface receiver abstains. A buried structural boundary is one hypothesis; native cover/gradient/slope measurements above are context, not proof.",Basin-fill density boundary or volcanic lithologic contact; gravity and modelled cover may not be independent.,Compare both sides in official high-resolution terrain/geologic mapping and field offset observations. A continuous unfaulted contact would weaken the fault interpretation.,"Unverified candidate; no slip, permeability, temperature or geothermal resource established."
CTD5-A-00584,4,1,1968.5,1575.0,400900.0,4311650.0,0.9685,0.46043,84.9897,0.00238621,12.3614,"Geophysical donor high and surface receiver abstains. A buried structural boundary is one hypothesis; native cover/gradient/slope measurements above are context, not proof.",Basin-fill density boundary or volcanic lithologic contact; gravity and modelled cover may not be independent.,Compare both sides in official high-resolution terrain/geologic mapping and field offset observations. A continuous unfaulted contact would weaken the fault interpretation.,"Unverified candidate; no slip, permeability, temperature or geothermal resource established."
CTD5-A-00585,1,0,1968.0,1619.0,405300.0,4311700.0,0.95867,0.38237,1331.5502,0.00576496,0.5753,"Geophysical donor high and surface receiver abstains. A buried structural boundary is one hypothesis; native cover/gradient/slope measurements above are context, not proof.",Basin-fill density boundary or volcanic lithologic contact; gravity and modelled cover may not be independent.,Compare both sides in official high-resolution terrain/geologic mapping and field offset observations. A continuous unfaulted contact would weaken the fault interpretation.,"Unverified candidate; no slip, permeability, temperature or geothermal resource established."
CTD5-A-00586,1,0,1970.0,1235.0,366900.0,4311500.0,0.95167,0.4687,271.8524,0.00417596,0.6186,"Geophysical donor high and surface receiver abstains. A buried structural boundary is one hypothesis; native cover/gradient/slope measurements above are context, not proof.",Basin-fill density boundary or volcanic lithologic contact; gravity and modelled cover may not be independent.,Compare both sides in official high-resolution terrain/geologic mapping and field offset observations. A continuous unfaulted contact would weaken the fault interpretation.,"Unverified candidate; no slip, permeability, temperature or geothermal resource established."
CTD5-A-00587,5,1,1970.8,1431.6,386560.0,4311420.0,0.97573,0.44651,1151.6331,0.00282311,0.8218,"Geophysical donor high and surface receiver abstains. A buried structural boundary is one hypothesis; native cover/gradient/slope measurements above are context, not proof.",Basin-fill density boundary or volcanic lithologic contact; gravity and modelled cover may not be independent.,Compare both sides in official high-resolution terrain/geologic mapping and field offset observations. A continuous unfaulted contact would weaken the fault interpretation.,"Unverified candidate; no slip, permeability, temperature or geothermal resource established."
CTD5-A-00588,1,1,1971.0,1569.0,400300.0,4311400.0,0.9526,0.35017,87.7166,0.0022812,28.2803,"Geophysical donor high and surface receiver abstains. A buried structural boundary is one hypothesis; native cover/gradient/slope measurements above are context, not proof.",Basin-fill density boundary or volcanic lithologic contact; gravity and modelled cover may not be independent.,Compare both sides in official high-resolution terrain/geologic mapping and field offset observations. A continuous unfaulted contact would weaken the fault interpretation.,"Unverified candidate; no slip, permeability, temperature or geothermal resource established."
CTD5-A-00589,1,0,1972.0,1233.0,366700.0,4311300.0,0.95567,0.6239,279.3354,0.00405216,1.3827,"Geophysical donor high and surface receiver abstains. A buried structural boundary is one hypothesis; native cover/gradient/slope measurements above are context, not proof.",Basin-fill density boundary or volcanic lithologic contact; gravity and modelled cover may not be independent.,Compare both sides in official high-resolution terrain/geologic mapping and field offset observations. A continuous unfaulted contact would weaken the fault interpretation.,"Unverified candidate; no slip, permeability, temperature or geothermal resource established."
CTD5-A-00590,11,2,1973.909,1426.273,386027.3,4311109.1,0.96451,0.45088,1271.9116,0.00266081,1.0614,"Geophysical donor high and surface receiver abstains. A buried structural boundary is one hypothesis; native cover/gradient/slope measurements above are context, not proof.",Basin-fill density boundary or volcanic lithologic contact; gravity and modelled cover may not be independent.,Compare both sides in official high-resolution terrain/geologic mapping and field offset observations. A continuous unfaulted contact would weaken the fault interpretation.,"Unverified candidate; no slip, permeability, temperature or geothermal resource established."
CTD5-A-00591,18,3,1976.111,1543.667,397766.7,4310888.9,0.96215,0.40904,561.5963,0.00583173,1.1538,"Geophysical donor high and surface receiver abstains. A buried structural boundary is one hypothesis; native cover/gradient/slope measurements above are context, not proof.",Basin-fill density boundary or volcanic lithologic contact; gravity and modelled cover may not be independent.,Compare both sides in official high-resolution terrain/geologic mapping and field offset observations. A continuous unfaulted contact would weaken the fault interpretation.,"Unverified candidate; no slip, permeability, temperature or geothermal resource established."
CTD5-A-00592,1349,161,2011.972,1577.917,401191.7,4307302.8,0.9825,0.47776,718.4609,0.00482713,1.3826,"Geophysical donor high and surface receiver abstains. A buried structural boundary is one hypothesis; native cover/gradient/slope measurements above are context, not proof.",Basin-fill density boundary or volcanic lithologic contact; gravity and modelled cover may not be independent.,Compare both sides in official high-resolution terrain/geologic mapping and field offset observations. A continuous unfaulted contact would weaken the fault interpretation.,"Unverified candidate; no slip, permeability, temperature or geothermal resource established."
CTD5-A-00593,1,1,1974.0,1625.0,405900.0,4311100.0,0.96453,0.49647,1993.2733,0.00520994,2.4435,"Geophysical donor high and surface receiver abstains. A buried structural boundary is one hypothesis; native cover/gradient/slope measurements above are context, not proof.",Basin-fill density boundary or volcanic lithologic contact; gravity and modelled cover may not be independent.,Compare both sides in official high-resolution terrain/geologic mapping and field offset observations. A continuous unfaulted contact would weaken the fault interpretation.,"Unverified candidate; no slip, permeability, temperature or geothermal resource established."
CTD5-A-00594,8,2,1978.625,1557.125,399112.5,4310637.5,0.97182,0.41207,134.547,0.00124386,16.2856,"Geophysical donor high and surface receiver abstains. A buried structural boundary is one hypothesis; native cover/gradient/slope measurements above are context, not proof.",Basin-fill density boundary or volcanic lithologic contact; gravity and modelled cover may not be independent.,Compare both sides in official high-resolution terrain/geologic mapping and field offset observations. A continuous unfaulted contact would weaken the fault interpretation.,"Unverified candidate; no slip, permeability, temperature or geothermal resource established."
CTD5-A-00595,2,1,1978.5,1593.0,402700.0,4310650.0,0.9893,0.60272,268.0309,0.00578485,4.4208,"Geophysical donor high and surface receiver abstains. A buried structural boundary is one hypothesis; native cover/gradient/slope measurements above are context, not proof.",Basin-fill density boundary or volcanic lithologic contact; gravity and modelled cover may not be independent.,Compare both sides in official high-resolution terrain/geologic mapping and field offset observations. A continuous unfaulted contact would weaken the fault interpretation.,"Unverified candidate; no slip, permeability, temperature or geothermal resource established."
CTD5-A-00596,42,5,1985.095,1620.262,405426.2,4309990.5,0.96852,0.50434,2004.1917,0.00559512,1.8208,"Geophysical donor high and surface receiver abstains. A buried structural boundary is one hypothesis; native cover/gradient/slope measurements above are context, not proof.",Basin-fill density boundary or volcanic lithologic contact; gravity and modelled cover may not be independent.,Compare both sides in official high-resolution terrain/geologic mapping and field offset observations. A continuous unfaulted contact would weaken the fault interpretation.,"Unverified candidate; no slip, permeability, temperature or geothermal resource established."
CTD5-A-00597,4,1,1980.25,1535.25,396925.0,4310475.0,0.97283,0.39828,963.9342,0.00761915,0.7955,"Geophysical donor high and surface receiver abstains. A buried structural boundary is one hypothesis; native cover/gradient/slope measurements above are context, not proof.",Basin-fill density boundary or volcanic lithologic contact; gravity and modelled cover may not be independent.,Compare both sides in official high-resolution terrain/geologic mapping and field offset observations. A continuous unfaulted contact would weaken the fault interpretation.,"Unverified candidate; no slip, permeability, temperature or geothermal resource established."
CTD5-A-00598,7,1,1981.857,1242.714,367671.4,4310314.3,0.95401,0.40182,474.3828,0.00350473,0.6293,"Geophysical donor high and surface receiver abstains. A buried structural boundary is one hypothesis; native cover/gradient/slope measurements above are context, not proof.",Basin-fill density boundary or volcanic lithologic contact; gravity and modelled cover may not be independent.,Compare both sides in official high-resolution terrain/geologic mapping and field offset observations. A continuous unfaulted contact would weaken the fault interpretation.,"Unverified candidate; no slip, permeability, temperature or geothermal resource established."
CTD5-A-00599,1,0,1980.0,1615.0,404900.0,4310500.0,0.95633,0.3842,1310.5901,0.00587988,1.3449,"Geophysical donor high and surface receiver abstains. A buried structural boundary is one hypothesis; native cover/gradient/slope measurements above are context, not proof.",Basin-fill density boundary or volcanic lithologic contact; gravity and modelled cover may not be independent.,Compare both sides in official high-resolution terrain/geologic mapping and field offset observations. A continuous unfaulted contact would weaken the fault interpretation.,"Unverified candidate; no slip, permeability, temperature or geothermal resource established."
CTD5-A-00600,3,0,1980.667,1617.333,405133.3,4310433.3,0.95633,0.508,1542.6729,0.00574809,1.5143,"Geophysical donor high and surface receiver abstains. A buried structural boundary is one hypothesis; native cover/gradient/slope measurements above are context, not proof.",Basin-fill density boundary or volcanic lithologic contact; gravity and modelled cover may not be independent.,Compare both sides in official high-resolution terrain/geologic mapping and field offset observations. A continuous unfaulted contact would weaken the fault interpretation.,"Unverified candidate; no slip, permeability, temperature or geothermal resource established."
CTD5-A-00601,1,0,1981.0,1541.0,397500.0,4310400.0,0.9826,0.39623,608.9169,0.00561094,1.052,"Geophysical donor high and surface receiver abstains. A buried structural boundary is one hypothesis; native cover/gradient/slope measurements above are context, not proof.",Basin-fill density boundary or volcanic lithologic contact; gravity and modelled cover may not be independent.,Compare both sides in official high-resolution terrain/geologic mapping and field offset observations. A continuous unfaulted contact would weaken the fault interpretation.,"Unverified candidate; no slip, permeability, temperature or geothermal resource established."
CTD5-A-00602,29,4,1989.828,1537.414,397141.4,4309517.2,0.9823,0.45418,628.3834,0.00564436,0.8329,"Geophysical donor high and surface receiver abstains. A buried structural boundary is one hypothesis; native cover/gradient/slope measurements above are context, not proof.",Basin-fill density boundary or volcanic lithologic contact; gravity and modelled cover may not be independent.,Compare both sides in official high-resolution terrain/geologic mapping and field offset observations. A continuous unfaulted contact would weaken the fault interpretation.,"Unverified candidate; no slip, permeability, temperature or geothermal resource established."
CTD5-A-00603,3,1,1983.0,1567.0,400100.0,4310200.0,0.96733,0.46473,81.0084,0.00322324,3.9942,"Geophysical donor high and surface receiver abstains. A buried structural boundary is one hypothesis; native cover/gradient/slope measurements above are context, not proof.",Basin-fill density boundary or volcanic lithologic contact; gravity and modelled cover may not be independent.,Compare both sides in official high-resolution terrain/geologic mapping and field offset observations. A continuous unfaulted contact would weaken the fault interpretation.,"Unverified candidate; no slip, permeability, temperature or geothermal resource established."
CTD5-A-00604,1,0,1987.0,1562.0,399600.0,4309800.0,0.96313,0.41853,82.5117,0.00348956,2.8447,"Geophysical donor high and surface receiver abstains. A buried structural boundary is one hypothesis; native cover/gradient/slope measurements above are context, not proof.",Basin-fill density boundary or volcanic lithologic contact; gravity and modelled cover may not be independent.,Compare both sides in official high-resolution terrain/geologic mapping and field offset observations. A continuous unfaulted contact would weaken the fault interpretation.,"Unverified candidate; no slip, permeability, temperature or geothermal resource established."
CTD5-A-00605,3,1,1987.667,1564.667,399866.7,4309733.3,0.9728,0.41857,84.5797,0.00372332,3.8973,"Geophysical donor high and surface receiver abstains. A buried structural boundary is one hypothesis; native cover/gradient/slope measurements above are context, not proof.",Basin-fill density boundary or volcanic lithologic contact; gravity and modelled cover may not be independent.,Compare both sides in official high-resolution terrain/geologic mapping and field offset observations. A continuous unfaulted contact would weaken the fault interpretation.,"Unverified candidate; no slip, permeability, temperature or geothermal resource established."
CTD5-A-00606,2,1,1988.5,1622.5,405650.0,4309650.0,0.95318,0.56533,2375.6323,0.00547272,2.6716,"Geophysical donor high and surface receiver abstains. A buried structural boundary is one hypothesis; native cover/gradient/slope measurements above are context, not proof.",Basin-fill density boundary or volcanic lithologic contact; gravity and modelled cover may not be independent.,Compare both sides in official high-resolution terrain/geologic mapping and field offset observations. A continuous unfaulted contact would weaken the fault interpretation.,"Unverified candidate; no slip, permeability, temperature or geothermal resource established."
CTD5-A-00607,3,1,1991.0,1608.0,404200.0,4309400.0,0.96159,0.46957,1239.7157,0.00610283,1.5331,"Geophysical donor high and surface receiver abstains. A buried structural boundary is one hypothesis; native cover/gradient/slope measurements above are context, not proof.",Basin-fill density boundary or volcanic lithologic contact; gravity and modelled cover may not be independent.,Compare both sides in official high-resolution terrain/geologic mapping and field offset observations. A continuous unfaulted contact would weaken the fault interpretation.,"Unverified candidate; no slip, permeability, temperature or geothermal resource established."
CTD5-A-00608,12,2,1995.167,1550.417,398441.7,4308983.3,0.96702,0.54835,124.3176,0.00315233,15.335,"Geophysical donor high and surface receiver abstains. A buried structural boundary is one hypothesis; native cover/gradient/slope measurements above are context, not proof.",Basin-fill density boundary or volcanic lithologic contact; gravity and modelled cover may not be independent.,Compare both sides in official high-resolution terrain/geologic mapping and field offset observations. A continuous unfaulted contact would weaken the fault interpretation.,"Unverified candidate; no slip, permeability, temperature or geothermal resource established."
CTD5-A-00609,104,12,1999.856,1555.442,398944.2,4308514.4,0.98795,0.54037,137.9783,0.00482842,8.3862,"Geophysical donor high and surface receiver abstains. A buried structural boundary is one hypothesis; native cover/gradient/slope measurements above are context, not proof.",Basin-fill density boundary or volcanic lithologic contact; gravity and modelled cover may not be independent.,Compare both sides in official high-resolution terrain/geologic mapping and field offset observations. A continuous unfaulted contact would weaken the fault interpretation.,"Unverified candidate; no slip, permeability, temperature or geothermal resource established."
CTD5-A-00610,1,1,1993.0,1542.0,397600.0,4309200.0,0.9583,0.53043,334.6993,0.00291902,2.8422,"Geophysical donor high and surface receiver abstains. A buried structural boundary is one hypothesis; native cover/gradient/slope measurements above are context, not proof.",Basin-fill density boundary or volcanic lithologic contact; gravity and modelled cover may not be independent.,Compare both sides in official high-resolution terrain/geologic mapping and field offset observations. A continuous unfaulted contact would weaken the fault interpretation.,"Unverified candidate; no slip, permeability, temperature or geothermal resource established."
CTD5-A-00611,1,0,1994.0,1555.0,398900.0,4309100.0,0.9917,0.355,88.0788,0.00365007,3.5258,"Geophysical donor high and surface receiver abstains. A buried structural boundary is one hypothesis; native cover/gradient/slope measurements above are context, not proof.",Basin-fill density boundary or volcanic lithologic contact; gravity and modelled cover may not be independent.,Compare both sides in official high-resolution terrain/geologic mapping and field offset observations. A continuous unfaulted contact would weaken the fault interpretation.,"Unverified candidate; no slip, permeability, temperature or geothermal resource established."
CTD5-A-00612,1,1,1995.0,1546.0,398000.0,4309000.0,0.9694,0.59913,167.1292,0.00237084,3.4385,"Geophysical donor high and surface receiver abstains. A buried structural boundary is one hypothesis; native cover/gradient/slope measurements above are context, not proof.",Basin-fill density boundary or volcanic lithologic contact; gravity and modelled cover may not be independent.,Compare both sides in official high-resolution terrain/geologic mapping and field offset observations. A continuous unfaulted contact would weaken the fault interpretation.,"Unverified candidate; no slip, permeability, temperature or geothermal resource established."
CTD5-A-00613,3,1,1996.0,1539.0,397300.0,4308900.0,0.95776,0.48832,419.2394,0.0027476,1.7762,"Geophysical donor high and surface receiver abstains. A buried structural boundary is one hypothesis; native cover/gradient/slope measurements above are context, not proof.",Basin-fill density boundary or volcanic lithologic contact; gravity and modelled cover may not be independent.,Compare both sides in official high-resolution terrain/geologic mapping and field offset observations. A continuous unfaulted contact would weaken the fault interpretation.,"Unverified candidate; no slip, permeability, temperature or geothermal resource established."
CTD5-A-00614,4,1,1996.75,1615.5,404950.0,4308825.0,0.95307,0.44108,2092.783,0.00570314,1.969,"Geophysical donor high and surface receiver abstains. A buried structural boundary is one hypothesis; native cover/gradient/slope measurements above are context, not proof.",Basin-fill density boundary or volcanic lithologic contact; gravity and modelled cover may not be independent.,Compare both sides in official high-resolution terrain/geologic mapping and field offset observations. A continuous unfaulted contact would weaken the fault interpretation.,"Unverified candidate; no slip, permeability, temperature or geothermal resource established."
CTD5-A-00615,59,8,2003.22,1529.525,396352.5,4308178.0,0.97668,0.46631,667.5552,0.00683241,0.9824,"Geophysical donor high and surface receiver abstains. A buried structural boundary is one hypothesis; native cover/gradient/slope measurements above are context, not proof.",Basin-fill density boundary or volcanic lithologic contact; gravity and modelled cover may not be independent.,Compare both sides in official high-resolution terrain/geologic mapping and field offset observations. A continuous unfaulted contact would weaken the fault interpretation.,"Unverified candidate; no slip, permeability, temperature or geothermal resource established."
CTD5-A-00616,4,1,2000.5,1611.0,404500.0,4308450.0,0.95103,0.57051,1883.4805,0.00560886,2.0954,"Geophysical donor high and surface receiver abstains. A buried structural boundary is one hypothesis; native cover/gradient/slope measurements above are context, not proof.",Basin-fill density boundary or volcanic lithologic contact; gravity and modelled cover may not be independent.,Compare both sides in official high-resolution terrain/geologic mapping and field offset observations. A continuous unfaulted contact would weaken the fault interpretation.,"Unverified candidate; no slip, permeability, temperature or geothermal resource established."
CTD5-A-00617,1,1,2003.0,1590.0,402400.0,4308200.0,0.97693,0.36193,807.7045,0.00495423,1.2724,"Geophysical donor high and surface receiver abstains. A buried structural boundary is one hypothesis; native cover/gradient/slope measurements above are context, not proof.",Basin-fill density boundary or volcanic lithologic contact; gravity and modelled cover may not be independent.,Compare both sides in official high-resolution terrain/geologic mapping and field offset observations. A continuous unfaulted contact would weaken the fault interpretation.,"Unverified candidate; no slip, permeability, temperature or geothermal resource established."
CTD5-A-00618,1,0,2003.0,1592.0,402600.0,4308200.0,0.97763,0.4028,867.7246,0.00504943,1.7916,"Geophysical donor high and surface receiver abstains. A buried structural boundary is one hypothesis; native cover/gradient/slope measurements above are context, not proof.",Basin-fill density boundary or volcanic lithologic contact; gravity and modelled cover may not be independent.,Compare both sides in official high-resolution terrain/geologic mapping and field offset observations. A continuous unfaulted contact would weaken the fault interpretation.,"Unverified candidate; no slip, permeability, temperature or geothermal resource established."
CTD5-A-00619,2,1,2005.5,1292.5,372650.0,4307950.0,0.97465,0.59103,625.8075,0.00390554,13.0658,"Geophysical donor high and surface receiver abstains. A buried structural boundary is one hypothesis; native cover/gradient/slope measurements above are context, not proof.",Basin-fill density boundary or volcanic lithologic contact; gravity and modelled cover may not be independent.,Compare both sides in official high-resolution terrain/geologic mapping and field offset observations. A continuous unfaulted contact would weaken the fault interpretation.,"Unverified candidate; no slip, permeability, temperature or geothermal resource established."
CTD5-A-00620,1,1,2005.0,1585.0,401900.0,4308000.0,0.98757,0.36897,714.3841,0.00462336,1.2581,"Geophysical donor high and surface receiver abstains. A buried structural boundary is one hypothesis; native cover/gradient/slope measurements above are context, not proof.",Basin-fill density boundary or volcanic lithologic contact; gravity and modelled cover may not be independent.,Compare both sides in official high-resolution terrain/geologic mapping and field offset observations. A continuous unfaulted contact would weaken the fault interpretation.,"Unverified candidate; no slip, permeability, temperature or geothermal resource established."
CTD5-A-00621,1,0,2005.0,1588.0,402200.0,4308000.0,0.98687,0.37647,806.6794,0.00481403,1.3413,"Geophysical donor high and surface receiver abstains. A buried structural boundary is one hypothesis; native cover/gradient/slope measurements above are context, not proof.",Basin-fill density boundary or volcanic lithologic contact; gravity and modelled cover may not be independent.,Compare both sides in official high-resolution terrain/geologic mapping and field offset observations. A continuous unfaulted contact would weaken the fault interpretation.,"Unverified candidate; no slip, permeability, temperature or geothermal resource established."
CTD5-A-00622,1,1,2005.0,1595.0,402900.0,4308000.0,0.98937,0.36613,1022.0176,0.00520061,1.5963,"Geophysical donor high and surface receiver abstains. A buried structural boundary is one hypothesis; native cover/gradient/slope measurements above are context, not proof.",Basin-fill density boundary or volcanic lithologic contact; gravity and modelled cover may not be independent.,Compare both sides in official high-resolution terrain/geologic mapping and field offset observations. A continuous unfaulted contact would weaken the fault interpretation.,"Unverified candidate; no slip, permeability, temperature or geothermal resource established."
CTD5-A-00623,1,1,2006.0,1590.0,402400.0,4307900.0,0.9782,0.4595,898.4586,0.00485151,1.6643,"Geophysical donor high and surface receiver abstains. A buried structural boundary is one hypothesis; native cover/gradient/slope measurements above are context, not proof.",Basin-fill density boundary or volcanic lithologic contact; gravity and modelled cover may not be independent.,Compare both sides in official high-resolution terrain/geologic mapping and field offset observations. A continuous unfaulted contact would weaken the fault interpretation.,"Unverified candidate; no slip, permeability, temperature or geothermal resource established."
CTD5-A-00624,1,0,2007.0,1294.0,372800.0,4307800.0,0.95823,0.62987,610.537,0.00419271,14.376,"Geophysical donor high and surface receiver abstains. A buried structural boundary is one hypothesis; native cover/gradient/slope measurements above are context, not proof.",Basin-fill density boundary or volcanic lithologic contact; gravity and modelled cover may not be independent.,Compare both sides in official high-resolution terrain/geologic mapping and field offset observations. A continuous unfaulted contact would weaken the fault interpretation.,"Unverified candidate; no slip, permeability, temperature or geothermal resource established."
CTD5-A-00625,1,1,2007.0,1612.0,404600.0,4307800.0,0.953,0.5689,2224.9304,0.00525254,2.5854,"Geophysical donor high and surface receiver abstains. A buried structural boundary is one hypothesis; native cover/gradient/slope measurements above are context, not proof.",Basin-fill density boundary or volcanic lithologic contact; gravity and modelled cover may not be independent.,Compare both sides in official high-resolution terrain/geologic mapping and field offset observations. A continuous unfaulted contact would weaken the fault interpretation.,"Unverified candidate; no slip, permeability, temperature or geothermal resource established."
CTD5-A-00626,4,1,2009.5,1554.0,398800.0,4307550.0,0.99467,0.54872,185.6835,0.00584212,4.1303,"Geophysical donor high and surface receiver abstains. A buried structural boundary is one hypothesis; native cover/gradient/slope measurements above are context, not proof.",Basin-fill density boundary or volcanic lithologic contact; gravity and modelled cover may not be independent.,Compare both sides in official high-resolution terrain/geologic mapping and field offset observations. A continuous unfaulted contact would weaken the fault interpretation.,"Unverified candidate; no slip, permeability, temperature or geothermal resource established."
CTD5-A-00627,9,1,2008.778,1591.333,402533.3,4307622.2,0.97907,0.37924,1023.1441,0.00476356,1.1857,"Geophysical donor high and surface receiver abstains. A buried structural boundary is one hypothesis; native cover/gradient/slope measurements above are context, not proof.",Basin-fill density boundary or volcanic lithologic contact; gravity and modelled cover may not be independent.,Compare both sides in official high-resolution terrain/geologic mapping and field offset observations. A continuous unfaulted contact would weaken the fault interpretation.,"Unverified candidate; no slip, permeability, temperature or geothermal resource established."
CTD5-A-00628,1,0,2009.0,1541.0,397500.0,4307600.0,0.988,0.63183,157.9728,0.00347631,2.7219,"Geophysical donor high and surface receiver abstains. A buried structural boundary is one hypothesis; native cover/gradient/slope measurements above are context, not proof.",Basin-fill density boundary or volcanic lithologic contact; gravity and modelled cover may not be independent.,Compare both sides in official high-resolution terrain/geologic mapping and field offset observations. A continuous unfaulted contact would weaken the fault interpretation.,"Unverified candidate; no slip, permeability, temperature or geothermal resource established."
CTD5-A-00629,55,7,2014.473,1542.182,397618.2,4307052.7,0.98266,0.5426,120.0857,0.00434862,3.1446,"Geophysical donor high and surface receiver abstains. A buried structural boundary is one hypothesis; native cover/gradient/slope measurements above are context, not proof.",Basin-fill density boundary or volcanic lithologic contact; gravity and modelled cover may not be independent.,Compare both sides in official high-resolution terrain/geologic mapping and field offset observations. A continuous unfaulted contact would weaken the fault interpretation.,"Unverified candidate; no slip, permeability, temperature or geothermal resource established."
CTD5-A-00630,1,0,2010.0,1539.0,397300.0,4307500.0,0.96557,0.6285,178.9507,0.0030972,5.2231,"Geophysical donor high and surface receiver abstains. A buried structural boundary is one hypothesis; native cover/gradient/slope measurements above are context, not proof.",Basin-fill density boundary or volcanic lithologic contact; gravity and modelled cover may not be independent.,Compare both sides in official high-resolution terrain/geologic mapping and field offset observations. A continuous unfaulted contact would weaken the fault interpretation.,"Unverified candidate; no slip, permeability, temperature or geothermal resource established."
CTD5-A-00631,23,2,2014.783,1520.435,395443.5,4307021.7,0.97442,0.40565,592.9092,0.00541817,0.8056,"Geophysical donor high and surface receiver abstains. A buried structural boundary is one hypothesis; native cover/gradient/slope measurements above are context, not proof.",Basin-fill density boundary or volcanic lithologic contact; gravity and modelled cover may not be independent.,Compare both sides in official high-resolution terrain/geologic mapping and field offset observations. A continuous unfaulted contact would weaken the fault interpretation.,"Unverified candidate; no slip, permeability, temperature or geothermal resource established."
CTD5-A-00632,1,1,2011.0,1587.0,402100.0,4307400.0,0.98297,0.39897,941.4493,0.00453311,1.2869,"Geophysical donor high and surface receiver abstains. A buried structural boundary is one hypothesis; native cover/gradient/slope measurements above are context, not proof.",Basin-fill density boundary or volcanic lithologic contact; gravity and modelled cover may not be independent.,Compare both sides in official high-resolution terrain/geologic mapping and field offset observations. A continuous unfaulted contact would weaken the fault interpretation.,"Unverified candidate; no slip, permeability, temperature or geothermal resource established."
CTD5-A-00633,2,1,2013.5,1309.0,374300.0,4307150.0,0.9573,0.57815,432.5001,0.00539701,2.0238,"Geophysical donor high and surface receiver abstains. A buried structural boundary is one hypothesis; native cover/gradient/slope measurements above are context, not proof.",Basin-fill density boundary or volcanic lithologic contact; gravity and modelled cover may not be independent.,Compare both sides in official high-resolution terrain/geologic mapping and field offset observations. A continuous unfaulted contact would weaken the fault interpretation.,"Unverified candidate; no slip, permeability, temperature or geothermal resource established."
CTD5-A-00634,15,3,2018.333,1546.8,398080.0,4306666.7,0.9932,0.5507,159.7331,0.00552069,6.0203,"Geophysical donor high and surface receiver abstains. A buried structural boundary is one hypothesis; native cover/gradient/slope measurements above are context, not proof.",Basin-fill density boundary or volcanic lithologic contact; gravity and modelled cover may not be independent.,Compare both sides in official high-resolution terrain/geologic mapping and field offset observations. A continuous unfaulted contact would weaken the fault interpretation.,"Unverified candidate; no slip, permeability, temperature or geothermal resource established."
CTD5-A-00635,69,10,2025.797,1291.0,372500.0,4305920.3,0.96883,0.4453,487.9237,0.0040384,1.3063,"Geophysical donor high and surface receiver abstains. A buried structural boundary is one hypothesis; native cover/gradient/slope measurements above are context, not proof.",Basin-fill density boundary or volcanic lithologic contact; gravity and modelled cover may not be independent.,Compare both sides in official high-resolution terrain/geologic mapping and field offset observations. A continuous unfaulted contact would weaken the fault interpretation.,"Unverified candidate; no slip, permeability, temperature or geothermal resource established."
CTD5-A-00636,30,3,2018.8,1304.2,373820.0,4306620.0,0.96053,0.49858,421.223,0.00506664,1.9837,"Geophysical donor high and surface receiver abstains. A buried structural boundary is one hypothesis; native cover/gradient/slope measurements above are context, not proof.",Basin-fill density boundary or volcanic lithologic contact; gravity and modelled cover may not be independent.,Compare both sides in official high-resolution terrain/geologic mapping and field offset observations. A continuous unfaulted contact would weaken the fault interpretation.,"Unverified candidate; no slip, permeability, temperature or geothermal resource established."
CTD5-A-00637,3,1,2016.333,1535.333,396933.3,4306866.7,0.9545,0.59889,116.2367,0.00236276,23.8345,"Geophysical donor high and surface receiver abstains. A buried structural boundary is one hypothesis; native cover/gradient/slope measurements above are context, not proof.",Basin-fill density boundary or volcanic lithologic contact; gravity and modelled cover may not be independent.,Compare both sides in official high-resolution terrain/geologic mapping and field offset observations. A continuous unfaulted contact would weaken the fault interpretation.,"Unverified candidate; no slip, permeability, temperature or geothermal resource established."
CTD5-A-00638,2,1,2018.5,1365.0,379900.0,4306650.0,0.96222,0.62923,570.3007,0.00334878,1.7705,"Geophysical donor high and surface receiver abstains. A buried structural boundary is one hypothesis; native cover/gradient/slope measurements above are context, not proof.",Basin-fill density boundary or volcanic lithologic contact; gravity and modelled cover may not be independent.,Compare both sides in official high-resolution terrain/geologic mapping and field offset observations. A continuous unfaulted contact would weaken the fault interpretation.,"Unverified candidate; no slip, permeability, temperature or geothermal resource established."
CTD5-A-00639,3,1,2019.0,1518.0,395200.0,4306600.0,0.9609,0.39939,486.1273,0.00616899,0.3454,"Geophysical donor high and surface receiver abstains. A buried structural boundary is one hypothesis; native cover/gradient/slope measurements above are context, not proof.",Basin-fill density boundary or volcanic lithologic contact; gravity and modelled cover may not be independent.,Compare both sides in official high-resolution terrain/geologic mapping and field offset observations. A continuous unfaulted contact would weaken the fault interpretation.,"Unverified candidate; no slip, permeability, temperature or geothermal resource established."
CTD5-A-00640,1,0,2020.0,1286.0,372000.0,4306500.0,0.95233,0.3853,628.4722,0.00412161,0.7506,"Geophysical donor high and surface receiver abstains. A buried structural boundary is one hypothesis; native cover/gradient/slope measurements above are context, not proof.",Basin-fill density boundary or volcanic lithologic contact; gravity and modelled cover may not be independent.,Compare both sides in official high-resolution terrain/geologic mapping and field offset observations. A continuous unfaulted contact would weaken the fault interpretation.,"Unverified candidate; no slip, permeability, temperature or geothermal resource established."
CTD5-A-00641,7,1,2021.286,1492.857,392685.7,4306371.4,0.96069,0.41174,791.8442,0.00933759,0.581,"Geophysical donor high and surface receiver abstains. A buried structural boundary is one hypothesis; native cover/gradient/slope measurements above are context, not proof.",Basin-fill density boundary or volcanic lithologic contact; gravity and modelled cover may not be independent.,Compare both sides in official high-resolution terrain/geologic mapping and field offset observations. A continuous unfaulted contact would weaken the fault interpretation.,"Unverified candidate; no slip, permeability, temperature or geothermal resource established."
CTD5-A-00642,1,1,2021.0,1499.0,393300.0,4306400.0,0.96547,0.3848,758.9531,0.01114883,1.4216,"Geophysical donor high and surface receiver abstains. A buried structural boundary is one hypothesis; native cover/gradient/slope measurements above are context, not proof.",Basin-fill density boundary or volcanic lithologic contact; gravity and modelled cover may not be independent.,Compare both sides in official high-resolution terrain/geologic mapping and field offset observations. A continuous unfaulted contact would weaken the fault interpretation.,"Unverified candidate; no slip, permeability, temperature or geothermal resource established."
CTD5-A-00643,2,1,2021.5,1579.5,401350.0,4306350.0,0.98893,0.35233,970.9409,0.00335225,1.0807,"Geophysical donor high and surface receiver abstains. A buried structural boundary is one hypothesis; native cover/gradient/slope measurements above are context, not proof.",Basin-fill density boundary or volcanic lithologic contact; gravity and modelled cover may not be independent.,Compare both sides in official high-resolution terrain/geologic mapping and field offset observations. A continuous unfaulted contact would weaken the fault interpretation.,"Unverified candidate; no slip, permeability, temperature or geothermal resource established."
CTD5-A-00644,6,1,2023.167,1286.667,372066.7,4306183.3,0.95355,0.40133,582.863,0.00414132,1.2702,"Geophysical donor high and surface receiver abstains. A buried structural boundary is one hypothesis; native cover/gradient/slope measurements above are context, not proof.",Basin-fill density boundary or volcanic lithologic contact; gravity and modelled cover may not be independent.,Compare both sides in official high-resolution terrain/geologic mapping and field offset observations. A continuous unfaulted contact would weaken the fault interpretation.,"Unverified candidate; no slip, permeability, temperature or geothermal resource established."
CTD5-A-00645,1,1,2022.0,1298.0,373200.0,4306300.0,0.95343,0.40463,450.1195,0.00463335,1.0093,"Geophysical donor high and surface receiver abstains. A buried structural boundary is one hypothesis; native cover/gradient/slope measurements above are context, not proof.",Basin-fill density boundary or volcanic lithologic contact; gravity and modelled cover may not be independent.,Compare both sides in official high-resolution terrain/geologic mapping and field offset observations. A continuous unfaulted contact would weaken the fault interpretation.,"Unverified candidate; no slip, permeability, temperature or geothermal resource established."
CTD5-A-00646,8,2,2024.25,1369.25,380325.0,4306075.0,0.95221,0.4813,708.1458,0.00350231,0.9402,"Geophysical donor high and surface receiver abstains. A buried structural boundary is one hypothesis; native cover/gradient/slope measurements above are context, not proof.",Basin-fill density boundary or volcanic lithologic contact; gravity and modelled cover may not be independent.,Compare both sides in official high-resolution terrain/geologic mapping and field offset observations. A continuous unfaulted contact would weaken the fault interpretation.,"Unverified candidate; no slip, permeability, temperature or geothermal resource established."
CTD5-A-00647,6,1,2023.667,1517.5,395150.0,4306133.3,0.97242,0.54982,332.3125,0.00609039,0.3382,"Geophysical donor high and surface receiver abstains. A buried structural boundary is one hypothesis; native cover/gradient/slope measurements above are context, not proof.",Basin-fill density boundary or volcanic lithologic contact; gravity and modelled cover may not be independent.,Compare both sides in official high-resolution terrain/geologic mapping and field offset observations. A continuous unfaulted contact would weaken the fault interpretation.,"Unverified candidate; no slip, permeability, temperature or geothermal resource established."
CTD5-A-00648,18,2,2026.556,1541.056,397505.6,4305844.4,0.99146,0.56842,147.3435,0.00493436,19.9732,"Geophysical donor high and surface receiver abstains. A buried structural boundary is one hypothesis; native cover/gradient/slope measurements above are context, not proof.",Basin-fill density boundary or volcanic lithologic contact; gravity and modelled cover may not be independent.,Compare both sides in official high-resolution terrain/geologic mapping and field offset observations. A continuous unfaulted contact would weaken the fault interpretation.,"Unverified candidate; no slip, permeability, temperature or geothermal resource established."
CTD5-A-00649,10,2,2027.5,1510.7,394470.0,4305750.0,0.96923,0.50838,283.9095,0.00669349,0.4053,"Geophysical donor high and surface receiver abstains. A buried structural boundary is one hypothesis; native cover/gradient/slope measurements above are context, not proof.",Basin-fill density boundary or volcanic lithologic contact; gravity and modelled cover may not be independent.,Compare both sides in official high-resolution terrain/geologic mapping and field offset observations. A continuous unfaulted contact would weaken the fault interpretation.,"Unverified candidate; no slip, permeability, temperature or geothermal resource established."
CTD5-A-00650,4,1,2026.75,1373.0,380700.0,4305825.0,0.9614,0.50743,825.8979,0.00331002,0.9788,"Geophysical donor high and surface receiver abstains. A buried structural boundary is one hypothesis; native cover/gradient/slope measurements above are context, not proof.",Basin-fill density boundary or volcanic lithologic contact; gravity and modelled cover may not be independent.,Compare both sides in official high-resolution terrain/geologic mapping and field offset observations. A continuous unfaulted contact would weaken the fault interpretation.,"Unverified candidate; no slip, permeability, temperature or geothermal resource established."
CTD5-A-00651,1,0,2026.0,1516.0,395000.0,4305900.0,0.97087,0.6261,270.2799,0.00587332,0.1293,"Geophysical donor high and surface receiver abstains. A buried structural boundary is one hypothesis; native cover/gradient/slope measurements above are context, not proof.",Basin-fill density boundary or volcanic lithologic contact; gravity and modelled cover may not be independent.,Compare both sides in official high-resolution terrain/geologic mapping and field offset observations. A continuous unfaulted contact would weaken the fault interpretation.,"Unverified candidate; no slip, permeability, temperature or geothermal resource established."
CTD5-A-00652,1,0,2026.0,1530.0,396400.0,4305900.0,0.95173,0.35333,107.1781,0.00290656,2.0383,"Geophysical donor high and surface receiver abstains. A buried structural boundary is one hypothesis; native cover/gradient/slope measurements above are context, not proof.",Basin-fill density boundary or volcanic lithologic contact; gravity and modelled cover may not be independent.,Compare both sides in official high-resolution terrain/geologic mapping and field offset observations. A continuous unfaulted contact would weaken the fault interpretation.,"Unverified candidate; no slip, permeability, temperature or geothermal resource established."
CTD5-A-00653,2,0,2027.0,1464.5,389850.0,4305800.0,0.95907,0.3856,947.4379,0.00412484,0.0576,"Geophysical donor high and surface receiver abstains. A buried structural boundary is one hypothesis; native cover/gradient/slope measurements above are context, not proof.",Basin-fill density boundary or volcanic lithologic contact; gravity and modelled cover may not be independent.,Compare both sides in official high-resolution terrain/geologic mapping and field offset observations. A continuous unfaulted contact would weaken the fault interpretation.,"Unverified candidate; no slip, permeability, temperature or geothermal resource established."
CTD5-A-00654,3,1,2028.0,1523.333,395733.3,4305700.0,0.96352,0.49789,123.5193,0.0038467,0.6852,"Geophysical donor high and surface receiver abstains. A buried structural boundary is one hypothesis; native cover/gradient/slope measurements above are context, not proof.",Basin-fill density boundary or volcanic lithologic contact; gravity and modelled cover may not be independent.,Compare both sides in official high-resolution terrain/geologic mapping and field offset observations. A continuous unfaulted contact would weaken the fault interpretation.,"Unverified candidate; no slip, permeability, temperature or geothermal resource established."
CTD5-A-00655,1,0,2027.0,1594.0,402800.0,4305800.0,0.95693,0.54023,1549.3063,0.0034922,1.5974,"Geophysical donor high and surface receiver abstains. A buried structural boundary is one hypothesis; native cover/gradient/slope measurements above are context, not proof.",Basin-fill density boundary or volcanic lithologic contact; gravity and modelled cover may not be independent.,Compare both sides in official high-resolution terrain/geologic mapping and field offset observations. A continuous unfaulted contact would weaken the fault interpretation.,"Unverified candidate; no slip, permeability, temperature or geothermal resource established."
CTD5-A-00656,2,1,2028.5,1542.0,397600.0,4305650.0,0.99113,0.45148,169.6426,0.00509967,12.4376,"Geophysical donor high and surface receiver abstains. A buried structural boundary is one hypothesis; native cover/gradient/slope measurements above are context, not proof.",Basin-fill density boundary or volcanic lithologic contact; gravity and modelled cover may not be independent.,Compare both sides in official high-resolution terrain/geologic mapping and field offset observations. A continuous unfaulted contact would weaken the fault interpretation.,"Unverified candidate; no slip, permeability, temperature or geothermal resource established."
CTD5-A-00657,4,1,2029.5,1363.5,379750.0,4305550.0,0.95971,0.59471,561.6847,0.00368378,2.1587,"Geophysical donor high and surface receiver abstains. A buried structural boundary is one hypothesis; native cover/gradient/slope measurements above are context, not proof.",Basin-fill density boundary or volcanic lithologic contact; gravity and modelled cover may not be independent.,Compare both sides in official high-resolution terrain/geologic mapping and field offset observations. A continuous unfaulted contact would weaken the fault interpretation.,"Unverified candidate; no slip, permeability, temperature or geothermal resource established."
CTD5-A-00658,14,2,2031.714,1457.786,389178.6,4305328.6,0.9569,0.45195,939.8411,0.00385474,0.1237,"Geophysical donor high and surface receiver abstains. A buried structural boundary is one hypothesis; native cover/gradient/slope measurements above are context, not proof.",Basin-fill density boundary or volcanic lithologic contact; gravity and modelled cover may not be independent.,Compare both sides in official high-resolution terrain/geologic mapping and field offset observations. A continuous unfaulted contact would weaken the fault interpretation.,"Unverified candidate; no slip, permeability, temperature or geothermal resource established."
CTD5-A-00659,1,1,2029.0,1502.0,393600.0,4305600.0,0.963,0.3637,313.1663,0.00847164,0.3429,"Geophysical donor high and surface receiver abstains. A buried structural boundary is one hypothesis; native cover/gradient/slope measurements above are context, not proof.",Basin-fill density boundary or volcanic lithologic contact; gravity and modelled cover may not be independent.,Compare both sides in official high-resolution terrain/geologic mapping and field offset observations. A continuous unfaulted contact would weaken the fault interpretation.,"Unverified candidate; no slip, permeability, temperature or geothermal resource established."
CTD5-A-00660,2,0,2029.5,1525.0,395900.0,4305550.0,0.9695,0.3754,95.0765,0.00391134,1.2734,"Geophysical donor high and surface receiver abstains. A buried structural boundary is one hypothesis; native cover/gradient/slope measurements above are context, not proof.",Basin-fill density boundary or volcanic lithologic contact; gravity and modelled cover may not be independent.,Compare both sides in official high-resolution terrain/geologic mapping and field offset observations. A continuous unfaulted contact would weaken the fault interpretation.,"Unverified candidate; no slip, permeability, temperature or geothermal resource established."
CTD5-A-00661,21,5,2037.571,1529.905,396390.5,4304742.9,0.98026,0.54285,69.5105,0.00506398,2.5085,"Geophysical donor high and surface receiver abstains. A buried structural boundary is one hypothesis; native cover/gradient/slope measurements above are context, not proof.",Basin-fill density boundary or volcanic lithologic contact; gravity and modelled cover may not be independent.,Compare both sides in official high-resolution terrain/geologic mapping and field offset observations. A continuous unfaulted contact would weaken the fault interpretation.,"Unverified candidate; no slip, permeability, temperature or geothermal resource established."
CTD5-A-00662,2,1,2029.5,1572.5,400650.0,4305550.0,0.96225,0.36467,872.6813,0.00299085,0.9415,"Geophysical donor high and surface receiver abstains. A buried structural boundary is one hypothesis; native cover/gradient/slope measurements above are context, not proof.",Basin-fill density boundary or volcanic lithologic contact; gravity and modelled cover may not be independent.,Compare both sides in official high-resolution terrain/geologic mapping and field offset observations. A continuous unfaulted contact would weaken the fault interpretation.,"Unverified candidate; no slip, permeability, temperature or geothermal resource established."
CTD5-A-00663,10,3,2030.4,1592.9,402690.0,4305460.0,0.95724,0.44742,1514.4923,0.00324667,1.1247,"Geophysical donor high and surface receiver abstains. A buried structural boundary is one hypothesis; native cover/gradient/slope measurements above are context, not proof.",Basin-fill density boundary or volcanic lithologic contact; gravity and modelled cover may not be independent.,Compare both sides in official high-resolution terrain/geologic mapping and field offset observations. A continuous unfaulted contact would weaken the fault interpretation.,"Unverified candidate; no slip, permeability, temperature or geothermal resource established."
CTD5-A-00664,3,1,2030.667,1346.333,378033.3,4305433.3,0.97346,0.61712,325.7238,0.00372444,20.0061,"Geophysical donor high and surface receiver abstains. A buried structural boundary is one hypothesis; native cover/gradient/slope measurements above are context, not proof.",Basin-fill density boundary or volcanic lithologic contact; gravity and modelled cover may not be independent.,Compare both sides in official high-resolution terrain/geologic mapping and field offset observations. A continuous unfaulted contact would weaken the fault interpretation.,"Unverified candidate; no slip, permeability, temperature or geothermal resource established."
CTD5-A-00665,30,2,2033.767,1473.233,390723.3,4305123.3,0.96383,0.46873,443.6113,0.00550245,0.1282,"Geophysical donor high and surface receiver abstains. A buried structural boundary is one hypothesis; native cover/gradient/slope measurements above are context, not proof.",Basin-fill density boundary or volcanic lithologic contact; gravity and modelled cover may not be independent.,Compare both sides in official high-resolution terrain/geologic mapping and field offset observations. A continuous unfaulted contact would weaken the fault interpretation.,"Unverified candidate; no slip, permeability, temperature or geothermal resource established."
CTD5-A-00666,16,3,2033.812,1540.938,397493.8,4305118.8,0.96975,0.54914,182.0209,0.00531467,18.3184,"Geophysical donor high and surface receiver abstains. A buried structural boundary is one hypothesis; native cover/gradient/slope measurements above are context, not proof.",Basin-fill density boundary or volcanic lithologic contact; gravity and modelled cover may not be independent.,Compare both sides in official high-resolution terrain/geologic mapping and field offset observations. A continuous unfaulted contact would weaken the fault interpretation.,"Unverified candidate; no slip, permeability, temperature or geothermal resource established."
CTD5-A-00667,4,1,2033.5,1549.75,398375.0,4305150.0,0.98462,0.59777,344.4246,0.00523105,2.3452,"Geophysical donor high and surface receiver abstains. A buried structural boundary is one hypothesis; native cover/gradient/slope measurements above are context, not proof.",Basin-fill density boundary or volcanic lithologic contact; gravity and modelled cover may not be independent.,Compare both sides in official high-resolution terrain/geologic mapping and field offset observations. A continuous unfaulted contact would weaken the fault interpretation.,"Unverified candidate; no slip, permeability, temperature or geothermal resource established."
CTD5-A-00668,1,1,2032.0,1596.0,403000.0,4305300.0,0.97213,0.43727,1676.3516,0.00363436,1.6571,"Geophysical donor high and surface receiver abstains. A buried structural boundary is one hypothesis; native cover/gradient/slope measurements above are context, not proof.",Basin-fill density boundary or volcanic lithologic contact; gravity and modelled cover may not be independent.,Compare both sides in official high-resolution terrain/geologic mapping and field offset observations. A continuous unfaulted contact would weaken the fault interpretation.,"Unverified candidate; no slip, permeability, temperature or geothermal resource established."
CTD5-A-00669,1,0,2033.0,1011.0,344500.0,4305200.0,0.95703,0.5993,217.8753,0.00595009,0.6629,"Geophysical donor high and surface receiver abstains. A buried structural boundary is one hypothesis; native cover/gradient/slope measurements above are context, not proof.",Basin-fill density boundary or volcanic lithologic contact; gravity and modelled cover may not be independent.,Compare both sides in official high-resolution terrain/geologic mapping and field offset observations. A continuous unfaulted contact would weaken the fault interpretation.,"Unverified candidate; no slip, permeability, temperature or geothermal resource established."
CTD5-A-00670,1,0,2033.0,1451.0,388500.0,4305200.0,0.97063,0.4029,1105.5,0.00298337,0.1299,"Geophysical donor high and surface receiver abstains. A buried structural boundary is one hypothesis; native cover/gradient/slope measurements above are context, not proof.",Basin-fill density boundary or volcanic lithologic contact; gravity and modelled cover may not be independent.,Compare both sides in official high-resolution terrain/geologic mapping and field offset observations. A continuous unfaulted contact would weaken the fault interpretation.,"Unverified candidate; no slip, permeability, temperature or geothermal resource established."
CTD5-A-00671,1,1,2033.0,1462.0,389600.0,4305200.0,0.9516,0.41177,767.1145,0.00433303,0.0969,"Geophysical donor high and surface receiver abstains. A buried structural boundary is one hypothesis; native cover/gradient/slope measurements above are context, not proof.",Basin-fill density boundary or volcanic lithologic contact; gravity and modelled cover may not be independent.,Compare both sides in official high-resolution terrain/geologic mapping and field offset observations. A continuous unfaulted contact would weaken the fault interpretation.,"Unverified candidate; no slip, permeability, temperature or geothermal resource established."
CTD5-A-00672,11,2,2034.364,1501.909,393590.9,4305063.6,0.9666,0.4312,158.5792,0.00614775,0.5199,"Geophysical donor high and surface receiver abstains. A buried structural boundary is one hypothesis; native cover/gradient/slope measurements above are context, not proof.",Basin-fill density boundary or volcanic lithologic contact; gravity and modelled cover may not be independent.,Compare both sides in official high-resolution terrain/geologic mapping and field offset observations. A continuous unfaulted contact would weaken the fault interpretation.,"Unverified candidate; no slip, permeability, temperature or geothermal resource established."
CTD5-A-00673,5,1,2035.0,1524.8,395880.0,4305000.0,0.96486,0.50469,48.0293,0.00484075,1.1501,"Geophysical donor high and surface receiver abstains. A buried structural boundary is one hypothesis; native cover/gradient/slope measurements above are context, not proof.",Basin-fill density boundary or volcanic lithologic contact; gravity and modelled cover may not be independent.,Compare both sides in official high-resolution terrain/geologic mapping and field offset observations. A continuous unfaulted contact would weaken the fault interpretation.,"Unverified candidate; no slip, permeability, temperature or geothermal resource established."
CTD5-A-00674,35,3,2035.4,1601.257,403525.7,4304960.0,0.97821,0.48246,2061.885,0.00418586,1.3581,"Geophysical donor high and surface receiver abstains. A buried structural boundary is one hypothesis; native cover/gradient/slope measurements above are context, not proof.",Basin-fill density boundary or volcanic lithologic contact; gravity and modelled cover may not be independent.,Compare both sides in official high-resolution terrain/geologic mapping and field offset observations. A continuous unfaulted contact would weaken the fault interpretation.,"Unverified candidate; no slip, permeability, temperature or geothermal resource established."
CTD5-A-00675,1,1,2034.0,1477.0,391100.0,4305100.0,0.97507,0.36363,365.7304,0.00628748,0.1397,"Geophysical donor high and surface receiver abstains. A buried structural boundary is one hypothesis; native cover/gradient/slope measurements above are context, not proof.",Basin-fill density boundary or volcanic lithologic contact; gravity and modelled cover may not be independent.,Compare both sides in official high-resolution terrain/geologic mapping and field offset observations. A continuous unfaulted contact would weaken the fault interpretation.,"Unverified candidate; no slip, permeability, temperature or geothermal resource established."
CTD5-A-00676,1,1,2034.0,1518.0,395200.0,4305100.0,0.96533,0.39517,84.9214,0.00454862,27.9147,"Geophysical donor high and surface receiver abstains. A buried structural boundary is one hypothesis; native cover/gradient/slope measurements above are context, not proof.",Basin-fill density boundary or volcanic lithologic contact; gravity and modelled cover may not be independent.,Compare both sides in official high-resolution terrain/geologic mapping and field offset observations. A continuous unfaulted contact would weaken the fault interpretation.,"Unverified candidate; no slip, permeability, temperature or geothermal resource established."
CTD5-A-00677,3,1,2035.667,1460.333,389433.3,4304933.3,0.95228,0.41419,708.7305,0.00445688,0.1747,"Geophysical donor high and surface receiver abstains. A buried structural boundary is one hypothesis; native cover/gradient/slope measurements above are context, not proof.",Basin-fill density boundary or volcanic lithologic contact; gravity and modelled cover may not be independent.,Compare both sides in official high-resolution terrain/geologic mapping and field offset observations. A continuous unfaulted contact would weaken the fault interpretation.,"Unverified candidate; no slip, permeability, temperature or geothermal resource established."
CTD5-A-00678,2,0,2035.5,1595.0,402900.0,4304950.0,0.96787,0.3582,1615.1257,0.0035434,1.4718,"Geophysical donor high and surface receiver abstains. A buried structural boundary is one hypothesis; native cover/gradient/slope measurements above are context, not proof.",Basin-fill density boundary or volcanic lithologic contact; gravity and modelled cover may not be independent.,Compare both sides in official high-resolution terrain/geologic mapping and field offset observations. A continuous unfaulted contact would weaken the fault interpretation.,"Unverified candidate; no slip, permeability, temperature or geothermal resource established."
CTD5-A-00679,1,0,2036.0,1519.0,395300.0,4304900.0,0.95787,0.60223,49.8775,0.00497026,26.4397,"Geophysical donor high and surface receiver abstains. A buried structural boundary is one hypothesis; native cover/gradient/slope measurements above are context, not proof.",Basin-fill density boundary or volcanic lithologic contact; gravity and modelled cover may not be independent.,Compare both sides in official high-resolution terrain/geologic mapping and field offset observations. A continuous unfaulted contact would weaken the fault interpretation.,"Unverified candidate; no slip, permeability, temperature or geothermal resource established."
CTD5-A-00680,2,1,2036.5,1568.0,400200.0,4304850.0,0.9825,0.46578,768.1306,0.00312478,0.9245,"Geophysical donor high and surface receiver abstains. A buried structural boundary is one hypothesis; native cover/gradient/slope measurements above are context, not proof.",Basin-fill density boundary or volcanic lithologic contact; gravity and modelled cover may not be independent.,Compare both sides in official high-resolution terrain/geologic mapping and field offset observations. A continuous unfaulted contact would weaken the fault interpretation.,"Unverified candidate; no slip, permeability, temperature or geothermal resource established."
CTD5-A-00681,14,3,2039.786,1537.429,397142.9,4304521.4,0.95923,0.59053,152.1938,0.0056605,20.9361,"Geophysical donor high and surface receiver abstains. A buried structural boundary is one hypothesis; native cover/gradient/slope measurements above are context, not proof.",Basin-fill density boundary or volcanic lithologic contact; gravity and modelled cover may not be independent.,Compare both sides in official high-resolution terrain/geologic mapping and field offset observations. A continuous unfaulted contact would weaken the fault interpretation.,"Unverified candidate; no slip, permeability, temperature or geothermal resource established."
CTD5-A-00682,286,32,2053.479,1592.874,402687.4,4303152.1,0.97647,0.48635,1350.0055,0.00383507,1.1934,"Geophysical donor high and surface receiver abstains. A buried structural boundary is one hypothesis; native cover/gradient/slope measurements above are context, not proof.",Basin-fill density boundary or volcanic lithologic contact; gravity and modelled cover may not be independent.,Compare both sides in official high-resolution terrain/geologic mapping and field offset observations. A continuous unfaulted contact would weaken the fault interpretation.,"Unverified candidate; no slip, permeability, temperature or geothermal resource established."
CTD5-A-00683,2,0,2038.0,1459.5,389350.0,4304700.0,0.95083,0.3977,658.7367,0.00461092,0.0822,"Geophysical donor high and surface receiver abstains. A buried structural boundary is one hypothesis; native cover/gradient/slope measurements above are context, not proof.",Basin-fill density boundary or volcanic lithologic contact; gravity and modelled cover may not be independent.,Compare both sides in official high-resolution terrain/geologic mapping and field offset observations. A continuous unfaulted contact would weaken the fault interpretation.,"Unverified candidate; no slip, permeability, temperature or geothermal resource established."
CTD5-A-00684,1,1,2038.0,1500.0,393400.0,4304700.0,0.97777,0.46013,74.2738,0.00593997,0.2409,"Geophysical donor high and surface receiver abstains. A buried structural boundary is one hypothesis; native cover/gradient/slope measurements above are context, not proof.",Basin-fill density boundary or volcanic lithologic contact; gravity and modelled cover may not be independent.,Compare both sides in official high-resolution terrain/geologic mapping and field offset observations. A continuous unfaulted contact would weaken the fault interpretation.,"Unverified candidate; no slip, permeability, temperature or geothermal resource established."
CTD5-A-00685,48,9,2051.958,1497.083,393108.3,4303304.2,0.97683,0.48836,33.9298,0.00504952,0.4239,"Geophysical donor high and surface receiver abstains. A buried structural boundary is one hypothesis; native cover/gradient/slope measurements above are context, not proof.",Basin-fill density boundary or volcanic lithologic contact; gravity and modelled cover may not be independent.,Compare both sides in official high-resolution terrain/geologic mapping and field offset observations. A continuous unfaulted contact would weaken the fault interpretation.,"Unverified candidate; no slip, permeability, temperature or geothermal resource established."
CTD5-A-00686,5,2,2039.6,1578.8,401280.0,4304540.0,0.97247,0.39718,988.4327,0.002747,0.7938,"Geophysical donor high and surface receiver abstains. A buried structural boundary is one hypothesis; native cover/gradient/slope measurements above are context, not proof.",Basin-fill density boundary or volcanic lithologic contact; gravity and modelled cover may not be independent.,Compare both sides in official high-resolution terrain/geologic mapping and field offset observations. A continuous unfaulted contact would weaken the fault interpretation.,"Unverified candidate; no slip, permeability, temperature or geothermal resource established."
CTD5-A-00687,1,1,2039.0,1474.0,390800.0,4304600.0,0.98403,0.36227,261.4244,0.00557604,0.1313,"Geophysical donor high and surface receiver abstains. A buried structural boundary is one hypothesis; native cover/gradient/slope measurements above are context, not proof.",Basin-fill density boundary or volcanic lithologic contact; gravity and modelled cover may not be independent.,Compare both sides in official high-resolution terrain/geologic mapping and field offset observations. A continuous unfaulted contact would weaken the fault interpretation.,"Unverified candidate; no slip, permeability, temperature or geothermal resource established."
CTD5-A-00688,2,1,2039.0,1493.5,392750.0,4304600.0,0.98463,0.3773,79.6441,0.00775899,0.3392,"Geophysical donor high and surface receiver abstains. A buried structural boundary is one hypothesis; native cover/gradient/slope measurements above are context, not proof.",Basin-fill density boundary or volcanic lithologic contact; gravity and modelled cover may not be independent.,Compare both sides in official high-resolution terrain/geologic mapping and field offset observations. A continuous unfaulted contact would weaken the fault interpretation.,"Unverified candidate; no slip, permeability, temperature or geothermal resource established."
CTD5-A-00689,1,0,2040.0,1361.0,379500.0,4304500.0,0.95507,0.54143,537.0381,0.00380959,1.3531,"Geophysical donor high and surface receiver abstains. A buried structural boundary is one hypothesis; native cover/gradient/slope measurements above are context, not proof.",Basin-fill density boundary or volcanic lithologic contact; gravity and modelled cover may not be independent.,Compare both sides in official high-resolution terrain/geologic mapping and field offset observations. A continuous unfaulted contact would weaken the fault interpretation.,"Unverified candidate; no slip, permeability, temperature or geothermal resource established."
CTD5-A-00690,1,1,2040.0,1549.0,398300.0,4304500.0,0.9828,0.64697,368.3342,0.00474194,2.117,"Geophysical donor high and surface receiver abstains. A buried structural boundary is one hypothesis; native cover/gradient/slope measurements above are context, not proof.",Basin-fill density boundary or volcanic lithologic contact; gravity and modelled cover may not be independent.,Compare both sides in official high-resolution terrain/geologic mapping and field offset observations. A continuous unfaulted contact would weaken the fault interpretation.,"Unverified candidate; no slip, permeability, temperature or geothermal resource established."
CTD5-A-00691,1,0,2040.0,1586.0,402000.0,4304500.0,0.98147,0.3802,1183.1353,0.00308982,1.0875,"Geophysical donor high and surface receiver abstains. A buried structural boundary is one hypothesis; native cover/gradient/slope measurements above are context, not proof.",Basin-fill density boundary or volcanic lithologic contact; gravity and modelled cover may not be independent.,Compare both sides in official high-resolution terrain/geologic mapping and field offset observations. A continuous unfaulted contact would weaken the fault interpretation.,"Unverified candidate; no slip, permeability, temperature or geothermal resource established."
CTD5-A-00692,3,1,2041.667,1492.0,392600.0,4304333.3,0.97037,0.37508,70.5851,0.00820819,0.6443,"Geophysical donor high and surface receiver abstains. A buried structural boundary is one hypothesis; native cover/gradient/slope measurements above are context, not proof.",Basin-fill density boundary or volcanic lithologic contact; gravity and modelled cover may not be independent.,Compare both sides in official high-resolution terrain/geologic mapping and field offset observations. A continuous unfaulted contact would weaken the fault interpretation.,"Unverified candidate; no slip, permeability, temperature or geothermal resource established."
CTD5-A-00693,112,12,2048.696,1356.634,379063.4,4303630.4,0.9712,0.47967,463.9492,0.00330994,1.6138,"Geophysical donor high and surface receiver abstains. A buried structural boundary is one hypothesis; native cover/gradient/slope measurements above are context, not proof.",Basin-fill density boundary or volcanic lithologic contact; gravity and modelled cover may not be independent.,Compare both sides in official high-resolution terrain/geologic mapping and field offset observations. A continuous unfaulted contact would weaken the fault interpretation.,"Unverified candidate; no slip, permeability, temperature or geothermal resource established."
CTD5-A-00694,2,1,2042.5,1524.0,395800.0,4304250.0,0.98233,0.44038,34.6069,0.00587181,2.992,"Geophysical donor high and surface receiver abstains. A buried structural boundary is one hypothesis; native cover/gradient/slope measurements above are context, not proof.",Basin-fill density boundary or volcanic lithologic contact; gravity and modelled cover may not be independent.,Compare both sides in official high-resolution terrain/geologic mapping and field offset observations. A continuous unfaulted contact would weaken the fault interpretation.,"Unverified candidate; no slip, permeability, temperature or geothermal resource established."
CTD5-A-00695,3,1,2042.667,1584.333,401833.3,4304233.3,0.97383,0.38871,1092.6388,0.00319629,1.0609,"Geophysical donor high and surface receiver abstains. A buried structural boundary is one hypothesis; native cover/gradient/slope measurements above are context, not proof.",Basin-fill density boundary or volcanic lithologic contact; gravity and modelled cover may not be independent.,Compare both sides in official high-resolution terrain/geologic mapping and field offset observations. A continuous unfaulted contact would weaken the fault interpretation.,"Unverified candidate; no slip, permeability, temperature or geothermal resource established."
CTD5-A-00696,4,1,2044.0,1581.25,401525.0,4304100.0,0.98185,0.38668,1004.7562,0.0031731,0.9176,"Geophysical donor high and surface receiver abstains. A buried structural boundary is one hypothesis; native cover/gradient/slope measurements above are context, not proof.",Basin-fill density boundary or volcanic lithologic contact; gravity and modelled cover may not be independent.,Compare both sides in official high-resolution terrain/geologic mapping and field offset observations. A continuous unfaulted contact would weaken the fault interpretation.,"Unverified candidate; no slip, permeability, temperature or geothermal resource established."
CTD5-A-00697,1,1,2045.0,1367.0,380100.0,4304000.0,0.95507,0.531,699.8682,0.00268267,1.6611,"Geophysical donor high and surface receiver abstains. A buried structural boundary is one hypothesis; native cover/gradient/slope measurements above are context, not proof.",Basin-fill density boundary or volcanic lithologic contact; gravity and modelled cover may not be independent.,Compare both sides in official high-resolution terrain/geologic mapping and field offset observations. A continuous unfaulted contact would weaken the fault interpretation.,"Unverified candidate; no slip, permeability, temperature or geothermal resource established."
CTD5-A-00698,7,2,2046.143,1493.143,392714.3,4303885.7,0.97127,0.40385,38.2461,0.00779186,0.3967,"Geophysical donor high and surface receiver abstains. A buried structural boundary is one hypothesis; native cover/gradient/slope measurements above are context, not proof.",Basin-fill density boundary or volcanic lithologic contact; gravity and modelled cover may not be independent.,Compare both sides in official high-resolution terrain/geologic mapping and field offset observations. A continuous unfaulted contact would weaken the fault interpretation.,"Unverified candidate; no slip, permeability, temperature or geothermal resource established."
CTD5-A-00699,5,1,2050.2,1367.6,380160.0,4303480.0,0.95113,0.53303,711.3444,0.00263078,1.486,"Geophysical donor high and surface receiver abstains. A buried structural boundary is one hypothesis; native cover/gradient/slope measurements above are context, not proof.",Basin-fill density boundary or volcanic lithologic contact; gravity and modelled cover may not be independent.,Compare both sides in official high-resolution terrain/geologic mapping and field offset observations. A continuous unfaulted contact would weaken the fault interpretation.,"Unverified candidate; no slip, permeability, temperature or geothermal resource established."
CTD5-A-00700,1,1,2050.0,1579.0,401300.0,4303500.0,0.9728,0.413,885.9833,0.00368018,0.7562,"Geophysical donor high and surface receiver abstains. A buried structural boundary is one hypothesis; native cover/gradient/slope measurements above are context, not proof.",Basin-fill density boundary or volcanic lithologic contact; gravity and modelled cover may not be independent.,Compare both sides in official high-resolution terrain/geologic mapping and field offset observations. A continuous unfaulted contact would weaken the fault interpretation.,"Unverified candidate; no slip, permeability, temperature or geothermal resource established."
CTD5-A-00701,22,4,2053.273,1385.091,381909.1,4303172.7,0.95535,0.43435,1229.3799,0.0025625,0.9845,"Geophysical donor high and surface receiver abstains. A buried structural boundary is one hypothesis; native cover/gradient/slope measurements above are context, not proof.",Basin-fill density boundary or volcanic lithologic contact; gravity and modelled cover may not be independent.,Compare both sides in official high-resolution terrain/geologic mapping and field offset observations. A continuous unfaulted contact would weaken the fault interpretation.,"Unverified candidate; no slip, permeability, temperature or geothermal resource established."
CTD5-A-00702,1,0,2051.0,1396.0,383000.0,4303400.0,0.95133,0.3659,1561.2778,0.0023478,0.999,"Geophysical donor high and surface receiver abstains. A buried structural boundary is one hypothesis; native cover/gradient/slope measurements above are context, not proof.",Basin-fill density boundary or volcanic lithologic contact; gravity and modelled cover may not be independent.,Compare both sides in official high-resolution terrain/geologic mapping and field offset observations. A continuous unfaulted contact would weaken the fault interpretation.,"Unverified candidate; no slip, permeability, temperature or geothermal resource established."
CTD5-A-00703,1,0,2051.0,1542.0,397600.0,4303400.0,0.99753,0.61653,297.4398,0.00601474,2.1704,"Geophysical donor high and surface receiver abstains. A buried structural boundary is one hypothesis; native cover/gradient/slope measurements above are context, not proof.",Basin-fill density boundary or volcanic lithologic contact; gravity and modelled cover may not be independent.,Compare both sides in official high-resolution terrain/geologic mapping and field offset observations. A continuous unfaulted contact would weaken the fault interpretation.,"Unverified candidate; no slip, permeability, temperature or geothermal resource established."
CTD5-A-00704,2,0,2051.5,1606.0,404000.0,4303350.0,0.958,0.6163,2286.2754,0.0053147,2.1733,"Geophysical donor high and surface receiver abstains. A buried structural boundary is one hypothesis; native cover/gradient/slope measurements above are context, not proof.",Basin-fill density boundary or volcanic lithologic contact; gravity and modelled cover may not be independent.,Compare both sides in official high-resolution terrain/geologic mapping and field offset observations. A continuous unfaulted contact would weaken the fault interpretation.,"Unverified candidate; no slip, permeability, temperature or geothermal resource established."
CTD5-A-00705,17,3,2055.941,1515.471,394947.1,4302905.9,0.9874,0.48707,38.118,0.00485611,21.7525,"Geophysical donor high and surface receiver abstains. A buried structural boundary is one hypothesis; native cover/gradient/slope measurements above are context, not proof.",Basin-fill density boundary or volcanic lithologic contact; gravity and modelled cover may not be independent.,Compare both sides in official high-resolution terrain/geologic mapping and field offset observations. A continuous unfaulted contact would weaken the fault interpretation.,"Unverified candidate; no slip, permeability, temperature or geothermal resource established."
CTD5-A-00706,1,1,2053.0,1540.0,397400.0,4303200.0,0.99523,0.63107,274.5232,0.00654523,1.6274,"Geophysical donor high and surface receiver abstains. A buried structural boundary is one hypothesis; native cover/gradient/slope measurements above are context, not proof.",Basin-fill density boundary or volcanic lithologic contact; gravity and modelled cover may not be independent.,Compare both sides in official high-resolution terrain/geologic mapping and field offset observations. A continuous unfaulted contact would weaken the fault interpretation.,"Unverified candidate; no slip, permeability, temperature or geothermal resource established."
CTD5-A-00707,1,1,2055.0,1356.0,379000.0,4303000.0,0.95023,0.3681,442.4119,0.00262397,1.4414,"Geophysical donor high and surface receiver abstains. A buried structural boundary is one hypothesis; native cover/gradient/slope measurements above are context, not proof.",Basin-fill density boundary or volcanic lithologic contact; gravity and modelled cover may not be independent.,Compare both sides in official high-resolution terrain/geologic mapping and field offset observations. A continuous unfaulted contact would weaken the fault interpretation.,"Unverified candidate; no slip, permeability, temperature or geothermal resource established."
CTD5-A-00708,2,1,2055.5,1490.5,392450.0,4302950.0,0.97108,0.3756,34.7148,0.00819695,0.2634,"Geophysical donor high and surface receiver abstains. A buried structural boundary is one hypothesis; native cover/gradient/slope measurements above are context, not proof.",Basin-fill density boundary or volcanic lithologic contact; gravity and modelled cover may not be independent.,Compare both sides in official high-resolution terrain/geologic mapping and field offset observations. A continuous unfaulted contact would weaken the fault interpretation.,"Unverified candidate; no slip, permeability, temperature or geothermal resource established."
CTD5-A-00709,1,1,2058.0,1356.0,379000.0,4302700.0,0.9502,0.41987,435.0206,0.00239932,1.7102,"Geophysical donor high and surface receiver abstains. A buried structural boundary is one hypothesis; native cover/gradient/slope measurements above are context, not proof.",Basin-fill density boundary or volcanic lithologic contact; gravity and modelled cover may not be independent.,Compare both sides in official high-resolution terrain/geologic mapping and field offset observations. A continuous unfaulted contact would weaken the fault interpretation.,"Unverified candidate; no slip, permeability, temperature or geothermal resource established."
CTD5-A-00710,5,1,2062.4,1360.6,379460.0,4302260.0,0.95357,0.42118,494.1274,0.00220971,1.2325,"Geophysical donor high and surface receiver abstains. A buried structural boundary is one hypothesis; native cover/gradient/slope measurements above are context, not proof.",Basin-fill density boundary or volcanic lithologic contact; gravity and modelled cover may not be independent.,Compare both sides in official high-resolution terrain/geologic mapping and field offset observations. A continuous unfaulted contact would weaken the fault interpretation.,"Unverified candidate; no slip, permeability, temperature or geothermal resource established."
CTD5-A-00711,5,1,2063.8,1517.0,395100.0,4302120.0,0.99417,0.57552,75.4428,0.00646901,16.5403,"Geophysical donor high and surface receiver abstains. A buried structural boundary is one hypothesis; native cover/gradient/slope measurements above are context, not proof.",Basin-fill density boundary or volcanic lithologic contact; gravity and modelled cover may not be independent.,Compare both sides in official high-resolution terrain/geologic mapping and field offset observations. A continuous unfaulted contact would weaken the fault interpretation.,"Unverified candidate; no slip, permeability, temperature or geothermal resource established."
CTD5-A-00712,258,35,2073.213,1519.209,395320.9,4301178.7,0.98309,0.4675,193.5739,0.0061841,0.7421,"Geophysical donor high and surface receiver abstains. A buried structural boundary is one hypothesis; native cover/gradient/slope measurements above are context, not proof.",Basin-fill density boundary or volcanic lithologic contact; gravity and modelled cover may not be independent.,Compare both sides in official high-resolution terrain/geologic mapping and field offset observations. A continuous unfaulted contact would weaken the fault interpretation.,"Unverified candidate; no slip, permeability, temperature or geothermal resource established."
CTD5-A-00713,3,1,2064.333,1510.667,394466.7,4302066.7,0.97812,0.52099,48.4391,0.00405496,2.0338,"Geophysical donor high and surface receiver abstains. A buried structural boundary is one hypothesis; native cover/gradient/slope measurements above are context, not proof.",Basin-fill density boundary or volcanic lithologic contact; gravity and modelled cover may not be independent.,Compare both sides in official high-resolution terrain/geologic mapping and field offset observations. A continuous unfaulted contact would weaken the fault interpretation.,"Unverified candidate; no slip, permeability, temperature or geothermal resource established."
CTD5-A-00714,1,0,2067.0,1423.0,385700.0,4301800.0,0.9519,0.35637,1398.7012,0.00246878,0.6735,"Geophysical donor high and surface receiver abstains. A buried structural boundary is one hypothesis; native cover/gradient/slope measurements above are context, not proof.",Basin-fill density boundary or volcanic lithologic contact; gravity and modelled cover may not be independent.,Compare both sides in official high-resolution terrain/geologic mapping and field offset observations. A continuous unfaulted contact would weaken the fault interpretation.,"Unverified candidate; no slip, permeability, temperature or geothermal resource established."
CTD5-A-00715,52,9,2072.269,1440.269,387426.9,4301273.1,0.97228,0.46636,1051.566,0.00285776,0.5696,"Geophysical donor high and surface receiver abstains. A buried structural boundary is one hypothesis; native cover/gradient/slope measurements above are context, not proof.",Basin-fill density boundary or volcanic lithologic contact; gravity and modelled cover may not be independent.,Compare both sides in official high-resolution terrain/geologic mapping and field offset observations. A continuous unfaulted contact would weaken the fault interpretation.,"Unverified candidate; no slip, permeability, temperature or geothermal resource established."
CTD5-A-00716,5,2,2069.2,1460.2,389420.0,4301580.0,0.97175,0.49226,540.1601,0.00458705,1.1351,"Geophysical donor high and surface receiver abstains. A buried structural boundary is one hypothesis; native cover/gradient/slope measurements above are context, not proof.",Basin-fill density boundary or volcanic lithologic contact; gravity and modelled cover may not be independent.,Compare both sides in official high-resolution terrain/geologic mapping and field offset observations. A continuous unfaulted contact would weaken the fault interpretation.,"Unverified candidate; no slip, permeability, temperature or geothermal resource established."
CTD5-A-00717,3,1,2071.0,1355.667,378966.7,4301400.0,0.9536,0.44922,364.9015,0.00245006,1.2939,"Geophysical donor high and surface receiver abstains. A buried structural boundary is one hypothesis; native cover/gradient/slope measurements above are context, not proof.",Basin-fill density boundary or volcanic lithologic contact; gravity and modelled cover may not be independent.,Compare both sides in official high-resolution terrain/geologic mapping and field offset observations. A continuous unfaulted contact would weaken the fault interpretation.,"Unverified candidate; no slip, permeability, temperature or geothermal resource established."
CTD5-A-00718,3,1,2070.0,1427.0,386100.0,4301500.0,0.95453,0.48426,1296.1637,0.00277373,0.8613,"Geophysical donor high and surface receiver abstains. A buried structural boundary is one hypothesis; native cover/gradient/slope measurements above are context, not proof.",Basin-fill density boundary or volcanic lithologic contact; gravity and modelled cover may not be independent.,Compare both sides in official high-resolution terrain/geologic mapping and field offset observations. A continuous unfaulted contact would weaken the fault interpretation.,"Unverified candidate; no slip, permeability, temperature or geothermal resource established."
CTD5-A-00719,2,1,2070.0,1454.5,388850.0,4301500.0,0.97763,0.51218,684.8577,0.00420214,0.9326,"Geophysical donor high and surface receiver abstains. A buried structural boundary is one hypothesis; native cover/gradient/slope measurements above are context, not proof.",Basin-fill density boundary or volcanic lithologic contact; gravity and modelled cover may not be independent.,Compare both sides in official high-resolution terrain/geologic mapping and field offset observations. A continuous unfaulted contact would weaken the fault interpretation.,"Unverified candidate; no slip, permeability, temperature or geothermal resource established."
CTD5-A-00720,1,1,2071.0,1598.0,403200.0,4301400.0,0.9876,0.57523,1332.0658,0.00413496,1.6679,"Geophysical donor high and surface receiver abstains. A buried structural boundary is one hypothesis; native cover/gradient/slope measurements above are context, not proof.",Basin-fill density boundary or volcanic lithologic contact; gravity and modelled cover may not be independent.,Compare both sides in official high-resolution terrain/geologic mapping and field offset observations. A continuous unfaulted contact would weaken the fault interpretation.,"Unverified candidate; no slip, permeability, temperature or geothermal resource established."
CTD5-A-00721,5,1,2072.6,1426.2,386020.0,4301240.0,0.95376,0.47188,1267.566,0.00282382,1.1418,"Geophysical donor high and surface receiver abstains. A buried structural boundary is one hypothesis; native cover/gradient/slope measurements above are context, not proof.",Basin-fill density boundary or volcanic lithologic contact; gravity and modelled cover may not be independent.,Compare both sides in official high-resolution terrain/geologic mapping and field offset observations. A continuous unfaulted contact would weaken the fault interpretation.,"Unverified candidate; no slip, permeability, temperature or geothermal resource established."
CTD5-A-00722,2,0,2072.0,1455.5,388950.0,4301300.0,0.97352,0.42702,676.5336,0.00408054,0.8665,"Geophysical donor high and surface receiver abstains. A buried structural boundary is one hypothesis; native cover/gradient/slope measurements above are context, not proof.",Basin-fill density boundary or volcanic lithologic contact; gravity and modelled cover may not be independent.,Compare both sides in official high-resolution terrain/geologic mapping and field offset observations. A continuous unfaulted contact would weaken the fault interpretation.,"Unverified candidate; no slip, permeability, temperature or geothermal resource established."
CTD5-A-00723,20,5,2075.1,1451.25,388525.0,4300990.0,0.97416,0.47168,799.2646,0.00329985,0.9753,"Geophysical donor high and surface receiver abstains. A buried structural boundary is one hypothesis; native cover/gradient/slope measurements above are context, not proof.",Basin-fill density boundary or volcanic lithologic contact; gravity and modelled cover may not be independent.,Compare both sides in official high-resolution terrain/geologic mapping and field offset observations. A continuous unfaulted contact would weaken the fault interpretation.,"Unverified candidate; no slip, permeability, temperature or geothermal resource established."
CTD5-A-00724,23,3,2075.957,1600.565,403456.5,4300904.3,0.97392,0.59537,1368.1152,0.00419086,1.5518,"Geophysical donor high and surface receiver abstains. A buried structural boundary is one hypothesis; native cover/gradient/slope measurements above are context, not proof.",Basin-fill density boundary or volcanic lithologic contact; gravity and modelled cover may not be independent.,Compare both sides in official high-resolution terrain/geologic mapping and field offset observations. A continuous unfaulted contact would weaken the fault interpretation.,"Unverified candidate; no slip, permeability, temperature or geothermal resource established."
CTD5-A-00725,1,0,2074.0,1357.0,379100.0,4301100.0,0.95443,0.61467,364.567,0.00255488,1.1767,"Geophysical donor high and surface receiver abstains. A buried structural boundary is one hypothesis; native cover/gradient/slope measurements above are context, not proof.",Basin-fill density boundary or volcanic lithologic contact; gravity and modelled cover may not be independent.,Compare both sides in official high-resolution terrain/geologic mapping and field offset observations. A continuous unfaulted contact would weaken the fault interpretation.,"Unverified candidate; no slip, permeability, temperature or geothermal resource established."
CTD5-A-00726,168,21,2088.708,1595.125,402912.5,4299629.2,0.97473,0.5003,891.1423,0.00322635,1.1957,"Geophysical donor high and surface receiver abstains. A buried structural boundary is one hypothesis; native cover/gradient/slope measurements above are context, not proof.",Basin-fill density boundary or volcanic lithologic contact; gravity and modelled cover may not be independent.,Compare both sides in official high-resolution terrain/geologic mapping and field offset observations. A continuous unfaulted contact would weaken the fault interpretation.,"Unverified candidate; no slip, permeability, temperature or geothermal resource established."
CTD5-A-00727,1,1,2077.0,1435.0,386900.0,4300800.0,0.97147,0.55097,1122.6755,0.00236685,0.8516,"Geophysical donor high and surface receiver abstains. A buried structural boundary is one hypothesis; native cover/gradient/slope measurements above are context, not proof.",Basin-fill density boundary or volcanic lithologic contact; gravity and modelled cover may not be independent.,Compare both sides in official high-resolution terrain/geologic mapping and field offset observations. A continuous unfaulted contact would weaken the fault interpretation.,"Unverified candidate; no slip, permeability, temperature or geothermal resource established."
CTD5-A-00728,160,18,2084.844,1463.981,389798.1,4300015.6,0.97294,0.49615,615.2076,0.00320324,1.0068,"Geophysical donor high and surface receiver abstains. A buried structural boundary is one hypothesis; native cover/gradient/slope measurements above are context, not proof.",Basin-fill density boundary or volcanic lithologic contact; gravity and modelled cover may not be independent.,Compare both sides in official high-resolution terrain/geologic mapping and field offset observations. A continuous unfaulted contact would weaken the fault interpretation.,"Unverified candidate; no slip, permeability, temperature or geothermal resource established."
CTD5-A-00729,1,0,2082.0,1584.0,401800.0,4300300.0,0.97213,0.39467,652.3726,0.00254478,0.8383,"Geophysical donor high and surface receiver abstains. A buried structural boundary is one hypothesis; native cover/gradient/slope measurements above are context, not proof.",Basin-fill density boundary or volcanic lithologic contact; gravity and modelled cover may not be independent.,Compare both sides in official high-resolution terrain/geologic mapping and field offset observations. A continuous unfaulted contact would weaken the fault interpretation.,"Unverified candidate; no slip, permeability, temperature or geothermal resource established."
CTD5-A-00730,1,1,2082.0,1618.0,405200.0,4300300.0,0.96113,0.61413,2227.7065,0.00329125,2.0863,"Geophysical donor high and surface receiver abstains. A buried structural boundary is one hypothesis; native cover/gradient/slope measurements above are context, not proof.",Basin-fill density boundary or volcanic lithologic contact; gravity and modelled cover may not be independent.,Compare both sides in official high-resolution terrain/geologic mapping and field offset observations. A continuous unfaulted contact would weaken the fault interpretation.,"Unverified candidate; no slip, permeability, temperature or geothermal resource established."
CTD5-A-00731,1,1,2086.0,1439.0,387300.0,4299900.0,0.9561,0.3515,1028.5201,0.00175088,0.7907,"Geophysical donor high and surface receiver abstains. A buried structural boundary is one hypothesis; native cover/gradient/slope measurements above are context, not proof.",Basin-fill density boundary or volcanic lithologic contact; gravity and modelled cover may not be independent.,Compare both sides in official high-resolution terrain/geologic mapping and field offset observations. A continuous unfaulted contact would weaken the fault interpretation.,"Unverified candidate; no slip, permeability, temperature or geothermal resource established."
CTD5-A-00732,1,1,2088.0,1462.0,389600.0,4299700.0,0.97363,0.61713,672.7416,0.00261946,0.5652,"Geophysical donor high and surface receiver abstains. A buried structural boundary is one hypothesis; native cover/gradient/slope measurements above are context, not proof.",Basin-fill density boundary or volcanic lithologic contact; gravity and modelled cover may not be independent.,Compare both sides in official high-resolution terrain/geologic mapping and field offset observations. A continuous unfaulted contact would weaken the fault interpretation.,"Unverified candidate; no slip, permeability, temperature or geothermal resource established."
CTD5-A-00733,2,1,2092.5,1456.0,389000.0,4299250.0,0.95748,0.52323,787.7048,0.00180515,0.8729,"Geophysical donor high and surface receiver abstains. A buried structural boundary is one hypothesis; native cover/gradient/slope measurements above are context, not proof.",Basin-fill density boundary or volcanic lithologic contact; gravity and modelled cover may not be independent.,Compare both sides in official high-resolution terrain/geologic mapping and field offset observations. A continuous unfaulted contact would weaken the fault interpretation.,"Unverified candidate; no slip, permeability, temperature or geothermal resource established."
CTD5-A-00734,3,1,2092.667,1581.667,401566.7,4299233.3,0.9516,0.49933,618.2083,0.00315368,0.9482,"Geophysical donor high and surface receiver abstains. A buried structural boundary is one hypothesis; native cover/gradient/slope measurements above are context, not proof.",Basin-fill density boundary or volcanic lithologic contact; gravity and modelled cover may not be independent.,Compare both sides in official high-resolution terrain/geologic mapping and field offset observations. A continuous unfaulted contact would weaken the fault interpretation.,"Unverified candidate; no slip, permeability, temperature or geothermal resource established."
CTD5-A-00735,1,1,2092.0,1600.0,403400.0,4299300.0,0.97477,0.52717,997.7775,0.00312805,0.5654,"Geophysical donor high and surface receiver abstains. A buried structural boundary is one hypothesis; native cover/gradient/slope measurements above are context, not proof.",Basin-fill density boundary or volcanic lithologic contact; gravity and modelled cover may not be independent.,Compare both sides in official high-resolution terrain/geologic mapping and field offset observations. A continuous unfaulted contact would weaken the fault interpretation.,"Unverified candidate; no slip, permeability, temperature or geothermal resource established."
CTD5-A-00736,4,0,2093.25,1602.25,403625.0,4299175.0,0.96064,0.46564,1054.4058,0.00291537,1.8281,"Geophysical donor high and surface receiver abstains. A buried structural boundary is one hypothesis; native cover/gradient/slope measurements above are context, not proof.",Basin-fill density boundary or volcanic lithologic contact; gravity and modelled cover may not be independent.,Compare both sides in official high-resolution terrain/geologic mapping and field offset observations. A continuous unfaulted contact would weaken the fault interpretation.,"Unverified candidate; no slip, permeability, temperature or geothermal resource established."
CTD5-A-00737,3,0,2094.0,1575.0,400900.0,4299100.0,0.95503,0.47922,604.0358,0.00289311,0.7981,"Geophysical donor high and surface receiver abstains. A buried structural boundary is one hypothesis; native cover/gradient/slope measurements above are context, not proof.",Basin-fill density boundary or volcanic lithologic contact; gravity and modelled cover may not be independent.,Compare both sides in official high-resolution terrain/geologic mapping and field offset observations. A continuous unfaulted contact would weaken the fault interpretation.,"Unverified candidate; no slip, permeability, temperature or geothermal resource established."
CTD5-A-00738,3,1,2094.333,1577.333,401133.3,4299066.7,0.95646,0.4892,609.662,0.0030968,0.9704,"Geophysical donor high and surface receiver abstains. A buried structural boundary is one hypothesis; native cover/gradient/slope measurements above are context, not proof.",Basin-fill density boundary or volcanic lithologic contact; gravity and modelled cover may not be independent.,Compare both sides in official high-resolution terrain/geologic mapping and field offset observations. A continuous unfaulted contact would weaken the fault interpretation.,"Unverified candidate; no slip, permeability, temperature or geothermal resource established."
CTD5-A-00739,156,16,2108.763,1632.276,406627.6,4297623.7,0.96095,0.48493,1209.7107,0.00341365,0.9211,"Geophysical donor high and surface receiver abstains. A buried structural boundary is one hypothesis; native cover/gradient/slope measurements above are context, not proof.",Basin-fill density boundary or volcanic lithologic contact; gravity and modelled cover may not be independent.,Compare both sides in official high-resolution terrain/geologic mapping and field offset observations. A continuous unfaulted contact would weaken the fault interpretation.,"Unverified candidate; no slip, permeability, temperature or geothermal resource established."
CTD5-A-00740,2,1,2096.0,1558.5,399250.0,4298900.0,0.9507,0.35023,680.188,0.00252293,0.4859,"Geophysical donor high and surface receiver abstains. A buried structural boundary is one hypothesis; native cover/gradient/slope measurements above are context, not proof.",Basin-fill density boundary or volcanic lithologic contact; gravity and modelled cover may not be independent.,Compare both sides in official high-resolution terrain/geologic mapping and field offset observations. A continuous unfaulted contact would weaken the fault interpretation.,"Unverified candidate; no slip, permeability, temperature or geothermal resource established."
CTD5-A-00741,1,1,2096.0,1585.0,401900.0,4298900.0,0.97187,0.4066,624.64,0.0036397,0.4866,"Geophysical donor high and surface receiver abstains. A buried structural boundary is one hypothesis; native cover/gradient/slope measurements above are context, not proof.",Basin-fill density boundary or volcanic lithologic contact; gravity and modelled cover may not be independent.,Compare both sides in official high-resolution terrain/geologic mapping and field offset observations. A continuous unfaulted contact would weaken the fault interpretation.,"Unverified candidate; no slip, permeability, temperature or geothermal resource established."
CTD5-A-00742,1,0,2096.0,1645.0,407900.0,4298900.0,0.966,0.37657,1923.0471,0.00350848,1.2873,"Geophysical donor high and surface receiver abstains. A buried structural boundary is one hypothesis; native cover/gradient/slope measurements above are context, not proof.",Basin-fill density boundary or volcanic lithologic contact; gravity and modelled cover may not be independent.,Compare both sides in official high-resolution terrain/geologic mapping and field offset observations. A continuous unfaulted contact would weaken the fault interpretation.,"Unverified candidate; no slip, permeability, temperature or geothermal resource established."
CTD5-A-00743,2,0,2097.0,1466.5,390050.0,4298800.0,0.9533,0.60533,629.2722,0.00356104,1.0982,"Geophysical donor high and surface receiver abstains. A buried structural boundary is one hypothesis; native cover/gradient/slope measurements above are context, not proof.",Basin-fill density boundary or volcanic lithologic contact; gravity and modelled cover may not be independent.,Compare both sides in official high-resolution terrain/geologic mapping and field offset observations. A continuous unfaulted contact would weaken the fault interpretation.,"Unverified candidate; no slip, permeability, temperature or geothermal resource established."
CTD5-A-00744,34,5,2100.647,1580.324,401432.4,4298435.3,0.97848,0.49041,627.9048,0.00390534,0.617,"Geophysical donor high and surface receiver abstains. A buried structural boundary is one hypothesis; native cover/gradient/slope measurements above are context, not proof.",Basin-fill density boundary or volcanic lithologic contact; gravity and modelled cover may not be independent.,Compare both sides in official high-resolution terrain/geologic mapping and field offset observations. A continuous unfaulted contact would weaken the fault interpretation.,"Unverified candidate; no slip, permeability, temperature or geothermal resource established."
CTD5-A-00745,5,1,2098.4,1453.8,388780.0,4298660.0,0.95415,0.3751,815.2755,0.00212114,1.0204,"Geophysical donor high and surface receiver abstains. A buried structural boundary is one hypothesis; native cover/gradient/slope measurements above are context, not proof.",Basin-fill density boundary or volcanic lithologic contact; gravity and modelled cover may not be independent.,Compare both sides in official high-resolution terrain/geologic mapping and field offset observations. A continuous unfaulted contact would weaken the fault interpretation.,"Unverified candidate; no slip, permeability, temperature or geothermal resource established."
CTD5-A-00746,17,2,2100.118,1459.471,389347.1,4298488.2,0.95575,0.48655,720.8591,0.00268732,1.1095,"Geophysical donor high and surface receiver abstains. A buried structural boundary is one hypothesis; native cover/gradient/slope measurements above are context, not proof.",Basin-fill density boundary or volcanic lithologic contact; gravity and modelled cover may not be independent.,Compare both sides in official high-resolution terrain/geologic mapping and field offset observations. A continuous unfaulted contact would weaken the fault interpretation.,"Unverified candidate; no slip, permeability, temperature or geothermal resource established."
CTD5-A-00747,5,2,2100.8,1445.4,387940.0,4298420.0,0.95445,0.40869,885.5002,0.00185394,1.381,"Geophysical donor high and surface receiver abstains. A buried structural boundary is one hypothesis; native cover/gradient/slope measurements above are context, not proof.",Basin-fill density boundary or volcanic lithologic contact; gravity and modelled cover may not be independent.,Compare both sides in official high-resolution terrain/geologic mapping and field offset observations. A continuous unfaulted contact would weaken the fault interpretation.,"Unverified candidate; no slip, permeability, temperature or geothermal resource established."
CTD5-A-00748,1,1,2100.0,1640.0,407400.0,4298500.0,0.95943,0.47823,1697.5371,0.00357838,1.317,"Geophysical donor high and surface receiver abstains. A buried structural boundary is one hypothesis; native cover/gradient/slope measurements above are context, not proof.",Basin-fill density boundary or volcanic lithologic contact; gravity and modelled cover may not be independent.,Compare both sides in official high-resolution terrain/geologic mapping and field offset observations. A continuous unfaulted contact would weaken the fault interpretation.,"Unverified candidate; no slip, permeability, temperature or geothermal resource established."
CTD5-A-00749,1,0,2101.0,1438.0,387200.0,4298400.0,0.9522,0.36773,916.6472,0.00129418,1.0821,"Geophysical donor high and surface receiver abstains. A buried structural boundary is one hypothesis; native cover/gradient/slope measurements above are context, not proof.",Basin-fill density boundary or volcanic lithologic contact; gravity and modelled cover may not be independent.,Compare both sides in official high-resolution terrain/geologic mapping and field offset observations. A continuous unfaulted contact would weaken the fault interpretation.,"Unverified candidate; no slip, permeability, temperature or geothermal resource established."
CTD5-A-00750,1,1,2102.0,1449.0,388300.0,4298300.0,0.96063,0.3751,838.2601,0.0021798,0.892,"Geophysical donor high and surface receiver abstains. A buried structural boundary is one hypothesis; native cover/gradient/slope measurements above are context, not proof.",Basin-fill density boundary or volcanic lithologic contact; gravity and modelled cover may not be independent.,Compare both sides in official high-resolution terrain/geologic mapping and field offset observations. A continuous unfaulted contact would weaken the fault interpretation.,"Unverified candidate; no slip, permeability, temperature or geothermal resource established."
CTD5-A-00751,1,1,2104.0,1553.0,398700.0,4298100.0,0.97423,0.3688,731.8661,0.00275952,0.4971,"Geophysical donor high and surface receiver abstains. A buried structural boundary is one hypothesis; native cover/gradient/slope measurements above are context, not proof.",Basin-fill density boundary or volcanic lithologic contact; gravity and modelled cover may not be independent.,Compare both sides in official high-resolution terrain/geologic mapping and field offset observations. A continuous unfaulted contact would weaken the fault interpretation.,"Unverified candidate; no slip, permeability, temperature or geothermal resource established."
CTD5-A-00752,3,1,2105.667,1577.333,401133.3,4297933.3,0.96816,0.40014,647.2808,0.003733,0.8034,"Geophysical donor high and surface receiver abstains. A buried structural boundary is one hypothesis; native cover/gradient/slope measurements above are context, not proof.",Basin-fill density boundary or volcanic lithologic contact; gravity and modelled cover may not be independent.,Compare both sides in official high-resolution terrain/geologic mapping and field offset observations. A continuous unfaulted contact would weaken the fault interpretation.,"Unverified candidate; no slip, permeability, temperature or geothermal resource established."
CTD5-A-00753,1,1,2107.0,1553.0,398700.0,4297800.0,0.97287,0.3555,748.9532,0.0028924,0.4583,"Geophysical donor high and surface receiver abstains. A buried structural boundary is one hypothesis; native cover/gradient/slope measurements above are context, not proof.",Basin-fill density boundary or volcanic lithologic contact; gravity and modelled cover may not be independent.,Compare both sides in official high-resolution terrain/geologic mapping and field offset observations. A continuous unfaulted contact would weaken the fault interpretation.,"Unverified candidate; no slip, permeability, temperature or geothermal resource established."
CTD5-A-00754,7,2,2114.857,1622.143,405614.3,4297014.3,0.96266,0.38947,878.4255,0.003385,0.782,"Geophysical donor high and surface receiver abstains. A buried structural boundary is one hypothesis; native cover/gradient/slope measurements above are context, not proof.",Basin-fill density boundary or volcanic lithologic contact; gravity and modelled cover may not be independent.,Compare both sides in official high-resolution terrain/geologic mapping and field offset observations. A continuous unfaulted contact would weaken the fault interpretation.,"Unverified candidate; no slip, permeability, temperature or geothermal resource established."
CTD5-A-00755,4,1,2116.5,1614.5,404850.0,4296850.0,0.95947,0.49571,761.6019,0.00266947,0.5344,"Geophysical donor high and surface receiver abstains. A buried structural boundary is one hypothesis; native cover/gradient/slope measurements above are context, not proof.",Basin-fill density boundary or volcanic lithologic contact; gravity and modelled cover may not be independent.,Compare both sides in official high-resolution terrain/geologic mapping and field offset observations. A continuous unfaulted contact would weaken the fault interpretation.,"Unverified candidate; no slip, permeability, temperature or geothermal resource established."
CTD5-A-00756,1,0,2116.0,1619.0,405300.0,4296900.0,0.96283,0.37587,810.1187,0.00322929,0.7504,"Geophysical donor high and surface receiver abstains. A buried structural boundary is one hypothesis; native cover/gradient/slope measurements above are context, not proof.",Basin-fill density boundary or volcanic lithologic contact; gravity and modelled cover may not be independent.,Compare both sides in official high-resolution terrain/geologic mapping and field offset observations. A continuous unfaulted contact would weaken the fault interpretation.,"Unverified candidate; no slip, permeability, temperature or geothermal resource established."
CTD5-A-00757,10,1,2126.2,1632.2,406620.0,4295880.0,0.9539,0.41608,660.1642,0.00379568,1.1643,"Geophysical donor high and surface receiver abstains. A buried structural boundary is one hypothesis; native cover/gradient/slope measurements above are context, not proof.",Basin-fill density boundary or volcanic lithologic contact; gravity and modelled cover may not be independent.,Compare both sides in official high-resolution terrain/geologic mapping and field offset observations. A continuous unfaulted contact would weaken the fault interpretation.,"Unverified candidate; no slip, permeability, temperature or geothermal resource established."
CTD5-A-00758,12,2,2128.75,1519.167,395316.7,4295625.0,0.96001,0.5077,691.9611,0.00365014,0.2032,"Geophysical donor high and surface receiver abstains. A buried structural boundary is one hypothesis; native cover/gradient/slope measurements above are context, not proof.",Basin-fill density boundary or volcanic lithologic contact; gravity and modelled cover may not be independent.,Compare both sides in official high-resolution terrain/geologic mapping and field offset observations. A continuous unfaulted contact would weaken the fault interpretation.,"Unverified candidate; no slip, permeability, temperature or geothermal resource established."
CTD5-A-00759,11,2,2132.455,1628.909,406290.9,4295254.5,0.95644,0.49221,607.2356,0.00409409,1.3438,"Geophysical donor high and surface receiver abstains. A buried structural boundary is one hypothesis; native cover/gradient/slope measurements above are context, not proof.",Basin-fill density boundary or volcanic lithologic contact; gravity and modelled cover may not be independent.,Compare both sides in official high-resolution terrain/geologic mapping and field offset observations. A continuous unfaulted contact would weaken the fault interpretation.,"Unverified candidate; no slip, permeability, temperature or geothermal resource established."
CTD5-A-00760,5,1,2132.8,1527.6,396160.0,4295220.0,0.95655,0.37067,799.3124,0.00259042,0.9317,"Geophysical donor high and surface receiver abstains. A buried structural boundary is one hypothesis; native cover/gradient/slope measurements above are context, not proof.",Basin-fill density boundary or volcanic lithologic contact; gravity and modelled cover may not be independent.,Compare both sides in official high-resolution terrain/geologic mapping and field offset observations. A continuous unfaulted contact would weaken the fault interpretation.,"Unverified candidate; no slip, permeability, temperature or geothermal resource established."
CTD5-A-00761,9,2,2134.889,1596.111,403011.1,4295011.1,0.97408,0.46222,579.8915,0.00493664,0.7027,"Geophysical donor high and surface receiver abstains. A buried structural boundary is one hypothesis; native cover/gradient/slope measurements above are context, not proof.",Basin-fill density boundary or volcanic lithologic contact; gravity and modelled cover may not be independent.,Compare both sides in official high-resolution terrain/geologic mapping and field offset observations. A continuous unfaulted contact would weaken the fault interpretation.,"Unverified candidate; no slip, permeability, temperature or geothermal resource established."
CTD5-A-00762,1,1,2134.0,1525.0,395900.0,4295100.0,0.95497,0.35043,788.686,0.0032611,1.2056,"Geophysical donor high and surface receiver abstains. A buried structural boundary is one hypothesis; native cover/gradient/slope measurements above are context, not proof.",Basin-fill density boundary or volcanic lithologic contact; gravity and modelled cover may not be independent.,Compare both sides in official high-resolution terrain/geologic mapping and field offset observations. A continuous unfaulted contact would weaken the fault interpretation.,"Unverified candidate; no slip, permeability, temperature or geothermal resource established."
CTD5-A-00763,1,0,2135.0,1624.0,405800.0,4295000.0,0.955,0.35433,575.8835,0.00469104,0.9528,"Geophysical donor high and surface receiver abstains. A buried structural boundary is one hypothesis; native cover/gradient/slope measurements above are context, not proof.",Basin-fill density boundary or volcanic lithologic contact; gravity and modelled cover may not be independent.,Compare both sides in official high-resolution terrain/geologic mapping and field offset observations. A continuous unfaulted contact would weaken the fault interpretation.,"Unverified candidate; no slip, permeability, temperature or geothermal resource established."
CTD5-A-00764,4,1,2136.25,1590.25,402425.0,4294875.0,0.97745,0.37948,606.1792,0.00454268,0.532,"Geophysical donor high and surface receiver abstains. A buried structural boundary is one hypothesis; native cover/gradient/slope measurements above are context, not proof.",Basin-fill density boundary or volcanic lithologic contact; gravity and modelled cover may not be independent.,Compare both sides in official high-resolution terrain/geologic mapping and field offset observations. A continuous unfaulted contact would weaken the fault interpretation.,"Unverified candidate; no slip, permeability, temperature or geothermal resource established."
CTD5-A-00765,22,3,2139.409,1601.818,403581.8,4294559.1,0.98133,0.41626,535.4402,0.00505418,0.6149,"Geophysical donor high and surface receiver abstains. A buried structural boundary is one hypothesis; native cover/gradient/slope measurements above are context, not proof.",Basin-fill density boundary or volcanic lithologic contact; gravity and modelled cover may not be independent.,Compare both sides in official high-resolution terrain/geologic mapping and field offset observations. A continuous unfaulted contact would weaken the fault interpretation.,"Unverified candidate; no slip, permeability, temperature or geothermal resource established."
CTD5-A-00766,8,2,2139.0,1541.375,397537.5,4294600.0,0.98272,0.39546,871.0753,0.00135317,0.9009,"Geophysical donor high and surface receiver abstains. A buried structural boundary is one hypothesis; native cover/gradient/slope measurements above are context, not proof.",Basin-fill density boundary or volcanic lithologic contact; gravity and modelled cover may not be independent.,Compare both sides in official high-resolution terrain/geologic mapping and field offset observations. A continuous unfaulted contact would weaken the fault interpretation.,"Unverified candidate; no slip, permeability, temperature or geothermal resource established."
CTD5-A-00767,2,1,2137.0,1586.5,402050.0,4294800.0,0.9789,0.37375,625.9117,0.00422615,0.441,"Geophysical donor high and surface receiver abstains. A buried structural boundary is one hypothesis; native cover/gradient/slope measurements above are context, not proof.",Basin-fill density boundary or volcanic lithologic contact; gravity and modelled cover may not be independent.,Compare both sides in official high-resolution terrain/geologic mapping and field offset observations. A continuous unfaulted contact would weaken the fault interpretation.,"Unverified candidate; no slip, permeability, temperature or geothermal resource established."
CTD5-A-00768,12,3,2140.083,1615.583,404958.3,4294491.7,0.9701,0.37612,527.3738,0.00420997,0.6311,"Geophysical donor high and surface receiver abstains. A buried structural boundary is one hypothesis; native cover/gradient/slope measurements above are context, not proof.",Basin-fill density boundary or volcanic lithologic contact; gravity and modelled cover may not be independent.,Compare both sides in official high-resolution terrain/geologic mapping and field offset observations. A continuous unfaulted contact would weaken the fault interpretation.,"Unverified candidate; no slip, permeability, temperature or geothermal resource established."
CTD5-A-00769,2,1,2140.5,1530.0,396400.0,4294450.0,0.9558,0.52603,847.032,0.0030443,1.7763,"Geophysical donor high and surface receiver abstains. A buried structural boundary is one hypothesis; native cover/gradient/slope measurements above are context, not proof.",Basin-fill density boundary or volcanic lithologic contact; gravity and modelled cover may not be independent.,Compare both sides in official high-resolution terrain/geologic mapping and field offset observations. A continuous unfaulted contact would weaken the fault interpretation.,"Unverified candidate; no slip, permeability, temperature or geothermal resource established."
CTD5-A-00770,29,5,2146.448,1558.966,399296.6,4293855.2,0.96085,0.40337,774.9943,0.00282547,0.6079,"Geophysical donor high and surface receiver abstains. A buried structural boundary is one hypothesis; native cover/gradient/slope measurements above are context, not proof.",Basin-fill density boundary or volcanic lithologic contact; gravity and modelled cover may not be independent.,Compare both sides in official high-resolution terrain/geologic mapping and field offset observations. A continuous unfaulted contact would weaken the fault interpretation.,"Unverified candidate; no slip, permeability, temperature or geothermal resource established."
CTD5-A-00771,2,1,2142.5,1514.5,394850.0,4294250.0,0.97507,0.43025,755.9982,0.00322931,24.1054,"Geophysical donor high and surface receiver abstains. A buried structural boundary is one hypothesis; native cover/gradient/slope measurements above are context, not proof.",Basin-fill density boundary or volcanic lithologic contact; gravity and modelled cover may not be independent.,Compare both sides in official high-resolution terrain/geologic mapping and field offset observations. A continuous unfaulted contact would weaken the fault interpretation.,"Unverified candidate; no slip, permeability, temperature or geothermal resource established."
CTD5-A-00772,5,2,2142.4,1609.8,404380.0,4294260.0,0.96828,0.39421,510.9035,0.00403573,0.5862,"Geophysical donor high and surface receiver abstains. A buried structural boundary is one hypothesis; native cover/gradient/slope measurements above are context, not proof.",Basin-fill density boundary or volcanic lithologic contact; gravity and modelled cover may not be independent.,Compare both sides in official high-resolution terrain/geologic mapping and field offset observations. A continuous unfaulted contact would weaken the fault interpretation.,"Unverified candidate; no slip, permeability, temperature or geothermal resource established."
CTD5-A-00773,1,1,2143.0,1592.0,402600.0,4294200.0,0.97073,0.37583,553.519,0.0050511,0.5458,"Geophysical donor high and surface receiver abstains. A buried structural boundary is one hypothesis; native cover/gradient/slope measurements above are context, not proof.",Basin-fill density boundary or volcanic lithologic contact; gravity and modelled cover may not be independent.,Compare both sides in official high-resolution terrain/geologic mapping and field offset observations. A continuous unfaulted contact would weaken the fault interpretation.,"Unverified candidate; no slip, permeability, temperature or geothermal resource established."
CTD5-A-00774,2,1,2144.5,1517.0,395100.0,4294050.0,0.95767,0.42942,789.4841,0.00366783,23.802,"Geophysical donor high and surface receiver abstains. A buried structural boundary is one hypothesis; native cover/gradient/slope measurements above are context, not proof.",Basin-fill density boundary or volcanic lithologic contact; gravity and modelled cover may not be independent.,Compare both sides in official high-resolution terrain/geologic mapping and field offset observations. A continuous unfaulted contact would weaken the fault interpretation.,"Unverified candidate; no slip, permeability, temperature or geothermal resource established."
CTD5-A-00775,1,0,2145.0,1610.0,404400.0,4294000.0,0.95093,0.3585,497.7567,0.00332775,0.5424,"Geophysical donor high and surface receiver abstains. A buried structural boundary is one hypothesis; native cover/gradient/slope measurements above are context, not proof.",Basin-fill density boundary or volcanic lithologic contact; gravity and modelled cover may not be independent.,Compare both sides in official high-resolution terrain/geologic mapping and field offset observations. A continuous unfaulted contact would weaken the fault interpretation.,"Unverified candidate; no slip, permeability, temperature or geothermal resource established."
CTD5-A-00776,9,2,2148.0,1532.333,396633.3,4293700.0,0.95708,0.44182,865.5457,0.00254916,1.6885,"Geophysical donor high and surface receiver abstains. A buried structural boundary is one hypothesis; native cover/gradient/slope measurements above are context, not proof.",Basin-fill density boundary or volcanic lithologic contact; gravity and modelled cover may not be independent.,Compare both sides in official high-resolution terrain/geologic mapping and field offset observations. A continuous unfaulted contact would weaken the fault interpretation.,"Unverified candidate; no slip, permeability, temperature or geothermal resource established."
CTD5-A-00777,6,1,2147.0,1555.167,398916.7,4293800.0,0.95646,0.41308,800.4094,0.00258502,0.892,"Geophysical donor high and surface receiver abstains. A buried structural boundary is one hypothesis; native cover/gradient/slope measurements above are context, not proof.",Basin-fill density boundary or volcanic lithologic contact; gravity and modelled cover may not be independent.,Compare both sides in official high-resolution terrain/geologic mapping and field offset observations. A continuous unfaulted contact would weaken the fault interpretation.,"Unverified candidate; no slip, permeability, temperature or geothermal resource established."
CTD5-A-00778,1,1,2150.0,1568.0,400200.0,4293500.0,0.9558,0.37503,677.1227,0.0032428,0.388,"Geophysical donor high and surface receiver abstains. A buried structural boundary is one hypothesis; native cover/gradient/slope measurements above are context, not proof.",Basin-fill density boundary or volcanic lithologic contact; gravity and modelled cover may not be independent.,Compare both sides in official high-resolution terrain/geologic mapping and field offset observations. A continuous unfaulted contact would weaken the fault interpretation.,"Unverified candidate; no slip, permeability, temperature or geothermal resource established."
CTD5-A-00779,1,0,2151.0,1553.0,398700.0,4293400.0,0.95597,0.39897,779.3494,0.00257815,1.1026,"Geophysical donor high and surface receiver abstains. A buried structural boundary is one hypothesis; native cover/gradient/slope measurements above are context, not proof.",Basin-fill density boundary or volcanic lithologic contact; gravity and modelled cover may not be independent.,Compare both sides in official high-resolution terrain/geologic mapping and field offset observations. A continuous unfaulted contact would weaken the fault interpretation.,"Unverified candidate; no slip, permeability, temperature or geothermal resource established."
CTD5-A-00780,1,1,2151.0,1582.0,401600.0,4293400.0,0.95323,0.47853,558.2397,0.00328371,0.7507,"Geophysical donor high and surface receiver abstains. A buried structural boundary is one hypothesis; native cover/gradient/slope measurements above are context, not proof.",Basin-fill density boundary or volcanic lithologic contact; gravity and modelled cover may not be independent.,Compare both sides in official high-resolution terrain/geologic mapping and field offset observations. A continuous unfaulted contact would weaken the fault interpretation.,"Unverified candidate; no slip, permeability, temperature or geothermal resource established."
CTD5-A-00781,5,2,2154.0,1268.0,370200.0,4293100.0,0.95923,0.48564,52.6499,0.00144212,8.1618,"Geophysical donor high and surface receiver abstains. A buried structural boundary is one hypothesis; native cover/gradient/slope measurements above are context, not proof.",Basin-fill density boundary or volcanic lithologic contact; gravity and modelled cover may not be independent.,Compare both sides in official high-resolution terrain/geologic mapping and field offset observations. A continuous unfaulted contact would weaken the fault interpretation.,"Unverified candidate; no slip, permeability, temperature or geothermal resource established."
CTD5-A-00782,1,1,2152.0,1585.0,401900.0,4293300.0,0.9526,0.56157,526.9844,0.00324081,0.7181,"Geophysical donor high and surface receiver abstains. A buried structural boundary is one hypothesis; native cover/gradient/slope measurements above are context, not proof.",Basin-fill density boundary or volcanic lithologic contact; gravity and modelled cover may not be independent.,Compare both sides in official high-resolution terrain/geologic mapping and field offset observations. A continuous unfaulted contact would weaken the fault interpretation.,"Unverified candidate; no slip, permeability, temperature or geothermal resource established."
CTD5-A-00783,1,0,2153.0,1270.0,370400.0,4293200.0,0.95713,0.63463,61.7444,0.00141121,4.3638,"Geophysical donor high and surface receiver abstains. A buried structural boundary is one hypothesis; native cover/gradient/slope measurements above are context, not proof.",Basin-fill density boundary or volcanic lithologic contact; gravity and modelled cover may not be independent.,Compare both sides in official high-resolution terrain/geologic mapping and field offset observations. A continuous unfaulted contact would weaken the fault interpretation.,"Unverified candidate; no slip, permeability, temperature or geothermal resource established."
CTD5-A-00784,1,0,2154.0,1265.0,369900.0,4293100.0,0.9542,0.64733,46.7518,0.00133775,2.0851,"Geophysical donor high and surface receiver abstains. A buried structural boundary is one hypothesis; native cover/gradient/slope measurements above are context, not proof.",Basin-fill density boundary or volcanic lithologic contact; gravity and modelled cover may not be independent.,Compare both sides in official high-resolution terrain/geologic mapping and field offset observations. A continuous unfaulted contact would weaken the fault interpretation.,"Unverified candidate; no slip, permeability, temperature or geothermal resource established."
CTD5-A-00785,1,0,2154.0,1399.0,383300.0,4293100.0,0.9524,0.645,440.8156,0.0023567,3.5326,"Geophysical donor high and surface receiver abstains. A buried structural boundary is one hypothesis; native cover/gradient/slope measurements above are context, not proof.",Basin-fill density boundary or volcanic lithologic contact; gravity and modelled cover may not be independent.,Compare both sides in official high-resolution terrain/geologic mapping and field offset observations. A continuous unfaulted contact would weaken the fault interpretation.,"Unverified candidate; no slip, permeability, temperature or geothermal resource established."
CTD5-A-00786,4,1,2156.25,1263.25,369725.0,4292875.0,0.9542,0.55455,33.4706,0.0010132,2.0727,"Geophysical donor high and surface receiver abstains. A buried structural boundary is one hypothesis; native cover/gradient/slope measurements above are context, not proof.",Basin-fill density boundary or volcanic lithologic contact; gravity and modelled cover may not be independent.,Compare both sides in official high-resolution terrain/geologic mapping and field offset observations. A continuous unfaulted contact would weaken the fault interpretation.,"Unverified candidate; no slip, permeability, temperature or geothermal resource established."
CTD5-A-00787,1,0,2156.0,1261.0,369500.0,4292900.0,0.95233,0.3771,31.013,0.00068077,2.0546,"Geophysical donor high and surface receiver abstains. A buried structural boundary is one hypothesis; native cover/gradient/slope measurements above are context, not proof.",Basin-fill density boundary or volcanic lithologic contact; gravity and modelled cover may not be independent.,Compare both sides in official high-resolution terrain/geologic mapping and field offset observations. A continuous unfaulted contact would weaken the fault interpretation.,"Unverified candidate; no slip, permeability, temperature or geothermal resource established."
CTD5-A-00788,105,12,2169.343,1635.01,406901.0,4291565.7,0.9765,0.50856,640.9244,0.00448453,0.6405,"Geophysical donor high and surface receiver abstains. A buried structural boundary is one hypothesis; native cover/gradient/slope measurements above are context, not proof.",Basin-fill density boundary or volcanic lithologic contact; gravity and modelled cover may not be independent.,Compare both sides in official high-resolution terrain/geologic mapping and field offset observations. A continuous unfaulted contact would weaken the fault interpretation.,"Unverified candidate; no slip, permeability, temperature or geothermal resource established."
CTD5-A-00789,1,0,2172.0,1638.0,407200.0,4291300.0,0.9551,0.64287,683.2605,0.00510162,0.5043,"Geophysical donor high and surface receiver abstains. A buried structural boundary is one hypothesis; native cover/gradient/slope measurements above are context, not proof.",Basin-fill density boundary or volcanic lithologic contact; gravity and modelled cover may not be independent.,Compare both sides in official high-resolution terrain/geologic mapping and field offset observations. A continuous unfaulted contact would weaken the fault interpretation.,"Unverified candidate; no slip, permeability, temperature or geothermal resource established."
CTD5-A-00790,1,0,2172.0,1641.0,407500.0,4291300.0,0.95157,0.57953,713.8918,0.0050631,0.5661,"Geophysical donor high and surface receiver abstains. A buried structural boundary is one hypothesis; native cover/gradient/slope measurements above are context, not proof.",Basin-fill density boundary or volcanic lithologic contact; gravity and modelled cover may not be independent.,Compare both sides in official high-resolution terrain/geologic mapping and field offset observations. A continuous unfaulted contact would weaken the fault interpretation.,"Unverified candidate; no slip, permeability, temperature or geothermal resource established."
CTD5-A-00791,1,0,2175.0,1622.0,405600.0,4291000.0,0.955,0.6451,509.8922,0.00236456,2.0508,"Geophysical donor high and surface receiver abstains. A buried structural boundary is one hypothesis; native cover/gradient/slope measurements above are context, not proof.",Basin-fill density boundary or volcanic lithologic contact; gravity and modelled cover may not be independent.,Compare both sides in official high-resolution terrain/geologic mapping and field offset observations. A continuous unfaulted contact would weaken the fault interpretation.,"Unverified candidate; no slip, permeability, temperature or geothermal resource established."
CTD5-A-00792,1,1,2175.0,1624.0,405800.0,4291000.0,0.9903,0.56513,532.0927,0.00297434,1.6225,"Geophysical donor high and surface receiver abstains. A buried structural boundary is one hypothesis; native cover/gradient/slope measurements above are context, not proof.",Basin-fill density boundary or volcanic lithologic contact; gravity and modelled cover may not be independent.,Compare both sides in official high-resolution terrain/geologic mapping and field offset observations. A continuous unfaulted contact would weaken the fault interpretation.,"Unverified candidate; no slip, permeability, temperature or geothermal resource established."
CTD5-A-00793,2,1,2178.5,1627.5,406150.0,4290650.0,0.99268,0.58037,602.9262,0.0045727,2.1851,"Geophysical donor high and surface receiver abstains. A buried structural boundary is one hypothesis; native cover/gradient/slope measurements above are context, not proof.",Basin-fill density boundary or volcanic lithologic contact; gravity and modelled cover may not be independent.,Compare both sides in official high-resolution terrain/geologic mapping and field offset observations. A continuous unfaulted contact would weaken the fault interpretation.,"Unverified candidate; no slip, permeability, temperature or geothermal resource established."
CTD5-A-00794,1,1,2178.0,1644.0,407800.0,4290700.0,0.95367,0.4709,766.7892,0.00372122,0.4222,"Geophysical donor high and surface receiver abstains. A buried structural boundary is one hypothesis; native cover/gradient/slope measurements above are context, not proof.",Basin-fill density boundary or volcanic lithologic contact; gravity and modelled cover may not be independent.,Compare both sides in official high-resolution terrain/geologic mapping and field offset observations. A continuous unfaulted contact would weaken the fault interpretation.,"Unverified candidate; no slip, permeability, temperature or geothermal resource established."
CTD5-A-00795,5,1,2179.8,1631.6,406560.0,4290520.0,0.97527,0.60777,662.7785,0.00491933,1.7482,"Geophysical donor high and surface receiver abstains. A buried structural boundary is one hypothesis; native cover/gradient/slope measurements above are context, not proof.",Basin-fill density boundary or volcanic lithologic contact; gravity and modelled cover may not be independent.,Compare both sides in official high-resolution terrain/geologic mapping and field offset observations. A continuous unfaulted contact would weaken the fault interpretation.,"Unverified candidate; no slip, permeability, temperature or geothermal resource established."
CTD5-A-00796,1,0,2180.0,1282.0,371600.0,4290500.0,0.9507,0.5991,26.1097,0.00067492,0.7784,"Geophysical donor high and surface receiver abstains. A buried structural boundary is one hypothesis; native cover/gradient/slope measurements above are context, not proof.",Basin-fill density boundary or volcanic lithologic contact; gravity and modelled cover may not be independent.,Compare both sides in official high-resolution terrain/geologic mapping and field offset observations. A continuous unfaulted contact would weaken the fault interpretation.,"Unverified candidate; no slip, permeability, temperature or geothermal resource established."
CTD5-A-00797,391,46,2196.143,1300.22,373422.0,4288885.7,0.96968,0.50181,43.9781,0.00092433,2.303,"Geophysical donor high and surface receiver abstains. A buried structural boundary is one hypothesis; native cover/gradient/slope measurements above are context, not proof.",Basin-fill density boundary or volcanic lithologic contact; gravity and modelled cover may not be independent.,Compare both sides in official high-resolution terrain/geologic mapping and field offset observations. A continuous unfaulted contact would weaken the fault interpretation.,"Unverified candidate; no slip, permeability, temperature or geothermal resource established."
CTD5-A-00798,60,7,2189.7,1250.833,368483.3,4289530.0,0.9653,0.49232,18.7723,0.00190682,1.3265,"Geophysical donor high and surface receiver abstains. A buried structural boundary is one hypothesis; native cover/gradient/slope measurements above are context, not proof.",Basin-fill density boundary or volcanic lithologic contact; gravity and modelled cover may not be independent.,Compare both sides in official high-resolution terrain/geologic mapping and field offset observations. A continuous unfaulted contact would weaken the fault interpretation.,"Unverified candidate; no slip, permeability, temperature or geothermal resource established."
CTD5-A-00799,1,1,2184.0,1628.0,406200.0,4290100.0,0.95797,0.63543,665.5974,0.00453559,2.1223,"Geophysical donor high and surface receiver abstains. A buried structural boundary is one hypothesis; native cover/gradient/slope measurements above are context, not proof.",Basin-fill density boundary or volcanic lithologic contact; gravity and modelled cover may not be independent.,Compare both sides in official high-resolution terrain/geologic mapping and field offset observations. A continuous unfaulted contact would weaken the fault interpretation.,"Unverified candidate; no slip, permeability, temperature or geothermal resource established."
CTD5-A-00800,8,2,2190.0,1630.375,406437.5,4289500.0,0.95336,0.60046,773.9634,0.003678,2.6083,"Geophysical donor high and surface receiver abstains. A buried structural boundary is one hypothesis; native cover/gradient/slope measurements above are context, not proof.",Basin-fill density boundary or volcanic lithologic contact; gravity and modelled cover may not be independent.,Compare both sides in official high-resolution terrain/geologic mapping and field offset observations. A continuous unfaulted contact would weaken the fault interpretation.,"Unverified candidate; no slip, permeability, temperature or geothermal resource established."
CTD5-A-00801,1,1,2191.0,1270.0,370400.0,4289400.0,0.95577,0.4425,11.3553,0.00107952,1.7687,"Geophysical donor high and surface receiver abstains. A buried structural boundary is one hypothesis; native cover/gradient/slope measurements above are context, not proof.",Basin-fill density boundary or volcanic lithologic contact; gravity and modelled cover may not be independent.,Compare both sides in official high-resolution terrain/geologic mapping and field offset observations. A continuous unfaulted contact would weaken the fault interpretation.,"Unverified candidate; no slip, permeability, temperature or geothermal resource established."
CTD5-A-00802,1,0,2191.0,1632.0,406600.0,4289400.0,0.95273,0.54563,802.8377,0.00338818,2.9114,"Geophysical donor high and surface receiver abstains. A buried structural boundary is one hypothesis; native cover/gradient/slope measurements above are context, not proof.",Basin-fill density boundary or volcanic lithologic contact; gravity and modelled cover may not be independent.,Compare both sides in official high-resolution terrain/geologic mapping and field offset observations. A continuous unfaulted contact would weaken the fault interpretation.,"Unverified candidate; no slip, permeability, temperature or geothermal resource established."
CTD5-A-00803,24,3,2194.208,1247.875,368187.5,4289079.2,0.97429,0.50104,30.1438,0.00184716,13.2112,"Geophysical donor high and surface receiver abstains. A buried structural boundary is one hypothesis; native cover/gradient/slope measurements above are context, not proof.",Basin-fill density boundary or volcanic lithologic contact; gravity and modelled cover may not be independent.,Compare both sides in official high-resolution terrain/geologic mapping and field offset observations. A continuous unfaulted contact would weaken the fault interpretation.,"Unverified candidate; no slip, permeability, temperature or geothermal resource established."
CTD5-A-00804,1,0,2192.0,1282.0,371600.0,4289300.0,0.9605,0.3504,18.97,0.00023085,1.1961,"Geophysical donor high and surface receiver abstains. A buried structural boundary is one hypothesis; native cover/gradient/slope measurements above are context, not proof.",Basin-fill density boundary or volcanic lithologic contact; gravity and modelled cover may not be independent.,Compare both sides in official high-resolution terrain/geologic mapping and field offset observations. A continuous unfaulted contact would weaken the fault interpretation.,"Unverified candidate; no slip, permeability, temperature or geothermal resource established."
CTD5-A-00805,1,0,2192.0,1625.0,405900.0,4289300.0,0.95103,0.60807,761.8011,0.00364051,3.2393,"Geophysical donor high and surface receiver abstains. A buried structural boundary is one hypothesis; native cover/gradient/slope measurements above are context, not proof.",Basin-fill density boundary or volcanic lithologic contact; gravity and modelled cover may not be independent.,Compare both sides in official high-resolution terrain/geologic mapping and field offset observations. A continuous unfaulted contact would weaken the fault interpretation.,"Unverified candidate; no slip, permeability, temperature or geothermal resource established."
CTD5-A-00806,1,0,2196.0,1626.0,406000.0,4288900.0,0.95387,0.6465,840.1526,0.003338,2.794,"Geophysical donor high and surface receiver abstains. A buried structural boundary is one hypothesis; native cover/gradient/slope measurements above are context, not proof.",Basin-fill density boundary or volcanic lithologic contact; gravity and modelled cover may not be independent.,Compare both sides in official high-resolution terrain/geologic mapping and field offset observations. A continuous unfaulted contact would weaken the fault interpretation.,"Unverified candidate; no slip, permeability, temperature or geothermal resource established."
CTD5-A-00807,14,2,2199.714,1268.5,370250.0,4288528.6,0.96345,0.43892,24.3727,0.00170966,1.5826,"Geophysical donor high and surface receiver abstains. A buried structural boundary is one hypothesis; native cover/gradient/slope measurements above are context, not proof.",Basin-fill density boundary or volcanic lithologic contact; gravity and modelled cover may not be independent.,Compare both sides in official high-resolution terrain/geologic mapping and field offset observations. A continuous unfaulted contact would weaken the fault interpretation.,"Unverified candidate; no slip, permeability, temperature or geothermal resource established."
CTD5-A-00808,3,1,2198.333,1611.333,404533.3,4288666.7,0.95312,0.54901,748.4427,0.00345763,14.0472,"Geophysical donor high and surface receiver abstains. A buried structural boundary is one hypothesis; native cover/gradient/slope measurements above are context, not proof.",Basin-fill density boundary or volcanic lithologic contact; gravity and modelled cover may not be independent.,Compare both sides in official high-resolution terrain/geologic mapping and field offset observations. A continuous unfaulted contact would weaken the fault interpretation.,"Unverified candidate; no slip, permeability, temperature or geothermal resource established."
CTD5-A-00809,1,0,2199.0,1275.0,370900.0,4288600.0,0.95303,0.38343,21.3437,0.00169888,1.4805,"Geophysical donor high and surface receiver abstains. A buried structural boundary is one hypothesis; native cover/gradient/slope measurements above are context, not proof.",Basin-fill density boundary or volcanic lithologic contact; gravity and modelled cover may not be independent.,Compare both sides in official high-resolution terrain/geologic mapping and field offset observations. A continuous unfaulted contact would weaken the fault interpretation.,"Unverified candidate; no slip, permeability, temperature or geothermal resource established."
CTD5-A-00810,18,2,2202.389,1277.667,371166.7,4288261.1,0.96501,0.47946,25.989,0.00165214,1.7898,"Geophysical donor high and surface receiver abstains. A buried structural boundary is one hypothesis; native cover/gradient/slope measurements above are context, not proof.",Basin-fill density boundary or volcanic lithologic contact; gravity and modelled cover may not be independent.,Compare both sides in official high-resolution terrain/geologic mapping and field offset observations. A continuous unfaulted contact would weaken the fault interpretation.,"Unverified candidate; no slip, permeability, temperature or geothermal resource established."
CTD5-A-00811,4,1,2200.5,1604.5,403850.0,4288450.0,0.9575,0.45811,727.3943,0.0028608,18.2271,"Geophysical donor high and surface receiver abstains. A buried structural boundary is one hypothesis; native cover/gradient/slope measurements above are context, not proof.",Basin-fill density boundary or volcanic lithologic contact; gravity and modelled cover may not be independent.,Compare both sides in official high-resolution terrain/geologic mapping and field offset observations. A continuous unfaulted contact would weaken the fault interpretation.,"Unverified candidate; no slip, permeability, temperature or geothermal resource established."
CTD5-A-00812,4,1,2202.0,1283.5,371750.0,4288300.0,0.96278,0.4815,24.4302,0.00128256,2.153,"Geophysical donor high and surface receiver abstains. A buried structural boundary is one hypothesis; native cover/gradient/slope measurements above are context, not proof.",Basin-fill density boundary or volcanic lithologic contact; gravity and modelled cover may not be independent.,Compare both sides in official high-resolution terrain/geologic mapping and field offset observations. A continuous unfaulted contact would weaken the fault interpretation.,"Unverified candidate; no slip, permeability, temperature or geothermal resource established."
CTD5-A-00813,1,0,2201.0,1298.0,373200.0,4288400.0,0.95207,0.56717,32.7825,0.00070181,9.5075,"Geophysical donor high and surface receiver abstains. A buried structural boundary is one hypothesis; native cover/gradient/slope measurements above are context, not proof.",Basin-fill density boundary or volcanic lithologic contact; gravity and modelled cover may not be independent.,Compare both sides in official high-resolution terrain/geologic mapping and field offset observations. A continuous unfaulted contact would weaken the fault interpretation.,"Unverified candidate; no slip, permeability, temperature or geothermal resource established."
CTD5-A-00814,1,0,2203.0,1604.0,403800.0,4288200.0,0.9575,0.43737,769.248,0.00281785,5.6076,"Geophysical donor high and surface receiver abstains. A buried structural boundary is one hypothesis; native cover/gradient/slope measurements above are context, not proof.",Basin-fill density boundary or volcanic lithologic contact; gravity and modelled cover may not be independent.,Compare both sides in official high-resolution terrain/geologic mapping and field offset observations. A continuous unfaulted contact would weaken the fault interpretation.,"Unverified candidate; no slip, permeability, temperature or geothermal resource established."
CTD5-A-00815,2,0,2203.5,1607.0,404100.0,4288150.0,0.95403,0.62872,811.1493,0.00314186,15.3502,"Geophysical donor high and surface receiver abstains. A buried structural boundary is one hypothesis; native cover/gradient/slope measurements above are context, not proof.",Basin-fill density boundary or volcanic lithologic contact; gravity and modelled cover may not be independent.,Compare both sides in official high-resolution terrain/geologic mapping and field offset observations. A continuous unfaulted contact would weaken the fault interpretation.,"Unverified candidate; no slip, permeability, temperature or geothermal resource established."
CTD5-A-00816,7,1,2207.143,1284.714,371871.4,4287785.7,0.95365,0.47154,27.9159,0.00116338,2.5653,"Geophysical donor high and surface receiver abstains. A buried structural boundary is one hypothesis; native cover/gradient/slope measurements above are context, not proof.",Basin-fill density boundary or volcanic lithologic contact; gravity and modelled cover may not be independent.,Compare both sides in official high-resolution terrain/geologic mapping and field offset observations. A continuous unfaulted contact would weaken the fault interpretation.,"Unverified candidate; no slip, permeability, temperature or geothermal resource established."
CTD5-A-00817,1,0,2206.0,1282.0,371600.0,4287900.0,0.9581,0.56607,27.6966,0.00134243,14.2934,"Geophysical donor high and surface receiver abstains. A buried structural boundary is one hypothesis; native cover/gradient/slope measurements above are context, not proof.",Basin-fill density boundary or volcanic lithologic contact; gravity and modelled cover may not be independent.,Compare both sides in official high-resolution terrain/geologic mapping and field offset observations. A continuous unfaulted contact would weaken the fault interpretation.,"Unverified candidate; no slip, permeability, temperature or geothermal resource established."
CTD5-A-00818,4,1,2209.0,1282.5,371650.0,4287600.0,0.9512,0.51512,30.849,0.00125162,2.9481,"Geophysical donor high and surface receiver abstains. A buried structural boundary is one hypothesis; native cover/gradient/slope measurements above are context, not proof.",Basin-fill density boundary or volcanic lithologic contact; gravity and modelled cover may not be independent.,Compare both sides in official high-resolution terrain/geologic mapping and field offset observations. A continuous unfaulted contact would weaken the fault interpretation.,"Unverified candidate; no slip, permeability, temperature or geothermal resource established."
CTD5-A-00819,1,0,2208.0,1287.0,372100.0,4287700.0,0.95323,0.42137,27.5462,0.00103773,4.7537,"Geophysical donor high and surface receiver abstains. A buried structural boundary is one hypothesis; native cover/gradient/slope measurements above are context, not proof.",Basin-fill density boundary or volcanic lithologic contact; gravity and modelled cover may not be independent.,Compare both sides in official high-resolution terrain/geologic mapping and field offset observations. A continuous unfaulted contact would weaken the fault interpretation.,"Unverified candidate; no slip, permeability, temperature or geothermal resource established."
CTD5-A-00820,17,3,2209.882,1298.765,373276.5,4287511.8,0.9703,0.52286,23.9879,0.00048389,5.5122,"Geophysical donor high and surface receiver abstains. A buried structural boundary is one hypothesis; native cover/gradient/slope measurements above are context, not proof.",Basin-fill density boundary or volcanic lithologic contact; gravity and modelled cover may not be independent.,Compare both sides in official high-resolution terrain/geologic mapping and field offset observations. A continuous unfaulted contact would weaken the fault interpretation.,"Unverified candidate; no slip, permeability, temperature or geothermal resource established."
CTD5-A-00821,2,1,2209.5,1270.5,370450.0,4287550.0,0.95142,0.46083,43.366,0.00125555,1.5039,"Geophysical donor high and surface receiver abstains. A buried structural boundary is one hypothesis; native cover/gradient/slope measurements above are context, not proof.",Basin-fill density boundary or volcanic lithologic contact; gravity and modelled cover may not be independent.,Compare both sides in official high-resolution terrain/geologic mapping and field offset observations. A continuous unfaulted contact would weaken the fault interpretation.,"Unverified candidate; no slip, permeability, temperature or geothermal resource established."
CTD5-A-00822,3,1,2217.667,1329.333,376333.3,4286733.3,0.96411,0.40098,77.0904,0.0023431,2.6264,"Geophysical donor high and surface receiver abstains. A buried structural boundary is one hypothesis; native cover/gradient/slope measurements above are context, not proof.",Basin-fill density boundary or volcanic lithologic contact; gravity and modelled cover may not be independent.,Compare both sides in official high-resolution terrain/geologic mapping and field offset observations. A continuous unfaulted contact would weaken the fault interpretation.,"Unverified candidate; no slip, permeability, temperature or geothermal resource established."
CTD5-A-00823,3,0,2218.0,1332.0,376600.0,4286700.0,0.95289,0.41197,90.6211,0.00208328,2.3901,"Geophysical donor high and surface receiver abstains. A buried structural boundary is one hypothesis; native cover/gradient/slope measurements above are context, not proof.",Basin-fill density boundary or volcanic lithologic contact; gravity and modelled cover may not be independent.,Compare both sides in official high-resolution terrain/geologic mapping and field offset observations. A continuous unfaulted contact would weaken the fault interpretation.,"Unverified candidate; no slip, permeability, temperature or geothermal resource established."
CTD5-A-00824,3,1,2218.667,1323.333,375733.3,4286633.3,0.96589,0.40877,44.3224,0.00194097,2.614,"Geophysical donor high and surface receiver abstains. A buried structural boundary is one hypothesis; native cover/gradient/slope measurements above are context, not proof.",Basin-fill density boundary or volcanic lithologic contact; gravity and modelled cover may not be independent.,Compare both sides in official high-resolution terrain/geologic mapping and field offset observations. A continuous unfaulted contact would weaken the fault interpretation.,"Unverified candidate; no slip, permeability, temperature or geothermal resource established."
CTD5-A-00825,27,6,2223.481,1328.407,376240.7,4286151.9,0.96573,0.42625,64.4483,0.00229717,3.0383,"Geophysical donor high and surface receiver abstains. A buried structural boundary is one hypothesis; native cover/gradient/slope measurements above are context, not proof.",Basin-fill density boundary or volcanic lithologic contact; gravity and modelled cover may not be independent.,Compare both sides in official high-resolution terrain/geologic mapping and field offset observations. A continuous unfaulted contact would weaken the fault interpretation.,"Unverified candidate; no slip, permeability, temperature or geothermal resource established."
CTD5-A-00826,4,1,2222.5,1709.0,414300.0,4286250.0,0.95057,0.56082,68.6264,0.00306148,21.5601,"Geophysical donor high and surface receiver abstains. A buried structural boundary is one hypothesis; native cover/gradient/slope measurements above are context, not proof.",Basin-fill density boundary or volcanic lithologic contact; gravity and modelled cover may not be independent.,Compare both sides in official high-resolution terrain/geologic mapping and field offset observations. A continuous unfaulted contact would weaken the fault interpretation.,"Unverified candidate; no slip, permeability, temperature or geothermal resource established."
CTD5-A-00827,1,1,2237.0,1333.0,376700.0,4284800.0,0.96583,0.4171,75.6642,0.00235104,5.6622,"Geophysical donor high and surface receiver abstains. A buried structural boundary is one hypothesis; native cover/gradient/slope measurements above are context, not proof.",Basin-fill density boundary or volcanic lithologic contact; gravity and modelled cover may not be independent.,Compare both sides in official high-resolution terrain/geologic mapping and field offset observations. A continuous unfaulted contact would weaken the fault interpretation.,"Unverified candidate; no slip, permeability, temperature or geothermal resource established."
CTD5-A-00828,3,1,2250.667,1157.0,359100.0,4283433.3,0.96087,0.54316,80.7561,0.0018303,13.1886,"Geophysical donor high and surface receiver abstains. A buried structural boundary is one hypothesis; native cover/gradient/slope measurements above are context, not proof.",Basin-fill density boundary or volcanic lithologic contact; gravity and modelled cover may not be independent.,Compare both sides in official high-resolution terrain/geologic mapping and field offset observations. A continuous unfaulted contact would weaken the fault interpretation.,"Unverified candidate; no slip, permeability, temperature or geothermal resource established."
CTD5-A-00829,6,1,2255.667,1161.0,359500.0,4282933.3,0.95926,0.46808,79.2458,0.00192747,5.1305,"Geophysical donor high and surface receiver abstains. A buried structural boundary is one hypothesis; native cover/gradient/slope measurements above are context, not proof.",Basin-fill density boundary or volcanic lithologic contact; gravity and modelled cover may not be independent.,Compare both sides in official high-resolution terrain/geologic mapping and field offset observations. A continuous unfaulted contact would weaken the fault interpretation.,"Unverified candidate; no slip, permeability, temperature or geothermal resource established."
CTD5-A-00830,1,0,2257.0,1156.0,359000.0,4282800.0,0.95813,0.51307,148.9824,0.00239983,6.0324,"Geophysical donor high and surface receiver abstains. A buried structural boundary is one hypothesis; native cover/gradient/slope measurements above are context, not proof.",Basin-fill density boundary or volcanic lithologic contact; gravity and modelled cover may not be independent.,Compare both sides in official high-resolution terrain/geologic mapping and field offset observations. A continuous unfaulted contact would weaken the fault interpretation.,"Unverified candidate; no slip, permeability, temperature or geothermal resource established."
CTD5-A-00831,4,1,2258.75,1159.0,359300.0,4282625.0,0.95679,0.52975,133.8754,0.00236221,4.7291,"Geophysical donor high and surface receiver abstains. A buried structural boundary is one hypothesis; native cover/gradient/slope measurements above are context, not proof.",Basin-fill density boundary or volcanic lithologic contact; gravity and modelled cover may not be independent.,Compare both sides in official high-resolution terrain/geologic mapping and field offset observations. A continuous unfaulted contact would weaken the fault interpretation.,"Unverified candidate; no slip, permeability, temperature or geothermal resource established."
CTD5-A-00832,2,1,2260.0,1625.5,405950.0,4282500.0,0.96343,0.57063,1030.5568,0.004602,2.8522,"Geophysical donor high and surface receiver abstains. A buried structural boundary is one hypothesis; native cover/gradient/slope measurements above are context, not proof.",Basin-fill density boundary or volcanic lithologic contact; gravity and modelled cover may not be independent.,Compare both sides in official high-resolution terrain/geologic mapping and field offset observations. A continuous unfaulted contact would weaken the fault interpretation.,"Unverified candidate; no slip, permeability, temperature or geothermal resource established."
CTD5-A-00833,1,1,2269.0,1630.0,406400.0,4281600.0,0.95697,0.6217,879.3274,0.00576904,1.6184,"Geophysical donor high and surface receiver abstains. A buried structural boundary is one hypothesis; native cover/gradient/slope measurements above are context, not proof.",Basin-fill density boundary or volcanic lithologic contact; gravity and modelled cover may not be independent.,Compare both sides in official high-resolution terrain/geologic mapping and field offset observations. A continuous unfaulted contact would weaken the fault interpretation.,"Unverified candidate; no slip, permeability, temperature or geothermal resource established."
CTD5-A-00834,6,1,2272.333,1635.833,406983.3,4281266.7,0.95076,0.53573,841.9402,0.00397046,3.7801,"Geophysical donor high and surface receiver abstains. A buried structural boundary is one hypothesis; native cover/gradient/slope measurements above are context, not proof.",Basin-fill density boundary or volcanic lithologic contact; gravity and modelled cover may not be independent.,Compare both sides in official high-resolution terrain/geologic mapping and field offset observations. A continuous unfaulted contact would weaken the fault interpretation.,"Unverified candidate; no slip, permeability, temperature or geothermal resource established."
CTD5-A-00835,1,1,2273.0,1626.0,406000.0,4281200.0,0.9614,0.5656,804.7216,0.00410619,2.223,"Geophysical donor high and surface receiver abstains. A buried structural boundary is one hypothesis; native cover/gradient/slope measurements above are context, not proof.",Basin-fill density boundary or volcanic lithologic contact; gravity and modelled cover may not be independent.,Compare both sides in official high-resolution terrain/geologic mapping and field offset observations. A continuous unfaulted contact would weaken the fault interpretation.,"Unverified candidate; no slip, permeability, temperature or geothermal resource established."
CTD5-A-00836,10,2,2275.2,1627.7,406170.0,4280980.0,0.9622,0.57412,780.4031,0.00422015,2.1663,"Geophysical donor high and surface receiver abstains. A buried structural boundary is one hypothesis; native cover/gradient/slope measurements above are context, not proof.",Basin-fill density boundary or volcanic lithologic contact; gravity and modelled cover may not be independent.,Compare both sides in official high-resolution terrain/geologic mapping and field offset observations. A continuous unfaulted contact would weaken the fault interpretation.,"Unverified candidate; no slip, permeability, temperature or geothermal resource established."
CTD5-A-00837,1,0,2275.0,1631.0,406500.0,4281000.0,0.9609,0.6376,790.5479,0.00562372,7.3281,"Geophysical donor high and surface receiver abstains. A buried structural boundary is one hypothesis; native cover/gradient/slope measurements above are context, not proof.",Basin-fill density boundary or volcanic lithologic contact; gravity and modelled cover may not be independent.,Compare both sides in official high-resolution terrain/geologic mapping and field offset observations. A continuous unfaulted contact would weaken the fault interpretation.,"Unverified candidate; no slip, permeability, temperature or geothermal resource established."
CTD5-A-00838,1,0,2280.0,1628.0,406200.0,4280500.0,0.95753,0.60677,741.7015,0.00371367,6.6881,"Geophysical donor high and surface receiver abstains. A buried structural boundary is one hypothesis; native cover/gradient/slope measurements above are context, not proof.",Basin-fill density boundary or volcanic lithologic contact; gravity and modelled cover may not be independent.,Compare both sides in official high-resolution terrain/geologic mapping and field offset observations. A continuous unfaulted contact would weaken the fault interpretation.,"Unverified candidate; no slip, permeability, temperature or geothermal resource established."
CTD5-A-00839,1,0,2284.0,1639.0,407300.0,4280100.0,0.95627,0.54893,738.8528,0.00219555,4.8835,"Geophysical donor high and surface receiver abstains. A buried structural boundary is one hypothesis; native cover/gradient/slope measurements above are context, not proof.",Basin-fill density boundary or volcanic lithologic contact; gravity and modelled cover may not be independent.,Compare both sides in official high-resolution terrain/geologic mapping and field offset observations. A continuous unfaulted contact would weaken the fault interpretation.,"Unverified candidate; no slip, permeability, temperature or geothermal resource established."
CTD5-A-00840,1,0,2312.0,1243.0,367700.0,4277300.0,0.95383,0.35757,43.2204,0.00218764,22.8124,"Geophysical donor high and surface receiver abstains. A buried structural boundary is one hypothesis; native cover/gradient/slope measurements above are context, not proof.",Basin-fill density boundary or volcanic lithologic contact; gravity and modelled cover may not be independent.,Compare both sides in official high-resolution terrain/geologic mapping and field offset observations. A continuous unfaulted contact would weaken the fault interpretation.,"Unverified candidate; no slip, permeability, temperature or geothermal resource established."
CTD5-A-00841,174,21,2341.816,1916.293,435029.3,4274318.4,0.9567,0.53044,1108.4722,0.00108603,2.1855,"Geophysical donor high and surface receiver abstains. A buried structural boundary is one hypothesis; native cover/gradient/slope measurements above are context, not proof.",Basin-fill density boundary or volcanic lithologic contact; gravity and modelled cover may not be independent.,Compare both sides in official high-resolution terrain/geologic mapping and field offset observations. A continuous unfaulted contact would weaken the fault interpretation.,"Unverified candidate; no slip, permeability, temperature or geothermal resource established."
CTD5-A-00842,1,0,2333.0,1913.0,434700.0,4275200.0,0.95277,0.4089,1038.0779,0.00045136,2.098,"Geophysical donor high and surface receiver abstains. A buried structural boundary is one hypothesis; native cover/gradient/slope measurements above are context, not proof.",Basin-fill density boundary or volcanic lithologic contact; gravity and modelled cover may not be independent.,Compare both sides in official high-resolution terrain/geologic mapping and field offset observations. A continuous unfaulted contact would weaken the fault interpretation.,"Unverified candidate; no slip, permeability, temperature or geothermal resource established."
CTD5-A-00843,2,0,2335.0,1903.5,433750.0,4275000.0,0.95438,0.54855,808.0184,0.0011096,2.3406,"Geophysical donor high and surface receiver abstains. A buried structural boundary is one hypothesis; native cover/gradient/slope measurements above are context, not proof.",Basin-fill density boundary or volcanic lithologic contact; gravity and modelled cover may not be independent.,Compare both sides in official high-resolution terrain/geologic mapping and field offset observations. A continuous unfaulted contact would weaken the fault interpretation.,"Unverified candidate; no slip, permeability, temperature or geothermal resource established."
CTD5-A-00844,7,1,2338.714,1900.571,433457.1,4274628.6,0.95042,0.51381,749.8451,0.00165044,1.9221,"Geophysical donor high and surface receiver abstains. A buried structural boundary is one hypothesis; native cover/gradient/slope measurements above are context, not proof.",Basin-fill density boundary or volcanic lithologic contact; gravity and modelled cover may not be independent.,Compare both sides in official high-resolution terrain/geologic mapping and field offset observations. A continuous unfaulted contact would weaken the fault interpretation.,"Unverified candidate; no slip, permeability, temperature or geothermal resource established."
CTD5-A-00845,10,2,2338.1,1904.3,433830.0,4274690.0,0.96268,0.58699,837.3682,0.00109943,1.7961,"Geophysical donor high and surface receiver abstains. A buried structural boundary is one hypothesis; native cover/gradient/slope measurements above are context, not proof.",Basin-fill density boundary or volcanic lithologic contact; gravity and modelled cover may not be independent.,Compare both sides in official high-resolution terrain/geologic mapping and field offset observations. A continuous unfaulted contact would weaken the fault interpretation.,"Unverified candidate; no slip, permeability, temperature or geothermal resource established."
CTD5-A-00846,4,1,2341.25,1925.75,435975.0,4274375.0,0.95147,0.54214,1305.1879,0.00122141,2.4308,"Geophysical donor high and surface receiver abstains. A buried structural boundary is one hypothesis; native cover/gradient/slope measurements above are context, not proof.",Basin-fill density boundary or volcanic lithologic contact; gravity and modelled cover may not be independent.,Compare both sides in official high-resolution terrain/geologic mapping and field offset observations. A continuous unfaulted contact would weaken the fault interpretation.,"Unverified candidate; no slip, permeability, temperature or geothermal resource established."
CTD5-A-00847,3,1,2342.0,1930.0,436400.0,4274300.0,0.95286,0.57294,1346.2028,0.00126353,1.9391,"Geophysical donor high and surface receiver abstains. A buried structural boundary is one hypothesis; native cover/gradient/slope measurements above are context, not proof.",Basin-fill density boundary or volcanic lithologic contact; gravity and modelled cover may not be independent.,Compare both sides in official high-resolution terrain/geologic mapping and field offset observations. A continuous unfaulted contact would weaken the fault interpretation.,"Unverified candidate; no slip, permeability, temperature or geothermal resource established."
CTD5-A-00848,1,1,2344.0,1905.0,433900.0,4274100.0,0.9598,0.5239,872.6805,0.00156864,1.5275,"Geophysical donor high and surface receiver abstains. A buried structural boundary is one hypothesis; native cover/gradient/slope measurements above are context, not proof.",Basin-fill density boundary or volcanic lithologic contact; gravity and modelled cover may not be independent.,Compare both sides in official high-resolution terrain/geologic mapping and field offset observations. A continuous unfaulted contact would weaken the fault interpretation.,"Unverified candidate; no slip, permeability, temperature or geothermal resource established."
CTD5-A-00849,1,0,2344.0,1924.0,435800.0,4274100.0,0.9521,0.64863,1265.6464,0.00128499,1.8152,"Geophysical donor high and surface receiver abstains. A buried structural boundary is one hypothesis; native cover/gradient/slope measurements above are context, not proof.",Basin-fill density boundary or volcanic lithologic contact; gravity and modelled cover may not be independent.,Compare both sides in official high-resolution terrain/geologic mapping and field offset observations. A continuous unfaulted contact would weaken the fault interpretation.,"Unverified candidate; no slip, permeability, temperature or geothermal resource established."
CTD5-A-00850,11,2,2347.818,1929.455,436345.5,4273718.2,0.95441,0.54347,1275.4003,0.00142642,2.4839,"Geophysical donor high and surface receiver abstains. A buried structural boundary is one hypothesis; native cover/gradient/slope measurements above are context, not proof.",Basin-fill density boundary or volcanic lithologic contact; gravity and modelled cover may not be independent.,Compare both sides in official high-resolution terrain/geologic mapping and field offset observations. A continuous unfaulted contact would weaken the fault interpretation.,"Unverified candidate; no slip, permeability, temperature or geothermal resource established."
CTD5-A-00851,1,0,2346.0,1905.0,433900.0,4273900.0,0.95347,0.52097,863.0147,0.00182259,1.9605,"Geophysical donor high and surface receiver abstains. A buried structural boundary is one hypothesis; native cover/gradient/slope measurements above are context, not proof.",Basin-fill density boundary or volcanic lithologic contact; gravity and modelled cover may not be independent.,Compare both sides in official high-resolution terrain/geologic mapping and field offset observations. A continuous unfaulted contact would weaken the fault interpretation.,"Unverified candidate; no slip, permeability, temperature or geothermal resource established."
CTD5-A-00852,1,0,2349.0,1910.0,434400.0,4273600.0,0.95953,0.6269,951.0007,0.00167926,1.8227,"Geophysical donor high and surface receiver abstains. A buried structural boundary is one hypothesis; native cover/gradient/slope measurements above are context, not proof.",Basin-fill density boundary or volcanic lithologic contact; gravity and modelled cover may not be independent.,Compare both sides in official high-resolution terrain/geologic mapping and field offset observations. A continuous unfaulted contact would weaken the fault interpretation.,"Unverified candidate; no slip, permeability, temperature or geothermal resource established."
CTD5-A-00853,3,1,2349.667,1913.0,434700.0,4273533.3,0.9564,0.61982,1009.6236,0.00158216,2.1151,"Geophysical donor high and surface receiver abstains. A buried structural boundary is one hypothesis; native cover/gradient/slope measurements above are context, not proof.",Basin-fill density boundary or volcanic lithologic contact; gravity and modelled cover may not be independent.,Compare both sides in official high-resolution terrain/geologic mapping and field offset observations. A continuous unfaulted contact would weaken the fault interpretation.,"Unverified candidate; no slip, permeability, temperature or geothermal resource established."
CTD5-A-00854,1,0,2350.0,1906.0,434000.0,4273500.0,0.95283,0.5658,856.4227,0.00206023,2.8138,"Geophysical donor high and surface receiver abstains. A buried structural boundary is one hypothesis; native cover/gradient/slope measurements above are context, not proof.",Basin-fill density boundary or volcanic lithologic contact; gravity and modelled cover may not be independent.,Compare both sides in official high-resolution terrain/geologic mapping and field offset observations. A continuous unfaulted contact would weaken the fault interpretation.,"Unverified candidate; no slip, permeability, temperature or geothermal resource established."
CTD5-A-00855,7,2,2354.857,1923.714,435771.4,4273014.3,0.95173,0.55788,1115.6429,0.00127688,2.3179,"Geophysical donor high and surface receiver abstains. A buried structural boundary is one hypothesis; native cover/gradient/slope measurements above are context, not proof.",Basin-fill density boundary or volcanic lithologic contact; gravity and modelled cover may not be independent.,Compare both sides in official high-resolution terrain/geologic mapping and field offset observations. A continuous unfaulted contact would weaken the fault interpretation.,"Unverified candidate; no slip, permeability, temperature or geothermal resource established."
CTD5-A-00856,69,9,2358.087,1936.261,437026.1,4272691.3,0.95747,0.55437,1109.2297,0.00142237,2.7193,"Geophysical donor high and surface receiver abstains. A buried structural boundary is one hypothesis; native cover/gradient/slope measurements above are context, not proof.",Basin-fill density boundary or volcanic lithologic contact; gravity and modelled cover may not be independent.,Compare both sides in official high-resolution terrain/geologic mapping and field offset observations. A continuous unfaulted contact would weaken the fault interpretation.,"Unverified candidate; no slip, permeability, temperature or geothermal resource established."
CTD5-A-00857,1,1,2353.0,1940.0,437400.0,4273200.0,0.96143,0.55647,1200.071,0.00117312,2.4486,"Geophysical donor high and surface receiver abstains. A buried structural boundary is one hypothesis; native cover/gradient/slope measurements above are context, not proof.",Basin-fill density boundary or volcanic lithologic contact; gravity and modelled cover may not be independent.,Compare both sides in official high-resolution terrain/geologic mapping and field offset observations. A continuous unfaulted contact would weaken the fault interpretation.,"Unverified candidate; no slip, permeability, temperature or geothermal resource established."
CTD5-A-00858,1,0,2354.0,1932.0,436600.0,4273100.0,0.9533,0.6456,1190.0045,0.00146856,2.4382,"Geophysical donor high and surface receiver abstains. A buried structural boundary is one hypothesis; native cover/gradient/slope measurements above are context, not proof.",Basin-fill density boundary or volcanic lithologic contact; gravity and modelled cover may not be independent.,Compare both sides in official high-resolution terrain/geologic mapping and field offset observations. A continuous unfaulted contact would weaken the fault interpretation.,"Unverified candidate; no slip, permeability, temperature or geothermal resource established."
CTD5-A-00859,1,0,2355.0,1621.0,405500.0,4273000.0,0.95273,0.42773,360.2534,0.00425567,2.3843,"Geophysical donor high and surface receiver abstains. A buried structural boundary is one hypothesis; native cover/gradient/slope measurements above are context, not proof.",Basin-fill density boundary or volcanic lithologic contact; gravity and modelled cover may not be independent.,Compare both sides in official high-resolution terrain/geologic mapping and field offset observations. A continuous unfaulted contact would weaken the fault interpretation.,"Unverified candidate; no slip, permeability, temperature or geothermal resource established."
CTD5-A-00860,1,1,2357.0,1622.0,405600.0,4272800.0,0.95083,0.5067,363.6969,0.00423145,2.559,"Geophysical donor high and surface receiver abstains. A buried structural boundary is one hypothesis; native cover/gradient/slope measurements above are context, not proof.",Basin-fill density boundary or volcanic lithologic contact; gravity and modelled cover may not be independent.,Compare both sides in official high-resolution terrain/geologic mapping and field offset observations. A continuous unfaulted contact would weaken the fault interpretation.,"Unverified candidate; no slip, permeability, temperature or geothermal resource established."
CTD5-A-00861,3,0,2360.0,1610.667,404466.7,4272500.0,0.95387,0.62054,137.4771,0.00395718,4.8986,"Geophysical donor high and surface receiver abstains. A buried structural boundary is one hypothesis; native cover/gradient/slope measurements above are context, not proof.",Basin-fill density boundary or volcanic lithologic contact; gravity and modelled cover may not be independent.,Compare both sides in official high-resolution terrain/geologic mapping and field offset observations. A continuous unfaulted contact would weaken the fault interpretation.,"Unverified candidate; no slip, permeability, temperature or geothermal resource established."
CTD5-A-00862,2,1,2361.0,1924.5,435850.0,4272400.0,0.9563,0.64657,1014.7225,0.00130604,2.165,"Geophysical donor high and surface receiver abstains. A buried structural boundary is one hypothesis; native cover/gradient/slope measurements above are context, not proof.",Basin-fill density boundary or volcanic lithologic contact; gravity and modelled cover may not be independent.,Compare both sides in official high-resolution terrain/geologic mapping and field offset observations. A continuous unfaulted contact would weaken the fault interpretation.,"Unverified candidate; no slip, permeability, temperature or geothermal resource established."
CTD5-A-00863,1,0,2364.0,1625.0,405900.0,4272100.0,0.9558,0.55797,359.6533,0.00433907,4.6427,"Geophysical donor high and surface receiver abstains. A buried structural boundary is one hypothesis; native cover/gradient/slope measurements above are context, not proof.",Basin-fill density boundary or volcanic lithologic contact; gravity and modelled cover may not be independent.,Compare both sides in official high-resolution terrain/geologic mapping and field offset observations. A continuous unfaulted contact would weaken the fault interpretation.,"Unverified candidate; no slip, permeability, temperature or geothermal resource established."
CTD5-A-00864,1,0,2364.0,1627.0,406100.0,4272100.0,0.95023,0.45173,408.3253,0.00384456,5.0149,"Geophysical donor high and surface receiver abstains. A buried structural boundary is one hypothesis; native cover/gradient/slope measurements above are context, not proof.",Basin-fill density boundary or volcanic lithologic contact; gravity and modelled cover may not be independent.,Compare both sides in official high-resolution terrain/geologic mapping and field offset observations. A continuous unfaulted contact would weaken the fault interpretation.,"Unverified candidate; no slip, permeability, temperature or geothermal resource established."
CTD5-A-00865,35,4,2368.886,1633.429,406742.9,4271611.4,0.9549,0.47431,507.6978,0.00417683,3.3367,"Geophysical donor high and surface receiver abstains. A buried structural boundary is one hypothesis; native cover/gradient/slope measurements above are context, not proof.",Basin-fill density boundary or volcanic lithologic contact; gravity and modelled cover may not be independent.,Compare both sides in official high-resolution terrain/geologic mapping and field offset observations. A continuous unfaulted contact would weaken the fault interpretation.,"Unverified candidate; no slip, permeability, temperature or geothermal resource established."
CTD5-A-00866,1,0,2366.0,1929.0,436300.0,4271900.0,0.95323,0.64553,949.5757,0.0020268,2.1654,"Geophysical donor high and surface receiver abstains. A buried structural boundary is one hypothesis; native cover/gradient/slope measurements above are context, not proof.",Basin-fill density boundary or volcanic lithologic contact; gravity and modelled cover may not be independent.,Compare both sides in official high-resolution terrain/geologic mapping and field offset observations. A continuous unfaulted contact would weaken the fault interpretation.,"Unverified candidate; no slip, permeability, temperature or geothermal resource established."
CTD5-A-00867,6,2,2372.667,1954.667,438866.7,4271233.3,0.96139,0.51396,785.3577,0.00251499,2.6468,"Geophysical donor high and surface receiver abstains. A buried structural boundary is one hypothesis; native cover/gradient/slope measurements above are context, not proof.",Basin-fill density boundary or volcanic lithologic contact; gravity and modelled cover may not be independent.,Compare both sides in official high-resolution terrain/geologic mapping and field offset observations. A continuous unfaulted contact would weaken the fault interpretation.,"Unverified candidate; no slip, permeability, temperature or geothermal resource established."
CTD5-A-00868,1,0,2374.0,1951.0,438500.0,4271100.0,0.96797,0.64457,779.2709,0.0024763,3.2913,"Geophysical donor high and surface receiver abstains. A buried structural boundary is one hypothesis; native cover/gradient/slope measurements above are context, not proof.",Basin-fill density boundary or volcanic lithologic contact; gravity and modelled cover may not be independent.,Compare both sides in official high-resolution terrain/geologic mapping and field offset observations. A continuous unfaulted contact would weaken the fault interpretation.,"Unverified candidate; no slip, permeability, temperature or geothermal resource established."
CTD5-A-00869,5,1,2376.2,1864.8,429880.0,4270880.0,0.96145,0.55615,91.4427,0.00325223,3.3372,"Geophysical donor high and surface receiver abstains. A buried structural boundary is one hypothesis; native cover/gradient/slope measurements above are context, not proof.",Basin-fill density boundary or volcanic lithologic contact; gravity and modelled cover may not be independent.,Compare both sides in official high-resolution terrain/geologic mapping and field offset observations. A continuous unfaulted contact would weaken the fault interpretation.,"Unverified candidate; no slip, permeability, temperature or geothermal resource established."
CTD5-A-00870,30,4,2379.6,1951.733,438573.3,4270540.0,0.96363,0.56703,746.34,0.00148646,2.7858,"Geophysical donor high and surface receiver abstains. A buried structural boundary is one hypothesis; native cover/gradient/slope measurements above are context, not proof.",Basin-fill density boundary or volcanic lithologic contact; gravity and modelled cover may not be independent.,Compare both sides in official high-resolution terrain/geologic mapping and field offset observations. A continuous unfaulted contact would weaken the fault interpretation.,"Unverified candidate; no slip, permeability, temperature or geothermal resource established."
CTD5-A-00871,1,0,2376.0,1637.0,407100.0,4270900.0,0.95487,0.64487,499.7278,0.0034859,1.2807,"Geophysical donor high and surface receiver abstains. A buried structural boundary is one hypothesis; native cover/gradient/slope measurements above are context, not proof.",Basin-fill density boundary or volcanic lithologic contact; gravity and modelled cover may not be independent.,Compare both sides in official high-resolution terrain/geologic mapping and field offset observations. A continuous unfaulted contact would weaken the fault interpretation.,"Unverified candidate; no slip, permeability, temperature or geothermal resource established."
CTD5-A-00872,3,1,2377.667,1630.667,406466.7,4270733.3,0.95503,0.3887,339.7664,0.00363278,15.6361,"Geophysical donor high and surface receiver abstains. A buried structural boundary is one hypothesis; native cover/gradient/slope measurements above are context, not proof.",Basin-fill density boundary or volcanic lithologic contact; gravity and modelled cover may not be independent.,Compare both sides in official high-resolution terrain/geologic mapping and field offset observations. A continuous unfaulted contact would weaken the fault interpretation.,"Unverified candidate; no slip, permeability, temperature or geothermal resource established."
CTD5-A-00873,1,0,2380.0,1637.0,407100.0,4270500.0,0.9595,0.61217,447.9622,0.00331563,13.3562,"Geophysical donor high and surface receiver abstains. A buried structural boundary is one hypothesis; native cover/gradient/slope measurements above are context, not proof.",Basin-fill density boundary or volcanic lithologic contact; gravity and modelled cover may not be independent.,Compare both sides in official high-resolution terrain/geologic mapping and field offset observations. A continuous unfaulted contact would weaken the fault interpretation.,"Unverified candidate; no slip, permeability, temperature or geothermal resource established."
CTD5-A-00874,2,1,2380.5,1867.5,430150.0,4270450.0,0.95847,0.56517,91.5522,0.00357853,3.5497,"Geophysical donor high and surface receiver abstains. A buried structural boundary is one hypothesis; native cover/gradient/slope measurements above are context, not proof.",Basin-fill density boundary or volcanic lithologic contact; gravity and modelled cover may not be independent.,Compare both sides in official high-resolution terrain/geologic mapping and field offset observations. A continuous unfaulted contact would weaken the fault interpretation.,"Unverified candidate; no slip, permeability, temperature or geothermal resource established."
CTD5-A-00875,1,1,2381.0,1941.0,437500.0,4270400.0,0.9565,0.60603,714.9455,0.00225748,1.7132,"Geophysical donor high and surface receiver abstains. A buried structural boundary is one hypothesis; native cover/gradient/slope measurements above are context, not proof.",Basin-fill density boundary or volcanic lithologic contact; gravity and modelled cover may not be independent.,Compare both sides in official high-resolution terrain/geologic mapping and field offset observations. A continuous unfaulted contact would weaken the fault interpretation.,"Unverified candidate; no slip, permeability, temperature or geothermal resource established."
CTD5-A-00876,3,1,2381.667,1957.667,439166.7,4270333.3,0.96084,0.61467,759.34,0.00105785,3.019,"Geophysical donor high and surface receiver abstains. A buried structural boundary is one hypothesis; native cover/gradient/slope measurements above are context, not proof.",Basin-fill density boundary or volcanic lithologic contact; gravity and modelled cover may not be independent.,Compare both sides in official high-resolution terrain/geologic mapping and field offset observations. A continuous unfaulted contact would weaken the fault interpretation.,"Unverified candidate; no slip, permeability, temperature or geothermal resource established."
CTD5-A-00877,9,1,2385.333,1939.111,437311.1,4269966.7,0.95307,0.60288,664.9495,0.00199871,2.82,"Geophysical donor high and surface receiver abstains. A buried structural boundary is one hypothesis; native cover/gradient/slope measurements above are context, not proof.",Basin-fill density boundary or volcanic lithologic contact; gravity and modelled cover may not be independent.,Compare both sides in official high-resolution terrain/geologic mapping and field offset observations. A continuous unfaulted contact would weaken the fault interpretation.,"Unverified candidate; no slip, permeability, temperature or geothermal resource established."
CTD5-A-00878,1,1,2382.0,1955.0,438900.0,4270300.0,0.9676,0.63073,749.7792,0.00098994,2.4442,"Geophysical donor high and surface receiver abstains. A buried structural boundary is one hypothesis; native cover/gradient/slope measurements above are context, not proof.",Basin-fill density boundary or volcanic lithologic contact; gravity and modelled cover may not be independent.,Compare both sides in official high-resolution terrain/geologic mapping and field offset observations. A continuous unfaulted contact would weaken the fault interpretation.,"Unverified candidate; no slip, permeability, temperature or geothermal resource established."
CTD5-A-00879,3,0,2384.333,1953.0,438700.0,4270066.7,0.96426,0.63782,734.0147,0.00100522,2.1856,"Geophysical donor high and surface receiver abstains. A buried structural boundary is one hypothesis; native cover/gradient/slope measurements above are context, not proof.",Basin-fill density boundary or volcanic lithologic contact; gravity and modelled cover may not be independent.,Compare both sides in official high-resolution terrain/geologic mapping and field offset observations. A continuous unfaulted contact would weaken the fault interpretation.,"Unverified candidate; no slip, permeability, temperature or geothermal resource established."
CTD5-A-00880,9,2,2386.333,1954.889,438888.9,4269866.7,0.95686,0.6213,741.2184,0.00088037,2.7004,"Geophysical donor high and surface receiver abstains. A buried structural boundary is one hypothesis; native cover/gradient/slope measurements above are context, not proof.",Basin-fill density boundary or volcanic lithologic contact; gravity and modelled cover may not be independent.,Compare both sides in official high-resolution terrain/geologic mapping and field offset observations. A continuous unfaulted contact would weaken the fault interpretation.,"Unverified candidate; no slip, permeability, temperature or geothermal resource established."
CTD5-A-00881,1,1,2386.0,1865.0,429900.0,4269900.0,0.95083,0.5911,59.1781,0.00328911,2.2756,"Geophysical donor high and surface receiver abstains. A buried structural boundary is one hypothesis; native cover/gradient/slope measurements above are context, not proof.",Basin-fill density boundary or volcanic lithologic contact; gravity and modelled cover may not be independent.,Compare both sides in official high-resolution terrain/geologic mapping and field offset observations. A continuous unfaulted contact would weaken the fault interpretation.,"Unverified candidate; no slip, permeability, temperature or geothermal resource established."
CTD5-A-00882,1,1,2386.0,1944.0,437800.0,4269900.0,0.95413,0.598,682.0355,0.0016317,3.7502,"Geophysical donor high and surface receiver abstains. A buried structural boundary is one hypothesis; native cover/gradient/slope measurements above are context, not proof.",Basin-fill density boundary or volcanic lithologic contact; gravity and modelled cover may not be independent.,Compare both sides in official high-resolution terrain/geologic mapping and field offset observations. A continuous unfaulted contact would weaken the fault interpretation.,"Unverified candidate; no slip, permeability, temperature or geothermal resource established."
CTD5-A-00883,1,0,2387.0,1867.0,430100.0,4269800.0,0.9561,0.63333,65.7712,0.00341212,4.1031,"Geophysical donor high and surface receiver abstains. A buried structural boundary is one hypothesis; native cover/gradient/slope measurements above are context, not proof.",Basin-fill density boundary or volcanic lithologic contact; gravity and modelled cover may not be independent.,Compare both sides in official high-resolution terrain/geologic mapping and field offset observations. A continuous unfaulted contact would weaken the fault interpretation.,"Unverified candidate; no slip, permeability, temperature or geothermal resource established."
CTD5-A-00884,4,0,2388.0,1941.5,437550.0,4269700.0,0.96243,0.60418,656.5474,0.00168365,2.2019,"Geophysical donor high and surface receiver abstains. A buried structural boundary is one hypothesis; native cover/gradient/slope measurements above are context, not proof.",Basin-fill density boundary or volcanic lithologic contact; gravity and modelled cover may not be independent.,Compare both sides in official high-resolution terrain/geologic mapping and field offset observations. A continuous unfaulted contact would weaken the fault interpretation.,"Unverified candidate; no slip, permeability, temperature or geothermal resource established."
CTD5-A-00885,1,1,2388.0,1947.0,438100.0,4269700.0,0.9575,0.6392,687.0143,0.00124819,3.0581,"Geophysical donor high and surface receiver abstains. A buried structural boundary is one hypothesis; native cover/gradient/slope measurements above are context, not proof.",Basin-fill density boundary or volcanic lithologic contact; gravity and modelled cover may not be independent.,Compare both sides in official high-resolution terrain/geologic mapping and field offset observations. A continuous unfaulted contact would weaken the fault interpretation.,"Unverified candidate; no slip, permeability, temperature or geothermal resource established."
CTD5-A-00886,12,1,2390.417,1958.167,439216.7,4269458.3,0.95698,0.54847,765.1364,0.00122034,2.4252,"Geophysical donor high and surface receiver abstains. A buried structural boundary is one hypothesis; native cover/gradient/slope measurements above are context, not proof.",Basin-fill density boundary or volcanic lithologic contact; gravity and modelled cover may not be independent.,Compare both sides in official high-resolution terrain/geologic mapping and field offset observations. A continuous unfaulted contact would weaken the fault interpretation.,"Unverified candidate; no slip, permeability, temperature or geothermal resource established."
CTD5-A-00887,4,1,2389.5,1944.0,437800.0,4269550.0,0.95455,0.59808,661.6645,0.00143186,2.6618,"Geophysical donor high and surface receiver abstains. A buried structural boundary is one hypothesis; native cover/gradient/slope measurements above are context, not proof.",Basin-fill density boundary or volcanic lithologic contact; gravity and modelled cover may not be independent.,Compare both sides in official high-resolution terrain/geologic mapping and field offset observations. A continuous unfaulted contact would weaken the fault interpretation.,"Unverified candidate; no slip, permeability, temperature or geothermal resource established."
CTD5-A-00888,26,4,2392.154,1952.154,438615.4,4269284.6,0.95554,0.54191,711.0909,0.0010543,2.4092,"Geophysical donor high and surface receiver abstains. A buried structural boundary is one hypothesis; native cover/gradient/slope measurements above are context, not proof.",Basin-fill density boundary or volcanic lithologic contact; gravity and modelled cover may not be independent.,Compare both sides in official high-resolution terrain/geologic mapping and field offset observations. A continuous unfaulted contact would weaken the fault interpretation.,"Unverified candidate; no slip, permeability, temperature or geothermal resource established."
CTD5-A-00889,1,0,2391.0,1257.0,369100.0,4269400.0,0.9537,0.3608,721.9857,0.00507836,2.1787,"Geophysical donor high and surface receiver abstains. A buried structural boundary is one hypothesis; native cover/gradient/slope measurements above are context, not proof.",Basin-fill density boundary or volcanic lithologic contact; gravity and modelled cover may not be independent.,Compare both sides in official high-resolution terrain/geologic mapping and field offset observations. A continuous unfaulted contact would weaken the fault interpretation.,"Unverified candidate; no slip, permeability, temperature or geothermal resource established."
CTD5-A-00890,10,2,2394.5,1965.2,439920.0,4269050.0,0.96253,0.48643,853.6884,0.00266376,2.897,"Geophysical donor high and surface receiver abstains. A buried structural boundary is one hypothesis; native cover/gradient/slope measurements above are context, not proof.",Basin-fill density boundary or volcanic lithologic contact; gravity and modelled cover may not be independent.,Compare both sides in official high-resolution terrain/geologic mapping and field offset observations. A continuous unfaulted contact would weaken the fault interpretation.,"Unverified candidate; no slip, permeability, temperature or geothermal resource established."
CTD5-A-00891,11,2,2397.909,1880.636,431463.6,4268709.1,0.95588,0.56557,125.7289,0.00335096,3.1312,"Geophysical donor high and surface receiver abstains. A buried structural boundary is one hypothesis; native cover/gradient/slope measurements above are context, not proof.",Basin-fill density boundary or volcanic lithologic contact; gravity and modelled cover may not be independent.,Compare both sides in official high-resolution terrain/geologic mapping and field offset observations. A continuous unfaulted contact would weaken the fault interpretation.,"Unverified candidate; no slip, permeability, temperature or geothermal resource established."
CTD5-A-00892,1,0,2397.0,1968.0,440200.0,4268800.0,0.96273,0.6437,882.8096,0.00346137,2.8647,"Geophysical donor high and surface receiver abstains. A buried structural boundary is one hypothesis; native cover/gradient/slope measurements above are context, not proof.",Basin-fill density boundary or volcanic lithologic contact; gravity and modelled cover may not be independent.,Compare both sides in official high-resolution terrain/geologic mapping and field offset observations. A continuous unfaulted contact would weaken the fault interpretation.,"Unverified candidate; no slip, permeability, temperature or geothermal resource established."
CTD5-A-00893,1,0,2398.0,1876.0,431000.0,4268700.0,0.95213,0.35523,90.1055,0.00303839,3.4463,"Geophysical donor high and surface receiver abstains. A buried structural boundary is one hypothesis; native cover/gradient/slope measurements above are context, not proof.",Basin-fill density boundary or volcanic lithologic contact; gravity and modelled cover may not be independent.,Compare both sides in official high-resolution terrain/geologic mapping and field offset observations. A continuous unfaulted contact would weaken the fault interpretation.,"Unverified candidate; no slip, permeability, temperature or geothermal resource established."
CTD5-A-00894,11,1,2399.636,1950.091,438409.1,4268536.4,0.95113,0.54538,656.7125,0.00134139,2.9212,"Geophysical donor high and surface receiver abstains. A buried structural boundary is one hypothesis; native cover/gradient/slope measurements above are context, not proof.",Basin-fill density boundary or volcanic lithologic contact; gravity and modelled cover may not be independent.,Compare both sides in official high-resolution terrain/geologic mapping and field offset observations. A continuous unfaulted contact would weaken the fault interpretation.,"Unverified candidate; no slip, permeability, temperature or geothermal resource established."
CTD5-A-00895,3,1,2399.667,1968.667,440266.7,4268533.3,0.95982,0.58648,883.0901,0.00370835,2.3215,"Geophysical donor high and surface receiver abstains. A buried structural boundary is one hypothesis; native cover/gradient/slope measurements above are context, not proof.",Basin-fill density boundary or volcanic lithologic contact; gravity and modelled cover may not be independent.,Compare both sides in official high-resolution terrain/geologic mapping and field offset observations. A continuous unfaulted contact would weaken the fault interpretation.,"Unverified candidate; no slip, permeability, temperature or geothermal resource established."
CTD5-A-00896,1,1,2400.0,1877.0,431100.0,4268500.0,0.95587,0.59943,90.0592,0.00301374,4.6105,"Geophysical donor high and surface receiver abstains. A buried structural boundary is one hypothesis; native cover/gradient/slope measurements above are context, not proof.",Basin-fill density boundary or volcanic lithologic contact; gravity and modelled cover may not be independent.,Compare both sides in official high-resolution terrain/geologic mapping and field offset observations. A continuous unfaulted contact would weaken the fault interpretation.,"Unverified candidate; no slip, permeability, temperature or geothermal resource established."
CTD5-A-00897,1,1,2402.0,1969.0,440300.0,4268300.0,0.9648,0.58153,879.5273,0.00377903,2.2018,"Geophysical donor high and surface receiver abstains. A buried structural boundary is one hypothesis; native cover/gradient/slope measurements above are context, not proof.",Basin-fill density boundary or volcanic lithologic contact; gravity and modelled cover may not be independent.,Compare both sides in official high-resolution terrain/geologic mapping and field offset observations. A continuous unfaulted contact would weaken the fault interpretation.,"Unverified candidate; no slip, permeability, temperature or geothermal resource established."
CTD5-A-00898,3,1,2404.333,1876.333,431033.3,4268066.7,0.95098,0.53173,74.8556,0.00280958,4.6328,"Geophysical donor high and surface receiver abstains. A buried structural boundary is one hypothesis; native cover/gradient/slope measurements above are context, not proof.",Basin-fill density boundary or volcanic lithologic contact; gravity and modelled cover may not be independent.,Compare both sides in official high-resolution terrain/geologic mapping and field offset observations. A continuous unfaulted contact would weaken the fault interpretation.,"Unverified candidate; no slip, permeability, temperature or geothermal resource established."
CTD5-A-00899,1,0,2407.0,1879.0,431300.0,4267800.0,0.9505,0.62763,88.5326,0.00301275,3.3902,"Geophysical donor high and surface receiver abstains. A buried structural boundary is one hypothesis; native cover/gradient/slope measurements above are context, not proof.",Basin-fill density boundary or volcanic lithologic contact; gravity and modelled cover may not be independent.,Compare both sides in official high-resolution terrain/geologic mapping and field offset observations. A continuous unfaulted contact would weaken the fault interpretation.,"Unverified candidate; no slip, permeability, temperature or geothermal resource established."
CTD5-A-00900,2,0,2423.0,1880.5,431450.0,4266200.0,0.95057,0.4722,75.9671,0.00273263,21.1185,"Geophysical donor high and surface receiver abstains. A buried structural boundary is one hypothesis; native cover/gradient/slope measurements above are context, not proof.",Basin-fill density boundary or volcanic lithologic contact; gravity and modelled cover may not be independent.,Compare both sides in official high-resolution terrain/geologic mapping and field offset observations. A continuous unfaulted contact would weaken the fault interpretation.,"Unverified candidate; no slip, permeability, temperature or geothermal resource established."
CTD5-A-00901,1,1,2425.0,1690.0,412400.0,4266000.0,0.9511,0.54237,79.7784,0.0011213,5.574,"Geophysical donor high and surface receiver abstains. A buried structural boundary is one hypothesis; native cover/gradient/slope measurements above are context, not proof.",Basin-fill density boundary or volcanic lithologic contact; gravity and modelled cover may not be independent.,Compare both sides in official high-resolution terrain/geologic mapping and field offset observations. A continuous unfaulted contact would weaken the fault interpretation.,"Unverified candidate; no slip, permeability, temperature or geothermal resource established."
CTD5-A-00902,18,2,2429.667,1880.944,431494.4,4265533.3,0.96179,0.51394,81.0697,0.00270263,14.1771,"Geophysical donor high and surface receiver abstains. A buried structural boundary is one hypothesis; native cover/gradient/slope measurements above are context, not proof.",Basin-fill density boundary or volcanic lithologic contact; gravity and modelled cover may not be independent.,Compare both sides in official high-resolution terrain/geologic mapping and field offset observations. A continuous unfaulted contact would weaken the fault interpretation.,"Unverified candidate; no slip, permeability, temperature or geothermal resource established."
CTD5-A-00903,2,0,2429.5,1683.0,411700.0,4265550.0,0.95067,0.4535,68.6846,0.00144227,9.5889,"Geophysical donor high and surface receiver abstains. A buried structural boundary is one hypothesis; native cover/gradient/slope measurements above are context, not proof.",Basin-fill density boundary or volcanic lithologic contact; gravity and modelled cover may not be independent.,Compare both sides in official high-resolution terrain/geologic mapping and field offset observations. A continuous unfaulted contact would weaken the fault interpretation.,"Unverified candidate; no slip, permeability, temperature or geothermal resource established."
CTD5-A-00904,3,1,2445.667,1830.333,426433.3,4263933.3,0.96483,0.57006,69.0889,0.00478356,8.9862,"Geophysical donor high and surface receiver abstains. A buried structural boundary is one hypothesis; native cover/gradient/slope measurements above are context, not proof.",Basin-fill density boundary or volcanic lithologic contact; gravity and modelled cover may not be independent.,Compare both sides in official high-resolution terrain/geologic mapping and field offset observations. A continuous unfaulted contact would weaken the fault interpretation.,"Unverified candidate; no slip, permeability, temperature or geothermal resource established."
CTD5-A-00905,4,1,2447.5,1834.0,426800.0,4263750.0,0.97172,0.39987,73.5436,0.0046847,19.1161,"Geophysical donor high and surface receiver abstains. A buried structural boundary is one hypothesis; native cover/gradient/slope measurements above are context, not proof.",Basin-fill density boundary or volcanic lithologic contact; gravity and modelled cover may not be independent.,Compare both sides in official high-resolution terrain/geologic mapping and field offset observations. A continuous unfaulted contact would weaken the fault interpretation.,"Unverified candidate; no slip, permeability, temperature or geothermal resource established."
CTD5-A-00906,3,1,2450.333,1836.667,427066.7,4263466.7,0.96699,0.50388,80.9956,0.00441123,8.377,"Geophysical donor high and surface receiver abstains. A buried structural boundary is one hypothesis; native cover/gradient/slope measurements above are context, not proof.",Basin-fill density boundary or volcanic lithologic contact; gravity and modelled cover may not be independent.,Compare both sides in official high-resolution terrain/geologic mapping and field offset observations. A continuous unfaulted contact would weaken the fault interpretation.,"Unverified candidate; no slip, permeability, temperature or geothermal resource established."
CTD5-A-00907,156,17,2469.776,1768.571,420257.1,4261522.4,0.98045,0.51729,281.1902,0.00506862,2.4865,"Geophysical donor high and surface receiver abstains. A buried structural boundary is one hypothesis; native cover/gradient/slope measurements above are context, not proof.",Basin-fill density boundary or volcanic lithologic contact; gravity and modelled cover may not be independent.,Compare both sides in official high-resolution terrain/geologic mapping and field offset observations. A continuous unfaulted contact would weaken the fault interpretation.,"Unverified candidate; no slip, permeability, temperature or geothermal resource established."
CTD5-A-00908,10,2,2467.6,1728.1,416210.0,4261740.0,0.95492,0.42424,26.5767,0.00092041,10.9314,"Geophysical donor high and surface receiver abstains. A buried structural boundary is one hypothesis; native cover/gradient/slope measurements above are context, not proof.",Basin-fill density boundary or volcanic lithologic contact; gravity and modelled cover may not be independent.,Compare both sides in official high-resolution terrain/geologic mapping and field offset observations. A continuous unfaulted contact would weaken the fault interpretation.,"Unverified candidate; no slip, permeability, temperature or geothermal resource established."
CTD5-A-00909,1,1,2467.0,1755.0,418900.0,4261800.0,0.9769,0.60883,98.2607,0.00392108,3.7825,"Geophysical donor high and surface receiver abstains. A buried structural boundary is one hypothesis; native cover/gradient/slope measurements above are context, not proof.",Basin-fill density boundary or volcanic lithologic contact; gravity and modelled cover may not be independent.,Compare both sides in official high-resolution terrain/geologic mapping and field offset observations. A continuous unfaulted contact would weaken the fault interpretation.,"Unverified candidate; no slip, permeability, temperature or geothermal resource established."
CTD5-A-00910,1,0,2468.0,1724.0,415800.0,4261700.0,0.95787,0.41237,24.2618,0.00066252,10.281,"Geophysical donor high and surface receiver abstains. A buried structural boundary is one hypothesis; native cover/gradient/slope measurements above are context, not proof.",Basin-fill density boundary or volcanic lithologic contact; gravity and modelled cover may not be independent.,Compare both sides in official high-resolution terrain/geologic mapping and field offset observations. A continuous unfaulted contact would weaken the fault interpretation.,"Unverified candidate; no slip, permeability, temperature or geothermal resource established."
CTD5-A-00911,1,0,2468.0,1732.0,416600.0,4261700.0,0.95507,0.4353,28.7684,0.00118826,16.9275,"Geophysical donor high and surface receiver abstains. A buried structural boundary is one hypothesis; native cover/gradient/slope measurements above are context, not proof.",Basin-fill density boundary or volcanic lithologic contact; gravity and modelled cover may not be independent.,Compare both sides in official high-resolution terrain/geologic mapping and field offset observations. A continuous unfaulted contact would weaken the fault interpretation.,"Unverified candidate; no slip, permeability, temperature or geothermal resource established."
CTD5-A-00912,15,2,2475.333,1757.867,419186.7,4260966.7,0.99411,0.61267,76.2488,0.00489297,2.9248,"Geophysical donor high and surface receiver abstains. A buried structural boundary is one hypothesis; native cover/gradient/slope measurements above are context, not proof.",Basin-fill density boundary or volcanic lithologic contact; gravity and modelled cover may not be independent.,Compare both sides in official high-resolution terrain/geologic mapping and field offset observations. A continuous unfaulted contact would weaken the fault interpretation.,"Unverified candidate; no slip, permeability, temperature or geothermal resource established."
CTD5-A-00913,1,0,2472.0,1760.0,419400.0,4261300.0,0.9926,0.64303,119.4049,0.00530392,3.8918,"Geophysical donor high and surface receiver abstains. A buried structural boundary is one hypothesis; native cover/gradient/slope measurements above are context, not proof.",Basin-fill density boundary or volcanic lithologic contact; gravity and modelled cover may not be independent.,Compare both sides in official high-resolution terrain/geologic mapping and field offset observations. A continuous unfaulted contact would weaken the fault interpretation.,"Unverified candidate; no slip, permeability, temperature or geothermal resource established."
CTD5-A-00914,245,27,2494.645,1774.392,420839.2,4259035.5,0.97613,0.4983,368.2309,0.00565246,2.0274,"Geophysical donor high and surface receiver abstains. A buried structural boundary is one hypothesis; native cover/gradient/slope measurements above are context, not proof.",Basin-fill density boundary or volcanic lithologic contact; gravity and modelled cover may not be independent.,Compare both sides in official high-resolution terrain/geologic mapping and field offset observations. A continuous unfaulted contact would weaken the fault interpretation.,"Unverified candidate; no slip, permeability, temperature or geothermal resource established."
CTD5-A-00915,1,0,2474.0,1865.0,429900.0,4261100.0,0.95163,0.56847,60.7969,0.00445328,15.8199,"Geophysical donor high and surface receiver abstains. A buried structural boundary is one hypothesis; native cover/gradient/slope measurements above are context, not proof.",Basin-fill density boundary or volcanic lithologic contact; gravity and modelled cover may not be independent.,Compare both sides in official high-resolution terrain/geologic mapping and field offset observations. A continuous unfaulted contact would weaken the fault interpretation.,"Unverified candidate; no slip, permeability, temperature or geothermal resource established."
CTD5-A-00916,3,1,2476.0,1733.333,416733.3,4260900.0,0.9586,0.42614,13.6969,0.00072538,11.6738,"Geophysical donor high and surface receiver abstains. A buried structural boundary is one hypothesis; native cover/gradient/slope measurements above are context, not proof.",Basin-fill density boundary or volcanic lithologic contact; gravity and modelled cover may not be independent.,Compare both sides in official high-resolution terrain/geologic mapping and field offset observations. A continuous unfaulted contact would weaken the fault interpretation.,"Unverified candidate; no slip, permeability, temperature or geothermal resource established."
CTD5-A-00917,1,0,2476.0,1736.0,417000.0,4260900.0,0.9515,0.4773,13.4075,0.00088633,13.3745,"Geophysical donor high and surface receiver abstains. A buried structural boundary is one hypothesis; native cover/gradient/slope measurements above are context, not proof.",Basin-fill density boundary or volcanic lithologic contact; gravity and modelled cover may not be independent.,Compare both sides in official high-resolution terrain/geologic mapping and field offset observations. A continuous unfaulted contact would weaken the fault interpretation.,"Unverified candidate; no slip, permeability, temperature or geothermal resource established."
CTD5-A-00918,2,1,2478.5,1736.5,417050.0,4260650.0,0.95503,0.35445,9.7782,0.00073495,20.3105,"Geophysical donor high and surface receiver abstains. A buried structural boundary is one hypothesis; native cover/gradient/slope measurements above are context, not proof.",Basin-fill density boundary or volcanic lithologic contact; gravity and modelled cover may not be independent.,Compare both sides in official high-resolution terrain/geologic mapping and field offset observations. A continuous unfaulted contact would weaken the fault interpretation.,"Unverified candidate; no slip, permeability, temperature or geothermal resource established."
CTD5-A-00919,1,0,2480.0,1739.0,417300.0,4260500.0,0.95857,0.3694,7.753,0.00071161,11.4799,"Geophysical donor high and surface receiver abstains. A buried structural boundary is one hypothesis; native cover/gradient/slope measurements above are context, not proof.",Basin-fill density boundary or volcanic lithologic contact; gravity and modelled cover may not be independent.,Compare both sides in official high-resolution terrain/geologic mapping and field offset observations. A continuous unfaulted contact would weaken the fault interpretation.,"Unverified candidate; no slip, permeability, temperature or geothermal resource established."
CTD5-A-00920,1,0,2480.0,1741.0,417500.0,4260500.0,0.95147,0.5878,8.0094,0.00084936,13.1554,"Geophysical donor high and surface receiver abstains. A buried structural boundary is one hypothesis; native cover/gradient/slope measurements above are context, not proof.",Basin-fill density boundary or volcanic lithologic contact; gravity and modelled cover may not be independent.,Compare both sides in official high-resolution terrain/geologic mapping and field offset observations. A continuous unfaulted contact would weaken the fault interpretation.,"Unverified candidate; no slip, permeability, temperature or geothermal resource established."
CTD5-A-00921,1,1,2480.0,1745.0,417900.0,4260500.0,0.95147,0.50827,8.5239,0.00123656,13.4783,"Geophysical donor high and surface receiver abstains. A buried structural boundary is one hypothesis; native cover/gradient/slope measurements above are context, not proof.",Basin-fill density boundary or volcanic lithologic contact; gravity and modelled cover may not be independent.,Compare both sides in official high-resolution terrain/geologic mapping and field offset observations. A continuous unfaulted contact would weaken the fault interpretation.,"Unverified candidate; no slip, permeability, temperature or geothermal resource established."
CTD5-A-00922,4,1,2482.0,1771.75,420575.0,4260300.0,0.98585,0.37899,342.1047,0.00655271,2.1789,"Geophysical donor high and surface receiver abstains. A buried structural boundary is one hypothesis; native cover/gradient/slope measurements above are context, not proof.",Basin-fill density boundary or volcanic lithologic contact; gravity and modelled cover may not be independent.,Compare both sides in official high-resolution terrain/geologic mapping and field offset observations. A continuous unfaulted contact would weaken the fault interpretation.,"Unverified candidate; no slip, permeability, temperature or geothermal resource established."
CTD5-A-00923,4,1,2481.5,1775.5,420950.0,4260350.0,0.97059,0.4142,471.0457,0.00623291,2.2226,"Geophysical donor high and surface receiver abstains. A buried structural boundary is one hypothesis; native cover/gradient/slope measurements above are context, not proof.",Basin-fill density boundary or volcanic lithologic contact; gravity and modelled cover may not be independent.,Compare both sides in official high-resolution terrain/geologic mapping and field offset observations. A continuous unfaulted contact would weaken the fault interpretation.,"Unverified candidate; no slip, permeability, temperature or geothermal resource established."
CTD5-A-00924,1,1,2482.0,1737.0,417100.0,4260300.0,0.95217,0.38713,4.2955,0.00032312,7.8378,"Geophysical donor high and surface receiver abstains. A buried structural boundary is one hypothesis; native cover/gradient/slope measurements above are context, not proof.",Basin-fill density boundary or volcanic lithologic contact; gravity and modelled cover may not be independent.,Compare both sides in official high-resolution terrain/geologic mapping and field offset observations. A continuous unfaulted contact would weaken the fault interpretation.,"Unverified candidate; no slip, permeability, temperature or geothermal resource established."
CTD5-A-00925,2,1,2482.5,1746.0,418000.0,4260250.0,0.95443,0.5691,1.1848,0.0007172,17.4701,"Geophysical donor high and surface receiver abstains. A buried structural boundary is one hypothesis; native cover/gradient/slope measurements above are context, not proof.",Basin-fill density boundary or volcanic lithologic contact; gravity and modelled cover may not be independent.,Compare both sides in official high-resolution terrain/geologic mapping and field offset observations. A continuous unfaulted contact would weaken the fault interpretation.,"Unverified candidate; no slip, permeability, temperature or geothermal resource established."
CTD5-A-00926,2,1,2483.0,1742.5,417650.0,4260200.0,0.9508,0.42628,0.9053,0.00016654,13.325,"Geophysical donor high and surface receiver abstains. A buried structural boundary is one hypothesis; native cover/gradient/slope measurements above are context, not proof.",Basin-fill density boundary or volcanic lithologic contact; gravity and modelled cover may not be independent.,Compare both sides in official high-resolution terrain/geologic mapping and field offset observations. A continuous unfaulted contact would weaken the fault interpretation.,"Unverified candidate; no slip, permeability, temperature or geothermal resource established."
CTD5-A-00927,1,0,2484.0,1786.0,422000.0,4260100.0,0.96793,0.39807,1051.0223,0.0050803,1.7919,"Geophysical donor high and surface receiver abstains. A buried structural boundary is one hypothesis; native cover/gradient/slope measurements above are context, not proof.",Basin-fill density boundary or volcanic lithologic contact; gravity and modelled cover may not be independent.,Compare both sides in official high-resolution terrain/geologic mapping and field offset observations. A continuous unfaulted contact would weaken the fault interpretation.,"Unverified candidate; no slip, permeability, temperature or geothermal resource established."
CTD5-A-00928,1,0,2486.0,1746.0,418000.0,4259900.0,0.95357,0.64263,-2.1429,0.00087429,10.2403,"Geophysical donor high and surface receiver abstains. A buried structural boundary is one hypothesis; native cover/gradient/slope measurements above are context, not proof.",Basin-fill density boundary or volcanic lithologic contact; gravity and modelled cover may not be independent.,Compare both sides in official high-resolution terrain/geologic mapping and field offset observations. A continuous unfaulted contact would weaken the fault interpretation.,"Unverified candidate; no slip, permeability, temperature or geothermal resource established."
CTD5-A-00929,19,4,2491.158,1749.421,418342.1,4259384.2,0.95834,0.54005,-1.3836,0.00185812,9.0864,"Geophysical donor high and surface receiver abstains. A buried structural boundary is one hypothesis; native cover/gradient/slope measurements above are context, not proof.",Basin-fill density boundary or volcanic lithologic contact; gravity and modelled cover may not be independent.,Compare both sides in official high-resolution terrain/geologic mapping and field offset observations. A continuous unfaulted contact would weaken the fault interpretation.,"Unverified candidate; no slip, permeability, temperature or geothermal resource established."
CTD5-A-00930,3,1,2488.333,1785.333,421933.3,4259666.7,0.96822,0.51313,999.7049,0.00536645,2.5026,"Geophysical donor high and surface receiver abstains. A buried structural boundary is one hypothesis; native cover/gradient/slope measurements above are context, not proof.",Basin-fill density boundary or volcanic lithologic contact; gravity and modelled cover may not be independent.,Compare both sides in official high-resolution terrain/geologic mapping and field offset observations. A continuous unfaulted contact would weaken the fault interpretation.,"Unverified candidate; no slip, permeability, temperature or geothermal resource established."
CTD5-A-00931,1,0,2488.0,1881.0,431500.0,4259700.0,0.95927,0.60437,38.4548,0.00407776,5.9222,"Geophysical donor high and surface receiver abstains. A buried structural boundary is one hypothesis; native cover/gradient/slope measurements above are context, not proof.",Basin-fill density boundary or volcanic lithologic contact; gravity and modelled cover may not be independent.,Compare both sides in official high-resolution terrain/geologic mapping and field offset observations. A continuous unfaulted contact would weaken the fault interpretation.,"Unverified candidate; no slip, permeability, temperature or geothermal resource established."
CTD5-A-00932,1,1,2490.0,1882.0,431600.0,4259500.0,0.9818,0.52233,47.7293,0.00428274,23.0414,"Geophysical donor high and surface receiver abstains. A buried structural boundary is one hypothesis; native cover/gradient/slope measurements above are context, not proof.",Basin-fill density boundary or volcanic lithologic contact; gravity and modelled cover may not be independent.,Compare both sides in official high-resolution terrain/geologic mapping and field offset observations. A continuous unfaulted contact would weaken the fault interpretation.,"Unverified candidate; no slip, permeability, temperature or geothermal resource established."
CTD5-A-00933,1,1,2491.0,1886.0,432000.0,4259400.0,0.95313,0.50943,28.501,0.00393346,6.9774,"Geophysical donor high and surface receiver abstains. A buried structural boundary is one hypothesis; native cover/gradient/slope measurements above are context, not proof.",Basin-fill density boundary or volcanic lithologic contact; gravity and modelled cover may not be independent.,Compare both sides in official high-resolution terrain/geologic mapping and field offset observations. A continuous unfaulted contact would weaken the fault interpretation.,"Unverified candidate; no slip, permeability, temperature or geothermal resource established."
CTD5-A-00934,16,2,2495.625,1884.812,431881.2,4258937.5,0.96791,0.56203,64.4993,0.00483082,9.9442,"Geophysical donor high and surface receiver abstains. A buried structural boundary is one hypothesis; native cover/gradient/slope measurements above are context, not proof.",Basin-fill density boundary or volcanic lithologic contact; gravity and modelled cover may not be independent.,Compare both sides in official high-resolution terrain/geologic mapping and field offset observations. A continuous unfaulted contact would weaken the fault interpretation.,"Unverified candidate; no slip, permeability, temperature or geothermal resource established."
CTD5-A-00935,7,2,2496.857,1747.857,418185.7,4258814.3,0.95298,0.55799,-4.1132,0.00189883,8.6332,"Geophysical donor high and surface receiver abstains. A buried structural boundary is one hypothesis; native cover/gradient/slope measurements above are context, not proof.",Basin-fill density boundary or volcanic lithologic contact; gravity and modelled cover may not be independent.,Compare both sides in official high-resolution terrain/geologic mapping and field offset observations. A continuous unfaulted contact would weaken the fault interpretation.,"Unverified candidate; no slip, permeability, temperature or geothermal resource established."
CTD5-A-00936,1,1,2495.0,1756.0,419000.0,4259000.0,0.98677,0.6312,4.4206,0.00301601,6.8741,"Geophysical donor high and surface receiver abstains. A buried structural boundary is one hypothesis; native cover/gradient/slope measurements above are context, not proof.",Basin-fill density boundary or volcanic lithologic contact; gravity and modelled cover may not be independent.,Compare both sides in official high-resolution terrain/geologic mapping and field offset observations. A continuous unfaulted contact would weaken the fault interpretation.,"Unverified candidate; no slip, permeability, temperature or geothermal resource established."
CTD5-A-00937,1,1,2495.0,1775.0,420900.0,4259000.0,0.9663,0.47073,391.513,0.0062771,1.2681,"Geophysical donor high and surface receiver abstains. A buried structural boundary is one hypothesis; native cover/gradient/slope measurements above are context, not proof.",Basin-fill density boundary or volcanic lithologic contact; gravity and modelled cover may not be independent.,Compare both sides in official high-resolution terrain/geologic mapping and field offset observations. A continuous unfaulted contact would weaken the fault interpretation.,"Unverified candidate; no slip, permeability, temperature or geothermal resource established."
CTD5-A-00938,18,3,2507.778,1894.722,432872.2,4257722.2,0.96389,0.51142,57.7652,0.00483216,2.3631,"Geophysical donor high and surface receiver abstains. A buried structural boundary is one hypothesis; native cover/gradient/slope measurements above are context, not proof.",Basin-fill density boundary or volcanic lithologic contact; gravity and modelled cover may not be independent.,Compare both sides in official high-resolution terrain/geologic mapping and field offset observations. A continuous unfaulted contact would weaken the fault interpretation.,"Unverified candidate; no slip, permeability, temperature or geothermal resource established."
CTD5-A-00939,1,1,2506.0,1751.0,418500.0,4257900.0,0.95497,0.61543,-0.7668,0.0013774,3.7889,"Geophysical donor high and surface receiver abstains. A buried structural boundary is one hypothesis; native cover/gradient/slope measurements above are context, not proof.",Basin-fill density boundary or volcanic lithologic contact; gravity and modelled cover may not be independent.,Compare both sides in official high-resolution terrain/geologic mapping and field offset observations. A continuous unfaulted contact would weaken the fault interpretation.,"Unverified candidate; no slip, permeability, temperature or geothermal resource established."
CTD5-A-00940,1,0,2508.0,1891.0,432500.0,4257700.0,0.9685,0.64093,91.5545,0.00572441,1.7973,"Geophysical donor high and surface receiver abstains. A buried structural boundary is one hypothesis; native cover/gradient/slope measurements above are context, not proof.",Basin-fill density boundary or volcanic lithologic contact; gravity and modelled cover may not be independent.,Compare both sides in official high-resolution terrain/geologic mapping and field offset observations. A continuous unfaulted contact would weaken the fault interpretation.,"Unverified candidate; no slip, permeability, temperature or geothermal resource established."
CTD5-A-00941,2,1,2510.5,1752.5,418650.0,4257450.0,0.97417,0.6243,0.4201,0.00099803,1.5916,"Geophysical donor high and surface receiver abstains. A buried structural boundary is one hypothesis; native cover/gradient/slope measurements above are context, not proof.",Basin-fill density boundary or volcanic lithologic contact; gravity and modelled cover may not be independent.,Compare both sides in official high-resolution terrain/geologic mapping and field offset observations. A continuous unfaulted contact would weaken the fault interpretation.,"Unverified candidate; no slip, permeability, temperature or geothermal resource established."
CTD5-A-00942,1,1,2510.0,1892.0,432600.0,4257500.0,0.971,0.6379,97.1826,0.00580247,2.7227,"Geophysical donor high and surface receiver abstains. A buried structural boundary is one hypothesis; native cover/gradient/slope measurements above are context, not proof.",Basin-fill density boundary or volcanic lithologic contact; gravity and modelled cover may not be independent.,Compare both sides in official high-resolution terrain/geologic mapping and field offset observations. A continuous unfaulted contact would weaken the fault interpretation.,"Unverified candidate; no slip, permeability, temperature or geothermal resource established."
CTD5-A-00943,48,4,2519.833,1900.521,433452.1,4256516.7,0.9658,0.50055,86.9297,0.00456103,2.5945,"Geophysical donor high and surface receiver abstains. A buried structural boundary is one hypothesis; native cover/gradient/slope measurements above are context, not proof.",Basin-fill density boundary or volcanic lithologic contact; gravity and modelled cover may not be independent.,Compare both sides in official high-resolution terrain/geologic mapping and field offset observations. A continuous unfaulted contact would weaken the fault interpretation.,"Unverified candidate; no slip, permeability, temperature or geothermal resource established."
CTD5-A-00944,33,6,2518.152,1761.091,419509.1,4256684.8,0.96671,0.58683,11.4825,0.00069868,3.0344,"Geophysical donor high and surface receiver abstains. A buried structural boundary is one hypothesis; native cover/gradient/slope measurements above are context, not proof.",Basin-fill density boundary or volcanic lithologic contact; gravity and modelled cover may not be independent.,Compare both sides in official high-resolution terrain/geologic mapping and field offset observations. A continuous unfaulted contact would weaken the fault interpretation.,"Unverified candidate; no slip, permeability, temperature or geothermal resource established."
CTD5-A-00945,1,1,2514.0,1766.0,420000.0,4257100.0,0.97177,0.64,28.715,0.00113706,18.2983,"Geophysical donor high and surface receiver abstains. A buried structural boundary is one hypothesis; native cover/gradient/slope measurements above are context, not proof.",Basin-fill density boundary or volcanic lithologic contact; gravity and modelled cover may not be independent.,Compare both sides in official high-resolution terrain/geologic mapping and field offset observations. A continuous unfaulted contact would weaken the fault interpretation.,"Unverified candidate; no slip, permeability, temperature or geothermal resource established."
CTD5-A-00946,1,1,2514.0,1896.0,433000.0,4257100.0,0.9612,0.55233,82.0146,0.00538088,2.3506,"Geophysical donor high and surface receiver abstains. A buried structural boundary is one hypothesis; native cover/gradient/slope measurements above are context, not proof.",Basin-fill density boundary or volcanic lithologic contact; gravity and modelled cover may not be independent.,Compare both sides in official high-resolution terrain/geologic mapping and field offset observations. A continuous unfaulted contact would weaken the fault interpretation.,"Unverified candidate; no slip, permeability, temperature or geothermal resource established."
CTD5-A-00947,1,0,2518.0,1968.0,440200.0,4256700.0,0.95133,0.4538,466.7101,0.00193257,2.0704,"Geophysical donor high and surface receiver abstains. A buried structural boundary is one hypothesis; native cover/gradient/slope measurements above are context, not proof.",Basin-fill density boundary or volcanic lithologic contact; gravity and modelled cover may not be independent.,Compare both sides in official high-resolution terrain/geologic mapping and field offset observations. A continuous unfaulted contact would weaken the fault interpretation.,"Unverified candidate; no slip, permeability, temperature or geothermal resource established."
CTD5-A-00948,40,6,2521.65,1982.7,441670.0,4256335.0,0.95972,0.43981,604.6591,0.00130251,1.3462,"Geophysical donor high and surface receiver abstains. A buried structural boundary is one hypothesis; native cover/gradient/slope measurements above are context, not proof.",Basin-fill density boundary or volcanic lithologic contact; gravity and modelled cover may not be independent.,Compare both sides in official high-resolution terrain/geologic mapping and field offset observations. A continuous unfaulted contact would weaken the fault interpretation.,"Unverified candidate; no slip, permeability, temperature or geothermal resource established."
CTD5-A-00949,1,0,2519.0,1772.0,420600.0,4256600.0,0.96167,0.60603,81.0949,0.00187943,1.9674,"Geophysical donor high and surface receiver abstains. A buried structural boundary is one hypothesis; native cover/gradient/slope measurements above are context, not proof.",Basin-fill density boundary or volcanic lithologic contact; gravity and modelled cover may not be independent.,Compare both sides in official high-resolution terrain/geologic mapping and field offset observations. A continuous unfaulted contact would weaken the fault interpretation.,"Unverified candidate; no slip, permeability, temperature or geothermal resource established."
CTD5-A-00950,1,1,2520.0,1968.0,440200.0,4256500.0,0.9564,0.39817,488.1777,0.00197769,2.5049,"Geophysical donor high and surface receiver abstains. A buried structural boundary is one hypothesis; native cover/gradient/slope measurements above are context, not proof.",Basin-fill density boundary or volcanic lithologic contact; gravity and modelled cover may not be independent.,Compare both sides in official high-resolution terrain/geologic mapping and field offset observations. A continuous unfaulted contact would weaken the fault interpretation.,"Unverified candidate; no slip, permeability, temperature or geothermal resource established."
CTD5-A-00951,415,45,2540.511,2011.137,444513.7,4254448.9,0.96623,0.46458,703.3065,0.0016086,0.9607,"Geophysical donor high and surface receiver abstains. A buried structural boundary is one hypothesis; native cover/gradient/slope measurements above are context, not proof.",Basin-fill density boundary or volcanic lithologic contact; gravity and modelled cover may not be independent.,Compare both sides in official high-resolution terrain/geologic mapping and field offset observations. A continuous unfaulted contact would weaken the fault interpretation.,"Unverified candidate; no slip, permeability, temperature or geothermal resource established."
CTD5-A-00952,1,0,2523.0,1979.0,441300.0,4256200.0,0.95953,0.38753,599.938,0.00048466,1.6306,"Geophysical donor high and surface receiver abstains. A buried structural boundary is one hypothesis; native cover/gradient/slope measurements above are context, not proof.",Basin-fill density boundary or volcanic lithologic contact; gravity and modelled cover may not be independent.,Compare both sides in official high-resolution terrain/geologic mapping and field offset observations. A continuous unfaulted contact would weaken the fault interpretation.,"Unverified candidate; no slip, permeability, temperature or geothermal resource established."
CTD5-A-00953,1,1,2524.0,1969.0,440300.0,4256100.0,0.95183,0.42723,524.463,0.00224969,2.3991,"Geophysical donor high and surface receiver abstains. A buried structural boundary is one hypothesis; native cover/gradient/slope measurements above are context, not proof.",Basin-fill density boundary or volcanic lithologic contact; gravity and modelled cover may not be independent.,Compare both sides in official high-resolution terrain/geologic mapping and field offset observations. A continuous unfaulted contact would weaken the fault interpretation.,"Unverified candidate; no slip, permeability, temperature or geothermal resource established."
CTD5-A-00954,13,3,2526.231,1976.154,441015.4,4255876.9,0.95441,0.37731,583.5053,0.00153941,1.6916,"Geophysical donor high and surface receiver abstains. A buried structural boundary is one hypothesis; native cover/gradient/slope measurements above are context, not proof.",Basin-fill density boundary or volcanic lithologic contact; gravity and modelled cover may not be independent.,Compare both sides in official high-resolution terrain/geologic mapping and field offset observations. A continuous unfaulted contact would weaken the fault interpretation.,"Unverified candidate; no slip, permeability, temperature or geothermal resource established."
CTD5-A-00955,9,2,2526.222,1774.111,420811.1,4255877.8,0.98452,0.60342,58.632,0.00233132,16.8759,"Geophysical donor high and surface receiver abstains. A buried structural boundary is one hypothesis; native cover/gradient/slope measurements above are context, not proof.",Basin-fill density boundary or volcanic lithologic contact; gravity and modelled cover may not be independent.,Compare both sides in official high-resolution terrain/geologic mapping and field offset observations. A continuous unfaulted contact would weaken the fault interpretation.,"Unverified candidate; no slip, permeability, temperature or geothermal resource established."
CTD5-A-00956,1,0,2525.0,1971.0,440500.0,4256000.0,0.95183,0.37687,540.1277,0.00205724,2.0046,"Geophysical donor high and surface receiver abstains. A buried structural boundary is one hypothesis; native cover/gradient/slope measurements above are context, not proof.",Basin-fill density boundary or volcanic lithologic contact; gravity and modelled cover may not be independent.,Compare both sides in official high-resolution terrain/geologic mapping and field offset observations. A continuous unfaulted contact would weaken the fault interpretation.,"Unverified candidate; no slip, permeability, temperature or geothermal resource established."
CTD5-A-00957,4,1,2526.5,1992.0,442600.0,4255850.0,0.95738,0.40922,696.9981,0.00100109,0.8591,"Geophysical donor high and surface receiver abstains. A buried structural boundary is one hypothesis; native cover/gradient/slope measurements above are context, not proof.",Basin-fill density boundary or volcanic lithologic contact; gravity and modelled cover may not be independent.,Compare both sides in official high-resolution terrain/geologic mapping and field offset observations. A continuous unfaulted contact would weaken the fault interpretation.,"Unverified candidate; no slip, permeability, temperature or geothermal resource established."
CTD5-A-00958,19,4,2531.158,1985.105,441910.5,4255384.2,0.96336,0.47676,663.2217,0.00118989,0.7729,"Geophysical donor high and surface receiver abstains. A buried structural boundary is one hypothesis; native cover/gradient/slope measurements above are context, not proof.",Basin-fill density boundary or volcanic lithologic contact; gravity and modelled cover may not be independent.,Compare both sides in official high-resolution terrain/geologic mapping and field offset observations. A continuous unfaulted contact would weaken the fault interpretation.,"Unverified candidate; no slip, permeability, temperature or geothermal resource established."
CTD5-A-00959,4,1,2528.75,1895.0,432900.0,4255625.0,0.9591,0.53628,313.2321,0.00668961,2.2342,"Geophysical donor high and surface receiver abstains. A buried structural boundary is one hypothesis; native cover/gradient/slope measurements above are context, not proof.",Basin-fill density boundary or volcanic lithologic contact; gravity and modelled cover may not be independent.,Compare both sides in official high-resolution terrain/geologic mapping and field offset observations. A continuous unfaulted contact would weaken the fault interpretation.,"Unverified candidate; no slip, permeability, temperature or geothermal resource established."
CTD5-A-00960,11,3,2530.545,1993.909,442790.9,4255445.5,0.96174,0.42576,726.2171,0.00102556,0.9788,"Geophysical donor high and surface receiver abstains. A buried structural boundary is one hypothesis; native cover/gradient/slope measurements above are context, not proof.",Basin-fill density boundary or volcanic lithologic contact; gravity and modelled cover may not be independent.,Compare both sides in official high-resolution terrain/geologic mapping and field offset observations. A continuous unfaulted contact would weaken the fault interpretation.,"Unverified candidate; no slip, permeability, temperature or geothermal resource established."
CTD5-A-00961,1,1,2530.0,2000.0,443400.0,4255500.0,0.9677,0.35863,756.7309,0.00120464,1.1301,"Geophysical donor high and surface receiver abstains. A buried structural boundary is one hypothesis; native cover/gradient/slope measurements above are context, not proof.",Basin-fill density boundary or volcanic lithologic contact; gravity and modelled cover may not be independent.,Compare both sides in official high-resolution terrain/geologic mapping and field offset observations. A continuous unfaulted contact would weaken the fault interpretation.,"Unverified candidate; no slip, permeability, temperature or geothermal resource established."
CTD5-A-00962,220,27,2548.118,1761.432,419543.2,4253688.2,0.97195,0.47664,13.9252,0.00046979,10.4455,"Geophysical donor high and surface receiver abstains. A buried structural boundary is one hypothesis; native cover/gradient/slope measurements above are context, not proof.",Basin-fill density boundary or volcanic lithologic contact; gravity and modelled cover may not be independent.,Compare both sides in official high-resolution terrain/geologic mapping and field offset observations. A continuous unfaulted contact would weaken the fault interpretation.,"Unverified candidate; no slip, permeability, temperature or geothermal resource established."
CTD5-A-00963,1,0,2531.0,2002.0,443600.0,4255400.0,0.96717,0.35863,766.0183,0.00118721,1.2494,"Geophysical donor high and surface receiver abstains. A buried structural boundary is one hypothesis; native cover/gradient/slope measurements above are context, not proof.",Basin-fill density boundary or volcanic lithologic contact; gravity and modelled cover may not be independent.,Compare both sides in official high-resolution terrain/geologic mapping and field offset observations. A continuous unfaulted contact would weaken the fault interpretation.,"Unverified candidate; no slip, permeability, temperature or geothermal resource established."
CTD5-A-00964,14,4,2536.214,1994.286,442828.6,4254878.6,0.96539,0.46466,722.2428,0.00128967,0.9098,"Geophysical donor high and surface receiver abstains. A buried structural boundary is one hypothesis; native cover/gradient/slope measurements above are context, not proof.",Basin-fill density boundary or volcanic lithologic contact; gravity and modelled cover may not be independent.,Compare both sides in official high-resolution terrain/geologic mapping and field offset observations. A continuous unfaulted contact would weaken the fault interpretation.,"Unverified candidate; no slip, permeability, temperature or geothermal resource established."
CTD5-A-00965,6,2,2534.5,1762.833,419683.3,4255050.0,0.98638,0.53505,5.7496,0.00083932,16.8298,"Geophysical donor high and surface receiver abstains. A buried structural boundary is one hypothesis; native cover/gradient/slope measurements above are context, not proof.",Basin-fill density boundary or volcanic lithologic contact; gravity and modelled cover may not be independent.,Compare both sides in official high-resolution terrain/geologic mapping and field offset observations. A continuous unfaulted contact would weaken the fault interpretation.,"Unverified candidate; no slip, permeability, temperature or geothermal resource established."
CTD5-A-00966,3,1,2533.333,1910.667,434466.7,4255166.7,0.95974,0.55787,131.243,0.00438122,2.2658,"Geophysical donor high and surface receiver abstains. A buried structural boundary is one hypothesis; native cover/gradient/slope measurements above are context, not proof.",Basin-fill density boundary or volcanic lithologic contact; gravity and modelled cover may not be independent.,Compare both sides in official high-resolution terrain/geologic mapping and field offset observations. A continuous unfaulted contact would weaken the fault interpretation.,"Unverified candidate; no slip, permeability, temperature or geothermal resource established."
CTD5-A-00967,4,2,2534.5,1980.75,441475.0,4255050.0,0.95445,0.39737,623.8188,0.00219032,1.3446,"Geophysical donor high and surface receiver abstains. A buried structural boundary is one hypothesis; native cover/gradient/slope measurements above are context, not proof.",Basin-fill density boundary or volcanic lithologic contact; gravity and modelled cover may not be independent.,Compare both sides in official high-resolution terrain/geologic mapping and field offset observations. A continuous unfaulted contact would weaken the fault interpretation.,"Unverified candidate; no slip, permeability, temperature or geothermal resource established."
CTD5-A-00968,1,0,2534.0,1760.0,419400.0,4255100.0,0.97223,0.62207,4.3615,0.00078133,13.2333,"Geophysical donor high and surface receiver abstains. A buried structural boundary is one hypothesis; native cover/gradient/slope measurements above are context, not proof.",Basin-fill density boundary or volcanic lithologic contact; gravity and modelled cover may not be independent.,Compare both sides in official high-resolution terrain/geologic mapping and field offset observations. A continuous unfaulted contact would weaken the fault interpretation.,"Unverified candidate; no slip, permeability, temperature or geothermal resource established."
CTD5-A-00969,1,1,2535.0,1913.0,434700.0,4255000.0,0.95127,0.57,136.7953,0.00414678,2.1172,"Geophysical donor high and surface receiver abstains. A buried structural boundary is one hypothesis; native cover/gradient/slope measurements above are context, not proof.",Basin-fill density boundary or volcanic lithologic contact; gravity and modelled cover may not be independent.,Compare both sides in official high-resolution terrain/geologic mapping and field offset observations. A continuous unfaulted contact would weaken the fault interpretation.,"Unverified candidate; no slip, permeability, temperature or geothermal resource established."
CTD5-A-00970,12,2,2538.75,1771.417,420541.7,4254625.0,0.98358,0.59697,25.1432,0.00129071,4.3052,"Geophysical donor high and surface receiver abstains. A buried structural boundary is one hypothesis; native cover/gradient/slope measurements above are context, not proof.",Basin-fill density boundary or volcanic lithologic contact; gravity and modelled cover may not be independent.,Compare both sides in official high-resolution terrain/geologic mapping and field offset observations. A continuous unfaulted contact would weaken the fault interpretation.,"Unverified candidate; no slip, permeability, temperature or geothermal resource established."
CTD5-A-00971,2,0,2538.5,1984.5,441850.0,4254650.0,0.95113,0.39212,636.4818,0.00230818,1.1365,"Geophysical donor high and surface receiver abstains. A buried structural boundary is one hypothesis; native cover/gradient/slope measurements above are context, not proof.",Basin-fill density boundary or volcanic lithologic contact; gravity and modelled cover may not be independent.,Compare both sides in official high-resolution terrain/geologic mapping and field offset observations. A continuous unfaulted contact would weaken the fault interpretation.,"Unverified candidate; no slip, permeability, temperature or geothermal resource established."
CTD5-A-00972,1,0,2540.0,1986.0,442000.0,4254500.0,0.95117,0.3723,643.6663,0.00234597,0.9852,"Geophysical donor high and surface receiver abstains. A buried structural boundary is one hypothesis; native cover/gradient/slope measurements above are context, not proof.",Basin-fill density boundary or volcanic lithologic contact; gravity and modelled cover may not be independent.,Compare both sides in official high-resolution terrain/geologic mapping and field offset observations. A continuous unfaulted contact would weaken the fault interpretation.,"Unverified candidate; no slip, permeability, temperature or geothermal resource established."
CTD5-A-00973,12,1,2541.833,1779.583,421358.3,4254316.7,0.96594,0.57052,56.9548,0.00196864,12.7027,"Geophysical donor high and surface receiver abstains. A buried structural boundary is one hypothesis; native cover/gradient/slope measurements above are context, not proof.",Basin-fill density boundary or volcanic lithologic contact; gravity and modelled cover may not be independent.,Compare both sides in official high-resolution terrain/geologic mapping and field offset observations. A continuous unfaulted contact would weaken the fault interpretation.,"Unverified candidate; no slip, permeability, temperature or geothermal resource established."
CTD5-A-00974,1,0,2541.0,1993.0,442700.0,4254400.0,0.9641,0.58517,693.7943,0.00173412,0.6988,"Geophysical donor high and surface receiver abstains. A buried structural boundary is one hypothesis; native cover/gradient/slope measurements above are context, not proof.",Basin-fill density boundary or volcanic lithologic contact; gravity and modelled cover may not be independent.,Compare both sides in official high-resolution terrain/geologic mapping and field offset observations. A continuous unfaulted contact would weaken the fault interpretation.,"Unverified candidate; no slip, permeability, temperature or geothermal resource established."
CTD5-A-00975,1,1,2543.0,1773.0,420700.0,4254200.0,0.98533,0.60603,28.7661,0.00109606,4.985,"Geophysical donor high and surface receiver abstains. A buried structural boundary is one hypothesis; native cover/gradient/slope measurements above are context, not proof.",Basin-fill density boundary or volcanic lithologic contact; gravity and modelled cover may not be independent.,Compare both sides in official high-resolution terrain/geologic mapping and field offset observations. A continuous unfaulted contact would weaken the fault interpretation.,"Unverified candidate; no slip, permeability, temperature or geothermal resource established."
CTD5-A-00976,11,3,2547.455,1994.364,442836.4,4253754.5,0.95864,0.59017,646.1643,0.0022016,0.6215,"Geophysical donor high and surface receiver abstains. A buried structural boundary is one hypothesis; native cover/gradient/slope measurements above are context, not proof.",Basin-fill density boundary or volcanic lithologic contact; gravity and modelled cover may not be independent.,Compare both sides in official high-resolution terrain/geologic mapping and field offset observations. A continuous unfaulted contact would weaken the fault interpretation.,"Unverified candidate; no slip, permeability, temperature or geothermal resource established."
CTD5-A-00977,2,0,2545.0,1737.5,417150.0,4254000.0,0.95418,0.43243,22.9947,5.852e-05,11.9908,"Geophysical donor high and surface receiver abstains. A buried structural boundary is one hypothesis; native cover/gradient/slope measurements above are context, not proof.",Basin-fill density boundary or volcanic lithologic contact; gravity and modelled cover may not be independent.,Compare both sides in official high-resolution terrain/geologic mapping and field offset observations. A continuous unfaulted contact would weaken the fault interpretation.,"Unverified candidate; no slip, permeability, temperature or geothermal resource established."
CTD5-A-00978,2,0,2549.5,1750.5,418450.0,4253550.0,0.96027,0.57017,11.4732,0.00022266,6.3806,"Geophysical donor high and surface receiver abstains. A buried structural boundary is one hypothesis; native cover/gradient/slope measurements above are context, not proof.",Basin-fill density boundary or volcanic lithologic contact; gravity and modelled cover may not be independent.,Compare both sides in official high-resolution terrain/geologic mapping and field offset observations. A continuous unfaulted contact would weaken the fault interpretation.,"Unverified candidate; no slip, permeability, temperature or geothermal resource established."
CTD5-A-00979,1,1,2549.0,1998.0,443200.0,4253600.0,0.96127,0.51097,657.8346,0.00195333,0.1827,"Geophysical donor high and surface receiver abstains. A buried structural boundary is one hypothesis; native cover/gradient/slope measurements above are context, not proof.",Basin-fill density boundary or volcanic lithologic contact; gravity and modelled cover may not be independent.,Compare both sides in official high-resolution terrain/geologic mapping and field offset observations. A continuous unfaulted contact would weaken the fault interpretation.,"Unverified candidate; no slip, permeability, temperature or geothermal resource established."
CTD5-A-00980,2,0,2550.5,1748.0,418200.0,4253450.0,0.96437,0.5165,11.8723,0.00019907,19.066,"Geophysical donor high and surface receiver abstains. A buried structural boundary is one hypothesis; native cover/gradient/slope measurements above are context, not proof.",Basin-fill density boundary or volcanic lithologic contact; gravity and modelled cover may not be independent.,Compare both sides in official high-resolution terrain/geologic mapping and field offset observations. A continuous unfaulted contact would weaken the fault interpretation.,"Unverified candidate; no slip, permeability, temperature or geothermal resource established."
CTD5-A-00981,1,0,2550.0,1993.0,442700.0,4253500.0,0.95863,0.356,608.7776,0.00252464,0.8564,"Geophysical donor high and surface receiver abstains. A buried structural boundary is one hypothesis; native cover/gradient/slope measurements above are context, not proof.",Basin-fill density boundary or volcanic lithologic contact; gravity and modelled cover may not be independent.,Compare both sides in official high-resolution terrain/geologic mapping and field offset observations. A continuous unfaulted contact would weaken the fault interpretation.,"Unverified candidate; no slip, permeability, temperature or geothermal resource established."
CTD5-A-00982,1,0,2553.0,1922.0,435600.0,4253200.0,0.9506,0.62903,213.8586,0.00472527,1.5098,"Geophysical donor high and surface receiver abstains. A buried structural boundary is one hypothesis; native cover/gradient/slope measurements above are context, not proof.",Basin-fill density boundary or volcanic lithologic contact; gravity and modelled cover may not be independent.,Compare both sides in official high-resolution terrain/geologic mapping and field offset observations. A continuous unfaulted contact would weaken the fault interpretation.,"Unverified candidate; no slip, permeability, temperature or geothermal resource established."
CTD5-A-00983,4,2,2554.75,1749.5,418350.0,4253025.0,0.95912,0.41928,10.9336,0.00029149,10.5981,"Geophysical donor high and surface receiver abstains. A buried structural boundary is one hypothesis; native cover/gradient/slope measurements above are context, not proof.",Basin-fill density boundary or volcanic lithologic contact; gravity and modelled cover may not be independent.,Compare both sides in official high-resolution terrain/geologic mapping and field offset observations. A continuous unfaulted contact would weaken the fault interpretation.,"Unverified candidate; no slip, permeability, temperature or geothermal resource established."
CTD5-A-00984,1,0,2554.0,1767.0,420100.0,4253100.0,0.96833,0.3733,19.8509,0.00043101,12.3056,"Geophysical donor high and surface receiver abstains. A buried structural boundary is one hypothesis; native cover/gradient/slope measurements above are context, not proof.",Basin-fill density boundary or volcanic lithologic contact; gravity and modelled cover may not be independent.,Compare both sides in official high-resolution terrain/geologic mapping and field offset observations. A continuous unfaulted contact would weaken the fault interpretation.,"Unverified candidate; no slip, permeability, temperature or geothermal resource established."
CTD5-A-00985,42,6,2563.429,2008.5,444250.0,4252157.1,0.9666,0.60138,567.886,0.00174891,0.4887,"Geophysical donor high and surface receiver abstains. A buried structural boundary is one hypothesis; native cover/gradient/slope measurements above are context, not proof.",Basin-fill density boundary or volcanic lithologic contact; gravity and modelled cover may not be independent.,Compare both sides in official high-resolution terrain/geologic mapping and field offset observations. A continuous unfaulted contact would weaken the fault interpretation.,"Unverified candidate; no slip, permeability, temperature or geothermal resource established."
CTD5-A-00986,9,2,2558.778,1778.444,421244.4,4252622.2,0.95977,0.50168,42.5572,0.00069357,8.839,"Geophysical donor high and surface receiver abstains. A buried structural boundary is one hypothesis; native cover/gradient/slope measurements above are context, not proof.",Basin-fill density boundary or volcanic lithologic contact; gravity and modelled cover may not be independent.,Compare both sides in official high-resolution terrain/geologic mapping and field offset observations. A continuous unfaulted contact would weaken the fault interpretation.,"Unverified candidate; no slip, permeability, temperature or geothermal resource established."
CTD5-A-00987,7,2,2559.714,1755.286,418928.6,4252528.6,0.96661,0.49706,10.58,0.00036453,21.6308,"Geophysical donor high and surface receiver abstains. A buried structural boundary is one hypothesis; native cover/gradient/slope measurements above are context, not proof.",Basin-fill density boundary or volcanic lithologic contact; gravity and modelled cover may not be independent.,Compare both sides in official high-resolution terrain/geologic mapping and field offset observations. A continuous unfaulted contact would weaken the fault interpretation.,"Unverified candidate; no slip, permeability, temperature or geothermal resource established."
CTD5-A-00988,1,0,2559.0,1781.0,421500.0,4252600.0,0.95147,0.49877,48.5172,0.00081152,11.0089,"Geophysical donor high and surface receiver abstains. A buried structural boundary is one hypothesis; native cover/gradient/slope measurements above are context, not proof.",Basin-fill density boundary or volcanic lithologic contact; gravity and modelled cover may not be independent.,Compare both sides in official high-resolution terrain/geologic mapping and field offset observations. A continuous unfaulted contact would weaken the fault interpretation.,"Unverified candidate; no slip, permeability, temperature or geothermal resource established."
CTD5-A-00989,1,1,2560.0,1771.0,420500.0,4252500.0,0.97513,0.35107,27.3975,0.00039702,6.0051,"Geophysical donor high and surface receiver abstains. A buried structural boundary is one hypothesis; native cover/gradient/slope measurements above are context, not proof.",Basin-fill density boundary or volcanic lithologic contact; gravity and modelled cover may not be independent.,Compare both sides in official high-resolution terrain/geologic mapping and field offset observations. A continuous unfaulted contact would weaken the fault interpretation.,"Unverified candidate; no slip, permeability, temperature or geothermal resource established."
CTD5-A-00990,1,0,2563.0,1653.0,408700.0,4252200.0,0.95447,0.58913,67.4454,0.00344021,13.9559,"Geophysical donor high and surface receiver abstains. A buried structural boundary is one hypothesis; native cover/gradient/slope measurements above are context, not proof.",Basin-fill density boundary or volcanic lithologic contact; gravity and modelled cover may not be independent.,Compare both sides in official high-resolution terrain/geologic mapping and field offset observations. A continuous unfaulted contact would weaken the fault interpretation.,"Unverified candidate; no slip, permeability, temperature or geothermal resource established."
CTD5-A-00991,1,0,2563.0,1760.0,419400.0,4252200.0,0.953,0.358,12.91,0.0003643,28.4537,"Geophysical donor high and surface receiver abstains. A buried structural boundary is one hypothesis; native cover/gradient/slope measurements above are context, not proof.",Basin-fill density boundary or volcanic lithologic contact; gravity and modelled cover may not be independent.,Compare both sides in official high-resolution terrain/geologic mapping and field offset observations. A continuous unfaulted contact would weaken the fault interpretation.,"Unverified candidate; no slip, permeability, temperature or geothermal resource established."
CTD5-A-00992,5,0,2564.4,1657.2,409120.0,4252060.0,0.95448,0.60132,60.8282,0.00368443,12.1139,"Geophysical donor high and surface receiver abstains. A buried structural boundary is one hypothesis; native cover/gradient/slope measurements above are context, not proof.",Basin-fill density boundary or volcanic lithologic contact; gravity and modelled cover may not be independent.,Compare both sides in official high-resolution terrain/geologic mapping and field offset observations. A continuous unfaulted contact would weaken the fault interpretation.,"Unverified candidate; no slip, permeability, temperature or geothermal resource established."
CTD5-A-00993,1,1,2564.0,1762.0,419600.0,4252100.0,0.9571,0.533,14.1884,0.00036176,14.7206,"Geophysical donor high and surface receiver abstains. A buried structural boundary is one hypothesis; native cover/gradient/slope measurements above are context, not proof.",Basin-fill density boundary or volcanic lithologic contact; gravity and modelled cover may not be independent.,Compare both sides in official high-resolution terrain/geologic mapping and field offset observations. A continuous unfaulted contact would weaken the fault interpretation.,"Unverified candidate; no slip, permeability, temperature or geothermal resource established."
CTD5-A-00994,2,1,2564.0,1772.5,420650.0,4252100.0,0.9531,0.44025,29.7688,0.00033822,9.2822,"Geophysical donor high and surface receiver abstains. A buried structural boundary is one hypothesis; native cover/gradient/slope measurements above are context, not proof.",Basin-fill density boundary or volcanic lithologic contact; gravity and modelled cover may not be independent.,Compare both sides in official high-resolution terrain/geologic mapping and field offset observations. A continuous unfaulted contact would weaken the fault interpretation.,"Unverified candidate; no slip, permeability, temperature or geothermal resource established."
CTD5-A-00995,1,0,2564.0,1782.0,421600.0,4252100.0,0.95337,0.56937,50.7146,0.00049702,9.9807,"Geophysical donor high and surface receiver abstains. A buried structural boundary is one hypothesis; native cover/gradient/slope measurements above are context, not proof.",Basin-fill density boundary or volcanic lithologic contact; gravity and modelled cover may not be independent.,Compare both sides in official high-resolution terrain/geologic mapping and field offset observations. A continuous unfaulted contact would weaken the fault interpretation.,"Unverified candidate; no slip, permeability, temperature or geothermal resource established."
CTD5-A-00996,1,1,2565.0,1653.0,408700.0,4252000.0,0.95623,0.5054,55.8346,0.00355096,16.576,"Geophysical donor high and surface receiver abstains. A buried structural boundary is one hypothesis; native cover/gradient/slope measurements above are context, not proof.",Basin-fill density boundary or volcanic lithologic contact; gravity and modelled cover may not be independent.,Compare both sides in official high-resolution terrain/geologic mapping and field offset observations. A continuous unfaulted contact would weaken the fault interpretation.,"Unverified candidate; no slip, permeability, temperature or geothermal resource established."
CTD5-A-00997,1,1,2566.0,1649.0,408300.0,4251900.0,0.95863,0.6033,51.8949,0.00345117,18.3616,"Geophysical donor high and surface receiver abstains. A buried structural boundary is one hypothesis; native cover/gradient/slope measurements above are context, not proof.",Basin-fill density boundary or volcanic lithologic contact; gravity and modelled cover may not be independent.,Compare both sides in official high-resolution terrain/geologic mapping and field offset observations. A continuous unfaulted contact would weaken the fault interpretation.,"Unverified candidate; no slip, permeability, temperature or geothermal resource established."
CTD5-A-00998,1,1,2567.0,1646.0,408000.0,4251800.0,0.95863,0.57913,49.0225,0.00340548,10.0308,"Geophysical donor high and surface receiver abstains. A buried structural boundary is one hypothesis; native cover/gradient/slope measurements above are context, not proof.",Basin-fill density boundary or volcanic lithologic contact; gravity and modelled cover may not be independent.,Compare both sides in official high-resolution terrain/geologic mapping and field offset observations. A continuous unfaulted contact would weaken the fault interpretation.,"Unverified candidate; no slip, permeability, temperature or geothermal resource established."
CTD5-A-00999,2,1,2569.0,1793.5,422750.0,4251600.0,0.9521,0.52852,74.3196,0.00039668,19.215,"Geophysical donor high and surface receiver abstains. A buried structural boundary is one hypothesis; native cover/gradient/slope measurements above are context, not proof.",Basin-fill density boundary or volcanic lithologic contact; gravity and modelled cover may not be independent.,Compare both sides in official high-resolution terrain/geologic mapping and field offset observations. A continuous unfaulted contact would weaken the fault interpretation.,"Unverified candidate; no slip, permeability, temperature or geothermal resource established."
CTD5-A-01000,1,1,2570.0,1777.0,421100.0,4251500.0,0.95427,0.5129,37.3943,0.00029643,24.9269,"Geophysical donor high and surface receiver abstains. A buried structural boundary is one hypothesis; native cover/gradient/slope measurements above are context, not proof.",Basin-fill density boundary or volcanic lithologic contact; gravity and modelled cover may not be independent.,Compare both sides in official high-resolution terrain/geologic mapping and field offset observations. A continuous unfaulted contact would weaken the fault interpretation.,"Unverified candidate; no slip, permeability, temperature or geothermal resource established."
CTD5-A-01001,1,0,2570.0,2015.0,444900.0,4251500.0,0.9642,0.36487,542.6768,0.00110654,0.5797,"Geophysical donor high and surface receiver abstains. A buried structural boundary is one hypothesis; native cover/gradient/slope measurements above are context, not proof.",Basin-fill density boundary or volcanic lithologic contact; gravity and modelled cover may not be independent.,Compare both sides in official high-resolution terrain/geologic mapping and field offset observations. A continuous unfaulted contact would weaken the fault interpretation.,"Unverified candidate; no slip, permeability, temperature or geothermal resource established."
CTD5-A-01002,1,0,2571.0,1779.0,421300.0,4251400.0,0.96697,0.39207,42.4478,0.0002872,23.3385,"Geophysical donor high and surface receiver abstains. A buried structural boundary is one hypothesis; native cover/gradient/slope measurements above are context, not proof.",Basin-fill density boundary or volcanic lithologic contact; gravity and modelled cover may not be independent.,Compare both sides in official high-resolution terrain/geologic mapping and field offset observations. A continuous unfaulted contact would weaken the fault interpretation.,"Unverified candidate; no slip, permeability, temperature or geothermal resource established."
CTD5-A-01003,11,2,2572.182,1794.091,422809.1,4251281.8,0.96473,0.50125,76.4409,0.0003388,13.6529,"Geophysical donor high and surface receiver abstains. A buried structural boundary is one hypothesis; native cover/gradient/slope measurements above are context, not proof.",Basin-fill density boundary or volcanic lithologic contact; gravity and modelled cover may not be independent.,Compare both sides in official high-resolution terrain/geologic mapping and field offset observations. A continuous unfaulted contact would weaken the fault interpretation.,"Unverified candidate; no slip, permeability, temperature or geothermal resource established."
CTD5-A-01004,1,1,2572.0,1661.0,409500.0,4251300.0,0.95043,0.506,10.7428,0.00261762,16.1294,"Geophysical donor high and surface receiver abstains. A buried structural boundary is one hypothesis; native cover/gradient/slope measurements above are context, not proof.",Basin-fill density boundary or volcanic lithologic contact; gravity and modelled cover may not be independent.,Compare both sides in official high-resolution terrain/geologic mapping and field offset observations. A continuous unfaulted contact would weaken the fault interpretation.,"Unverified candidate; no slip, permeability, temperature or geothermal resource established."
CTD5-A-01005,1,1,2572.0,1781.0,421500.0,4251300.0,0.95333,0.4263,47.6682,0.00027615,15.7795,"Geophysical donor high and surface receiver abstains. A buried structural boundary is one hypothesis; native cover/gradient/slope measurements above are context, not proof.",Basin-fill density boundary or volcanic lithologic contact; gravity and modelled cover may not be independent.,Compare both sides in official high-resolution terrain/geologic mapping and field offset observations. A continuous unfaulted contact would weaken the fault interpretation.,"Unverified candidate; no slip, permeability, temperature or geothermal resource established."
CTD5-A-01006,1,0,2574.0,1665.0,409900.0,4251100.0,0.9513,0.39823,7.3679,0.00156539,30.1633,"Geophysical donor high and surface receiver abstains. A buried structural boundary is one hypothesis; native cover/gradient/slope measurements above are context, not proof.",Basin-fill density boundary or volcanic lithologic contact; gravity and modelled cover may not be independent.,Compare both sides in official high-resolution terrain/geologic mapping and field offset observations. A continuous unfaulted contact would weaken the fault interpretation.,"Unverified candidate; no slip, permeability, temperature or geothermal resource established."
CTD5-A-01007,19,2,2575.474,1670.789,410478.9,4250952.6,0.95642,0.50457,6.6378,0.0012651,19.8715,"Geophysical donor high and surface receiver abstains. A buried structural boundary is one hypothesis; native cover/gradient/slope measurements above are context, not proof.",Basin-fill density boundary or volcanic lithologic contact; gravity and modelled cover may not be independent.,Compare both sides in official high-resolution terrain/geologic mapping and field offset observations. A continuous unfaulted contact would weaken the fault interpretation.,"Unverified candidate; no slip, permeability, temperature or geothermal resource established."
CTD5-A-01008,1,1,2575.0,1676.0,411000.0,4251000.0,0.95173,0.51443,9.1797,0.00153697,23.8346,"Geophysical donor high and surface receiver abstains. A buried structural boundary is one hypothesis; native cover/gradient/slope measurements above are context, not proof.",Basin-fill density boundary or volcanic lithologic contact; gravity and modelled cover may not be independent.,Compare both sides in official high-resolution terrain/geologic mapping and field offset observations. A continuous unfaulted contact would weaken the fault interpretation.,"Unverified candidate; no slip, permeability, temperature or geothermal resource established."
CTD5-A-01009,5,1,2577.2,1663.4,409740.0,4250780.0,0.96038,0.48053,2.3367,0.00085517,13.4738,"Geophysical donor high and surface receiver abstains. A buried structural boundary is one hypothesis; native cover/gradient/slope measurements above are context, not proof.",Basin-fill density boundary or volcanic lithologic contact; gravity and modelled cover may not be independent.,Compare both sides in official high-resolution terrain/geologic mapping and field offset observations. A continuous unfaulted contact would weaken the fault interpretation.,"Unverified candidate; no slip, permeability, temperature or geothermal resource established."
CTD5-A-01010,1,0,2576.0,1794.0,422800.0,4250900.0,0.96263,0.6143,79.017,0.00044109,4.224,"Geophysical donor high and surface receiver abstains. A buried structural boundary is one hypothesis; native cover/gradient/slope measurements above are context, not proof.",Basin-fill density boundary or volcanic lithologic contact; gravity and modelled cover may not be independent.,Compare both sides in official high-resolution terrain/geologic mapping and field offset observations. A continuous unfaulted contact would weaken the fault interpretation.,"Unverified candidate; no slip, permeability, temperature or geothermal resource established."
CTD5-A-01011,2,1,2578.0,1675.5,410950.0,4250700.0,0.95863,0.4846,3.6145,0.00112397,12.6347,"Geophysical donor high and surface receiver abstains. A buried structural boundary is one hypothesis; native cover/gradient/slope measurements above are context, not proof.",Basin-fill density boundary or volcanic lithologic contact; gravity and modelled cover may not be independent.,Compare both sides in official high-resolution terrain/geologic mapping and field offset observations. A continuous unfaulted contact would weaken the fault interpretation.,"Unverified candidate; no slip, permeability, temperature or geothermal resource established."
CTD5-A-01012,18,3,2580.0,1680.222,411422.2,4250500.0,0.95679,0.46722,0.4343,0.00118408,17.2554,"Geophysical donor high and surface receiver abstains. A buried structural boundary is one hypothesis; native cover/gradient/slope measurements above are context, not proof.",Basin-fill density boundary or volcanic lithologic contact; gravity and modelled cover may not be independent.,Compare both sides in official high-resolution terrain/geologic mapping and field offset observations. A continuous unfaulted contact would weaken the fault interpretation.,"Unverified candidate; no slip, permeability, temperature or geothermal resource established."
CTD5-A-01013,1,0,2579.0,1636.0,407000.0,4250600.0,0.9855,0.6182,108.3515,0.00448412,27.9009,"Geophysical donor high and surface receiver abstains. A buried structural boundary is one hypothesis; native cover/gradient/slope measurements above are context, not proof.",Basin-fill density boundary or volcanic lithologic contact; gravity and modelled cover may not be independent.,Compare both sides in official high-resolution terrain/geologic mapping and field offset observations. A continuous unfaulted contact would weaken the fault interpretation.,"Unverified candidate; no slip, permeability, temperature or geothermal resource established."
CTD5-A-01014,10,2,2579.9,1786.0,422000.0,4250510.0,0.95084,0.51263,60.5081,0.00036928,19.6601,"Geophysical donor high and surface receiver abstains. A buried structural boundary is one hypothesis; native cover/gradient/slope measurements above are context, not proof.",Basin-fill density boundary or volcanic lithologic contact; gravity and modelled cover may not be independent.,Compare both sides in official high-resolution terrain/geologic mapping and field offset observations. A continuous unfaulted contact would weaken the fault interpretation.,"Unverified candidate; no slip, permeability, temperature or geothermal resource established."
CTD5-A-01015,2,1,2580.5,1793.0,422700.0,4250450.0,0.95377,0.47282,79.8109,0.0005116,14.8851,"Geophysical donor high and surface receiver abstains. A buried structural boundary is one hypothesis; native cover/gradient/slope measurements above are context, not proof.",Basin-fill density boundary or volcanic lithologic contact; gravity and modelled cover may not be independent.,Compare both sides in official high-resolution terrain/geologic mapping and field offset observations. A continuous unfaulted contact would weaken the fault interpretation.,"Unverified candidate; no slip, permeability, temperature or geothermal resource established."
CTD5-A-01016,2,1,2581.0,1636.5,407050.0,4250400.0,0.97695,0.60577,106.7905,0.0046661,27.6735,"Geophysical donor high and surface receiver abstains. A buried structural boundary is one hypothesis; native cover/gradient/slope measurements above are context, not proof.",Basin-fill density boundary or volcanic lithologic contact; gravity and modelled cover may not be independent.,Compare both sides in official high-resolution terrain/geologic mapping and field offset observations. A continuous unfaulted contact would weaken the fault interpretation.,"Unverified candidate; no slip, permeability, temperature or geothermal resource established."
CTD5-A-01017,9,1,2585.444,1638.778,407277.8,4249955.6,0.9708,0.55763,99.6114,0.00524021,17.2085,"Geophysical donor high and surface receiver abstains. A buried structural boundary is one hypothesis; native cover/gradient/slope measurements above are context, not proof.",Basin-fill density boundary or volcanic lithologic contact; gravity and modelled cover may not be independent.,Compare both sides in official high-resolution terrain/geologic mapping and field offset observations. A continuous unfaulted contact would weaken the fault interpretation.,"Unverified candidate; no slip, permeability, temperature or geothermal resource established."
CTD5-A-01018,9,1,2584.0,1679.111,411311.1,4250100.0,0.96153,0.46789,-2.6017,0.00094887,17.7518,"Geophysical donor high and surface receiver abstains. A buried structural boundary is one hypothesis; native cover/gradient/slope measurements above are context, not proof.",Basin-fill density boundary or volcanic lithologic contact; gravity and modelled cover may not be independent.,Compare both sides in official high-resolution terrain/geologic mapping and field offset observations. A continuous unfaulted contact would weaken the fault interpretation.,"Unverified candidate; no slip, permeability, temperature or geothermal resource established."
CTD5-A-01019,1,1,2583.0,1719.0,415300.0,4250200.0,0.9667,0.36307,0.1372,0.00040312,12.0208,"Geophysical donor high and surface receiver abstains. A buried structural boundary is one hypothesis; native cover/gradient/slope measurements above are context, not proof.",Basin-fill density boundary or volcanic lithologic contact; gravity and modelled cover may not be independent.,Compare both sides in official high-resolution terrain/geologic mapping and field offset observations. A continuous unfaulted contact would weaken the fault interpretation.,"Unverified candidate; no slip, permeability, temperature or geothermal resource established."
CTD5-A-01020,4,1,2585.25,1715.25,414925.0,4249975.0,0.9667,0.44977,0.8084,0.00053635,8.7066,"Geophysical donor high and surface receiver abstains. A buried structural boundary is one hypothesis; native cover/gradient/slope measurements above are context, not proof.",Basin-fill density boundary or volcanic lithologic contact; gravity and modelled cover may not be independent.,Compare both sides in official high-resolution terrain/geologic mapping and field offset observations. A continuous unfaulted contact would weaken the fault interpretation.,"Unverified candidate; no slip, permeability, temperature or geothermal resource established."
CTD5-A-01021,1,1,2585.0,1722.0,415600.0,4250000.0,0.97413,0.3936,0.5674,0.0003677,9.5477,"Geophysical donor high and surface receiver abstains. A buried structural boundary is one hypothesis; native cover/gradient/slope measurements above are context, not proof.",Basin-fill density boundary or volcanic lithologic contact; gravity and modelled cover may not be independent.,Compare both sides in official high-resolution terrain/geologic mapping and field offset observations. A continuous unfaulted contact would weaken the fault interpretation.,"Unverified candidate; no slip, permeability, temperature or geothermal resource established."
CTD5-A-01022,33,4,2587.697,2036.727,447072.7,4249730.3,0.95621,0.37273,472.9669,0.00111383,0.1906,"Geophysical donor high and surface receiver abstains. A buried structural boundary is one hypothesis; native cover/gradient/slope measurements above are context, not proof.",Basin-fill density boundary or volcanic lithologic contact; gravity and modelled cover may not be independent.,Compare both sides in official high-resolution terrain/geologic mapping and field offset observations. A continuous unfaulted contact would weaken the fault interpretation.,"Unverified candidate; no slip, permeability, temperature or geothermal resource established."
CTD5-A-01023,1,1,2586.0,1645.0,407900.0,4249900.0,0.96453,0.55697,41.8697,0.00382488,26.7976,"Geophysical donor high and surface receiver abstains. A buried structural boundary is one hypothesis; native cover/gradient/slope measurements above are context, not proof.",Basin-fill density boundary or volcanic lithologic contact; gravity and modelled cover may not be independent.,Compare both sides in official high-resolution terrain/geologic mapping and field offset observations. A continuous unfaulted contact would weaken the fault interpretation.,"Unverified candidate; no slip, permeability, temperature or geothermal resource established."
CTD5-A-01024,81,13,2601.79,2028.185,446218.5,4248321.0,0.96756,0.38478,530.7257,0.00151155,1.024,"Geophysical donor high and surface receiver abstains. A buried structural boundary is one hypothesis; native cover/gradient/slope measurements above are context, not proof.",Basin-fill density boundary or volcanic lithologic contact; gravity and modelled cover may not be independent.,Compare both sides in official high-resolution terrain/geologic mapping and field offset observations. A continuous unfaulted contact would weaken the fault interpretation.,"Unverified candidate; no slip, permeability, temperature or geothermal resource established."
CTD5-A-01025,1,1,2588.0,1642.0,407600.0,4249700.0,0.97813,0.62133,76.2467,0.00529507,13.6139,"Geophysical donor high and surface receiver abstains. A buried structural boundary is one hypothesis; native cover/gradient/slope measurements above are context, not proof.",Basin-fill density boundary or volcanic lithologic contact; gravity and modelled cover may not be independent.,Compare both sides in official high-resolution terrain/geologic mapping and field offset observations. A continuous unfaulted contact would weaken the fault interpretation.,"Unverified candidate; no slip, permeability, temperature or geothermal resource established."
CTD5-A-01026,9,2,2591.333,1644.111,407811.1,4249366.7,0.97038,0.48288,65.8223,0.00480207,22.6165,"Geophysical donor high and surface receiver abstains. A buried structural boundary is one hypothesis; native cover/gradient/slope measurements above are context, not proof.",Basin-fill density boundary or volcanic lithologic contact; gravity and modelled cover may not be independent.,Compare both sides in official high-resolution terrain/geologic mapping and field offset observations. A continuous unfaulted contact would weaken the fault interpretation.,"Unverified candidate; no slip, permeability, temperature or geothermal resource established."
CTD5-A-01027,2,1,2589.0,1639.5,407350.0,4249600.0,0.9838,0.52763,104.3881,0.00588328,20.2539,"Geophysical donor high and surface receiver abstains. A buried structural boundary is one hypothesis; native cover/gradient/slope measurements above are context, not proof.",Basin-fill density boundary or volcanic lithologic contact; gravity and modelled cover may not be independent.,Compare both sides in official high-resolution terrain/geologic mapping and field offset observations. A continuous unfaulted contact would weaken the fault interpretation.,"Unverified candidate; no slip, permeability, temperature or geothermal resource established."
CTD5-A-01028,1,1,2589.0,1705.0,413900.0,4249600.0,0.95657,0.50933,1.7555,0.00095713,16.7743,"Geophysical donor high and surface receiver abstains. A buried structural boundary is one hypothesis; native cover/gradient/slope measurements above are context, not proof.",Basin-fill density boundary or volcanic lithologic contact; gravity and modelled cover may not be independent.,Compare both sides in official high-resolution terrain/geologic mapping and field offset observations. A continuous unfaulted contact would weaken the fault interpretation.,"Unverified candidate; no slip, permeability, temperature or geothermal resource established."
CTD5-A-01029,1,0,2589.0,1719.0,415300.0,4249600.0,0.9504,0.3881,1.6785,0.00044588,11.5862,"Geophysical donor high and surface receiver abstains. A buried structural boundary is one hypothesis; native cover/gradient/slope measurements above are context, not proof.",Basin-fill density boundary or volcanic lithologic contact; gravity and modelled cover may not be independent.,Compare both sides in official high-resolution terrain/geologic mapping and field offset observations. A continuous unfaulted contact would weaken the fault interpretation.,"Unverified candidate; no slip, permeability, temperature or geothermal resource established."
CTD5-A-01030,3,0,2591.0,1704.0,413800.0,4249400.0,0.95067,0.40719,2.1716,0.00106298,14.6379,"Geophysical donor high and surface receiver abstains. A buried structural boundary is one hypothesis; native cover/gradient/slope measurements above are context, not proof.",Basin-fill density boundary or volcanic lithologic contact; gravity and modelled cover may not be independent.,Compare both sides in official high-resolution terrain/geologic mapping and field offset observations. A continuous unfaulted contact would weaken the fault interpretation.,"Unverified candidate; no slip, permeability, temperature or geothermal resource established."
CTD5-A-01031,6,2,2593.333,1661.167,409516.7,4249166.7,0.95496,0.43772,-2.0685,0.00218258,9.0873,"Geophysical donor high and surface receiver abstains. A buried structural boundary is one hypothesis; native cover/gradient/slope measurements above are context, not proof.",Basin-fill density boundary or volcanic lithologic contact; gravity and modelled cover may not be independent.,Compare both sides in official high-resolution terrain/geologic mapping and field offset observations. A continuous unfaulted contact would weaken the fault interpretation.,"Unverified candidate; no slip, permeability, temperature or geothermal resource established."
CTD5-A-01032,1,0,2592.0,2025.0,445900.0,4249300.0,0.95377,0.36967,528.2798,0.00120707,0.9047,"Geophysical donor high and surface receiver abstains. A buried structural boundary is one hypothesis; native cover/gradient/slope measurements above are context, not proof.",Basin-fill density boundary or volcanic lithologic contact; gravity and modelled cover may not be independent.,Compare both sides in official high-resolution terrain/geologic mapping and field offset observations. A continuous unfaulted contact would weaken the fault interpretation.,"Unverified candidate; no slip, permeability, temperature or geothermal resource established."
CTD5-A-01033,2,0,2593.5,1689.5,412350.0,4249150.0,0.95518,0.46203,0.3614,0.00154225,30.6933,"Geophysical donor high and surface receiver abstains. A buried structural boundary is one hypothesis; native cover/gradient/slope measurements above are context, not proof.",Basin-fill density boundary or volcanic lithologic contact; gravity and modelled cover may not be independent.,Compare both sides in official high-resolution terrain/geologic mapping and field offset observations. A continuous unfaulted contact would weaken the fault interpretation.,"Unverified candidate; no slip, permeability, temperature or geothermal resource established."
CTD5-A-01034,2,1,2593.0,1700.5,413450.0,4249200.0,0.95017,0.49297,2.1569,0.00128544,15.9028,"Geophysical donor high and surface receiver abstains. A buried structural boundary is one hypothesis; native cover/gradient/slope measurements above are context, not proof.",Basin-fill density boundary or volcanic lithologic contact; gravity and modelled cover may not be independent.,Compare both sides in official high-resolution terrain/geologic mapping and field offset observations. A continuous unfaulted contact would weaken the fault interpretation.,"Unverified candidate; no slip, permeability, temperature or geothermal resource established."
CTD5-A-01035,18,3,2597.889,1650.333,408433.3,4248711.1,0.96108,0.48667,50.8982,0.00230673,27.1924,"Geophysical donor high and surface receiver abstains. A buried structural boundary is one hypothesis; native cover/gradient/slope measurements above are context, not proof.",Basin-fill density boundary or volcanic lithologic contact; gravity and modelled cover may not be independent.,Compare both sides in official high-resolution terrain/geologic mapping and field offset observations. A continuous unfaulted contact would weaken the fault interpretation.,"Unverified candidate; no slip, permeability, temperature or geothermal resource established."
CTD5-A-01036,3,1,2594.333,1653.333,408733.3,4249066.7,0.95227,0.61608,15.9978,0.00194767,18.6906,"Geophysical donor high and surface receiver abstains. A buried structural boundary is one hypothesis; native cover/gradient/slope measurements above are context, not proof.",Basin-fill density boundary or volcanic lithologic contact; gravity and modelled cover may not be independent.,Compare both sides in official high-resolution terrain/geologic mapping and field offset observations. A continuous unfaulted contact would weaken the fault interpretation.,"Unverified candidate; no slip, permeability, temperature or geothermal resource established."
CTD5-A-01037,1,1,2594.0,1721.0,415500.0,4249100.0,0.9598,0.3941,2.841,0.00050827,12.7258,"Geophysical donor high and surface receiver abstains. A buried structural boundary is one hypothesis; native cover/gradient/slope measurements above are context, not proof.",Basin-fill density boundary or volcanic lithologic contact; gravity and modelled cover may not be independent.,Compare both sides in official high-resolution terrain/geologic mapping and field offset observations. A continuous unfaulted contact would weaken the fault interpretation.,"Unverified candidate; no slip, permeability, temperature or geothermal resource established."
CTD5-A-01038,1,0,2595.0,1698.0,413200.0,4249000.0,0.95877,0.35473,2.2744,0.00147002,15.1597,"Geophysical donor high and surface receiver abstains. A buried structural boundary is one hypothesis; native cover/gradient/slope measurements above are context, not proof.",Basin-fill density boundary or volcanic lithologic contact; gravity and modelled cover may not be independent.,Compare both sides in official high-resolution terrain/geologic mapping and field offset observations. A continuous unfaulted contact would weaken the fault interpretation.,"Unverified candidate; no slip, permeability, temperature or geothermal resource established."
CTD5-A-01039,1,0,2596.0,1663.0,409700.0,4248900.0,0.9517,0.4417,0.3785,0.00267805,14.3489,"Geophysical donor high and surface receiver abstains. A buried structural boundary is one hypothesis; native cover/gradient/slope measurements above are context, not proof.",Basin-fill density boundary or volcanic lithologic contact; gravity and modelled cover may not be independent.,Compare both sides in official high-resolution terrain/geologic mapping and field offset observations. A continuous unfaulted contact would weaken the fault interpretation.,"Unverified candidate; no slip, permeability, temperature or geothermal resource established."
CTD5-A-01040,14,1,2597.929,1704.714,413871.4,4248707.1,0.96293,0.48446,5.5913,0.00126213,15.3071,"Geophysical donor high and surface receiver abstains. A buried structural boundary is one hypothesis; native cover/gradient/slope measurements above are context, not proof.",Basin-fill density boundary or volcanic lithologic contact; gravity and modelled cover may not be independent.,Compare both sides in official high-resolution terrain/geologic mapping and field offset observations. A continuous unfaulted contact would weaken the fault interpretation.,"Unverified candidate; no slip, permeability, temperature or geothermal resource established."
CTD5-A-01041,1,0,2597.0,1655.0,408900.0,4248800.0,0.9519,0.5865,12.3138,0.00251661,10.0701,"Geophysical donor high and surface receiver abstains. A buried structural boundary is one hypothesis; native cover/gradient/slope measurements above are context, not proof.",Basin-fill density boundary or volcanic lithologic contact; gravity and modelled cover may not be independent.,Compare both sides in official high-resolution terrain/geologic mapping and field offset observations. A continuous unfaulted contact would weaken the fault interpretation.,"Unverified candidate; no slip, permeability, temperature or geothermal resource established."
CTD5-A-01042,1,1,2597.0,1657.0,409100.0,4248800.0,0.95677,0.54587,6.9581,0.00276971,12.9763,"Geophysical donor high and surface receiver abstains. A buried structural boundary is one hypothesis; native cover/gradient/slope measurements above are context, not proof.",Basin-fill density boundary or volcanic lithologic contact; gravity and modelled cover may not be independent.,Compare both sides in official high-resolution terrain/geologic mapping and field offset observations. A continuous unfaulted contact would weaken the fault interpretation.,"Unverified candidate; no slip, permeability, temperature or geothermal resource established."
CTD5-A-01043,6,2,2598.333,1661.5,409550.0,4248666.7,0.95577,0.52731,4.7113,0.00326854,17.2518,"Geophysical donor high and surface receiver abstains. A buried structural boundary is one hypothesis; native cover/gradient/slope measurements above are context, not proof.",Basin-fill density boundary or volcanic lithologic contact; gravity and modelled cover may not be independent.,Compare both sides in official high-resolution terrain/geologic mapping and field offset observations. A continuous unfaulted contact would weaken the fault interpretation.,"Unverified candidate; no slip, permeability, temperature or geothermal resource established."
CTD5-A-01044,25,3,2600.0,1692.04,412604.0,4248500.0,0.96395,0.50237,2.2979,0.00210167,14.935,"Geophysical donor high and surface receiver abstains. A buried structural boundary is one hypothesis; native cover/gradient/slope measurements above are context, not proof.",Basin-fill density boundary or volcanic lithologic contact; gravity and modelled cover may not be independent.,Compare both sides in official high-resolution terrain/geologic mapping and field offset observations. A continuous unfaulted contact would weaken the fault interpretation.,"Unverified candidate; no slip, permeability, temperature or geothermal resource established."
CTD5-A-01045,191,22,2606.529,2043.288,447728.8,4247847.1,0.96273,0.45607,508.2202,0.00114032,0.2709,"Geophysical donor high and surface receiver abstains. A buried structural boundary is one hypothesis; native cover/gradient/slope measurements above are context, not proof.",Basin-fill density boundary or volcanic lithologic contact; gravity and modelled cover may not be independent.,Compare both sides in official high-resolution terrain/geologic mapping and field offset observations. A continuous unfaulted contact would weaken the fault interpretation.,"Unverified candidate; no slip, permeability, temperature or geothermal resource established."
CTD5-A-01046,26,4,2604.038,1656.462,409046.2,4248096.2,0.9643,0.46023,23.9857,0.00415362,20.5578,"Geophysical donor high and surface receiver abstains. A buried structural boundary is one hypothesis; native cover/gradient/slope measurements above are context, not proof.",Basin-fill density boundary or volcanic lithologic contact; gravity and modelled cover may not be independent.,Compare both sides in official high-resolution terrain/geologic mapping and field offset observations. A continuous unfaulted contact would weaken the fault interpretation.,"Unverified candidate; no slip, permeability, temperature or geothermal resource established."
CTD5-A-01047,1,1,2600.0,1643.0,407700.0,4248500.0,0.97847,0.64717,132.7142,0.00674948,28.3794,"Geophysical donor high and surface receiver abstains. A buried structural boundary is one hypothesis; native cover/gradient/slope measurements above are context, not proof.",Basin-fill density boundary or volcanic lithologic contact; gravity and modelled cover may not be independent.,Compare both sides in official high-resolution terrain/geologic mapping and field offset observations. A continuous unfaulted contact would weaken the fault interpretation.,"Unverified candidate; no slip, permeability, temperature or geothermal resource established."
CTD5-A-01048,3,1,2600.333,2050.333,448433.3,4248466.7,0.95262,0.40241,430.5466,0.0017388,0.2639,"Geophysical donor high and surface receiver abstains. A buried structural boundary is one hypothesis; native cover/gradient/slope measurements above are context, not proof.",Basin-fill density boundary or volcanic lithologic contact; gravity and modelled cover may not be independent.,Compare both sides in official high-resolution terrain/geologic mapping and field offset observations. A continuous unfaulted contact would weaken the fault interpretation.,"Unverified candidate; no slip, permeability, temperature or geothermal resource established."
CTD5-A-01049,18,3,2604.389,1665.833,409983.3,4248061.1,0.96948,0.51201,4.9611,0.00310949,25.1156,"Geophysical donor high and surface receiver abstains. A buried structural boundary is one hypothesis; native cover/gradient/slope measurements above are context, not proof.",Basin-fill density boundary or volcanic lithologic contact; gravity and modelled cover may not be independent.,Compare both sides in official high-resolution terrain/geologic mapping and field offset observations. A continuous unfaulted contact would weaken the fault interpretation.,"Unverified candidate; no slip, permeability, temperature or geothermal resource established."
CTD5-A-01050,10,2,2604.4,1698.3,413230.0,4248060.0,0.96576,0.46538,5.4812,0.00213417,15.2977,"Geophysical donor high and surface receiver abstains. A buried structural boundary is one hypothesis; native cover/gradient/slope measurements above are context, not proof.",Basin-fill density boundary or volcanic lithologic contact; gravity and modelled cover may not be independent.,Compare both sides in official high-resolution terrain/geologic mapping and field offset observations. A continuous unfaulted contact would weaken the fault interpretation.,"Unverified candidate; no slip, permeability, temperature or geothermal resource established."
CTD5-A-01051,3,0,2603.333,2052.667,448666.7,4248166.7,0.95203,0.37601,422.8824,0.00193012,0.3322,"Geophysical donor high and surface receiver abstains. A buried structural boundary is one hypothesis; native cover/gradient/slope measurements above are context, not proof.",Basin-fill density boundary or volcanic lithologic contact; gravity and modelled cover may not be independent.,Compare both sides in official high-resolution terrain/geologic mapping and field offset observations. A continuous unfaulted contact would weaken the fault interpretation.,"Unverified candidate; no slip, permeability, temperature or geothermal resource established."
CTD5-A-01052,4,1,2605.0,1685.0,411900.0,4248000.0,0.96332,0.39928,1.3546,0.00313237,15.8979,"Geophysical donor high and surface receiver abstains. A buried structural boundary is one hypothesis; native cover/gradient/slope measurements above are context, not proof.",Basin-fill density boundary or volcanic lithologic contact; gravity and modelled cover may not be independent.,Compare both sides in official high-resolution terrain/geologic mapping and field offset observations. A continuous unfaulted contact would weaken the fault interpretation.,"Unverified candidate; no slip, permeability, temperature or geothermal resource established."
CTD5-A-01053,8,2,2606.375,1987.375,442137.5,4247862.5,0.95797,0.52496,112.0742,0.00372005,2.7135,"Geophysical donor high and surface receiver abstains. A buried structural boundary is one hypothesis; native cover/gradient/slope measurements above are context, not proof.",Basin-fill density boundary or volcanic lithologic contact; gravity and modelled cover may not be independent.,Compare both sides in official high-resolution terrain/geologic mapping and field offset observations. A continuous unfaulted contact would weaken the fault interpretation.,"Unverified candidate; no slip, permeability, temperature or geothermal resource established."
CTD5-A-01054,1,1,2606.0,1645.0,407900.0,4247900.0,0.9724,0.63457,135.4404,0.00753102,29.0023,"Geophysical donor high and surface receiver abstains. A buried structural boundary is one hypothesis; native cover/gradient/slope measurements above are context, not proof.",Basin-fill density boundary or volcanic lithologic contact; gravity and modelled cover may not be independent.,Compare both sides in official high-resolution terrain/geologic mapping and field offset observations. A continuous unfaulted contact would weaken the fault interpretation.,"Unverified candidate; no slip, permeability, temperature or geothermal resource established."
CTD5-A-01055,18,3,2610.444,1652.889,408688.9,4247455.6,0.97249,0.46981,66.6929,0.00551273,26.808,"Geophysical donor high and surface receiver abstains. A buried structural boundary is one hypothesis; native cover/gradient/slope measurements above are context, not proof.",Basin-fill density boundary or volcanic lithologic contact; gravity and modelled cover may not be independent.,Compare both sides in official high-resolution terrain/geologic mapping and field offset observations. A continuous unfaulted contact would weaken the fault interpretation.,"Unverified candidate; no slip, permeability, temperature or geothermal resource established."
CTD5-A-01056,4,1,2607.5,1991.0,442500.0,4247750.0,0.95514,0.52457,126.8885,0.00428007,2.7751,"Geophysical donor high and surface receiver abstains. A buried structural boundary is one hypothesis; native cover/gradient/slope measurements above are context, not proof.",Basin-fill density boundary or volcanic lithologic contact; gravity and modelled cover may not be independent.,Compare both sides in official high-resolution terrain/geologic mapping and field offset observations. A continuous unfaulted contact would weaken the fault interpretation.,"Unverified candidate; no slip, permeability, temperature or geothermal resource established."
CTD5-A-01057,21,5,2611.286,2034.619,446861.9,4247371.4,0.97134,0.41558,543.5548,0.00149467,0.9292,"Geophysical donor high and surface receiver abstains. A buried structural boundary is one hypothesis; native cover/gradient/slope measurements above are context, not proof.",Basin-fill density boundary or volcanic lithologic contact; gravity and modelled cover may not be independent.,Compare both sides in official high-resolution terrain/geologic mapping and field offset observations. A continuous unfaulted contact would weaken the fault interpretation.,"Unverified candidate; no slip, permeability, temperature or geothermal resource established."
CTD5-A-01058,4,1,2609.5,1688.0,412200.0,4247550.0,0.96416,0.41549,2.6118,0.00319638,10.5037,"Geophysical donor high and surface receiver abstains. A buried structural boundary is one hypothesis; native cover/gradient/slope measurements above are context, not proof.",Basin-fill density boundary or volcanic lithologic contact; gravity and modelled cover may not be independent.,Compare both sides in official high-resolution terrain/geologic mapping and field offset observations. A continuous unfaulted contact would weaken the fault interpretation.,"Unverified candidate; no slip, permeability, temperature or geothermal resource established."
CTD5-A-01059,1,1,2608.0,1697.0,413100.0,4247700.0,0.97953,0.52447,5.7993,0.00235488,23.8174,"Geophysical donor high and surface receiver abstains. A buried structural boundary is one hypothesis; native cover/gradient/slope measurements above are context, not proof.",Basin-fill density boundary or volcanic lithologic contact; gravity and modelled cover may not be independent.,Compare both sides in official high-resolution terrain/geologic mapping and field offset observations. A continuous unfaulted contact would weaken the fault interpretation.,"Unverified candidate; no slip, permeability, temperature or geothermal resource established."
CTD5-A-01060,1,1,2609.0,1662.0,409600.0,4247600.0,0.96027,0.53977,17.7918,0.00388054,19.017,"Geophysical donor high and surface receiver abstains. A buried structural boundary is one hypothesis; native cover/gradient/slope measurements above are context, not proof.",Basin-fill density boundary or volcanic lithologic contact; gravity and modelled cover may not be independent.,Compare both sides in official high-resolution terrain/geologic mapping and field offset observations. A continuous unfaulted contact would weaken the fault interpretation.,"Unverified candidate; no slip, permeability, temperature or geothermal resource established."
CTD5-A-01061,2,1,2610.5,1694.5,412850.0,4247450.0,0.98203,0.36095,5.3415,0.00251358,23.6986,"Geophysical donor high and surface receiver abstains. A buried structural boundary is one hypothesis; native cover/gradient/slope measurements above are context, not proof.",Basin-fill density boundary or volcanic lithologic contact; gravity and modelled cover may not be independent.,Compare both sides in official high-resolution terrain/geologic mapping and field offset observations. A continuous unfaulted contact would weaken the fault interpretation.,"Unverified candidate; no slip, permeability, temperature or geothermal resource established."
CTD5-A-01062,2,1,2610.0,1987.5,442150.0,4247500.0,0.97435,0.51982,88.8018,0.00409089,2.8051,"Geophysical donor high and surface receiver abstains. A buried structural boundary is one hypothesis; native cover/gradient/slope measurements above are context, not proof.",Basin-fill density boundary or volcanic lithologic contact; gravity and modelled cover may not be independent.,Compare both sides in official high-resolution terrain/geologic mapping and field offset observations. A continuous unfaulted contact would weaken the fault interpretation.,"Unverified candidate; no slip, permeability, temperature or geothermal resource established."
CTD5-A-01063,1,1,2611.0,1691.0,412500.0,4247400.0,0.96787,0.45047,4.0043,0.00286106,11.2581,"Geophysical donor high and surface receiver abstains. A buried structural boundary is one hypothesis; native cover/gradient/slope measurements above are context, not proof.",Basin-fill density boundary or volcanic lithologic contact; gravity and modelled cover may not be independent.,Compare both sides in official high-resolution terrain/geologic mapping and field offset observations. A continuous unfaulted contact would weaken the fault interpretation.,"Unverified candidate; no slip, permeability, temperature or geothermal resource established."
CTD5-A-01064,1,0,2612.0,1716.0,415000.0,4247300.0,0.95183,0.42257,10.1409,0.00071009,10.2853,"Geophysical donor high and surface receiver abstains. A buried structural boundary is one hypothesis; native cover/gradient/slope measurements above are context, not proof.",Basin-fill density boundary or volcanic lithologic contact; gravity and modelled cover may not be independent.,Compare both sides in official high-resolution terrain/geologic mapping and field offset observations. A continuous unfaulted contact would weaken the fault interpretation.,"Unverified candidate; no slip, permeability, temperature or geothermal resource established."
CTD5-A-01065,1,0,2612.0,1718.0,415200.0,4247300.0,0.95047,0.40813,9.1416,0.00062183,9.0239,"Geophysical donor high and surface receiver abstains. A buried structural boundary is one hypothesis; native cover/gradient/slope measurements above are context, not proof.",Basin-fill density boundary or volcanic lithologic contact; gravity and modelled cover may not be independent.,Compare both sides in official high-resolution terrain/geologic mapping and field offset observations. A continuous unfaulted contact would weaken the fault interpretation.,"Unverified candidate; no slip, permeability, temperature or geothermal resource established."
CTD5-A-01066,1,0,2612.0,2037.0,447100.0,4247300.0,0.96457,0.3556,550.3601,0.00115542,0.7138,"Geophysical donor high and surface receiver abstains. A buried structural boundary is one hypothesis; native cover/gradient/slope measurements above are context, not proof.",Basin-fill density boundary or volcanic lithologic contact; gravity and modelled cover may not be independent.,Compare both sides in official high-resolution terrain/geologic mapping and field offset observations. A continuous unfaulted contact would weaken the fault interpretation.,"Unverified candidate; no slip, permeability, temperature or geothermal resource established."
CTD5-A-01067,3,1,2614.667,1686.0,412000.0,4247033.3,0.98136,0.48257,2.2285,0.00300977,21.5476,"Geophysical donor high and surface receiver abstains. A buried structural boundary is one hypothesis; native cover/gradient/slope measurements above are context, not proof.",Basin-fill density boundary or volcanic lithologic contact; gravity and modelled cover may not be independent.,Compare both sides in official high-resolution terrain/geologic mapping and field offset observations. A continuous unfaulted contact would weaken the fault interpretation.,"Unverified candidate; no slip, permeability, temperature or geothermal resource established."
CTD5-A-01068,2,1,2614.0,1717.5,415150.0,4247100.0,0.957,0.38972,9.6596,0.00061391,9.6226,"Geophysical donor high and surface receiver abstains. A buried structural boundary is one hypothesis; native cover/gradient/slope measurements above are context, not proof.",Basin-fill density boundary or volcanic lithologic contact; gravity and modelled cover may not be independent.,Compare both sides in official high-resolution terrain/geologic mapping and field offset observations. A continuous unfaulted contact would weaken the fault interpretation.,"Unverified candidate; no slip, permeability, temperature or geothermal resource established."
CTD5-A-01069,1,1,2615.0,1689.0,412300.0,4247000.0,0.9821,0.46067,3.5695,0.00279889,12.4654,"Geophysical donor high and surface receiver abstains. A buried structural boundary is one hypothesis; native cover/gradient/slope measurements above are context, not proof.",Basin-fill density boundary or volcanic lithologic contact; gravity and modelled cover may not be independent.,Compare both sides in official high-resolution terrain/geologic mapping and field offset observations. A continuous unfaulted contact would weaken the fault interpretation.,"Unverified candidate; no slip, permeability, temperature or geothermal resource established."
CTD5-A-01070,2,0,2616.0,1714.5,414850.0,4246900.0,0.95187,0.35632,10.85,0.00076614,17.2055,"Geophysical donor high and surface receiver abstains. A buried structural boundary is one hypothesis; native cover/gradient/slope measurements above are context, not proof.",Basin-fill density boundary or volcanic lithologic contact; gravity and modelled cover may not be independent.,Compare both sides in official high-resolution terrain/geologic mapping and field offset observations. A continuous unfaulted contact would weaken the fault interpretation.,"Unverified candidate; no slip, permeability, temperature or geothermal resource established."
CTD5-A-01071,1,0,2616.0,2038.0,447200.0,4246900.0,0.9604,0.35807,542.1872,0.00166307,0.7703,"Geophysical donor high and surface receiver abstains. A buried structural boundary is one hypothesis; native cover/gradient/slope measurements above are context, not proof.",Basin-fill density boundary or volcanic lithologic contact; gravity and modelled cover may not be independent.,Compare both sides in official high-resolution terrain/geologic mapping and field offset observations. A continuous unfaulted contact would weaken the fault interpretation.,"Unverified candidate; no slip, permeability, temperature or geothermal resource established."
CTD5-A-01072,7,1,2619.0,1714.714,414871.4,4246600.0,0.95885,0.4596,11.2437,0.00077452,20.9732,"Geophysical donor high and surface receiver abstains. A buried structural boundary is one hypothesis; native cover/gradient/slope measurements above are context, not proof.",Basin-fill density boundary or volcanic lithologic contact; gravity and modelled cover may not be independent.,Compare both sides in official high-resolution terrain/geologic mapping and field offset observations. A continuous unfaulted contact would weaken the fault interpretation.,"Unverified candidate; no slip, permeability, temperature or geothermal resource established."
CTD5-A-01073,1,0,2618.0,2038.0,447200.0,4246700.0,0.95173,0.355,537.3023,0.00177922,0.7406,"Geophysical donor high and surface receiver abstains. A buried structural boundary is one hypothesis; native cover/gradient/slope measurements above are context, not proof.",Basin-fill density boundary or volcanic lithologic contact; gravity and modelled cover may not be independent.,Compare both sides in official high-resolution terrain/geologic mapping and field offset observations. A continuous unfaulted contact would weaken the fault interpretation.,"Unverified candidate; no slip, permeability, temperature or geothermal resource established."
CTD5-A-01074,6,1,2620.833,1653.167,408716.7,4246416.7,0.96777,0.53124,80.7027,0.00451529,20.9138,"Geophysical donor high and surface receiver abstains. A buried structural boundary is one hypothesis; native cover/gradient/slope measurements above are context, not proof.",Basin-fill density boundary or volcanic lithologic contact; gravity and modelled cover may not be independent.,Compare both sides in official high-resolution terrain/geologic mapping and field offset observations. A continuous unfaulted contact would weaken the fault interpretation.,"Unverified candidate; no slip, permeability, temperature or geothermal resource established."
CTD5-A-01075,5,1,2621.4,1656.6,409060.0,4246360.0,0.96763,0.50999,55.4844,0.00366044,26.5684,"Geophysical donor high and surface receiver abstains. A buried structural boundary is one hypothesis; native cover/gradient/slope measurements above are context, not proof.",Basin-fill density boundary or volcanic lithologic contact; gravity and modelled cover may not be independent.,Compare both sides in official high-resolution terrain/geologic mapping and field offset observations. A continuous unfaulted contact would weaken the fault interpretation.,"Unverified candidate; no slip, permeability, temperature or geothermal resource established."
CTD5-A-01076,2,1,2624.0,1654.5,408850.0,4246100.0,0.97343,0.4499,71.2718,0.00363599,16.4719,"Geophysical donor high and surface receiver abstains. A buried structural boundary is one hypothesis; native cover/gradient/slope measurements above are context, not proof.",Basin-fill density boundary or volcanic lithologic contact; gravity and modelled cover may not be independent.,Compare both sides in official high-resolution terrain/geologic mapping and field offset observations. A continuous unfaulted contact would weaken the fault interpretation.,"Unverified candidate; no slip, permeability, temperature or geothermal resource established."
CTD5-A-01077,3,1,2625.0,1660.333,409433.3,4246000.0,0.95636,0.53042,41.2472,0.00237282,34.6344,"Geophysical donor high and surface receiver abstains. A buried structural boundary is one hypothesis; native cover/gradient/slope measurements above are context, not proof.",Basin-fill density boundary or volcanic lithologic contact; gravity and modelled cover may not be independent.,Compare both sides in official high-resolution terrain/geologic mapping and field offset observations. A continuous unfaulted contact would weaken the fault interpretation.,"Unverified candidate; no slip, permeability, temperature or geothermal resource established."
CTD5-A-01078,5,1,2625.2,1716.4,415040.0,4245980.0,0.96005,0.43048,11.7479,0.00080957,15.1508,"Geophysical donor high and surface receiver abstains. A buried structural boundary is one hypothesis; native cover/gradient/slope measurements above are context, not proof.",Basin-fill density boundary or volcanic lithologic contact; gravity and modelled cover may not be independent.,Compare both sides in official high-resolution terrain/geologic mapping and field offset observations. A continuous unfaulted contact would weaken the fault interpretation.,"Unverified candidate; no slip, permeability, temperature or geothermal resource established."
CTD5-A-01079,6,1,2626.667,1655.667,408966.7,4245833.3,0.96232,0.45864,65.1121,0.00320069,20.5594,"Geophysical donor high and surface receiver abstains. A buried structural boundary is one hypothesis; native cover/gradient/slope measurements above are context, not proof.",Basin-fill density boundary or volcanic lithologic contact; gravity and modelled cover may not be independent.,Compare both sides in official high-resolution terrain/geologic mapping and field offset observations. A continuous unfaulted contact would weaken the fault interpretation.,"Unverified candidate; no slip, permeability, temperature or geothermal resource established."
CTD5-A-01080,1,0,2626.0,1653.0,408700.0,4245900.0,0.96333,0.44103,85.0668,0.00375027,17.0673,"Geophysical donor high and surface receiver abstains. A buried structural boundary is one hypothesis; native cover/gradient/slope measurements above are context, not proof.",Basin-fill density boundary or volcanic lithologic contact; gravity and modelled cover may not be independent.,Compare both sides in official high-resolution terrain/geologic mapping and field offset observations. A continuous unfaulted contact would weaken the fault interpretation.,"Unverified candidate; no slip, permeability, temperature or geothermal resource established."
CTD5-A-01081,46,8,2636.109,1770.261,420426.1,4244889.1,0.95926,0.46688,6.7623,0.00057312,9.4461,"Geophysical donor high and surface receiver abstains. A buried structural boundary is one hypothesis; native cover/gradient/slope measurements above are context, not proof.",Basin-fill density boundary or volcanic lithologic contact; gravity and modelled cover may not be independent.,Compare both sides in official high-resolution terrain/geologic mapping and field offset observations. A continuous unfaulted contact would weaken the fault interpretation.,"Unverified candidate; no slip, permeability, temperature or geothermal resource established."
CTD5-A-01082,12,2,2631.167,1657.333,409133.3,4245383.3,0.96382,0.56474,58.4154,0.00269986,23.3384,"Geophysical donor high and surface receiver abstains. A buried structural boundary is one hypothesis; native cover/gradient/slope measurements above are context, not proof.",Basin-fill density boundary or volcanic lithologic contact; gravity and modelled cover may not be independent.,Compare both sides in official high-resolution terrain/geologic mapping and field offset observations. A continuous unfaulted contact would weaken the fault interpretation.,"Unverified candidate; no slip, permeability, temperature or geothermal resource established."
CTD5-A-01083,1,1,2628.0,1767.0,420100.0,4245700.0,0.96673,0.40493,2.3491,0.00049008,7.4798,"Geophysical donor high and surface receiver abstains. A buried structural boundary is one hypothesis; native cover/gradient/slope measurements above are context, not proof.",Basin-fill density boundary or volcanic lithologic contact; gravity and modelled cover may not be independent.,Compare both sides in official high-resolution terrain/geologic mapping and field offset observations. A continuous unfaulted contact would weaken the fault interpretation.,"Unverified candidate; no slip, permeability, temperature or geothermal resource established."
CTD5-A-01084,1,0,2630.0,1661.0,409500.0,4245500.0,0.95117,0.5643,40.1647,0.00213788,26.2223,"Geophysical donor high and surface receiver abstains. A buried structural boundary is one hypothesis; native cover/gradient/slope measurements above are context, not proof.",Basin-fill density boundary or volcanic lithologic contact; gravity and modelled cover may not be independent.,Compare both sides in official high-resolution terrain/geologic mapping and field offset observations. A continuous unfaulted contact would weaken the fault interpretation.,"Unverified candidate; no slip, permeability, temperature or geothermal resource established."
CTD5-A-01085,16,3,2634.875,1755.375,418937.5,4245012.5,0.9713,0.50949,0.2605,0.00012135,13.1868,"Geophysical donor high and surface receiver abstains. A buried structural boundary is one hypothesis; native cover/gradient/slope measurements above are context, not proof.",Basin-fill density boundary or volcanic lithologic contact; gravity and modelled cover may not be independent.,Compare both sides in official high-resolution terrain/geologic mapping and field offset observations. A continuous unfaulted contact would weaken the fault interpretation.,"Unverified candidate; no slip, permeability, temperature or geothermal resource established."
CTD5-A-01086,24,4,2634.875,1762.917,419691.7,4245012.5,0.96969,0.46788,1.6858,0.00024258,9.794,"Geophysical donor high and surface receiver abstains. A buried structural boundary is one hypothesis; native cover/gradient/slope measurements above are context, not proof.",Basin-fill density boundary or volcanic lithologic contact; gravity and modelled cover may not be independent.,Compare both sides in official high-resolution terrain/geologic mapping and field offset observations. A continuous unfaulted contact would weaken the fault interpretation.,"Unverified candidate; no slip, permeability, temperature or geothermal resource established."
CTD5-A-01087,6,0,2636.0,1658.833,409283.3,4244900.0,0.96221,0.51681,53.7571,0.0025203,18.833,"Geophysical donor high and surface receiver abstains. A buried structural boundary is one hypothesis; native cover/gradient/slope measurements above are context, not proof.",Basin-fill density boundary or volcanic lithologic contact; gravity and modelled cover may not be independent.,Compare both sides in official high-resolution terrain/geologic mapping and field offset observations. A continuous unfaulted contact would weaken the fault interpretation.,"Unverified candidate; no slip, permeability, temperature or geothermal resource established."
CTD5-A-01088,4,1,2641.0,1763.25,419725.0,4244400.0,0.97003,0.36686,2.5389,0.00056674,6.4603,"Geophysical donor high and surface receiver abstains. A buried structural boundary is one hypothesis; native cover/gradient/slope measurements above are context, not proof.",Basin-fill density boundary or volcanic lithologic contact; gravity and modelled cover may not be independent.,Compare both sides in official high-resolution terrain/geologic mapping and field offset observations. A continuous unfaulted contact would weaken the fault interpretation.,"Unverified candidate; no slip, permeability, temperature or geothermal resource established."
CTD5-A-01089,9,2,2642.333,1660.667,409466.7,4244266.7,0.96646,0.49119,50.4702,0.00286073,31.6163,"Geophysical donor high and surface receiver abstains. A buried structural boundary is one hypothesis; native cover/gradient/slope measurements above are context, not proof.",Basin-fill density boundary or volcanic lithologic contact; gravity and modelled cover may not be independent.,Compare both sides in official high-resolution terrain/geologic mapping and field offset observations. A continuous unfaulted contact would weaken the fault interpretation.,"Unverified candidate; no slip, permeability, temperature or geothermal resource established."
CTD5-A-01090,5,1,2641.8,1753.2,418720.0,4244320.0,0.95682,0.38,0.9397,0.00037864,9.3159,"Geophysical donor high and surface receiver abstains. A buried structural boundary is one hypothesis; native cover/gradient/slope measurements above are context, not proof.",Basin-fill density boundary or volcanic lithologic contact; gravity and modelled cover may not be independent.,Compare both sides in official high-resolution terrain/geologic mapping and field offset observations. A continuous unfaulted contact would weaken the fault interpretation.,"Unverified candidate; no slip, permeability, temperature or geothermal resource established."
CTD5-A-01091,6,2,2642.833,1757.667,419166.7,4244216.7,0.95343,0.51719,1.1274,0.00062488,8.3387,"Geophysical donor high and surface receiver abstains. A buried structural boundary is one hypothesis; native cover/gradient/slope measurements above are context, not proof.",Basin-fill density boundary or volcanic lithologic contact; gravity and modelled cover may not be independent.,Compare both sides in official high-resolution terrain/geologic mapping and field offset observations. A continuous unfaulted contact would weaken the fault interpretation.,"Unverified candidate; no slip, permeability, temperature or geothermal resource established."
CTD5-A-01092,1,0,2644.0,1666.0,410000.0,4244100.0,0.95547,0.41827,27.509,0.00214103,33.7237,"Geophysical donor high and surface receiver abstains. A buried structural boundary is one hypothesis; native cover/gradient/slope measurements above are context, not proof.",Basin-fill density boundary or volcanic lithologic contact; gravity and modelled cover may not be independent.,Compare both sides in official high-resolution terrain/geologic mapping and field offset observations. A continuous unfaulted contact would weaken the fault interpretation.,"Unverified candidate; no slip, permeability, temperature or geothermal resource established."
CTD5-A-01093,2,1,2644.5,1754.5,418850.0,4244050.0,0.95742,0.57917,1.2311,0.00064272,26.0731,"Geophysical donor high and surface receiver abstains. A buried structural boundary is one hypothesis; native cover/gradient/slope measurements above are context, not proof.",Basin-fill density boundary or volcanic lithologic contact; gravity and modelled cover may not be independent.,Compare both sides in official high-resolution terrain/geologic mapping and field offset observations. A continuous unfaulted contact would weaken the fault interpretation.,"Unverified candidate; no slip, permeability, temperature or geothermal resource established."
CTD5-A-01094,1,0,2644.0,1767.0,420100.0,4244100.0,0.95003,0.4446,6.0159,0.00120016,4.7833,"Geophysical donor high and surface receiver abstains. A buried structural boundary is one hypothesis; native cover/gradient/slope measurements above are context, not proof.",Basin-fill density boundary or volcanic lithologic contact; gravity and modelled cover may not be independent.,Compare both sides in official high-resolution terrain/geologic mapping and field offset observations. A continuous unfaulted contact would weaken the fault interpretation.,"Unverified candidate; no slip, permeability, temperature or geothermal resource established."
CTD5-A-01095,111,15,2654.613,1761.901,419590.1,4243038.7,0.96901,0.50947,8.6648,0.00151176,9.624,"Geophysical donor high and surface receiver abstains. A buried structural boundary is one hypothesis; native cover/gradient/slope measurements above are context, not proof.",Basin-fill density boundary or volcanic lithologic contact; gravity and modelled cover may not be independent.,Compare both sides in official high-resolution terrain/geologic mapping and field offset observations. A continuous unfaulted contact would weaken the fault interpretation.,"Unverified candidate; no slip, permeability, temperature or geothermal resource established."
CTD5-A-01096,2,0,2646.5,1665.0,409900.0,4243850.0,0.9637,0.41072,37.7306,0.00256075,34.2035,"Geophysical donor high and surface receiver abstains. A buried structural boundary is one hypothesis; native cover/gradient/slope measurements above are context, not proof.",Basin-fill density boundary or volcanic lithologic contact; gravity and modelled cover may not be independent.,Compare both sides in official high-resolution terrain/geologic mapping and field offset observations. A continuous unfaulted contact would weaken the fault interpretation.,"Unverified candidate; no slip, permeability, temperature or geothermal resource established."
CTD5-A-01097,6,1,2648.667,1667.833,410183.3,4243633.3,0.96081,0.43228,32.6389,0.00220758,27.4806,"Geophysical donor high and surface receiver abstains. A buried structural boundary is one hypothesis; native cover/gradient/slope measurements above are context, not proof.",Basin-fill density boundary or volcanic lithologic contact; gravity and modelled cover may not be independent.,Compare both sides in official high-resolution terrain/geologic mapping and field offset observations. A continuous unfaulted contact would weaken the fault interpretation.,"Unverified candidate; no slip, permeability, temperature or geothermal resource established."
CTD5-A-01098,5,1,2648.0,1754.6,418860.0,4243700.0,0.96241,0.43255,1.8989,0.00080638,16.8679,"Geophysical donor high and surface receiver abstains. A buried structural boundary is one hypothesis; native cover/gradient/slope measurements above are context, not proof.",Basin-fill density boundary or volcanic lithologic contact; gravity and modelled cover may not be independent.,Compare both sides in official high-resolution terrain/geologic mapping and field offset observations. A continuous unfaulted contact would weaken the fault interpretation.,"Unverified candidate; no slip, permeability, temperature or geothermal resource established."
CTD5-A-01099,30,4,2651.7,1774.133,420813.3,4243330.0,0.9636,0.53389,26.9795,0.00210239,5.9785,"Geophysical donor high and surface receiver abstains. A buried structural boundary is one hypothesis; native cover/gradient/slope measurements above are context, not proof.",Basin-fill density boundary or volcanic lithologic contact; gravity and modelled cover may not be independent.,Compare both sides in official high-resolution terrain/geologic mapping and field offset observations. A continuous unfaulted contact would weaken the fault interpretation.,"Unverified candidate; no slip, permeability, temperature or geothermal resource established."
CTD5-A-01100,2,0,2649.5,1664.5,409850.0,4243550.0,0.9506,0.55548,47.9085,0.00281175,27.6086,"Geophysical donor high and surface receiver abstains. A buried structural boundary is one hypothesis; native cover/gradient/slope measurements above are context, not proof.",Basin-fill density boundary or volcanic lithologic contact; gravity and modelled cover may not be independent.,Compare both sides in official high-resolution terrain/geologic mapping and field offset observations. A continuous unfaulted contact would weaken the fault interpretation.,"Unverified candidate; no slip, permeability, temperature or geothermal resource established."
CTD5-A-01101,1,1,2649.0,1750.0,418400.0,4243600.0,0.96647,0.35037,2.6869,0.00063332,10.3175,"Geophysical donor high and surface receiver abstains. A buried structural boundary is one hypothesis; native cover/gradient/slope measurements above are context, not proof.",Basin-fill density boundary or volcanic lithologic contact; gravity and modelled cover may not be independent.,Compare both sides in official high-resolution terrain/geologic mapping and field offset observations. A continuous unfaulted contact would weaken the fault interpretation.,"Unverified candidate; no slip, permeability, temperature or geothermal resource established."
CTD5-A-01102,2,0,2649.5,1768.5,420250.0,4243550.0,0.95132,0.4372,12.8066,0.00170936,4.6704,"Geophysical donor high and surface receiver abstains. A buried structural boundary is one hypothesis; native cover/gradient/slope measurements above are context, not proof.",Basin-fill density boundary or volcanic lithologic contact; gravity and modelled cover may not be independent.,Compare both sides in official high-resolution terrain/geologic mapping and field offset observations. A continuous unfaulted contact would weaken the fault interpretation.,"Unverified candidate; no slip, permeability, temperature or geothermal resource established."
CTD5-A-01103,2,1,2651.5,1755.5,418950.0,4243350.0,0.97867,0.43237,2.5002,0.00097319,9.9751,"Geophysical donor high and surface receiver abstains. A buried structural boundary is one hypothesis; native cover/gradient/slope measurements above are context, not proof.",Basin-fill density boundary or volcanic lithologic contact; gravity and modelled cover may not be independent.,Compare both sides in official high-resolution terrain/geologic mapping and field offset observations. A continuous unfaulted contact would weaken the fault interpretation.,"Unverified candidate; no slip, permeability, temperature or geothermal resource established."
CTD5-A-01104,1,0,2652.0,1666.0,410000.0,4243300.0,0.96603,0.62663,49.042,0.00270907,17.5094,"Geophysical donor high and surface receiver abstains. A buried structural boundary is one hypothesis; native cover/gradient/slope measurements above are context, not proof.",Basin-fill density boundary or volcanic lithologic contact; gravity and modelled cover may not be independent.,Compare both sides in official high-resolution terrain/geologic mapping and field offset observations. A continuous unfaulted contact would weaken the fault interpretation.,"Unverified candidate; no slip, permeability, temperature or geothermal resource established."
CTD5-A-01105,2,1,2654.0,1667.5,410150.0,4243100.0,0.97512,0.56613,55.6846,0.00261859,34.0983,"Geophysical donor high and surface receiver abstains. A buried structural boundary is one hypothesis; native cover/gradient/slope measurements above are context, not proof.",Basin-fill density boundary or volcanic lithologic contact; gravity and modelled cover may not be independent.,Compare both sides in official high-resolution terrain/geologic mapping and field offset observations. A continuous unfaulted contact would weaken the fault interpretation.,"Unverified candidate; no slip, permeability, temperature or geothermal resource established."
CTD5-A-01106,1,0,2656.0,1669.0,410300.0,4242900.0,0.95863,0.4994,60.1413,0.00257071,31.5541,"Geophysical donor high and surface receiver abstains. A buried structural boundary is one hypothesis; native cover/gradient/slope measurements above are context, not proof.",Basin-fill density boundary or volcanic lithologic contact; gravity and modelled cover may not be independent.,Compare both sides in official high-resolution terrain/geologic mapping and field offset observations. A continuous unfaulted contact would weaken the fault interpretation.,"Unverified candidate; no slip, permeability, temperature or geothermal resource established."
CTD5-A-01107,2,1,2658.5,1771.5,420550.0,4242650.0,0.95675,0.47928,29.4653,0.00233531,22.4826,"Geophysical donor high and surface receiver abstains. A buried structural boundary is one hypothesis; native cover/gradient/slope measurements above are context, not proof.",Basin-fill density boundary or volcanic lithologic contact; gravity and modelled cover may not be independent.,Compare both sides in official high-resolution terrain/geologic mapping and field offset observations. A continuous unfaulted contact would weaken the fault interpretation.,"Unverified candidate; no slip, permeability, temperature or geothermal resource established."
CTD5-A-01108,9,1,2662.778,1772.556,420655.6,4242222.2,0.95527,0.42559,36.8425,0.00212409,13.0603,"Geophysical donor high and surface receiver abstains. A buried structural boundary is one hypothesis; native cover/gradient/slope measurements above are context, not proof.",Basin-fill density boundary or volcanic lithologic contact; gravity and modelled cover may not be independent.,Compare both sides in official high-resolution terrain/geologic mapping and field offset observations. A continuous unfaulted contact would weaken the fault interpretation.,"Unverified candidate; no slip, permeability, temperature or geothermal resource established."
CTD5-A-01109,2,0,2663.5,1758.0,419200.0,4242150.0,0.97212,0.59897,6.7228,0.0014281,5.7166,"Geophysical donor high and surface receiver abstains. A buried structural boundary is one hypothesis; native cover/gradient/slope measurements above are context, not proof.",Basin-fill density boundary or volcanic lithologic contact; gravity and modelled cover may not be independent.,Compare both sides in official high-resolution terrain/geologic mapping and field offset observations. A continuous unfaulted contact would weaken the fault interpretation.,"Unverified candidate; no slip, permeability, temperature or geothermal resource established."
CTD5-A-01110,7,1,2666.857,1678.857,411285.7,4241814.3,0.9547,0.49538,53.8224,0.00251271,32.0206,"Geophysical donor high and surface receiver abstains. A buried structural boundary is one hypothesis; native cover/gradient/slope measurements above are context, not proof.",Basin-fill density boundary or volcanic lithologic contact; gravity and modelled cover may not be independent.,Compare both sides in official high-resolution terrain/geologic mapping and field offset observations. A continuous unfaulted contact would weaken the fault interpretation.,"Unverified candidate; no slip, permeability, temperature or geothermal resource established."
CTD5-A-01111,1,0,2666.0,1776.0,421000.0,4241900.0,0.95067,0.64983,50.0839,0.00170057,13.4577,"Geophysical donor high and surface receiver abstains. A buried structural boundary is one hypothesis; native cover/gradient/slope measurements above are context, not proof.",Basin-fill density boundary or volcanic lithologic contact; gravity and modelled cover may not be independent.,Compare both sides in official high-resolution terrain/geologic mapping and field offset observations. A continuous unfaulted contact would weaken the fault interpretation.,"Unverified candidate; no slip, permeability, temperature or geothermal resource established."
CTD5-A-01112,3,0,2667.333,1746.667,418066.7,4241766.7,0.95482,0.41897,5.7292,0.00055829,14.7417,"Geophysical donor high and surface receiver abstains. A buried structural boundary is one hypothesis; native cover/gradient/slope measurements above are context, not proof.",Basin-fill density boundary or volcanic lithologic contact; gravity and modelled cover may not be independent.,Compare both sides in official high-resolution terrain/geologic mapping and field offset observations. A continuous unfaulted contact would weaken the fault interpretation.,"Unverified candidate; no slip, permeability, temperature or geothermal resource established."
CTD5-A-01113,37,5,2675.162,1747.432,418143.2,4240983.8,0.96146,0.48774,5.7932,0.0008385,12.5687,"Geophysical donor high and surface receiver abstains. A buried structural boundary is one hypothesis; native cover/gradient/slope measurements above are context, not proof.",Basin-fill density boundary or volcanic lithologic contact; gravity and modelled cover may not be independent.,Compare both sides in official high-resolution terrain/geologic mapping and field offset observations. A continuous unfaulted contact would weaken the fault interpretation.,"Unverified candidate; no slip, permeability, temperature or geothermal resource established."
CTD5-A-01114,3,1,2670.667,1755.333,418933.3,4241433.3,0.95877,0.49819,4.7056,0.0013584,5.9024,"Geophysical donor high and surface receiver abstains. A buried structural boundary is one hypothesis; native cover/gradient/slope measurements above are context, not proof.",Basin-fill density boundary or volcanic lithologic contact; gravity and modelled cover may not be independent.,Compare both sides in official high-resolution terrain/geologic mapping and field offset observations. A continuous unfaulted contact would weaken the fault interpretation.,"Unverified candidate; no slip, permeability, temperature or geothermal resource established."
CTD5-A-01115,1,1,2671.0,1776.0,421000.0,4241400.0,0.9518,0.52927,53.7402,0.00154634,8.5154,"Geophysical donor high and surface receiver abstains. A buried structural boundary is one hypothesis; native cover/gradient/slope measurements above are context, not proof.",Basin-fill density boundary or volcanic lithologic contact; gravity and modelled cover may not be independent.,Compare both sides in official high-resolution terrain/geologic mapping and field offset observations. A continuous unfaulted contact would weaken the fault interpretation.,"Unverified candidate; no slip, permeability, temperature or geothermal resource established."
CTD5-A-01116,1,1,2675.0,1735.0,416900.0,4241000.0,0.95037,0.45543,15.3259,0.00034934,6.5073,"Geophysical donor high and surface receiver abstains. A buried structural boundary is one hypothesis; native cover/gradient/slope measurements above are context, not proof.",Basin-fill density boundary or volcanic lithologic contact; gravity and modelled cover may not be independent.,Compare both sides in official high-resolution terrain/geologic mapping and field offset observations. A continuous unfaulted contact would weaken the fault interpretation.,"Unverified candidate; no slip, permeability, temperature or geothermal resource established."
CTD5-A-01117,3,1,2678.333,1730.333,416433.3,4240666.7,0.97293,0.42339,16.3775,0.00042377,12.7919,"Geophysical donor high and surface receiver abstains. A buried structural boundary is one hypothesis; native cover/gradient/slope measurements above are context, not proof.",Basin-fill density boundary or volcanic lithologic contact; gravity and modelled cover may not be independent.,Compare both sides in official high-resolution terrain/geologic mapping and field offset observations. A continuous unfaulted contact would weaken the fault interpretation.,"Unverified candidate; no slip, permeability, temperature or geothermal resource established."
CTD5-A-01118,8,1,2680.375,1724.25,415825.0,4240462.5,0.95249,0.47315,15.0482,0.00049935,11.9118,"Geophysical donor high and surface receiver abstains. A buried structural boundary is one hypothesis; native cover/gradient/slope measurements above are context, not proof.",Basin-fill density boundary or volcanic lithologic contact; gravity and modelled cover may not be independent.,Compare both sides in official high-resolution terrain/geologic mapping and field offset observations. A continuous unfaulted contact would weaken the fault interpretation.,"Unverified candidate; no slip, permeability, temperature or geothermal resource established."
CTD5-A-01119,2,1,2680.0,1718.5,415250.0,4240500.0,0.95453,0.41015,10.1552,0.00054913,18.2752,"Geophysical donor high and surface receiver abstains. A buried structural boundary is one hypothesis; native cover/gradient/slope measurements above are context, not proof.",Basin-fill density boundary or volcanic lithologic contact; gravity and modelled cover may not be independent.,Compare both sides in official high-resolution terrain/geologic mapping and field offset observations. A continuous unfaulted contact would weaken the fault interpretation.,"Unverified candidate; no slip, permeability, temperature or geothermal resource established."
CTD5-A-01120,5,1,2684.8,1728.6,416260.0,4240020.0,0.95183,0.50283,14.9465,0.00076656,23.0839,"Geophysical donor high and surface receiver abstains. A buried structural boundary is one hypothesis; native cover/gradient/slope measurements above are context, not proof.",Basin-fill density boundary or volcanic lithologic contact; gravity and modelled cover may not be independent.,Compare both sides in official high-resolution terrain/geologic mapping and field offset observations. A continuous unfaulted contact would weaken the fault interpretation.,"Unverified candidate; no slip, permeability, temperature or geothermal resource established."
CTD5-A-01121,7,1,2686.286,1714.571,414857.1,4239871.4,0.96325,0.58393,5.3761,0.00090983,7.6113,"Geophysical donor high and surface receiver abstains. A buried structural boundary is one hypothesis; native cover/gradient/slope measurements above are context, not proof.",Basin-fill density boundary or volcanic lithologic contact; gravity and modelled cover may not be independent.,Compare both sides in official high-resolution terrain/geologic mapping and field offset observations. A continuous unfaulted contact would weaken the fault interpretation.,"Unverified candidate; no slip, permeability, temperature or geothermal resource established."
CTD5-A-01122,1,0,2686.0,1719.0,415300.0,4239900.0,0.95133,0.6374,8.6206,0.00072429,10.372,"Geophysical donor high and surface receiver abstains. A buried structural boundary is one hypothesis; native cover/gradient/slope measurements above are context, not proof.",Basin-fill density boundary or volcanic lithologic contact; gravity and modelled cover may not be independent.,Compare both sides in official high-resolution terrain/geologic mapping and field offset observations. A continuous unfaulted contact would weaken the fault interpretation.,"Unverified candidate; no slip, permeability, temperature or geothermal resource established."
CTD5-A-01123,2,1,2688.5,1717.0,415100.0,4239650.0,0.96273,0.5733,6.1947,0.00080934,7.6137,"Geophysical donor high and surface receiver abstains. A buried structural boundary is one hypothesis; native cover/gradient/slope measurements above are context, not proof.",Basin-fill density boundary or volcanic lithologic contact; gravity and modelled cover may not be independent.,Compare both sides in official high-resolution terrain/geologic mapping and field offset observations. A continuous unfaulted contact would weaken the fault interpretation.,"Unverified candidate; no slip, permeability, temperature or geothermal resource established."
CTD5-A-01124,1,1,2688.0,1721.0,415500.0,4239700.0,0.97813,0.53077,9.4355,0.00071913,17.2203,"Geophysical donor high and surface receiver abstains. A buried structural boundary is one hypothesis; native cover/gradient/slope measurements above are context, not proof.",Basin-fill density boundary or volcanic lithologic contact; gravity and modelled cover may not be independent.,Compare both sides in official high-resolution terrain/geologic mapping and field offset observations. A continuous unfaulted contact would weaken the fault interpretation.,"Unverified candidate; no slip, permeability, temperature or geothermal resource established."
CTD5-A-01125,1,1,2688.0,1745.0,417900.0,4239700.0,0.95247,0.59487,6.1301,0.00091817,3.6795,"Geophysical donor high and surface receiver abstains. A buried structural boundary is one hypothesis; native cover/gradient/slope measurements above are context, not proof.",Basin-fill density boundary or volcanic lithologic contact; gravity and modelled cover may not be independent.,Compare both sides in official high-resolution terrain/geologic mapping and field offset observations. A continuous unfaulted contact would weaken the fault interpretation.,"Unverified candidate; no slip, permeability, temperature or geothermal resource established."
CTD5-A-01126,1,1,2689.0,1731.0,416500.0,4239600.0,0.95383,0.60207,12.9003,0.00084722,16.9392,"Geophysical donor high and surface receiver abstains. A buried structural boundary is one hypothesis; native cover/gradient/slope measurements above are context, not proof.",Basin-fill density boundary or volcanic lithologic contact; gravity and modelled cover may not be independent.,Compare both sides in official high-resolution terrain/geologic mapping and field offset observations. A continuous unfaulted contact would weaken the fault interpretation.,"Unverified candidate; no slip, permeability, temperature or geothermal resource established."
CTD5-A-01127,1,1,2689.0,1750.0,418400.0,4239600.0,0.95763,0.56887,3.3701,0.00088645,3.7289,"Geophysical donor high and surface receiver abstains. A buried structural boundary is one hypothesis; native cover/gradient/slope measurements above are context, not proof.",Basin-fill density boundary or volcanic lithologic contact; gravity and modelled cover may not be independent.,Compare both sides in official high-resolution terrain/geologic mapping and field offset observations. A continuous unfaulted contact would weaken the fault interpretation.,"Unverified candidate; no slip, permeability, temperature or geothermal resource established."
CTD5-A-01128,2,0,2690.5,1719.5,415350.0,4239450.0,0.96478,0.59708,7.3673,0.00072407,9.8749,"Geophysical donor high and surface receiver abstains. A buried structural boundary is one hypothesis; native cover/gradient/slope measurements above are context, not proof.",Basin-fill density boundary or volcanic lithologic contact; gravity and modelled cover may not be independent.,Compare both sides in official high-resolution terrain/geologic mapping and field offset observations. A continuous unfaulted contact would weaken the fault interpretation.,"Unverified candidate; no slip, permeability, temperature or geothermal resource established."
CTD5-A-01129,1,0,2692.0,1757.0,419100.0,4239300.0,0.9621,0.62243,0.8014,0.00116517,3.3007,"Geophysical donor high and surface receiver abstains. A buried structural boundary is one hypothesis; native cover/gradient/slope measurements above are context, not proof.",Basin-fill density boundary or volcanic lithologic contact; gravity and modelled cover may not be independent.,Compare both sides in official high-resolution terrain/geologic mapping and field offset observations. A continuous unfaulted contact would weaken the fault interpretation.,"Unverified candidate; no slip, permeability, temperature or geothermal resource established."
CTD5-A-01130,6,1,2694.833,1718.667,415266.7,4239016.7,0.95679,0.60262,5.803,0.00070051,7.1978,"Geophysical donor high and surface receiver abstains. A buried structural boundary is one hypothesis; native cover/gradient/slope measurements above are context, not proof.",Basin-fill density boundary or volcanic lithologic contact; gravity and modelled cover may not be independent.,Compare both sides in official high-resolution terrain/geologic mapping and field offset observations. A continuous unfaulted contact would weaken the fault interpretation.,"Unverified candidate; no slip, permeability, temperature or geothermal resource established."
CTD5-A-01131,1,0,2698.0,1688.0,412200.0,4238700.0,0.95033,0.6447,69.6841,0.00293148,31.4111,"Geophysical donor high and surface receiver abstains. A buried structural boundary is one hypothesis; native cover/gradient/slope measurements above are context, not proof.",Basin-fill density boundary or volcanic lithologic contact; gravity and modelled cover may not be independent.,Compare both sides in official high-resolution terrain/geologic mapping and field offset observations. A continuous unfaulted contact would weaken the fault interpretation.,"Unverified candidate; no slip, permeability, temperature or geothermal resource established."
CTD5-A-01132,4,1,2698.25,1690.75,412475.0,4238675.0,0.95029,0.52962,48.3409,0.00274652,20.5389,"Geophysical donor high and surface receiver abstains. A buried structural boundary is one hypothesis; native cover/gradient/slope measurements above are context, not proof.",Basin-fill density boundary or volcanic lithologic contact; gravity and modelled cover may not be independent.,Compare both sides in official high-resolution terrain/geologic mapping and field offset observations. A continuous unfaulted contact would weaken the fault interpretation.,"Unverified candidate; no slip, permeability, temperature or geothermal resource established."
CTD5-A-01133,2,1,2698.5,1756.0,419000.0,4238650.0,0.95163,0.60478,-0.1592,0.00086322,1.9791,"Geophysical donor high and surface receiver abstains. A buried structural boundary is one hypothesis; native cover/gradient/slope measurements above are context, not proof.",Basin-fill density boundary or volcanic lithologic contact; gravity and modelled cover may not be independent.,Compare both sides in official high-resolution terrain/geologic mapping and field offset observations. A continuous unfaulted contact would weaken the fault interpretation.,"Unverified candidate; no slip, permeability, temperature or geothermal resource established."
CTD5-A-01134,4,1,2701.25,1712.0,414600.0,4238375.0,0.96918,0.60543,2.9597,0.00089238,18.5588,"Geophysical donor high and surface receiver abstains. A buried structural boundary is one hypothesis; native cover/gradient/slope measurements above are context, not proof.",Basin-fill density boundary or volcanic lithologic contact; gravity and modelled cover may not be independent.,Compare both sides in official high-resolution terrain/geologic mapping and field offset observations. A continuous unfaulted contact would weaken the fault interpretation.,"Unverified candidate; no slip, permeability, temperature or geothermal resource established."
CTD5-A-01135,1,0,2702.0,1758.0,419200.0,4238300.0,0.9636,0.6323,0.6526,0.00088545,2.3948,"Geophysical donor high and surface receiver abstains. A buried structural boundary is one hypothesis; native cover/gradient/slope measurements above are context, not proof.",Basin-fill density boundary or volcanic lithologic contact; gravity and modelled cover may not be independent.,Compare both sides in official high-resolution terrain/geologic mapping and field offset observations. A continuous unfaulted contact would weaken the fault interpretation.,"Unverified candidate; no slip, permeability, temperature or geothermal resource established."
CTD5-A-01136,1,1,2703.0,1709.0,414300.0,4238200.0,0.97513,0.51977,5.4721,0.00105483,13.9287,"Geophysical donor high and surface receiver abstains. A buried structural boundary is one hypothesis; native cover/gradient/slope measurements above are context, not proof.",Basin-fill density boundary or volcanic lithologic contact; gravity and modelled cover may not be independent.,Compare both sides in official high-resolution terrain/geologic mapping and field offset observations. A continuous unfaulted contact would weaken the fault interpretation.,"Unverified candidate; no slip, permeability, temperature or geothermal resource established."
CTD5-A-01137,5,1,2706.2,1703.2,413720.0,4237880.0,0.95657,0.59209,17.9869,0.00195798,16.3603,"Geophysical donor high and surface receiver abstains. A buried structural boundary is one hypothesis; native cover/gradient/slope measurements above are context, not proof.",Basin-fill density boundary or volcanic lithologic contact; gravity and modelled cover may not be independent.,Compare both sides in official high-resolution terrain/geologic mapping and field offset observations. A continuous unfaulted contact would weaken the fault interpretation.,"Unverified candidate; no slip, permeability, temperature or geothermal resource established."
CTD5-A-01138,15,2,2708.667,1707.867,414186.7,4237633.3,0.96258,0.57433,17.3286,0.00121166,7.7557,"Geophysical donor high and surface receiver abstains. A buried structural boundary is one hypothesis; native cover/gradient/slope measurements above are context, not proof.",Basin-fill density boundary or volcanic lithologic contact; gravity and modelled cover may not be independent.,Compare both sides in official high-resolution terrain/geologic mapping and field offset observations. A continuous unfaulted contact would weaken the fault interpretation.,"Unverified candidate; no slip, permeability, temperature or geothermal resource established."
CTD5-A-01139,24,4,2711.292,1700.667,413466.7,4237370.8,0.958,0.52821,43.5024,0.00260735,13.679,"Geophysical donor high and surface receiver abstains. A buried structural boundary is one hypothesis; native cover/gradient/slope measurements above are context, not proof.",Basin-fill density boundary or volcanic lithologic contact; gravity and modelled cover may not be independent.,Compare both sides in official high-resolution terrain/geologic mapping and field offset observations. A continuous unfaulted contact would weaken the fault interpretation.,"Unverified candidate; no slip, permeability, temperature or geothermal resource established."
CTD5-A-01140,2,1,2712.0,1722.5,415650.0,4237300.0,0.96197,0.6109,15.5905,0.00058966,3.5228,"Geophysical donor high and surface receiver abstains. A buried structural boundary is one hypothesis; native cover/gradient/slope measurements above are context, not proof.",Basin-fill density boundary or volcanic lithologic contact; gravity and modelled cover may not be independent.,Compare both sides in official high-resolution terrain/geologic mapping and field offset observations. A continuous unfaulted contact would weaken the fault interpretation.,"Unverified candidate; no slip, permeability, temperature or geothermal resource established."
CTD5-A-01141,1,1,2712.0,1731.0,416500.0,4237300.0,0.95333,0.6114,10.7091,0.00103469,4.0322,"Geophysical donor high and surface receiver abstains. A buried structural boundary is one hypothesis; native cover/gradient/slope measurements above are context, not proof.",Basin-fill density boundary or volcanic lithologic contact; gravity and modelled cover may not be independent.,Compare both sides in official high-resolution terrain/geologic mapping and field offset observations. A continuous unfaulted contact would weaken the fault interpretation.,"Unverified candidate; no slip, permeability, temperature or geothermal resource established."
CTD5-A-01142,1,1,2713.0,1720.0,415400.0,4237200.0,0.96777,0.6344,19.3874,0.00065057,2.6374,"Geophysical donor high and surface receiver abstains. A buried structural boundary is one hypothesis; native cover/gradient/slope measurements above are context, not proof.",Basin-fill density boundary or volcanic lithologic contact; gravity and modelled cover may not be independent.,Compare both sides in official high-resolution terrain/geologic mapping and field offset observations. A continuous unfaulted contact would weaken the fault interpretation.,"Unverified candidate; no slip, permeability, temperature or geothermal resource established."
CTD5-A-01143,1,0,2716.0,1701.0,413500.0,4236900.0,0.95453,0.56897,72.0472,0.00320547,14.7157,"Geophysical donor high and surface receiver abstains. A buried structural boundary is one hypothesis; native cover/gradient/slope measurements above are context, not proof.",Basin-fill density boundary or volcanic lithologic contact; gravity and modelled cover may not be independent.,Compare both sides in official high-resolution terrain/geologic mapping and field offset observations. A continuous unfaulted contact would weaken the fault interpretation.,"Unverified candidate; no slip, permeability, temperature or geothermal resource established."
CTD5-A-01144,1,1,2716.0,1731.0,416500.0,4236900.0,0.96197,0.6322,15.006,0.00117235,4.4564,"Geophysical donor high and surface receiver abstains. A buried structural boundary is one hypothesis; native cover/gradient/slope measurements above are context, not proof.",Basin-fill density boundary or volcanic lithologic contact; gravity and modelled cover may not be independent.,Compare both sides in official high-resolution terrain/geologic mapping and field offset observations. A continuous unfaulted contact would weaken the fault interpretation.,"Unverified candidate; no slip, permeability, temperature or geothermal resource established."
CTD5-A-01145,32,4,2723.375,1722.438,415643.8,4236162.5,0.96864,0.57545,49.0406,0.00215515,3.1707,"Geophysical donor high and surface receiver abstains. A buried structural boundary is one hypothesis; native cover/gradient/slope measurements above are context, not proof.",Basin-fill density boundary or volcanic lithologic contact; gravity and modelled cover may not be independent.,Compare both sides in official high-resolution terrain/geologic mapping and field offset observations. A continuous unfaulted contact would weaken the fault interpretation.,"Unverified candidate; no slip, permeability, temperature or geothermal resource established."
CTD5-A-01146,2,1,2718.0,1720.5,415450.0,4236700.0,0.96987,0.62968,30.7675,0.00115697,3.6889,"Geophysical donor high and surface receiver abstains. A buried structural boundary is one hypothesis; native cover/gradient/slope measurements above are context, not proof.",Basin-fill density boundary or volcanic lithologic contact; gravity and modelled cover may not be independent.,Compare both sides in official high-resolution terrain/geologic mapping and field offset observations. A continuous unfaulted contact would weaken the fault interpretation.,"Unverified candidate; no slip, permeability, temperature or geothermal resource established."
CTD5-A-01147,1,1,2719.0,1730.0,416400.0,4236600.0,0.96183,0.6269,19.4806,0.00136837,4.3429,"Geophysical donor high and surface receiver abstains. A buried structural boundary is one hypothesis; native cover/gradient/slope measurements above are context, not proof.",Basin-fill density boundary or volcanic lithologic contact; gravity and modelled cover may not be independent.,Compare both sides in official high-resolution terrain/geologic mapping and field offset observations. A continuous unfaulted contact would weaken the fault interpretation.,"Unverified candidate; no slip, permeability, temperature or geothermal resource established."
CTD5-A-01148,1,1,2721.0,1719.0,415300.0,4236400.0,0.9509,0.6276,42.0313,0.00193759,3.6976,"Geophysical donor high and surface receiver abstains. A buried structural boundary is one hypothesis; native cover/gradient/slope measurements above are context, not proof.",Basin-fill density boundary or volcanic lithologic contact; gravity and modelled cover may not be independent.,Compare both sides in official high-resolution terrain/geologic mapping and field offset observations. A continuous unfaulted contact would weaken the fault interpretation.,"Unverified candidate; no slip, permeability, temperature or geothermal resource established."
CTD5-A-01149,1,1,2723.0,1727.0,416100.0,4236200.0,0.95477,0.5178,34.8048,0.00197291,3.518,"Geophysical donor high and surface receiver abstains. A buried structural boundary is one hypothesis; native cover/gradient/slope measurements above are context, not proof.",Basin-fill density boundary or volcanic lithologic contact; gravity and modelled cover may not be independent.,Compare both sides in official high-resolution terrain/geologic mapping and field offset observations. A continuous unfaulted contact would weaken the fault interpretation.,"Unverified candidate; no slip, permeability, temperature or geothermal resource established."
CTD5-A-01150,1,0,2725.0,1726.0,416000.0,4236000.0,0.9523,0.6219,44.8063,0.00225576,2.729,"Geophysical donor high and surface receiver abstains. A buried structural boundary is one hypothesis; native cover/gradient/slope measurements above are context, not proof.",Basin-fill density boundary or volcanic lithologic contact; gravity and modelled cover may not be independent.,Compare both sides in official high-resolution terrain/geologic mapping and field offset observations. A continuous unfaulted contact would weaken the fault interpretation.,"Unverified candidate; no slip, permeability, temperature or geothermal resource established."
CTD5-A-01151,1,0,2729.0,1724.0,415800.0,4235600.0,0.95493,0.59003,68.8315,0.00273787,2.4892,"Geophysical donor high and surface receiver abstains. A buried structural boundary is one hypothesis; native cover/gradient/slope measurements above are context, not proof.",Basin-fill density boundary or volcanic lithologic contact; gravity and modelled cover may not be independent.,Compare both sides in official high-resolution terrain/geologic mapping and field offset observations. A continuous unfaulted contact would weaken the fault interpretation.,"Unverified candidate; no slip, permeability, temperature or geothermal resource established."
CTD5-A-01152,9,1,2738.556,1736.111,417011.1,4234644.4,0.96322,0.5224,70.7851,0.00257619,2.1079,"Geophysical donor high and surface receiver abstains. A buried structural boundary is one hypothesis; native cover/gradient/slope measurements above are context, not proof.",Basin-fill density boundary or volcanic lithologic contact; gravity and modelled cover may not be independent.,Compare both sides in official high-resolution terrain/geologic mapping and field offset observations. A continuous unfaulted contact would weaken the fault interpretation.,"Unverified candidate; no slip, permeability, temperature or geothermal resource established."
CTD5-A-01153,21,3,2741.571,1743.0,417700.0,4234342.9,0.96945,0.58615,60.3104,0.00218701,2.6157,"Geophysical donor high and surface receiver abstains. A buried structural boundary is one hypothesis; native cover/gradient/slope measurements above are context, not proof.",Basin-fill density boundary or volcanic lithologic contact; gravity and modelled cover may not be independent.,Compare both sides in official high-resolution terrain/geologic mapping and field offset observations. A continuous unfaulted contact would weaken the fault interpretation.,"Unverified candidate; no slip, permeability, temperature or geothermal resource established."
CTD5-A-01154,2,1,2738.5,1768.5,420250.0,4234650.0,0.95383,0.49432,25.9835,0.00073412,20.603,"Geophysical donor high and surface receiver abstains. A buried structural boundary is one hypothesis; native cover/gradient/slope measurements above are context, not proof.",Basin-fill density boundary or volcanic lithologic contact; gravity and modelled cover may not be independent.,Compare both sides in official high-resolution terrain/geologic mapping and field offset observations. A continuous unfaulted contact would weaken the fault interpretation.,"Unverified candidate; no slip, permeability, temperature or geothermal resource established."
CTD5-A-01155,1,0,2741.0,1740.0,417400.0,4234400.0,0.97323,0.6429,67.451,0.00237826,2.968,"Geophysical donor high and surface receiver abstains. A buried structural boundary is one hypothesis; native cover/gradient/slope measurements above are context, not proof.",Basin-fill density boundary or volcanic lithologic contact; gravity and modelled cover may not be independent.,Compare both sides in official high-resolution terrain/geologic mapping and field offset observations. A continuous unfaulted contact would weaken the fault interpretation.,"Unverified candidate; no slip, permeability, temperature or geothermal resource established."
CTD5-A-01156,1,0,2743.0,1747.0,418100.0,4234200.0,0.9667,0.6438,52.0065,0.00186214,3.8141,"Geophysical donor high and surface receiver abstains. A buried structural boundary is one hypothesis; native cover/gradient/slope measurements above are context, not proof.",Basin-fill density boundary or volcanic lithologic contact; gravity and modelled cover may not be independent.,Compare both sides in official high-resolution terrain/geologic mapping and field offset observations. A continuous unfaulted contact would weaken the fault interpretation.,"Unverified candidate; no slip, permeability, temperature or geothermal resource established."
CTD5-A-01157,3,1,2747.333,1746.333,418033.3,4233766.7,0.95477,0.60899,74.471,0.00219988,3.5116,"Geophysical donor high and surface receiver abstains. A buried structural boundary is one hypothesis; native cover/gradient/slope measurements above are context, not proof.",Basin-fill density boundary or volcanic lithologic contact; gravity and modelled cover may not be independent.,Compare both sides in official high-resolution terrain/geologic mapping and field offset observations. A continuous unfaulted contact would weaken the fault interpretation.,"Unverified candidate; no slip, permeability, temperature or geothermal resource established."
CTD5-A-01158,11,2,2828.818,1694.0,412800.0,4225618.2,0.9512,0.51252,60.3209,0.00121084,2.8218,"Geophysical donor high and surface receiver abstains. A buried structural boundary is one hypothesis; native cover/gradient/slope measurements above are context, not proof.",Basin-fill density boundary or volcanic lithologic contact; gravity and modelled cover may not be independent.,Compare both sides in official high-resolution terrain/geologic mapping and field offset observations. A continuous unfaulted contact would weaken the fault interpretation.,"Unverified candidate; no slip, permeability, temperature or geothermal resource established."
CTD5-A-01159,1,0,2830.0,1706.0,414000.0,4225500.0,0.9504,0.62687,71.9485,0.00121398,4.5994,"Geophysical donor high and surface receiver abstains. A buried structural boundary is one hypothesis; native cover/gradient/slope measurements above are context, not proof.",Basin-fill density boundary or volcanic lithologic contact; gravity and modelled cover may not be independent.,Compare both sides in official high-resolution terrain/geologic mapping and field offset observations. A continuous unfaulted contact would weaken the fault interpretation.,"Unverified candidate; no slip, permeability, temperature or geothermal resource established."
CTD5-A-01160,3,1,2833.667,1694.667,412866.7,4225133.3,0.9504,0.5315,39.2946,0.00032239,2.85,"Geophysical donor high and surface receiver abstains. A buried structural boundary is one hypothesis; native cover/gradient/slope measurements above are context, not proof.",Basin-fill density boundary or volcanic lithologic contact; gravity and modelled cover may not be independent.,Compare both sides in official high-resolution terrain/geologic mapping and field offset observations. A continuous unfaulted contact would weaken the fault interpretation.,"Unverified candidate; no slip, permeability, temperature or geothermal resource established."
CTD5-A-01161,2,1,2836.5,1724.0,415800.0,4224850.0,0.9612,0.58507,75.4227,0.00104136,2.9138,"Geophysical donor high and surface receiver abstains. A buried structural boundary is one hypothesis; native cover/gradient/slope measurements above are context, not proof.",Basin-fill density boundary or volcanic lithologic contact; gravity and modelled cover may not be independent.,Compare both sides in official high-resolution terrain/geologic mapping and field offset observations. A continuous unfaulted contact would weaken the fault interpretation.,"Unverified candidate; no slip, permeability, temperature or geothermal resource established."
CTD5-A-01162,1,1,2875.0,2050.0,448400.0,4221000.0,0.9574,0.4535,433.453,0.004965,2.4453,"Geophysical donor high and surface receiver abstains. A buried structural boundary is one hypothesis; native cover/gradient/slope measurements above are context, not proof.",Basin-fill density boundary or volcanic lithologic contact; gravity and modelled cover may not be independent.,Compare both sides in official high-resolution terrain/geologic mapping and field offset observations. A continuous unfaulted contact would weaken the fault interpretation.,"Unverified candidate; no slip, permeability, temperature or geothermal resource established."
CTD5-A-01163,2,1,2941.5,2167.0,460100.0,4214350.0,0.95107,0.59302,86.4856,0.00353249,12.4293,"Geophysical donor high and surface receiver abstains. A buried structural boundary is one hypothesis; native cover/gradient/slope measurements above are context, not proof.",Basin-fill density boundary or volcanic lithologic contact; gravity and modelled cover may not be independent.,Compare both sides in official high-resolution terrain/geologic mapping and field offset observations. A continuous unfaulted contact would weaken the fault interpretation.,"Unverified candidate; no slip, permeability, temperature or geothermal resource established."
CTD5-A-01164,4,1,2942.0,2173.75,460775.0,4214300.0,0.96043,0.60753,167.3137,0.00495835,4.1055,"Geophysical donor high and surface receiver abstains. A buried structural boundary is one hypothesis; native cover/gradient/slope measurements above are context, not proof.",Basin-fill density boundary or volcanic lithologic contact; gravity and modelled cover may not be independent.,Compare both sides in official high-resolution terrain/geologic mapping and field offset observations. A continuous unfaulted contact would weaken the fault interpretation.,"Unverified candidate; no slip, permeability, temperature or geothermal resource established."
CTD5-A-01165,1,1,2946.0,2173.0,460700.0,4213900.0,0.97857,0.62587,132.239,0.00438358,5.6587,"Geophysical donor high and surface receiver abstains. A buried structural boundary is one hypothesis; native cover/gradient/slope measurements above are context, not proof.",Basin-fill density boundary or volcanic lithologic contact; gravity and modelled cover may not be independent.,Compare both sides in official high-resolution terrain/geologic mapping and field offset observations. A continuous unfaulted contact would weaken the fault interpretation.,"Unverified candidate; no slip, permeability, temperature or geothermal resource established."
CTD5-A-01166,2,1,2970.0,1511.5,394550.0,4211500.0,0.95727,0.39515,314.8064,0.00433554,9.3906,"Geophysical donor high and surface receiver abstains. A buried structural boundary is one hypothesis; native cover/gradient/slope measurements above are context, not proof.",Basin-fill density boundary or volcanic lithologic contact; gravity and modelled cover may not be independent.,Compare both sides in official high-resolution terrain/geologic mapping and field offset observations. A continuous unfaulted contact would weaken the fault interpretation.,"Unverified candidate; no slip, permeability, temperature or geothermal resource established."
CTD5-A-01167,3,1,2982.0,2186.0,462000.0,4210300.0,0.95072,0.58497,26.5779,0.00358037,19.8785,"Geophysical donor high and surface receiver abstains. A buried structural boundary is one hypothesis; native cover/gradient/slope measurements above are context, not proof.",Basin-fill density boundary or volcanic lithologic contact; gravity and modelled cover may not be independent.,Compare both sides in official high-resolution terrain/geologic mapping and field offset observations. A continuous unfaulted contact would weaken the fault interpretation.,"Unverified candidate; no slip, permeability, temperature or geothermal resource established."
CTD5-A-01168,2,1,2995.0,1565.5,399950.0,4209000.0,0.95298,0.54257,211.0901,0.00254915,25.7083,"Geophysical donor high and surface receiver abstains. A buried structural boundary is one hypothesis; native cover/gradient/slope measurements above are context, not proof.",Basin-fill density boundary or volcanic lithologic contact; gravity and modelled cover may not be independent.,Compare both sides in official high-resolution terrain/geologic mapping and field offset observations. A continuous unfaulted contact would weaken the fault interpretation.,"Unverified candidate; no slip, permeability, temperature or geothermal resource established."
CTD5-A-01169,1,1,2995.0,1593.0,402700.0,4209000.0,0.9576,0.45957,530.1065,0.00401662,4.3059,"Geophysical donor high and surface receiver abstains. A buried structural boundary is one hypothesis; native cover/gradient/slope measurements above are context, not proof.",Basin-fill density boundary or volcanic lithologic contact; gravity and modelled cover may not be independent.,Compare both sides in official high-resolution terrain/geologic mapping and field offset observations. A continuous unfaulted contact would weaken the fault interpretation.,"Unverified candidate; no slip, permeability, temperature or geothermal resource established."
CTD5-A-01170,36,5,2997.861,1629.028,406302.8,4208713.9,0.96406,0.41966,616.4433,0.00333583,1.0514,"Geophysical donor high and surface receiver abstains. A buried structural boundary is one hypothesis; native cover/gradient/slope measurements above are context, not proof.",Basin-fill density boundary or volcanic lithologic contact; gravity and modelled cover may not be independent.,Compare both sides in official high-resolution terrain/geologic mapping and field offset observations. A continuous unfaulted contact would weaken the fault interpretation.,"Unverified candidate; no slip, permeability, temperature or geothermal resource established."
CTD5-A-01171,18,3,2998.278,1639.222,407322.2,4208672.2,0.97151,0.46567,617.4791,0.00424978,0.7109,"Geophysical donor high and surface receiver abstains. A buried structural boundary is one hypothesis; native cover/gradient/slope measurements above are context, not proof.",Basin-fill density boundary or volcanic lithologic contact; gravity and modelled cover may not be independent.,Compare both sides in official high-resolution terrain/geologic mapping and field offset observations. A continuous unfaulted contact would weaken the fault interpretation.,"Unverified candidate; no slip, permeability, temperature or geothermal resource established."
CTD5-A-01172,1,1,2995.0,1643.0,407700.0,4209000.0,0.9731,0.35457,679.724,0.00440789,0.4839,"Geophysical donor high and surface receiver abstains. A buried structural boundary is one hypothesis; native cover/gradient/slope measurements above are context, not proof.",Basin-fill density boundary or volcanic lithologic contact; gravity and modelled cover may not be independent.,Compare both sides in official high-resolution terrain/geologic mapping and field offset observations. A continuous unfaulted contact would weaken the fault interpretation.,"Unverified candidate; no slip, permeability, temperature or geothermal resource established."
CTD5-A-01173,1,0,2996.0,1625.0,405900.0,4208900.0,0.96353,0.4234,644.2496,0.00254871,1.3584,"Geophysical donor high and surface receiver abstains. A buried structural boundary is one hypothesis; native cover/gradient/slope measurements above are context, not proof.",Basin-fill density boundary or volcanic lithologic contact; gravity and modelled cover may not be independent.,Compare both sides in official high-resolution terrain/geologic mapping and field offset observations. A continuous unfaulted contact would weaken the fault interpretation.,"Unverified candidate; no slip, permeability, temperature or geothermal resource established."
CTD5-A-01174,2,1,2997.0,1604.5,403850.0,4208800.0,0.96238,0.39632,641.6162,0.00282918,18.221,"Geophysical donor high and surface receiver abstains. A buried structural boundary is one hypothesis; native cover/gradient/slope measurements above are context, not proof.",Basin-fill density boundary or volcanic lithologic contact; gravity and modelled cover may not be independent.,Compare both sides in official high-resolution terrain/geologic mapping and field offset observations. A continuous unfaulted contact would weaken the fault interpretation.,"Unverified candidate; no slip, permeability, temperature or geothermal resource established."
CTD5-A-01175,12,2,3000.667,1602.417,403641.7,4208433.3,0.96176,0.51223,571.9039,0.00436564,2.856,"Geophysical donor high and surface receiver abstains. A buried structural boundary is one hypothesis; native cover/gradient/slope measurements above are context, not proof.",Basin-fill density boundary or volcanic lithologic contact; gravity and modelled cover may not be independent.,Compare both sides in official high-resolution terrain/geologic mapping and field offset observations. A continuous unfaulted contact would weaken the fault interpretation.,"Unverified candidate; no slip, permeability, temperature or geothermal resource established."
CTD5-A-01176,2,0,3002.0,1624.5,405850.0,4208300.0,0.95718,0.36092,587.9293,0.00444522,1.262,"Geophysical donor high and surface receiver abstains. A buried structural boundary is one hypothesis; native cover/gradient/slope measurements above are context, not proof.",Basin-fill density boundary or volcanic lithologic contact; gravity and modelled cover may not be independent.,Compare both sides in official high-resolution terrain/geologic mapping and field offset observations. A continuous unfaulted contact would weaken the fault interpretation.,"Unverified candidate; no slip, permeability, temperature or geothermal resource established."
CTD5-A-01177,18,4,3007.444,1613.944,404794.4,4207755.6,0.96757,0.43951,526.7672,0.00455568,2.4519,"Geophysical donor high and surface receiver abstains. A buried structural boundary is one hypothesis; native cover/gradient/slope measurements above are context, not proof.",Basin-fill density boundary or volcanic lithologic contact; gravity and modelled cover may not be independent.,Compare both sides in official high-resolution terrain/geologic mapping and field offset observations. A continuous unfaulted contact would weaken the fault interpretation.,"Unverified candidate; no slip, permeability, temperature or geothermal resource established."
CTD5-A-01178,3,1,3005.333,1606.667,404066.7,4207966.7,0.97434,0.4014,537.5113,0.00432043,3.0974,"Geophysical donor high and surface receiver abstains. A buried structural boundary is one hypothesis; native cover/gradient/slope measurements above are context, not proof.",Basin-fill density boundary or volcanic lithologic contact; gravity and modelled cover may not be independent.,Compare both sides in official high-resolution terrain/geologic mapping and field offset observations. A continuous unfaulted contact would weaken the fault interpretation.,"Unverified candidate; no slip, permeability, temperature or geothermal resource established."
CTD5-A-01179,4,2,3006.25,1626.5,406050.0,4207875.0,0.95753,0.38022,528.8411,0.00459157,1.1064,"Geophysical donor high and surface receiver abstains. A buried structural boundary is one hypothesis; native cover/gradient/slope measurements above are context, not proof.",Basin-fill density boundary or volcanic lithologic contact; gravity and modelled cover may not be independent.,Compare both sides in official high-resolution terrain/geologic mapping and field offset observations. A continuous unfaulted contact would weaken the fault interpretation.,"Unverified candidate; no slip, permeability, temperature or geothermal resource established."
CTD5-A-01180,4,1,3009.0,1603.5,403750.0,4207600.0,0.95531,0.48548,464.5894,0.00438076,2.8919,"Geophysical donor high and surface receiver abstains. A buried structural boundary is one hypothesis; native cover/gradient/slope measurements above are context, not proof.",Basin-fill density boundary or volcanic lithologic contact; gravity and modelled cover may not be independent.,Compare both sides in official high-resolution terrain/geologic mapping and field offset observations. A continuous unfaulted contact would weaken the fault interpretation.,"Unverified candidate; no slip, permeability, temperature or geothermal resource established."
CTD5-A-01181,2,1,3008.0,1621.5,405550.0,4207700.0,0.97597,0.61023,515.2123,0.00484589,1.3022,"Geophysical donor high and surface receiver abstains. A buried structural boundary is one hypothesis; native cover/gradient/slope measurements above are context, not proof.",Basin-fill density boundary or volcanic lithologic contact; gravity and modelled cover may not be independent.,Compare both sides in official high-resolution terrain/geologic mapping and field offset observations. A continuous unfaulted contact would weaken the fault interpretation.,"Unverified candidate; no slip, permeability, temperature or geothermal resource established."
CTD5-A-01182,3,1,3009.0,1607.0,404100.0,4207600.0,0.96397,0.38509,484.362,0.00433003,3.636,"Geophysical donor high and surface receiver abstains. A buried structural boundary is one hypothesis; native cover/gradient/slope measurements above are context, not proof.",Basin-fill density boundary or volcanic lithologic contact; gravity and modelled cover may not be independent.,Compare both sides in official high-resolution terrain/geologic mapping and field offset observations. A continuous unfaulted contact would weaken the fault interpretation.,"Unverified candidate; no slip, permeability, temperature or geothermal resource established."
CTD5-A-01183,1,0,3018.0,1627.0,406100.0,4206700.0,0.96027,0.54173,340.319,0.00456551,13.2388,"Geophysical donor high and surface receiver abstains. A buried structural boundary is one hypothesis; native cover/gradient/slope measurements above are context, not proof.",Basin-fill density boundary or volcanic lithologic contact; gravity and modelled cover may not be independent.,Compare both sides in official high-resolution terrain/geologic mapping and field offset observations. A continuous unfaulted contact would weaken the fault interpretation.,"Unverified candidate; no slip, permeability, temperature or geothermal resource established."
CTD5-A-01184,10,2,3021.0,1624.5,405850.0,4206400.0,0.96438,0.54458,301.214,0.00454104,7.0173,"Geophysical donor high and surface receiver abstains. A buried structural boundary is one hypothesis; native cover/gradient/slope measurements above are context, not proof.",Basin-fill density boundary or volcanic lithologic contact; gravity and modelled cover may not be independent.,Compare both sides in official high-resolution terrain/geologic mapping and field offset observations. A continuous unfaulted contact would weaken the fault interpretation.,"Unverified candidate; no slip, permeability, temperature or geothermal resource established."
CTD5-A-01185,1,1,3022.0,1616.0,405000.0,4206300.0,0.9564,0.59093,300.4456,0.00429763,17.8559,"Geophysical donor high and surface receiver abstains. A buried structural boundary is one hypothesis; native cover/gradient/slope measurements above are context, not proof.",Basin-fill density boundary or volcanic lithologic contact; gravity and modelled cover may not be independent.,Compare both sides in official high-resolution terrain/geologic mapping and field offset observations. A continuous unfaulted contact would weaken the fault interpretation.,"Unverified candidate; no slip, permeability, temperature or geothermal resource established."
CTD5-A-01186,4,1,3025.75,1615.75,404975.0,4205925.0,0.95337,0.42655,245.0865,0.0037429,15.8005,"Geophysical donor high and surface receiver abstains. A buried structural boundary is one hypothesis; native cover/gradient/slope measurements above are context, not proof.",Basin-fill density boundary or volcanic lithologic contact; gravity and modelled cover may not be independent.,Compare both sides in official high-resolution terrain/geologic mapping and field offset observations. A continuous unfaulted contact would weaken the fault interpretation.,"Unverified candidate; no slip, permeability, temperature or geothermal resource established."
CTD5-A-01187,10,1,3046.8,1503.1,393710.0,4203820.0,0.95516,0.53284,449.7513,0.00201987,4.4346,"Geophysical donor high and surface receiver abstains. A buried structural boundary is one hypothesis; native cover/gradient/slope measurements above are context, not proof.",Basin-fill density boundary or volcanic lithologic contact; gravity and modelled cover may not be independent.,Compare both sides in official high-resolution terrain/geologic mapping and field offset observations. A continuous unfaulted contact would weaken the fault interpretation.,"Unverified candidate; no slip, permeability, temperature or geothermal resource established."
CTD5-A-01188,35,5,3059.114,1907.971,434197.1,4202588.6,0.95727,0.42275,1443.1348,0.00159279,0.1714,"Geophysical donor high and surface receiver abstains. A buried structural boundary is one hypothesis; native cover/gradient/slope measurements above are context, not proof.",Basin-fill density boundary or volcanic lithologic contact; gravity and modelled cover may not be independent.,Compare both sides in official high-resolution terrain/geologic mapping and field offset observations. A continuous unfaulted contact would weaken the fault interpretation.,"Unverified candidate; no slip, permeability, temperature or geothermal resource established."
CTD5-A-01189,4,1,3057.25,1369.75,380375.0,4202775.0,0.97046,0.61008,277.5577,0.00353813,15.5756,"Geophysical donor high and surface receiver abstains. A buried structural boundary is one hypothesis; native cover/gradient/slope measurements above are context, not proof.",Basin-fill density boundary or volcanic lithologic contact; gravity and modelled cover may not be independent.,Compare both sides in official high-resolution terrain/geologic mapping and field offset observations. A continuous unfaulted contact would weaken the fault interpretation.,"Unverified candidate; no slip, permeability, temperature or geothermal resource established."
CTD5-A-01190,1,1,3057.0,1376.0,381000.0,4202800.0,0.95753,0.5554,221.9609,0.00216537,16.4953,"Geophysical donor high and surface receiver abstains. A buried structural boundary is one hypothesis; native cover/gradient/slope measurements above are context, not proof.",Basin-fill density boundary or volcanic lithologic contact; gravity and modelled cover may not be independent.,Compare both sides in official high-resolution terrain/geologic mapping and field offset observations. A continuous unfaulted contact would weaken the fault interpretation.,"Unverified candidate; no slip, permeability, temperature or geothermal resource established."
CTD5-A-01191,117,14,3066.829,1380.957,381495.7,4201817.1,0.96901,0.50481,236.8105,0.00469712,5.9391,"Geophysical donor high and surface receiver abstains. A buried structural boundary is one hypothesis; native cover/gradient/slope measurements above are context, not proof.",Basin-fill density boundary or volcanic lithologic contact; gravity and modelled cover may not be independent.,Compare both sides in official high-resolution terrain/geologic mapping and field offset observations. A continuous unfaulted contact would weaken the fault interpretation.,"Unverified candidate; no slip, permeability, temperature or geothermal resource established."
CTD5-A-01192,2,1,3057.5,1892.5,432650.0,4202750.0,0.96433,0.35703,1487.8131,0.00199158,1.5293,"Geophysical donor high and surface receiver abstains. A buried structural boundary is one hypothesis; native cover/gradient/slope measurements above are context, not proof.",Basin-fill density boundary or volcanic lithologic contact; gravity and modelled cover may not be independent.,Compare both sides in official high-resolution terrain/geologic mapping and field offset observations. A continuous unfaulted contact would weaken the fault interpretation.,"Unverified candidate; no slip, permeability, temperature or geothermal resource established."
CTD5-A-01193,72,7,3064.083,1920.444,435444.4,4202091.7,0.95984,0.5096,1332.9847,0.00092771,0.2513,"Geophysical donor high and surface receiver abstains. A buried structural boundary is one hypothesis; native cover/gradient/slope measurements above are context, not proof.",Basin-fill density boundary or volcanic lithologic contact; gravity and modelled cover may not be independent.,Compare both sides in official high-resolution terrain/geologic mapping and field offset observations. A continuous unfaulted contact would weaken the fault interpretation.,"Unverified candidate; no slip, permeability, temperature or geothermal resource established."
CTD5-A-01194,1,1,3059.0,1387.0,382100.0,4202600.0,0.97913,0.38037,167.9655,0.00310776,14.0049,"Geophysical donor high and surface receiver abstains. A buried structural boundary is one hypothesis; native cover/gradient/slope measurements above are context, not proof.",Basin-fill density boundary or volcanic lithologic contact; gravity and modelled cover may not be independent.,Compare both sides in official high-resolution terrain/geologic mapping and field offset observations. A continuous unfaulted contact would weaken the fault interpretation.,"Unverified candidate; no slip, permeability, temperature or geothermal resource established."
CTD5-A-01195,1,0,3061.0,1355.0,378900.0,4202400.0,0.9638,0.57097,484.3332,0.00455118,26.7205,"Geophysical donor high and surface receiver abstains. A buried structural boundary is one hypothesis; native cover/gradient/slope measurements above are context, not proof.",Basin-fill density boundary or volcanic lithologic contact; gravity and modelled cover may not be independent.,Compare both sides in official high-resolution terrain/geologic mapping and field offset observations. A continuous unfaulted contact would weaken the fault interpretation.,"Unverified candidate; no slip, permeability, temperature or geothermal resource established."
CTD5-A-01196,1,1,3062.0,1889.0,432300.0,4202300.0,0.96483,0.4366,1338.8115,0.00146679,2.5716,"Geophysical donor high and surface receiver abstains. A buried structural boundary is one hypothesis; native cover/gradient/slope measurements above are context, not proof.",Basin-fill density boundary or volcanic lithologic contact; gravity and modelled cover may not be independent.,Compare both sides in official high-resolution terrain/geologic mapping and field offset observations. A continuous unfaulted contact would weaken the fault interpretation.,"Unverified candidate; no slip, permeability, temperature or geothermal resource established."
CTD5-A-01197,44,6,3068.682,1393.295,382729.5,4201631.8,0.97048,0.50438,180.0439,0.00430893,15.6307,"Geophysical donor high and surface receiver abstains. A buried structural boundary is one hypothesis; native cover/gradient/slope measurements above are context, not proof.",Basin-fill density boundary or volcanic lithologic contact; gravity and modelled cover may not be independent.,Compare both sides in official high-resolution terrain/geologic mapping and field offset observations. A continuous unfaulted contact would weaken the fault interpretation.,"Unverified candidate; no slip, permeability, temperature or geothermal resource established."
CTD5-A-01198,1,1,3064.0,1886.0,432000.0,4202100.0,0.96513,0.36513,1245.5145,0.00163063,3.7406,"Geophysical donor high and surface receiver abstains. A buried structural boundary is one hypothesis; native cover/gradient/slope measurements above are context, not proof.",Basin-fill density boundary or volcanic lithologic contact; gravity and modelled cover may not be independent.,Compare both sides in official high-resolution terrain/geologic mapping and field offset observations. A continuous unfaulted contact would weaken the fault interpretation.,"Unverified candidate; no slip, permeability, temperature or geothermal resource established."
CTD5-A-01199,2,1,3064.0,1909.5,434350.0,4202100.0,0.9591,0.39767,1347.9282,0.00127772,0.1013,"Geophysical donor high and surface receiver abstains. A buried structural boundary is one hypothesis; native cover/gradient/slope measurements above are context, not proof.",Basin-fill density boundary or volcanic lithologic contact; gravity and modelled cover may not be independent.,Compare both sides in official high-resolution terrain/geologic mapping and field offset observations. A continuous unfaulted contact would weaken the fault interpretation.,"Unverified candidate; no slip, permeability, temperature or geothermal resource established."
CTD5-A-01200,1,0,3066.0,1879.0,431300.0,4201900.0,0.958,0.3577,1085.309,0.00205186,2.4028,"Geophysical donor high and surface receiver abstains. A buried structural boundary is one hypothesis; native cover/gradient/slope measurements above are context, not proof.",Basin-fill density boundary or volcanic lithologic contact; gravity and modelled cover may not be independent.,Compare both sides in official high-resolution terrain/geologic mapping and field offset observations. A continuous unfaulted contact would weaken the fault interpretation.,"Unverified candidate; no slip, permeability, temperature or geothermal resource established."
CTD5-A-01201,1,0,3066.0,1911.0,434500.0,4201900.0,0.95573,0.37817,1312.283,0.00113327,0.1284,"Geophysical donor high and surface receiver abstains. A buried structural boundary is one hypothesis; native cover/gradient/slope measurements above are context, not proof.",Basin-fill density boundary or volcanic lithologic contact; gravity and modelled cover may not be independent.,Compare both sides in official high-resolution terrain/geologic mapping and field offset observations. A continuous unfaulted contact would weaken the fault interpretation.,"Unverified candidate; no slip, permeability, temperature or geothermal resource established."
CTD5-A-01202,3,1,3068.0,1906.0,434000.0,4201700.0,0.9549,0.40089,1295.2341,0.00077264,0.265,"Geophysical donor high and surface receiver abstains. A buried structural boundary is one hypothesis; native cover/gradient/slope measurements above are context, not proof.",Basin-fill density boundary or volcanic lithologic contact; gravity and modelled cover may not be independent.,Compare both sides in official high-resolution terrain/geologic mapping and field offset observations. A continuous unfaulted contact would weaken the fault interpretation.,"Unverified candidate; no slip, permeability, temperature or geothermal resource established."
CTD5-A-01203,1,0,3069.0,1367.0,380100.0,4201600.0,0.956,0.62077,366.9364,0.00618298,2.2906,"Geophysical donor high and surface receiver abstains. A buried structural boundary is one hypothesis; native cover/gradient/slope measurements above are context, not proof.",Basin-fill density boundary or volcanic lithologic contact; gravity and modelled cover may not be independent.,Compare both sides in official high-resolution terrain/geologic mapping and field offset observations. A continuous unfaulted contact would weaken the fault interpretation.,"Unverified candidate; no slip, permeability, temperature or geothermal resource established."
CTD5-A-01204,8,2,3070.375,1876.875,431087.5,4201462.5,0.9597,0.4562,1030.4087,0.00213422,3.3329,"Geophysical donor high and surface receiver abstains. A buried structural boundary is one hypothesis; native cover/gradient/slope measurements above are context, not proof.",Basin-fill density boundary or volcanic lithologic contact; gravity and modelled cover may not be independent.,Compare both sides in official high-resolution terrain/geologic mapping and field offset observations. A continuous unfaulted contact would weaken the fault interpretation.,"Unverified candidate; no slip, permeability, temperature or geothermal resource established."
CTD5-A-01205,33,3,3075.515,1356.364,379036.4,4200948.5,0.96989,0.47578,524.9193,0.00447004,2.4681,"Geophysical donor high and surface receiver abstains. A buried structural boundary is one hypothesis; native cover/gradient/slope measurements above are context, not proof.",Basin-fill density boundary or volcanic lithologic contact; gravity and modelled cover may not be independent.,Compare both sides in official high-resolution terrain/geologic mapping and field offset observations. A continuous unfaulted contact would weaken the fault interpretation.,"Unverified candidate; no slip, permeability, temperature or geothermal resource established."
CTD5-A-01206,3,0,3071.667,1881.667,431566.7,4201333.3,0.95378,0.44684,1101.3641,0.00172829,3.3912,"Geophysical donor high and surface receiver abstains. A buried structural boundary is one hypothesis; native cover/gradient/slope measurements above are context, not proof.",Basin-fill density boundary or volcanic lithologic contact; gravity and modelled cover may not be independent.,Compare both sides in official high-resolution terrain/geologic mapping and field offset observations. A continuous unfaulted contact would weaken the fault interpretation.,"Unverified candidate; no slip, permeability, temperature or geothermal resource established."
CTD5-A-01207,1,0,3071.0,1919.0,435300.0,4201400.0,0.9505,0.44557,1352.4589,0.00057285,0.9269,"Geophysical donor high and surface receiver abstains. A buried structural boundary is one hypothesis; native cover/gradient/slope measurements above are context, not proof.",Basin-fill density boundary or volcanic lithologic contact; gravity and modelled cover may not be independent.,Compare both sides in official high-resolution terrain/geologic mapping and field offset observations. A continuous unfaulted contact would weaken the fault interpretation.,"Unverified candidate; no slip, permeability, temperature or geothermal resource established."
CTD5-A-01208,2,0,3072.0,1884.5,431850.0,4201300.0,0.95157,0.37733,1140.8239,0.00155736,2.475,"Geophysical donor high and surface receiver abstains. A buried structural boundary is one hypothesis; native cover/gradient/slope measurements above are context, not proof.",Basin-fill density boundary or volcanic lithologic contact; gravity and modelled cover may not be independent.,Compare both sides in official high-resolution terrain/geologic mapping and field offset observations. A continuous unfaulted contact would weaken the fault interpretation.,"Unverified candidate; no slip, permeability, temperature or geothermal resource established."
CTD5-A-01209,3,1,3075.667,1428.0,386200.0,4200933.3,0.95543,0.41618,352.6874,0.00259582,23.6862,"Geophysical donor high and surface receiver abstains. A buried structural boundary is one hypothesis; native cover/gradient/slope measurements above are context, not proof.",Basin-fill density boundary or volcanic lithologic contact; gravity and modelled cover may not be independent.,Compare both sides in official high-resolution terrain/geologic mapping and field offset observations. A continuous unfaulted contact would weaken the fault interpretation.,"Unverified candidate; no slip, permeability, temperature or geothermal resource established."
CTD5-A-01210,9,1,3076.889,1902.778,433677.8,4200811.1,0.96127,0.44995,1354.5591,0.00071149,4.0144,"Geophysical donor high and surface receiver abstains. A buried structural boundary is one hypothesis; native cover/gradient/slope measurements above are context, not proof.",Basin-fill density boundary or volcanic lithologic contact; gravity and modelled cover may not be independent.,Compare both sides in official high-resolution terrain/geologic mapping and field offset observations. A continuous unfaulted contact would weaken the fault interpretation.,"Unverified candidate; no slip, permeability, temperature or geothermal resource established."
CTD5-A-01211,3,1,3081.0,1916.667,435066.7,4200400.0,0.96322,0.38206,1538.9117,0.00037111,1.934,"Geophysical donor high and surface receiver abstains. A buried structural boundary is one hypothesis; native cover/gradient/slope measurements above are context, not proof.",Basin-fill density boundary or volcanic lithologic contact; gravity and modelled cover may not be independent.,Compare both sides in official high-resolution terrain/geologic mapping and field offset observations. A continuous unfaulted contact would weaken the fault interpretation.,"Unverified candidate; no slip, permeability, temperature or geothermal resource established."
CTD5-A-01212,1,1,3081.0,1924.0,435800.0,4200400.0,0.9578,0.39653,1492.0302,5.951e-05,1.652,"Geophysical donor high and surface receiver abstains. A buried structural boundary is one hypothesis; native cover/gradient/slope measurements above are context, not proof.",Basin-fill density boundary or volcanic lithologic contact; gravity and modelled cover may not be independent.,Compare both sides in official high-resolution terrain/geologic mapping and field offset observations. A continuous unfaulted contact would weaken the fault interpretation.,"Unverified candidate; no slip, permeability, temperature or geothermal resource established."
CTD5-A-01213,1,1,3081.0,1927.0,436100.0,4200400.0,0.95027,0.35243,1465.9598,0.00037883,1.5254,"Geophysical donor high and surface receiver abstains. A buried structural boundary is one hypothesis; native cover/gradient/slope measurements above are context, not proof.",Basin-fill density boundary or volcanic lithologic contact; gravity and modelled cover may not be independent.,Compare both sides in official high-resolution terrain/geologic mapping and field offset observations. A continuous unfaulted contact would weaken the fault interpretation.,"Unverified candidate; no slip, permeability, temperature or geothermal resource established."
CTD5-A-01214,13,2,3094.0,1333.462,376746.2,4199100.0,0.95353,0.48235,662.5902,0.00214756,2.3235,"Geophysical donor high and surface receiver abstains. A buried structural boundary is one hypothesis; native cover/gradient/slope measurements above are context, not proof.",Basin-fill density boundary or volcanic lithologic contact; gravity and modelled cover may not be independent.,Compare both sides in official high-resolution terrain/geologic mapping and field offset observations. A continuous unfaulted contact would weaken the fault interpretation.,"Unverified candidate; no slip, permeability, temperature or geothermal resource established."
CTD5-A-01215,12,2,3094.417,1320.167,375416.7,4199058.3,0.96397,0.46623,684.3306,0.0021655,3.6681,"Geophysical donor high and surface receiver abstains. A buried structural boundary is one hypothesis; native cover/gradient/slope measurements above are context, not proof.",Basin-fill density boundary or volcanic lithologic contact; gravity and modelled cover may not be independent.,Compare both sides in official high-resolution terrain/geologic mapping and field offset observations. A continuous unfaulted contact would weaken the fault interpretation.,"Unverified candidate; no slip, permeability, temperature or geothermal resource established."
CTD5-A-01216,32,3,3097.656,1327.219,376121.9,4198734.4,0.96258,0.5349,668.954,0.00251311,2.3166,"Geophysical donor high and surface receiver abstains. A buried structural boundary is one hypothesis; native cover/gradient/slope measurements above are context, not proof.",Basin-fill density boundary or volcanic lithologic contact; gravity and modelled cover may not be independent.,Compare both sides in official high-resolution terrain/geologic mapping and field offset observations. A continuous unfaulted contact would weaken the fault interpretation.,"Unverified candidate; no slip, permeability, temperature or geothermal resource established."
CTD5-A-01217,1,1,3103.0,1892.0,432600.0,4198200.0,0.9509,0.37423,1892.9313,0.00153264,1.7395,"Geophysical donor high and surface receiver abstains. A buried structural boundary is one hypothesis; native cover/gradient/slope measurements above are context, not proof.",Basin-fill density boundary or volcanic lithologic contact; gravity and modelled cover may not be independent.,Compare both sides in official high-resolution terrain/geologic mapping and field offset observations. A continuous unfaulted contact would weaken the fault interpretation.,"Unverified candidate; no slip, permeability, temperature or geothermal resource established."
CTD5-A-01218,1,1,3143.0,1800.0,423400.0,4194200.0,0.952,0.61713,51.8361,0.00228118,15.337,"Geophysical donor high and surface receiver abstains. A buried structural boundary is one hypothesis; native cover/gradient/slope measurements above are context, not proof.",Basin-fill density boundary or volcanic lithologic contact; gravity and modelled cover may not be independent.,Compare both sides in official high-resolution terrain/geologic mapping and field offset observations. A continuous unfaulted contact would weaken the fault interpretation.,"Unverified candidate; no slip, permeability, temperature or geothermal resource established."
CTD5-A-01219,6,1,3143.667,1869.0,430300.0,4194133.3,0.95621,0.50977,711.6812,0.0042576,3.3515,"Geophysical donor high and surface receiver abstains. A buried structural boundary is one hypothesis; native cover/gradient/slope measurements above are context, not proof.",Basin-fill density boundary or volcanic lithologic contact; gravity and modelled cover may not be independent.,Compare both sides in official high-resolution terrain/geologic mapping and field offset observations. A continuous unfaulted contact would weaken the fault interpretation.,"Unverified candidate; no slip, permeability, temperature or geothermal resource established."
CTD5-A-01220,2,1,3146.0,1804.5,423850.0,4193900.0,0.9518,0.49623,75.3628,0.0016881,20.1282,"Geophysical donor high and surface receiver abstains. A buried structural boundary is one hypothesis; native cover/gradient/slope measurements above are context, not proof.",Basin-fill density boundary or volcanic lithologic contact; gravity and modelled cover may not be independent.,Compare both sides in official high-resolution terrain/geologic mapping and field offset observations. A continuous unfaulted contact would weaken the fault interpretation.,"Unverified candidate; no slip, permeability, temperature or geothermal resource established."
CTD5-A-01221,2,1,3147.0,1800.5,423450.0,4193800.0,0.96633,0.48018,63.1856,0.0016003,30.0686,"Geophysical donor high and surface receiver abstains. A buried structural boundary is one hypothesis; native cover/gradient/slope measurements above are context, not proof.",Basin-fill density boundary or volcanic lithologic contact; gravity and modelled cover may not be independent.,Compare both sides in official high-resolution terrain/geologic mapping and field offset observations. A continuous unfaulted contact would weaken the fault interpretation.,"Unverified candidate; no slip, permeability, temperature or geothermal resource established."
CTD5-A-01222,1,0,3149.0,1800.0,423400.0,4193600.0,0.96633,0.36233,66.3276,0.00155563,24.6663,"Geophysical donor high and surface receiver abstains. A buried structural boundary is one hypothesis; native cover/gradient/slope measurements above are context, not proof.",Basin-fill density boundary or volcanic lithologic contact; gravity and modelled cover may not be independent.,Compare both sides in official high-resolution terrain/geologic mapping and field offset observations. A continuous unfaulted contact would weaken the fault interpretation.,"Unverified candidate; no slip, permeability, temperature or geothermal resource established."
CTD5-A-01223,1,1,3151.0,1802.0,423600.0,4193400.0,0.96633,0.35197,77.2679,0.00185869,8.7175,"Geophysical donor high and surface receiver abstains. A buried structural boundary is one hypothesis; native cover/gradient/slope measurements above are context, not proof.",Basin-fill density boundary or volcanic lithologic contact; gravity and modelled cover may not be independent.,Compare both sides in official high-resolution terrain/geologic mapping and field offset observations. A continuous unfaulted contact would weaken the fault interpretation.,"Unverified candidate; no slip, permeability, temperature or geothermal resource established."
CTD5-A-01224,4,0,3154.75,1801.25,423525.0,4193025.0,0.95125,0.49861,83.6258,0.00200431,15.5342,"Geophysical donor high and surface receiver abstains. A buried structural boundary is one hypothesis; native cover/gradient/slope measurements above are context, not proof.",Basin-fill density boundary or volcanic lithologic contact; gravity and modelled cover may not be independent.,Compare both sides in official high-resolution terrain/geologic mapping and field offset observations. A continuous unfaulted contact would weaken the fault interpretation.,"Unverified candidate; no slip, permeability, temperature or geothermal resource established."
CTD5-A-01225,2,1,3157.0,1800.5,423450.0,4192800.0,0.95592,0.54105,86.869,0.00209331,21.465,"Geophysical donor high and surface receiver abstains. A buried structural boundary is one hypothesis; native cover/gradient/slope measurements above are context, not proof.",Basin-fill density boundary or volcanic lithologic contact; gravity and modelled cover may not be independent.,Compare both sides in official high-resolution terrain/geologic mapping and field offset observations. A continuous unfaulted contact would weaken the fault interpretation.,"Unverified candidate; no slip, permeability, temperature or geothermal resource established."
CTD5-A-01226,5,1,3177.2,1859.2,429320.0,4190780.0,0.95839,0.42593,125.5567,0.00363587,22.1902,"Geophysical donor high and surface receiver abstains. A buried structural boundary is one hypothesis; native cover/gradient/slope measurements above are context, not proof.",Basin-fill density boundary or volcanic lithologic contact; gravity and modelled cover may not be independent.,Compare both sides in official high-resolution terrain/geologic mapping and field offset observations. A continuous unfaulted contact would weaken the fault interpretation.,"Unverified candidate; no slip, permeability, temperature or geothermal resource established."
CTD5-A-01227,27,4,3185.333,1867.815,430181.5,4189966.7,0.96561,0.5081,73.3351,0.00295563,17.6768,"Geophysical donor high and surface receiver abstains. A buried structural boundary is one hypothesis; native cover/gradient/slope measurements above are context, not proof.",Basin-fill density boundary or volcanic lithologic contact; gravity and modelled cover may not be independent.,Compare both sides in official high-resolution terrain/geologic mapping and field offset observations. A continuous unfaulted contact would weaken the fault interpretation.,"Unverified candidate; no slip, permeability, temperature or geothermal resource established."
CTD5-A-01228,1,1,3183.0,1881.0,431500.0,4190200.0,0.9541,0.5941,137.8046,0.00454096,5.6958,"Geophysical donor high and surface receiver abstains. A buried structural boundary is one hypothesis; native cover/gradient/slope measurements above are context, not proof.",Basin-fill density boundary or volcanic lithologic contact; gravity and modelled cover may not be independent.,Compare both sides in official high-resolution terrain/geologic mapping and field offset observations. A continuous unfaulted contact would weaken the fault interpretation.,"Unverified candidate; no slip, permeability, temperature or geothermal resource established."
CTD5-A-01229,2,0,3187.5,1801.0,423500.0,4189750.0,0.9579,0.522,73.7015,0.00244712,11.0291,"Geophysical donor high and surface receiver abstains. A buried structural boundary is one hypothesis; native cover/gradient/slope measurements above are context, not proof.",Basin-fill density boundary or volcanic lithologic contact; gravity and modelled cover may not be independent.,Compare both sides in official high-resolution terrain/geologic mapping and field offset observations. A continuous unfaulted contact would weaken the fault interpretation.,"Unverified candidate; no slip, permeability, temperature or geothermal resource established."
CTD5-A-01230,9,2,3190.667,1828.111,426211.1,4189433.3,0.95312,0.46709,28.6995,0.00264043,16.8343,"Geophysical donor high and surface receiver abstains. A buried structural boundary is one hypothesis; native cover/gradient/slope measurements above are context, not proof.",Basin-fill density boundary or volcanic lithologic contact; gravity and modelled cover may not be independent.,Compare both sides in official high-resolution terrain/geologic mapping and field offset observations. A continuous unfaulted contact would weaken the fault interpretation.,"Unverified candidate; no slip, permeability, temperature or geothermal resource established."
CTD5-A-01231,3,1,3195.0,1799.0,423300.0,4189000.0,0.95876,0.53211,53.8206,0.00248115,17.2882,"Geophysical donor high and surface receiver abstains. A buried structural boundary is one hypothesis; native cover/gradient/slope measurements above are context, not proof.",Basin-fill density boundary or volcanic lithologic contact; gravity and modelled cover may not be independent.,Compare both sides in official high-resolution terrain/geologic mapping and field offset observations. A continuous unfaulted contact would weaken the fault interpretation.,"Unverified candidate; no slip, permeability, temperature or geothermal resource established."
CTD5-A-01232,1,1,3194.0,1828.0,426200.0,4189100.0,0.9501,0.4407,18.7434,0.00276123,10.809,"Geophysical donor high and surface receiver abstains. A buried structural boundary is one hypothesis; native cover/gradient/slope measurements above are context, not proof.",Basin-fill density boundary or volcanic lithologic contact; gravity and modelled cover may not be independent.,Compare both sides in official high-resolution terrain/geologic mapping and field offset observations. A continuous unfaulted contact would weaken the fault interpretation.,"Unverified candidate; no slip, permeability, temperature or geothermal resource established."
CTD5-A-01233,1,1,3194.0,1878.0,431200.0,4189100.0,0.95007,0.4519,24.3496,0.0021874,28.6362,"Geophysical donor high and surface receiver abstains. A buried structural boundary is one hypothesis; native cover/gradient/slope measurements above are context, not proof.",Basin-fill density boundary or volcanic lithologic contact; gravity and modelled cover may not be independent.,Compare both sides in official high-resolution terrain/geologic mapping and field offset observations. A continuous unfaulted contact would weaken the fault interpretation.,"Unverified candidate; no slip, permeability, temperature or geothermal resource established."
CTD5-A-01234,1,0,3197.0,1826.0,426000.0,4188800.0,0.95957,0.4448,12.8954,0.00270016,10.5682,"Geophysical donor high and surface receiver abstains. A buried structural boundary is one hypothesis; native cover/gradient/slope measurements above are context, not proof.",Basin-fill density boundary or volcanic lithologic contact; gravity and modelled cover may not be independent.,Compare both sides in official high-resolution terrain/geologic mapping and field offset observations. A continuous unfaulted contact would weaken the fault interpretation.,"Unverified candidate; no slip, permeability, temperature or geothermal resource established."
CTD5-A-01235,1,0,3203.0,1780.0,421400.0,4188200.0,0.95057,0.5949,79.2685,0.00372474,2.9609,"Geophysical donor high and surface receiver abstains. A buried structural boundary is one hypothesis; native cover/gradient/slope measurements above are context, not proof.",Basin-fill density boundary or volcanic lithologic contact; gravity and modelled cover may not be independent.,Compare both sides in official high-resolution terrain/geologic mapping and field offset observations. A continuous unfaulted contact would weaken the fault interpretation.,"Unverified candidate; no slip, permeability, temperature or geothermal resource established."
CTD5-A-01236,7,1,3210.0,1774.286,420828.6,4187500.0,0.95424,0.57881,68.9039,0.00324106,7.8652,"Geophysical donor high and surface receiver abstains. A buried structural boundary is one hypothesis; native cover/gradient/slope measurements above are context, not proof.",Basin-fill density boundary or volcanic lithologic contact; gravity and modelled cover may not be independent.,Compare both sides in official high-resolution terrain/geologic mapping and field offset observations. A continuous unfaulted contact would weaken the fault interpretation.,"Unverified candidate; no slip, permeability, temperature or geothermal resource established."
CTD5-A-01237,15,2,3213.533,1813.533,424753.3,4187146.7,0.95588,0.51118,2.8002,0.0015359,17.8106,"Geophysical donor high and surface receiver abstains. A buried structural boundary is one hypothesis; native cover/gradient/slope measurements above are context, not proof.",Basin-fill density boundary or volcanic lithologic contact; gravity and modelled cover may not be independent.,Compare both sides in official high-resolution terrain/geologic mapping and field offset observations. A continuous unfaulted contact would weaken the fault interpretation.,"Unverified candidate; no slip, permeability, temperature or geothermal resource established."
CTD5-A-01238,2,1,3211.0,1821.5,425550.0,4187400.0,0.95115,0.56282,3.1747,0.00367431,4.1352,"Geophysical donor high and surface receiver abstains. A buried structural boundary is one hypothesis; native cover/gradient/slope measurements above are context, not proof.",Basin-fill density boundary or volcanic lithologic contact; gravity and modelled cover may not be independent.,Compare both sides in official high-resolution terrain/geologic mapping and field offset observations. A continuous unfaulted contact would weaken the fault interpretation.,"Unverified candidate; no slip, permeability, temperature or geothermal resource established."
CTD5-A-01239,1,1,3218.0,2140.0,457400.0,4186700.0,0.96857,0.41753,77.4293,0.00471488,0.8638,"Geophysical donor high and surface receiver abstains. A buried structural boundary is one hypothesis; native cover/gradient/slope measurements above are context, not proof.",Basin-fill density boundary or volcanic lithologic contact; gravity and modelled cover may not be independent.,Compare both sides in official high-resolution terrain/geologic mapping and field offset observations. A continuous unfaulted contact would weaken the fault interpretation.,"Unverified candidate; no slip, permeability, temperature or geothermal resource established."
CTD5-A-01240,4,1,3218.5,2192.5,462650.0,4186650.0,0.96401,0.58628,265.2198,0.00458141,3.4819,"Geophysical donor high and surface receiver abstains. A buried structural boundary is one hypothesis; native cover/gradient/slope measurements above are context, not proof.",Basin-fill density boundary or volcanic lithologic contact; gravity and modelled cover may not be independent.,Compare both sides in official high-resolution terrain/geologic mapping and field offset observations. A continuous unfaulted contact would weaken the fault interpretation.,"Unverified candidate; no slip, permeability, temperature or geothermal resource established."
CTD5-A-01241,1,0,3220.0,1817.0,425100.0,4186500.0,0.96987,0.58063,3.378,0.00256225,7.78,"Geophysical donor high and surface receiver abstains. A buried structural boundary is one hypothesis; native cover/gradient/slope measurements above are context, not proof.",Basin-fill density boundary or volcanic lithologic contact; gravity and modelled cover may not be independent.,Compare both sides in official high-resolution terrain/geologic mapping and field offset observations. A continuous unfaulted contact would weaken the fault interpretation.,"Unverified candidate; no slip, permeability, temperature or geothermal resource established."
CTD5-A-01242,14,3,3224.143,2135.929,456992.9,4186085.7,0.95686,0.41823,112.7581,0.00641023,0.394,"Geophysical donor high and surface receiver abstains. A buried structural boundary is one hypothesis; native cover/gradient/slope measurements above are context, not proof.",Basin-fill density boundary or volcanic lithologic contact; gravity and modelled cover may not be independent.,Compare both sides in official high-resolution terrain/geologic mapping and field offset observations. A continuous unfaulted contact would weaken the fault interpretation.,"Unverified candidate; no slip, permeability, temperature or geothermal resource established."
CTD5-A-01243,1,1,3221.0,2139.0,457300.0,4186400.0,0.98487,0.36023,87.7079,0.00545766,0.6718,"Geophysical donor high and surface receiver abstains. A buried structural boundary is one hypothesis; native cover/gradient/slope measurements above are context, not proof.",Basin-fill density boundary or volcanic lithologic contact; gravity and modelled cover may not be independent.,Compare both sides in official high-resolution terrain/geologic mapping and field offset observations. A continuous unfaulted contact would weaken the fault interpretation.,"Unverified candidate; no slip, permeability, temperature or geothermal resource established."
CTD5-A-01244,688,69,3248.161,1871.869,430586.9,4183683.9,0.97763,0.48888,43.4057,0.00256047,6.8995,"Geophysical donor high and surface receiver abstains. A buried structural boundary is one hypothesis; native cover/gradient/slope measurements above are context, not proof.",Basin-fill density boundary or volcanic lithologic contact; gravity and modelled cover may not be independent.,Compare both sides in official high-resolution terrain/geologic mapping and field offset observations. A continuous unfaulted contact would weaken the fault interpretation.,"Unverified candidate; no slip, permeability, temperature or geothermal resource established."
CTD5-A-01245,14,1,3223.571,1880.071,431407.1,4186142.9,0.95539,0.47756,14.9286,0.00095269,5.6263,"Geophysical donor high and surface receiver abstains. A buried structural boundary is one hypothesis; native cover/gradient/slope measurements above are context, not proof.",Basin-fill density boundary or volcanic lithologic contact; gravity and modelled cover may not be independent.,Compare both sides in official high-resolution terrain/geologic mapping and field offset observations. A continuous unfaulted contact would weaken the fault interpretation.,"Unverified candidate; no slip, permeability, temperature or geothermal resource established."
CTD5-A-01246,3,1,3223.333,1858.333,429233.3,4186166.7,0.98419,0.47602,6.8407,0.00149218,16.921,"Geophysical donor high and surface receiver abstains. A buried structural boundary is one hypothesis; native cover/gradient/slope measurements above are context, not proof.",Basin-fill density boundary or volcanic lithologic contact; gravity and modelled cover may not be independent.,Compare both sides in official high-resolution terrain/geologic mapping and field offset observations. A continuous unfaulted contact would weaken the fault interpretation.,"Unverified candidate; no slip, permeability, temperature or geothermal resource established."
CTD5-A-01247,2,1,3226.5,1855.0,428900.0,4185850.0,0.97447,0.39352,5.6207,0.00182193,27.6234,"Geophysical donor high and surface receiver abstains. A buried structural boundary is one hypothesis; native cover/gradient/slope measurements above are context, not proof.",Basin-fill density boundary or volcanic lithologic contact; gravity and modelled cover may not be independent.,Compare both sides in official high-resolution terrain/geologic mapping and field offset observations. A continuous unfaulted contact would weaken the fault interpretation.,"Unverified candidate; no slip, permeability, temperature or geothermal resource established."
CTD5-A-01248,10,2,3228.7,1860.2,429420.0,4185630.0,0.96686,0.41119,6.2048,0.00177244,14.5362,"Geophysical donor high and surface receiver abstains. A buried structural boundary is one hypothesis; native cover/gradient/slope measurements above are context, not proof.",Basin-fill density boundary or volcanic lithologic contact; gravity and modelled cover may not be independent.,Compare both sides in official high-resolution terrain/geologic mapping and field offset observations. A continuous unfaulted contact would weaken the fault interpretation.,"Unverified candidate; no slip, permeability, temperature or geothermal resource established."
CTD5-A-01249,3,1,3227.333,1882.667,431666.7,4185766.7,0.95402,0.45717,14.8223,0.00090384,4.4442,"Geophysical donor high and surface receiver abstains. A buried structural boundary is one hypothesis; native cover/gradient/slope measurements above are context, not proof.",Basin-fill density boundary or volcanic lithologic contact; gravity and modelled cover may not be independent.,Compare both sides in official high-resolution terrain/geologic mapping and field offset observations. A continuous unfaulted contact would weaken the fault interpretation.,"Unverified candidate; no slip, permeability, temperature or geothermal resource established."
CTD5-A-01250,148,15,3240.196,1814.716,424871.6,4184480.4,0.96955,0.54331,14.645,0.00274381,5.9419,"Geophysical donor high and surface receiver abstains. A buried structural boundary is one hypothesis; native cover/gradient/slope measurements above are context, not proof.",Basin-fill density boundary or volcanic lithologic contact; gravity and modelled cover may not be independent.,Compare both sides in official high-resolution terrain/geologic mapping and field offset observations. A continuous unfaulted contact would weaken the fault interpretation.,"Unverified candidate; no slip, permeability, temperature or geothermal resource established."
CTD5-A-01251,3,1,3228.333,2224.333,465833.3,4185666.7,0.95891,0.4387,239.774,0.00611764,1.6363,"Geophysical donor high and surface receiver abstains. A buried structural boundary is one hypothesis; native cover/gradient/slope measurements above are context, not proof.",Basin-fill density boundary or volcanic lithologic contact; gravity and modelled cover may not be independent.,Compare both sides in official high-resolution terrain/geologic mapping and field offset observations. A continuous unfaulted contact would weaken the fault interpretation.,"Unverified candidate; no slip, permeability, temperature or geothermal resource established."
CTD5-A-01252,4,1,3230.5,1854.25,428825.0,4185450.0,0.95967,0.48858,4.1731,0.00203214,21.4426,"Geophysical donor high and surface receiver abstains. A buried structural boundary is one hypothesis; native cover/gradient/slope measurements above are context, not proof.",Basin-fill density boundary or volcanic lithologic contact; gravity and modelled cover may not be independent.,Compare both sides in official high-resolution terrain/geologic mapping and field offset observations. A continuous unfaulted contact would weaken the fault interpretation.,"Unverified candidate; no slip, permeability, temperature or geothermal resource established."
CTD5-A-01253,1,1,3230.0,1818.0,425200.0,4185500.0,0.9824,0.5918,6.7532,0.00300501,3.77,"Geophysical donor high and surface receiver abstains. A buried structural boundary is one hypothesis; native cover/gradient/slope measurements above are context, not proof.",Basin-fill density boundary or volcanic lithologic contact; gravity and modelled cover may not be independent.,Compare both sides in official high-resolution terrain/geologic mapping and field offset observations. A continuous unfaulted contact would weaken the fault interpretation.,"Unverified candidate; no slip, permeability, temperature or geothermal resource established."
CTD5-A-01254,19,2,3234.105,2136.421,457042.1,4185089.5,0.96421,0.40599,118.1753,0.00648527,0.2899,"Geophysical donor high and surface receiver abstains. A buried structural boundary is one hypothesis; native cover/gradient/slope measurements above are context, not proof.",Basin-fill density boundary or volcanic lithologic contact; gravity and modelled cover may not be independent.,Compare both sides in official high-resolution terrain/geologic mapping and field offset observations. A continuous unfaulted contact would weaken the fault interpretation.,"Unverified candidate; no slip, permeability, temperature or geothermal resource established."
CTD5-A-01255,4,1,3233.25,1858.75,429275.0,4185175.0,0.95007,0.52758,4.0546,0.00207227,25.7381,"Geophysical donor high and surface receiver abstains. A buried structural boundary is one hypothesis; native cover/gradient/slope measurements above are context, not proof.",Basin-fill density boundary or volcanic lithologic contact; gravity and modelled cover may not be independent.,Compare both sides in official high-resolution terrain/geologic mapping and field offset observations. A continuous unfaulted contact would weaken the fault interpretation.,"Unverified candidate; no slip, permeability, temperature or geothermal resource established."
CTD5-A-01256,1,0,3234.0,1855.0,428900.0,4185100.0,0.95663,0.39797,3.0584,0.00219485,11.2323,"Geophysical donor high and surface receiver abstains. A buried structural boundary is one hypothesis; native cover/gradient/slope measurements above are context, not proof.",Basin-fill density boundary or volcanic lithologic contact; gravity and modelled cover may not be independent.,Compare both sides in official high-resolution terrain/geologic mapping and field offset observations. A continuous unfaulted contact would weaken the fault interpretation.,"Unverified candidate; no slip, permeability, temperature or geothermal resource established."
CTD5-A-01257,5,2,3237.0,1806.2,424020.0,4184800.0,0.97894,0.5554,7.5865,0.00288258,10.265,"Geophysical donor high and surface receiver abstains. A buried structural boundary is one hypothesis; native cover/gradient/slope measurements above are context, not proof.",Basin-fill density boundary or volcanic lithologic contact; gravity and modelled cover may not be independent.,Compare both sides in official high-resolution terrain/geologic mapping and field offset observations. A continuous unfaulted contact would weaken the fault interpretation.,"Unverified candidate; no slip, permeability, temperature or geothermal resource established."
CTD5-A-01258,1,1,3236.0,1720.0,415400.0,4184900.0,0.95177,0.49723,87.7771,0.00149199,36.8776,"Geophysical donor high and surface receiver abstains. A buried structural boundary is one hypothesis; native cover/gradient/slope measurements above are context, not proof.",Basin-fill density boundary or volcanic lithologic contact; gravity and modelled cover may not be independent.,Compare both sides in official high-resolution terrain/geologic mapping and field offset observations. A continuous unfaulted contact would weaken the fault interpretation.,"Unverified candidate; no slip, permeability, temperature or geothermal resource established."
CTD5-A-01259,3,1,3236.667,1856.667,429066.7,4184833.3,0.96589,0.54464,3.7299,0.00237909,17.3015,"Geophysical donor high and surface receiver abstains. A buried structural boundary is one hypothesis; native cover/gradient/slope measurements above are context, not proof.",Basin-fill density boundary or volcanic lithologic contact; gravity and modelled cover may not be independent.,Compare both sides in official high-resolution terrain/geologic mapping and field offset observations. A continuous unfaulted contact would weaken the fault interpretation.,"Unverified candidate; no slip, permeability, temperature or geothermal resource established."
CTD5-A-01260,9,2,3241.0,1846.444,428044.4,4184400.0,0.98838,0.46819,6.8186,0.00293075,15.2007,"Geophysical donor high and surface receiver abstains. A buried structural boundary is one hypothesis; native cover/gradient/slope measurements above are context, not proof.",Basin-fill density boundary or volcanic lithologic contact; gravity and modelled cover may not be independent.,Compare both sides in official high-resolution terrain/geologic mapping and field offset observations. A continuous unfaulted contact would weaken the fault interpretation.,"Unverified candidate; no slip, permeability, temperature or geothermal resource established."
CTD5-A-01261,3,1,3239.667,1855.0,428900.0,4184533.3,0.96712,0.52396,5.9759,0.00254383,24.3142,"Geophysical donor high and surface receiver abstains. A buried structural boundary is one hypothesis; native cover/gradient/slope measurements above are context, not proof.",Basin-fill density boundary or volcanic lithologic contact; gravity and modelled cover may not be independent.,Compare both sides in official high-resolution terrain/geologic mapping and field offset observations. A continuous unfaulted contact would weaken the fault interpretation.,"Unverified candidate; no slip, permeability, temperature or geothermal resource established."
CTD5-A-01262,1,0,3240.0,1858.0,429200.0,4184500.0,0.95793,0.635,6.6885,0.00256668,27.9573,"Geophysical donor high and surface receiver abstains. A buried structural boundary is one hypothesis; native cover/gradient/slope measurements above are context, not proof.",Basin-fill density boundary or volcanic lithologic contact; gravity and modelled cover may not be independent.,Compare both sides in official high-resolution terrain/geologic mapping and field offset observations. A continuous unfaulted contact would weaken the fault interpretation.,"Unverified candidate; no slip, permeability, temperature or geothermal resource established."
CTD5-A-01263,5,2,3242.0,2140.0,457400.0,4184300.0,0.95751,0.57927,96.7506,0.00472691,2.1425,"Geophysical donor high and surface receiver abstains. A buried structural boundary is one hypothesis; native cover/gradient/slope measurements above are context, not proof.",Basin-fill density boundary or volcanic lithologic contact; gravity and modelled cover may not be independent.,Compare both sides in official high-resolution terrain/geologic mapping and field offset observations. A continuous unfaulted contact would weaken the fault interpretation.,"Unverified candidate; no slip, permeability, temperature or geothermal resource established."
CTD5-A-01264,6,2,3242.167,1800.167,423416.7,4184283.3,0.96158,0.48532,10.4517,0.0026859,27.5329,"Geophysical donor high and surface receiver abstains. A buried structural boundary is one hypothesis; native cover/gradient/slope measurements above are context, not proof.",Basin-fill density boundary or volcanic lithologic contact; gravity and modelled cover may not be independent.,Compare both sides in official high-resolution terrain/geologic mapping and field offset observations. A continuous unfaulted contact would weaken the fault interpretation.,"Unverified candidate; no slip, permeability, temperature or geothermal resource established."
CTD5-A-01265,2,1,3241.5,1882.5,431650.0,4184350.0,0.98005,0.5887,10.8195,0.00126415,7.9613,"Geophysical donor high and surface receiver abstains. A buried structural boundary is one hypothesis; native cover/gradient/slope measurements above are context, not proof.",Basin-fill density boundary or volcanic lithologic contact; gravity and modelled cover may not be independent.,Compare both sides in official high-resolution terrain/geologic mapping and field offset observations. A continuous unfaulted contact would weaken the fault interpretation.,"Unverified candidate; no slip, permeability, temperature or geothermal resource established."
CTD5-A-01266,5,1,3242.6,1851.8,428580.0,4184240.0,0.99062,0.50792,8.0472,0.00275549,24.0192,"Geophysical donor high and surface receiver abstains. A buried structural boundary is one hypothesis; native cover/gradient/slope measurements above are context, not proof.",Basin-fill density boundary or volcanic lithologic contact; gravity and modelled cover may not be independent.,Compare both sides in official high-resolution terrain/geologic mapping and field offset observations. A continuous unfaulted contact would weaken the fault interpretation.,"Unverified candidate; no slip, permeability, temperature or geothermal resource established."
CTD5-A-01267,91,11,3250.44,1846.791,428079.1,4183456.0,0.98217,0.50237,31.8704,0.00419719,15.3611,"Geophysical donor high and surface receiver abstains. A buried structural boundary is one hypothesis; native cover/gradient/slope measurements above are context, not proof.",Basin-fill density boundary or volcanic lithologic contact; gravity and modelled cover may not be independent.,Compare both sides in official high-resolution terrain/geologic mapping and field offset observations. A continuous unfaulted contact would weaken the fault interpretation.,"Unverified candidate; no slip, permeability, temperature or geothermal resource established."
CTD5-A-01268,4,1,3243.75,1847.0,428100.0,4184125.0,0.98519,0.52647,8.7546,0.003228,22.986,"Geophysical donor high and surface receiver abstains. A buried structural boundary is one hypothesis; native cover/gradient/slope measurements above are context, not proof.",Basin-fill density boundary or volcanic lithologic contact; gravity and modelled cover may not be independent.,Compare both sides in official high-resolution terrain/geologic mapping and field offset observations. A continuous unfaulted contact would weaken the fault interpretation.,"Unverified candidate; no slip, permeability, temperature or geothermal resource established."
CTD5-A-01269,2,0,3246.5,1802.0,423600.0,4183850.0,0.96243,0.55407,18.4713,0.00223433,20.409,"Geophysical donor high and surface receiver abstains. A buried structural boundary is one hypothesis; native cover/gradient/slope measurements above are context, not proof.",Basin-fill density boundary or volcanic lithologic contact; gravity and modelled cover may not be independent.,Compare both sides in official high-resolution terrain/geologic mapping and field offset observations. A continuous unfaulted contact would weaken the fault interpretation.,"Unverified candidate; no slip, permeability, temperature or geothermal resource established."
CTD5-A-01270,6,2,3249.333,1804.833,423883.3,4183566.7,0.97247,0.51308,29.5551,0.00205938,22.7385,"Geophysical donor high and surface receiver abstains. A buried structural boundary is one hypothesis; native cover/gradient/slope measurements above are context, not proof.",Basin-fill density boundary or volcanic lithologic contact; gravity and modelled cover may not be independent.,Compare both sides in official high-resolution terrain/geologic mapping and field offset observations. A continuous unfaulted contact would weaken the fault interpretation.,"Unverified candidate; no slip, permeability, temperature or geothermal resource established."
CTD5-A-01271,57,9,3255.404,1896.456,433045.6,4182959.6,0.96784,0.46394,27.3715,0.00100457,8.4354,"Geophysical donor high and surface receiver abstains. A buried structural boundary is one hypothesis; native cover/gradient/slope measurements above are context, not proof.",Basin-fill density boundary or volcanic lithologic contact; gravity and modelled cover may not be independent.,Compare both sides in official high-resolution terrain/geologic mapping and field offset observations. A continuous unfaulted contact would weaken the fault interpretation.,"Unverified candidate; no slip, permeability, temperature or geothermal resource established."
CTD5-A-01272,2,1,3252.5,1844.0,427800.0,4183250.0,0.96488,0.57972,40.8583,0.00473335,13.782,"Geophysical donor high and surface receiver abstains. A buried structural boundary is one hypothesis; native cover/gradient/slope measurements above are context, not proof.",Basin-fill density boundary or volcanic lithologic contact; gravity and modelled cover may not be independent.,Compare both sides in official high-resolution terrain/geologic mapping and field offset observations. A continuous unfaulted contact would weaken the fault interpretation.,"Unverified candidate; no slip, permeability, temperature or geothermal resource established."
CTD5-A-01273,3,1,3252.333,1890.667,432466.7,4183266.7,0.95626,0.51174,23.8366,0.00112497,5.8215,"Geophysical donor high and surface receiver abstains. A buried structural boundary is one hypothesis; native cover/gradient/slope measurements above are context, not proof.",Basin-fill density boundary or volcanic lithologic contact; gravity and modelled cover may not be independent.,Compare both sides in official high-resolution terrain/geologic mapping and field offset observations. A continuous unfaulted contact would weaken the fault interpretation.,"Unverified candidate; no slip, permeability, temperature or geothermal resource established."
CTD5-A-01274,1,1,3253.0,1806.0,424000.0,4183200.0,0.9682,0.54417,43.0984,0.00213469,27.5825,"Geophysical donor high and surface receiver abstains. A buried structural boundary is one hypothesis; native cover/gradient/slope measurements above are context, not proof.",Basin-fill density boundary or volcanic lithologic contact; gravity and modelled cover may not be independent.,Compare both sides in official high-resolution terrain/geologic mapping and field offset observations. A continuous unfaulted contact would weaken the fault interpretation.,"Unverified candidate; no slip, permeability, temperature or geothermal resource established."
CTD5-A-01275,2,1,3256.5,1811.0,424500.0,4182850.0,0.95685,0.57613,62.9959,0.00189587,4.6897,"Geophysical donor high and surface receiver abstains. A buried structural boundary is one hypothesis; native cover/gradient/slope measurements above are context, not proof.",Basin-fill density boundary or volcanic lithologic contact; gravity and modelled cover may not be independent.,Compare both sides in official high-resolution terrain/geologic mapping and field offset observations. A continuous unfaulted contact would weaken the fault interpretation.,"Unverified candidate; no slip, permeability, temperature or geothermal resource established."
CTD5-A-01276,1,1,3257.0,1817.0,425100.0,4182800.0,0.95893,0.6078,69.839,0.00221226,19.0581,"Geophysical donor high and surface receiver abstains. A buried structural boundary is one hypothesis; native cover/gradient/slope measurements above are context, not proof.",Basin-fill density boundary or volcanic lithologic contact; gravity and modelled cover may not be independent.,Compare both sides in official high-resolution terrain/geologic mapping and field offset observations. A continuous unfaulted contact would weaken the fault interpretation.,"Unverified candidate; no slip, permeability, temperature or geothermal resource established."
CTD5-A-01277,1,1,3257.0,1887.0,432100.0,4182800.0,0.9523,0.5442,45.3292,0.00206077,5.2832,"Geophysical donor high and surface receiver abstains. A buried structural boundary is one hypothesis; native cover/gradient/slope measurements above are context, not proof.",Basin-fill density boundary or volcanic lithologic contact; gravity and modelled cover may not be independent.,Compare both sides in official high-resolution terrain/geologic mapping and field offset observations. A continuous unfaulted contact would weaken the fault interpretation.,"Unverified candidate; no slip, permeability, temperature or geothermal resource established."
CTD5-A-01278,1,1,3258.0,1848.0,428200.0,4182700.0,0.95277,0.52253,72.2872,0.00465786,27.2586,"Geophysical donor high and surface receiver abstains. A buried structural boundary is one hypothesis; native cover/gradient/slope measurements above are context, not proof.",Basin-fill density boundary or volcanic lithologic contact; gravity and modelled cover may not be independent.,Compare both sides in official high-resolution terrain/geologic mapping and field offset observations. A continuous unfaulted contact would weaken the fault interpretation.,"Unverified candidate; no slip, permeability, temperature or geothermal resource established."
CTD5-A-01279,1,0,3258.0,1850.0,428400.0,4182700.0,0.97347,0.6346,71.3875,0.00453029,14.698,"Geophysical donor high and surface receiver abstains. A buried structural boundary is one hypothesis; native cover/gradient/slope measurements above are context, not proof.",Basin-fill density boundary or volcanic lithologic contact; gravity and modelled cover may not be independent.,Compare both sides in official high-resolution terrain/geologic mapping and field offset observations. A continuous unfaulted contact would weaken the fault interpretation.,"Unverified candidate; no slip, permeability, temperature or geothermal resource established."
CTD5-A-01280,7,1,3260.0,1889.714,432371.4,4182500.0,0.95215,0.54337,58.6004,0.00253557,6.7946,"Geophysical donor high and surface receiver abstains. A buried structural boundary is one hypothesis; native cover/gradient/slope measurements above are context, not proof.",Basin-fill density boundary or volcanic lithologic contact; gravity and modelled cover may not be independent.,Compare both sides in official high-resolution terrain/geologic mapping and field offset observations. A continuous unfaulted contact would weaken the fault interpretation.,"Unverified candidate; no slip, permeability, temperature or geothermal resource established."
CTD5-A-01281,1,0,3263.0,1888.0,432200.0,4182200.0,0.95163,0.44983,80.1012,0.00354133,12.439,"Geophysical donor high and surface receiver abstains. A buried structural boundary is one hypothesis; native cover/gradient/slope measurements above are context, not proof.",Basin-fill density boundary or volcanic lithologic contact; gravity and modelled cover may not be independent.,Compare both sides in official high-resolution terrain/geologic mapping and field offset observations. A continuous unfaulted contact would weaken the fault interpretation.,"Unverified candidate; no slip, permeability, temperature or geothermal resource established."
CTD5-A-01282,13,3,3266.385,2108.692,454269.2,4181861.5,0.96254,0.38173,260.6081,0.00190464,1.442,"Geophysical donor high and surface receiver abstains. A buried structural boundary is one hypothesis; native cover/gradient/slope measurements above are context, not proof.",Basin-fill density boundary or volcanic lithologic contact; gravity and modelled cover may not be independent.,Compare both sides in official high-resolution terrain/geologic mapping and field offset observations. A continuous unfaulted contact would weaken the fault interpretation.,"Unverified candidate; no slip, permeability, temperature or geothermal resource established."
CTD5-A-01283,2,1,3265.0,1893.5,432750.0,4182000.0,0.9558,0.51007,76.1123,0.00412647,17.8703,"Geophysical donor high and surface receiver abstains. A buried structural boundary is one hypothesis; native cover/gradient/slope measurements above are context, not proof.",Basin-fill density boundary or volcanic lithologic contact; gravity and modelled cover may not be independent.,Compare both sides in official high-resolution terrain/geologic mapping and field offset observations. A continuous unfaulted contact would weaken the fault interpretation.,"Unverified candidate; no slip, permeability, temperature or geothermal resource established."
CTD5-A-01284,6,2,3268.0,1887.0,432100.0,4181700.0,0.98124,0.48078,130.5103,0.00588163,19.6071,"Geophysical donor high and surface receiver abstains. A buried structural boundary is one hypothesis; native cover/gradient/slope measurements above are context, not proof.",Basin-fill density boundary or volcanic lithologic contact; gravity and modelled cover may not be independent.,Compare both sides in official high-resolution terrain/geologic mapping and field offset observations. A continuous unfaulted contact would weaken the fault interpretation.,"Unverified candidate; no slip, permeability, temperature or geothermal resource established."
CTD5-A-01285,1,0,3267.0,1896.0,433000.0,4181800.0,0.9942,0.61717,87.653,0.00498452,22.239,"Geophysical donor high and surface receiver abstains. A buried structural boundary is one hypothesis; native cover/gradient/slope measurements above are context, not proof.",Basin-fill density boundary or volcanic lithologic contact; gravity and modelled cover may not be independent.,Compare both sides in official high-resolution terrain/geologic mapping and field offset observations. A continuous unfaulted contact would weaken the fault interpretation.,"Unverified candidate; no slip, permeability, temperature or geothermal resource established."
CTD5-A-01286,3,1,3267.333,1900.333,433433.3,4181766.7,0.99459,0.56307,76.6259,0.0043374,3.7541,"Geophysical donor high and surface receiver abstains. A buried structural boundary is one hypothesis; native cover/gradient/slope measurements above are context, not proof.",Basin-fill density boundary or volcanic lithologic contact; gravity and modelled cover may not be independent.,Compare both sides in official high-resolution terrain/geologic mapping and field offset observations. A continuous unfaulted contact would weaken the fault interpretation.,"Unverified candidate; no slip, permeability, temperature or geothermal resource established."
CTD5-A-01287,2,1,3269.5,1897.5,433150.0,4181550.0,0.98093,0.53722,105.573,0.00601635,19.4139,"Geophysical donor high and surface receiver abstains. A buried structural boundary is one hypothesis; native cover/gradient/slope measurements above are context, not proof.",Basin-fill density boundary or volcanic lithologic contact; gravity and modelled cover may not be independent.,Compare both sides in official high-resolution terrain/geologic mapping and field offset observations. A continuous unfaulted contact would weaken the fault interpretation.,"Unverified candidate; no slip, permeability, temperature or geothermal resource established."
CTD5-A-01288,3,1,3269.333,1905.333,433933.3,4181566.7,0.97329,0.44508,74.6303,0.00425406,17.0038,"Geophysical donor high and surface receiver abstains. A buried structural boundary is one hypothesis; native cover/gradient/slope measurements above are context, not proof.",Basin-fill density boundary or volcanic lithologic contact; gravity and modelled cover may not be independent.,Compare both sides in official high-resolution terrain/geologic mapping and field offset observations. A continuous unfaulted contact would weaken the fault interpretation.,"Unverified candidate; no slip, permeability, temperature or geothermal resource established."
CTD5-A-01289,26,4,3273.385,1916.615,435061.5,4181161.5,0.97247,0.4277,59.8584,0.00298094,18.5662,"Geophysical donor high and surface receiver abstains. A buried structural boundary is one hypothesis; native cover/gradient/slope measurements above are context, not proof.",Basin-fill density boundary or volcanic lithologic contact; gravity and modelled cover may not be independent.,Compare both sides in official high-resolution terrain/geologic mapping and field offset observations. A continuous unfaulted contact would weaken the fault interpretation.,"Unverified candidate; no slip, permeability, temperature or geothermal resource established."
CTD5-A-01290,3,1,3271.0,1922.0,435600.0,4181400.0,0.9573,0.54361,38.3853,0.00195962,16.337,"Geophysical donor high and surface receiver abstains. A buried structural boundary is one hypothesis; native cover/gradient/slope measurements above are context, not proof.",Basin-fill density boundary or volcanic lithologic contact; gravity and modelled cover may not be independent.,Compare both sides in official high-resolution terrain/geologic mapping and field offset observations. A continuous unfaulted contact would weaken the fault interpretation.,"Unverified candidate; no slip, permeability, temperature or geothermal resource established."
CTD5-A-01291,18,3,3273.667,1838.0,427200.0,4181133.3,0.95749,0.45994,251.3051,0.00332013,9.2786,"Geophysical donor high and surface receiver abstains. A buried structural boundary is one hypothesis; native cover/gradient/slope measurements above are context, not proof.",Basin-fill density boundary or volcanic lithologic contact; gravity and modelled cover may not be independent.,Compare both sides in official high-resolution terrain/geologic mapping and field offset observations. A continuous unfaulted contact would weaken the fault interpretation.,"Unverified candidate; no slip, permeability, temperature or geothermal resource established."
CTD5-A-01292,8,2,3273.5,2199.0,463300.0,4181150.0,0.96909,0.61942,50.6631,0.00324875,3.0294,"Geophysical donor high and surface receiver abstains. A buried structural boundary is one hypothesis; native cover/gradient/slope measurements above are context, not proof.",Basin-fill density boundary or volcanic lithologic contact; gravity and modelled cover may not be independent.,Compare both sides in official high-resolution terrain/geologic mapping and field offset observations. A continuous unfaulted contact would weaken the fault interpretation.,"Unverified candidate; no slip, permeability, temperature or geothermal resource established."
CTD5-A-01293,15,2,3273.333,2203.6,463760.0,4181166.7,0.95915,0.54451,69.3955,0.00320169,2.6538,"Geophysical donor high and surface receiver abstains. A buried structural boundary is one hypothesis; native cover/gradient/slope measurements above are context, not proof.",Basin-fill density boundary or volcanic lithologic contact; gravity and modelled cover may not be independent.,Compare both sides in official high-resolution terrain/geologic mapping and field offset observations. A continuous unfaulted contact would weaken the fault interpretation.,"Unverified candidate; no slip, permeability, temperature or geothermal resource established."
CTD5-A-01294,80,10,3280.8,1875.475,430947.5,4180420.0,0.96568,0.45535,356.9789,0.00460641,6.5437,"Geophysical donor high and surface receiver abstains. A buried structural boundary is one hypothesis; native cover/gradient/slope measurements above are context, not proof.",Basin-fill density boundary or volcanic lithologic contact; gravity and modelled cover may not be independent.,Compare both sides in official high-resolution terrain/geologic mapping and field offset observations. A continuous unfaulted contact would weaken the fault interpretation.,"Unverified candidate; no slip, permeability, temperature or geothermal resource established."
CTD5-A-01295,5,1,3273.6,1899.2,433320.0,4181140.0,0.97218,0.50925,134.8664,0.00655512,13.9583,"Geophysical donor high and surface receiver abstains. A buried structural boundary is one hypothesis; native cover/gradient/slope measurements above are context, not proof.",Basin-fill density boundary or volcanic lithologic contact; gravity and modelled cover may not be independent.,Compare both sides in official high-resolution terrain/geologic mapping and field offset observations. A continuous unfaulted contact would weaken the fault interpretation.,"Unverified candidate; no slip, permeability, temperature or geothermal resource established."
CTD5-A-01296,15,2,3275.333,2096.333,453033.3,4180966.7,0.9639,0.46997,243.4527,0.00279046,2.3616,"Geophysical donor high and surface receiver abstains. A buried structural boundary is one hypothesis; native cover/gradient/slope measurements above are context, not proof.",Basin-fill density boundary or volcanic lithologic contact; gravity and modelled cover may not be independent.,Compare both sides in official high-resolution terrain/geologic mapping and field offset observations. A continuous unfaulted contact would weaken the fault interpretation.,"Unverified candidate; no slip, permeability, temperature or geothermal resource established."
CTD5-A-01297,7,2,3277.0,1881.143,431514.3,4180800.0,0.96037,0.49446,272.3505,0.0058907,10.7701,"Geophysical donor high and surface receiver abstains. A buried structural boundary is one hypothesis; native cover/gradient/slope measurements above are context, not proof.",Basin-fill density boundary or volcanic lithologic contact; gravity and modelled cover may not be independent.,Compare both sides in official high-resolution terrain/geologic mapping and field offset observations. A continuous unfaulted contact would weaken the fault interpretation.,"Unverified candidate; no slip, permeability, temperature or geothermal resource established."
CTD5-A-01298,2,0,3276.0,1899.5,433350.0,4180900.0,0.9538,0.572,157.7252,0.00690558,27.3983,"Geophysical donor high and surface receiver abstains. A buried structural boundary is one hypothesis; native cover/gradient/slope measurements above are context, not proof.",Basin-fill density boundary or volcanic lithologic contact; gravity and modelled cover may not be independent.,Compare both sides in official high-resolution terrain/geologic mapping and field offset observations. A continuous unfaulted contact would weaken the fault interpretation.,"Unverified candidate; no slip, permeability, temperature or geothermal resource established."
CTD5-A-01299,1,0,3278.0,1861.0,429500.0,4180700.0,0.9616,0.60013,324.1725,0.0046942,17.8186,"Geophysical donor high and surface receiver abstains. A buried structural boundary is one hypothesis; native cover/gradient/slope measurements above are context, not proof.",Basin-fill density boundary or volcanic lithologic contact; gravity and modelled cover may not be independent.,Compare both sides in official high-resolution terrain/geologic mapping and field offset observations. A continuous unfaulted contact would weaken the fault interpretation.,"Unverified candidate; no slip, permeability, temperature or geothermal resource established."
CTD5-A-01300,1,1,3278.0,2098.0,453200.0,4180700.0,0.95413,0.49543,239.8772,0.00282449,2.0563,"Geophysical donor high and surface receiver abstains. A buried structural boundary is one hypothesis; native cover/gradient/slope measurements above are context, not proof.",Basin-fill density boundary or volcanic lithologic contact; gravity and modelled cover may not be independent.,Compare both sides in official high-resolution terrain/geologic mapping and field offset observations. A continuous unfaulted contact would weaken the fault interpretation.,"Unverified candidate; no slip, permeability, temperature or geothermal resource established."
CTD5-A-01301,1,0,3279.0,1919.0,435300.0,4180600.0,0.96113,0.6476,78.9917,0.00355957,8.1166,"Geophysical donor high and surface receiver abstains. A buried structural boundary is one hypothesis; native cover/gradient/slope measurements above are context, not proof.",Basin-fill density boundary or volcanic lithologic contact; gravity and modelled cover may not be independent.,Compare both sides in official high-resolution terrain/geologic mapping and field offset observations. A continuous unfaulted contact would weaken the fault interpretation.,"Unverified candidate; no slip, permeability, temperature or geothermal resource established."
CTD5-A-01302,1,1,3280.0,1862.0,429600.0,4180500.0,0.9641,0.53527,360.1129,0.00454546,16.8426,"Geophysical donor high and surface receiver abstains. A buried structural boundary is one hypothesis; native cover/gradient/slope measurements above are context, not proof.",Basin-fill density boundary or volcanic lithologic contact; gravity and modelled cover may not be independent.,Compare both sides in official high-resolution terrain/geologic mapping and field offset observations. A continuous unfaulted contact would weaken the fault interpretation.,"Unverified candidate; no slip, permeability, temperature or geothermal resource established."
CTD5-A-01303,6,1,3281.5,1890.667,432466.7,4180350.0,0.9721,0.41772,299.8487,0.00631648,16.5932,"Geophysical donor high and surface receiver abstains. A buried structural boundary is one hypothesis; native cover/gradient/slope measurements above are context, not proof.",Basin-fill density boundary or volcanic lithologic contact; gravity and modelled cover may not be independent.,Compare both sides in official high-resolution terrain/geologic mapping and field offset observations. A continuous unfaulted contact would weaken the fault interpretation.,"Unverified candidate; no slip, permeability, temperature or geothermal resource established."
CTD5-A-01304,9,1,3280.889,2149.333,458333.3,4180411.1,0.96669,0.53069,119.3005,0.00435628,2.3545,"Geophysical donor high and surface receiver abstains. A buried structural boundary is one hypothesis; native cover/gradient/slope measurements above are context, not proof.",Basin-fill density boundary or volcanic lithologic contact; gravity and modelled cover may not be independent.,Compare both sides in official high-resolution terrain/geologic mapping and field offset observations. A continuous unfaulted contact would weaken the fault interpretation.,"Unverified candidate; no slip, permeability, temperature or geothermal resource established."
CTD5-A-01305,2,0,3280.5,2198.5,463250.0,4180450.0,0.95417,0.6053,87.3417,0.00216882,3.3663,"Geophysical donor high and surface receiver abstains. A buried structural boundary is one hypothesis; native cover/gradient/slope measurements above are context, not proof.",Basin-fill density boundary or volcanic lithologic contact; gravity and modelled cover may not be independent.,Compare both sides in official high-resolution terrain/geologic mapping and field offset observations. A continuous unfaulted contact would weaken the fault interpretation.,"Unverified candidate; no slip, permeability, temperature or geothermal resource established."
CTD5-A-01306,5,2,3283.0,2099.0,453300.0,4180200.0,0.95359,0.47447,232.6115,0.00315262,2.2413,"Geophysical donor high and surface receiver abstains. A buried structural boundary is one hypothesis; native cover/gradient/slope measurements above are context, not proof.",Basin-fill density boundary or volcanic lithologic contact; gravity and modelled cover may not be independent.,Compare both sides in official high-resolution terrain/geologic mapping and field offset observations. A continuous unfaulted contact would weaken the fault interpretation.,"Unverified candidate; no slip, permeability, temperature or geothermal resource established."
CTD5-A-01307,1,1,3283.0,1888.0,432200.0,4180200.0,0.97813,0.3817,347.3724,0.00559924,12.3234,"Geophysical donor high and surface receiver abstains. A buried structural boundary is one hypothesis; native cover/gradient/slope measurements above are context, not proof.",Basin-fill density boundary or volcanic lithologic contact; gravity and modelled cover may not be independent.,Compare both sides in official high-resolution terrain/geologic mapping and field offset observations. A continuous unfaulted contact would weaken the fault interpretation.,"Unverified candidate; no slip, permeability, temperature or geothermal resource established."
CTD5-A-01308,1,0,3283.0,2095.0,452900.0,4180200.0,0.9547,0.41917,223.4163,0.00363892,5.2898,"Geophysical donor high and surface receiver abstains. A buried structural boundary is one hypothesis; native cover/gradient/slope measurements above are context, not proof.",Basin-fill density boundary or volcanic lithologic contact; gravity and modelled cover may not be independent.,Compare both sides in official high-resolution terrain/geologic mapping and field offset observations. A continuous unfaulted contact would weaken the fault interpretation.,"Unverified candidate; no slip, permeability, temperature or geothermal resource established."
CTD5-A-01309,14,1,3285.786,2154.643,458864.3,4179921.4,0.9579,0.60953,93.7729,0.00477318,3.1987,"Geophysical donor high and surface receiver abstains. A buried structural boundary is one hypothesis; native cover/gradient/slope measurements above are context, not proof.",Basin-fill density boundary or volcanic lithologic contact; gravity and modelled cover may not be independent.,Compare both sides in official high-resolution terrain/geologic mapping and field offset observations. A continuous unfaulted contact would weaken the fault interpretation.,"Unverified candidate; no slip, permeability, temperature or geothermal resource established."
CTD5-A-01310,3,0,3284.333,2091.0,452500.0,4180066.7,0.95543,0.59899,210.2592,0.00352745,5.391,"Geophysical donor high and surface receiver abstains. A buried structural boundary is one hypothesis; native cover/gradient/slope measurements above are context, not proof.",Basin-fill density boundary or volcanic lithologic contact; gravity and modelled cover may not be independent.,Compare both sides in official high-resolution terrain/geologic mapping and field offset observations. A continuous unfaulted contact would weaken the fault interpretation.,"Unverified candidate; no slip, permeability, temperature or geothermal resource established."
CTD5-A-01311,1,1,3285.0,1866.0,430000.0,4180000.0,0.97133,0.5779,450.9055,0.00362566,21.7675,"Geophysical donor high and surface receiver abstains. A buried structural boundary is one hypothesis; native cover/gradient/slope measurements above are context, not proof.",Basin-fill density boundary or volcanic lithologic contact; gravity and modelled cover may not be independent.,Compare both sides in official high-resolution terrain/geologic mapping and field offset observations. A continuous unfaulted contact would weaken the fault interpretation.,"Unverified candidate; no slip, permeability, temperature or geothermal resource established."
CTD5-A-01312,2,0,3286.0,1868.5,430250.0,4179900.0,0.9802,0.4098,465.517,0.00337075,31.0928,"Geophysical donor high and surface receiver abstains. A buried structural boundary is one hypothesis; native cover/gradient/slope measurements above are context, not proof.",Basin-fill density boundary or volcanic lithologic contact; gravity and modelled cover may not be independent.,Compare both sides in official high-resolution terrain/geologic mapping and field offset observations. A continuous unfaulted contact would weaken the fault interpretation.,"Unverified candidate; no slip, permeability, temperature or geothermal resource established."
CTD5-A-01313,2,1,3288.5,1870.0,430400.0,4179650.0,0.98568,0.53057,504.3667,0.00285091,24.8199,"Geophysical donor high and surface receiver abstains. A buried structural boundary is one hypothesis; native cover/gradient/slope measurements above are context, not proof.",Basin-fill density boundary or volcanic lithologic contact; gravity and modelled cover may not be independent.,Compare both sides in official high-resolution terrain/geologic mapping and field offset observations. A continuous unfaulted contact would weaken the fault interpretation.,"Unverified candidate; no slip, permeability, temperature or geothermal resource established."
CTD5-A-01314,3,0,3289.667,1886.0,432000.0,4179533.3,0.96131,0.53827,469.7772,0.00331267,15.2511,"Geophysical donor high and surface receiver abstains. A buried structural boundary is one hypothesis; native cover/gradient/slope measurements above are context, not proof.",Basin-fill density boundary or volcanic lithologic contact; gravity and modelled cover may not be independent.,Compare both sides in official high-resolution terrain/geologic mapping and field offset observations. A continuous unfaulted contact would weaken the fault interpretation.,"Unverified candidate; no slip, permeability, temperature or geothermal resource established."
CTD5-A-01315,1,0,3289.0,1904.0,433800.0,4179600.0,0.9615,0.42437,271.4173,0.00423716,26.9709,"Geophysical donor high and surface receiver abstains. A buried structural boundary is one hypothesis; native cover/gradient/slope measurements above are context, not proof.",Basin-fill density boundary or volcanic lithologic contact; gravity and modelled cover may not be independent.,Compare both sides in official high-resolution terrain/geologic mapping and field offset observations. A continuous unfaulted contact would weaken the fault interpretation.,"Unverified candidate; no slip, permeability, temperature or geothermal resource established."
CTD5-A-01316,1,1,3289.0,1906.0,434000.0,4179600.0,0.9537,0.55197,247.946,0.00420042,25.3566,"Geophysical donor high and surface receiver abstains. A buried structural boundary is one hypothesis; native cover/gradient/slope measurements above are context, not proof.",Basin-fill density boundary or volcanic lithologic contact; gravity and modelled cover may not be independent.,Compare both sides in official high-resolution terrain/geologic mapping and field offset observations. A continuous unfaulted contact would weaken the fault interpretation.,"Unverified candidate; no slip, permeability, temperature or geothermal resource established."
CTD5-A-01317,1,1,3290.0,1848.0,428200.0,4179500.0,0.97763,0.46673,512.8944,0.00260908,10.2348,"Geophysical donor high and surface receiver abstains. A buried structural boundary is one hypothesis; native cover/gradient/slope measurements above are context, not proof.",Basin-fill density boundary or volcanic lithologic contact; gravity and modelled cover may not be independent.,Compare both sides in official high-resolution terrain/geologic mapping and field offset observations. A continuous unfaulted contact would weaken the fault interpretation.,"Unverified candidate; no slip, permeability, temperature or geothermal resource established."
CTD5-A-01318,6,2,3292.333,1872.0,430600.0,4179266.7,0.97437,0.49132,565.108,0.00233713,15.6354,"Geophysical donor high and surface receiver abstains. A buried structural boundary is one hypothesis; native cover/gradient/slope measurements above are context, not proof.",Basin-fill density boundary or volcanic lithologic contact; gravity and modelled cover may not be independent.,Compare both sides in official high-resolution terrain/geologic mapping and field offset observations. A continuous unfaulted contact would weaken the fault interpretation.,"Unverified candidate; no slip, permeability, temperature or geothermal resource established."
CTD5-A-01319,3,1,3291.667,1904.667,433866.7,4179333.3,0.97533,0.46959,295.3596,0.00382195,24.771,"Geophysical donor high and surface receiver abstains. A buried structural boundary is one hypothesis; native cover/gradient/slope measurements above are context, not proof.",Basin-fill density boundary or volcanic lithologic contact; gravity and modelled cover may not be independent.,Compare both sides in official high-resolution terrain/geologic mapping and field offset observations. A continuous unfaulted contact would weaken the fault interpretation.,"Unverified candidate; no slip, permeability, temperature or geothermal resource established."
CTD5-A-01320,2,1,3292.0,1883.5,431750.0,4179300.0,0.98235,0.50678,521.4546,0.00280437,17.4559,"Geophysical donor high and surface receiver abstains. A buried structural boundary is one hypothesis; native cover/gradient/slope measurements above are context, not proof.",Basin-fill density boundary or volcanic lithologic contact; gravity and modelled cover may not be independent.,Compare both sides in official high-resolution terrain/geologic mapping and field offset observations. A continuous unfaulted contact would weaken the fault interpretation.,"Unverified candidate; no slip, permeability, temperature or geothermal resource established."
CTD5-A-01321,1,0,3292.0,1907.0,434100.0,4179300.0,0.97603,0.37137,269.4782,0.00375482,22.8066,"Geophysical donor high and surface receiver abstains. A buried structural boundary is one hypothesis; native cover/gradient/slope measurements above are context, not proof.",Basin-fill density boundary or volcanic lithologic contact; gravity and modelled cover may not be independent.,Compare both sides in official high-resolution terrain/geologic mapping and field offset observations. A continuous unfaulted contact would weaken the fault interpretation.,"Unverified candidate; no slip, permeability, temperature or geothermal resource established."
CTD5-A-01322,9,3,3293.778,1911.444,434544.4,4179122.2,0.97499,0.45934,243.6316,0.00337558,24.1972,"Geophysical donor high and surface receiver abstains. A buried structural boundary is one hypothesis; native cover/gradient/slope measurements above are context, not proof.",Basin-fill density boundary or volcanic lithologic contact; gravity and modelled cover may not be independent.,Compare both sides in official high-resolution terrain/geologic mapping and field offset observations. A continuous unfaulted contact would weaken the fault interpretation.,"Unverified candidate; no slip, permeability, temperature or geothermal resource established."
CTD5-A-01323,4,1,3294.75,1876.5,431050.0,4179025.0,0.96782,0.56902,598.5613,0.00196316,25.5716,"Geophysical donor high and surface receiver abstains. A buried structural boundary is one hypothesis; native cover/gradient/slope measurements above are context, not proof.",Basin-fill density boundary or volcanic lithologic contact; gravity and modelled cover may not be independent.,Compare both sides in official high-resolution terrain/geologic mapping and field offset observations. A continuous unfaulted contact would weaken the fault interpretation.,"Unverified candidate; no slip, permeability, temperature or geothermal resource established."
CTD5-A-01324,20,2,3298.25,2161.05,459505.0,4178675.0,0.96407,0.55924,52.0874,0.00328231,2.9887,"Geophysical donor high and surface receiver abstains. A buried structural boundary is one hypothesis; native cover/gradient/slope measurements above are context, not proof.",Basin-fill density boundary or volcanic lithologic contact; gravity and modelled cover may not be independent.,Compare both sides in official high-resolution terrain/geologic mapping and field offset observations. A continuous unfaulted contact would weaken the fault interpretation.,"Unverified candidate; no slip, permeability, temperature or geothermal resource established."
CTD5-A-01325,23,5,3300.652,1848.565,428256.5,4178434.8,0.98353,0.51223,629.8903,0.00195081,11.3997,"Geophysical donor high and surface receiver abstains. A buried structural boundary is one hypothesis; native cover/gradient/slope measurements above are context, not proof.",Basin-fill density boundary or volcanic lithologic contact; gravity and modelled cover may not be independent.,Compare both sides in official high-resolution terrain/geologic mapping and field offset observations. A continuous unfaulted contact would weaken the fault interpretation.,"Unverified candidate; no slip, permeability, temperature or geothermal resource established."
CTD5-A-01326,11,2,3298.0,1923.273,435727.3,4178700.0,0.96539,0.60444,186.5211,0.00256965,10.5425,"Geophysical donor high and surface receiver abstains. A buried structural boundary is one hypothesis; native cover/gradient/slope measurements above are context, not proof.",Basin-fill density boundary or volcanic lithologic contact; gravity and modelled cover may not be independent.,Compare both sides in official high-resolution terrain/geologic mapping and field offset observations. A continuous unfaulted contact would weaken the fault interpretation.,"Unverified candidate; no slip, permeability, temperature or geothermal resource established."
CTD5-A-01327,12,3,3299.917,1891.5,432550.0,4178508.3,0.97565,0.43359,558.7479,0.00158997,19.9528,"Geophysical donor high and surface receiver abstains. A buried structural boundary is one hypothesis; native cover/gradient/slope measurements above are context, not proof.",Basin-fill density boundary or volcanic lithologic contact; gravity and modelled cover may not be independent.,Compare both sides in official high-resolution terrain/geologic mapping and field offset observations. A continuous unfaulted contact would weaken the fault interpretation.,"Unverified candidate; no slip, permeability, temperature or geothermal resource established."
CTD5-A-01328,1,0,3298.0,1914.0,434800.0,4178700.0,0.97777,0.54697,252.7887,0.00275391,26.3518,"Geophysical donor high and surface receiver abstains. A buried structural boundary is one hypothesis; native cover/gradient/slope measurements above are context, not proof.",Basin-fill density boundary or volcanic lithologic contact; gravity and modelled cover may not be independent.,Compare both sides in official high-resolution terrain/geologic mapping and field offset observations. A continuous unfaulted contact would weaken the fault interpretation.,"Unverified candidate; no slip, permeability, temperature or geothermal resource established."
CTD5-A-01329,6,2,3302.0,1916.167,435016.7,4178300.0,0.97273,0.44161,256.3106,0.00239608,23.1667,"Geophysical donor high and surface receiver abstains. A buried structural boundary is one hypothesis; native cover/gradient/slope measurements above are context, not proof.",Basin-fill density boundary or volcanic lithologic contact; gravity and modelled cover may not be independent.,Compare both sides in official high-resolution terrain/geologic mapping and field offset observations. A continuous unfaulted contact would weaken the fault interpretation.,"Unverified candidate; no slip, permeability, temperature or geothermal resource established."
CTD5-A-01330,9,2,3306.556,1922.889,435688.9,4177844.4,0.96924,0.52834,229.4002,0.00202256,20.8063,"Geophysical donor high and surface receiver abstains. A buried structural boundary is one hypothesis; native cover/gradient/slope measurements above are context, not proof.",Basin-fill density boundary or volcanic lithologic contact; gravity and modelled cover may not be independent.,Compare both sides in official high-resolution terrain/geologic mapping and field offset observations. A continuous unfaulted contact would weaken the fault interpretation.,"Unverified candidate; no slip, permeability, temperature or geothermal resource established."
CTD5-A-01331,1,0,3304.0,2082.0,451600.0,4178100.0,0.9517,0.63743,177.3037,0.00223505,2.4351,"Geophysical donor high and surface receiver abstains. A buried structural boundary is one hypothesis; native cover/gradient/slope measurements above are context, not proof.",Basin-fill density boundary or volcanic lithologic contact; gravity and modelled cover may not be independent.,Compare both sides in official high-resolution terrain/geologic mapping and field offset observations. A continuous unfaulted contact would weaken the fault interpretation.,"Unverified candidate; no slip, permeability, temperature or geothermal resource established."
CTD5-A-01332,1,1,3305.0,1644.0,407800.0,4178000.0,0.9559,0.42787,156.787,0.00164548,0.5591,"Geophysical donor high and surface receiver abstains. A buried structural boundary is one hypothesis; native cover/gradient/slope measurements above are context, not proof.",Basin-fill density boundary or volcanic lithologic contact; gravity and modelled cover may not be independent.,Compare both sides in official high-resolution terrain/geologic mapping and field offset observations. A continuous unfaulted contact would weaken the fault interpretation.,"Unverified candidate; no slip, permeability, temperature or geothermal resource established."
CTD5-A-01333,11,2,3309.455,1840.364,427436.4,4177554.5,0.96653,0.55224,699.9526,0.00199787,10.3478,"Geophysical donor high and surface receiver abstains. A buried structural boundary is one hypothesis; native cover/gradient/slope measurements above are context, not proof.",Basin-fill density boundary or volcanic lithologic contact; gravity and modelled cover may not be independent.,Compare both sides in official high-resolution terrain/geologic mapping and field offset observations. A continuous unfaulted contact would weaken the fault interpretation.,"Unverified candidate; no slip, permeability, temperature or geothermal resource established."
CTD5-A-01334,2,1,3306.5,1912.5,434650.0,4177850.0,0.97672,0.4541,321.7543,0.00191872,11.0661,"Geophysical donor high and surface receiver abstains. A buried structural boundary is one hypothesis; native cover/gradient/slope measurements above are context, not proof.",Basin-fill density boundary or volcanic lithologic contact; gravity and modelled cover may not be independent.,Compare both sides in official high-resolution terrain/geologic mapping and field offset observations. A continuous unfaulted contact would weaken the fault interpretation.,"Unverified candidate; no slip, permeability, temperature or geothermal resource established."
CTD5-A-01335,1,1,3309.0,1844.0,427800.0,4177600.0,0.97823,0.49917,685.6205,0.00187373,20.6454,"Geophysical donor high and surface receiver abstains. A buried structural boundary is one hypothesis; native cover/gradient/slope measurements above are context, not proof.",Basin-fill density boundary or volcanic lithologic contact; gravity and modelled cover may not be independent.,Compare both sides in official high-resolution terrain/geologic mapping and field offset observations. A continuous unfaulted contact would weaken the fault interpretation.,"Unverified candidate; no slip, permeability, temperature or geothermal resource established."
CTD5-A-01336,2,0,3309.5,1916.0,435000.0,4177550.0,0.97525,0.39522,283.6391,0.00173538,12.1097,"Geophysical donor high and surface receiver abstains. A buried structural boundary is one hypothesis; native cover/gradient/slope measurements above are context, not proof.",Basin-fill density boundary or volcanic lithologic contact; gravity and modelled cover may not be independent.,Compare both sides in official high-resolution terrain/geologic mapping and field offset observations. A continuous unfaulted contact would weaken the fault interpretation.,"Unverified candidate; no slip, permeability, temperature or geothermal resource established."
CTD5-A-01337,1,0,3309.0,2165.0,459900.0,4177600.0,0.95547,0.64807,38.521,0.00264825,13.5784,"Geophysical donor high and surface receiver abstains. A buried structural boundary is one hypothesis; native cover/gradient/slope measurements above are context, not proof.",Basin-fill density boundary or volcanic lithologic contact; gravity and modelled cover may not be independent.,Compare both sides in official high-resolution terrain/geologic mapping and field offset observations. A continuous unfaulted contact would weaken the fault interpretation.,"Unverified candidate; no slip, permeability, temperature or geothermal resource established."
CTD5-A-01338,275,32,3323.407,1928.84,436284.0,4176159.3,0.97818,0.5042,295.1407,0.00146187,12.8506,"Geophysical donor high and surface receiver abstains. A buried structural boundary is one hypothesis; native cover/gradient/slope measurements above are context, not proof.",Basin-fill density boundary or volcanic lithologic contact; gravity and modelled cover may not be independent.,Compare both sides in official high-resolution terrain/geologic mapping and field offset observations. A continuous unfaulted contact would weaken the fault interpretation.,"Unverified candidate; no slip, permeability, temperature or geothermal resource established."
CTD5-A-01339,2,0,3310.5,2171.0,460500.0,4177450.0,0.9588,0.59552,55.9311,0.00172625,11.168,"Geophysical donor high and surface receiver abstains. A buried structural boundary is one hypothesis; native cover/gradient/slope measurements above are context, not proof.",Basin-fill density boundary or volcanic lithologic contact; gravity and modelled cover may not be independent.,Compare both sides in official high-resolution terrain/geologic mapping and field offset observations. A continuous unfaulted contact would weaken the fault interpretation.,"Unverified candidate; no slip, permeability, temperature or geothermal resource established."
CTD5-A-01340,2,1,3311.0,1888.5,432250.0,4177400.0,0.97593,0.41903,661.261,0.00119084,21.3585,"Geophysical donor high and surface receiver abstains. A buried structural boundary is one hypothesis; native cover/gradient/slope measurements above are context, not proof.",Basin-fill density boundary or volcanic lithologic contact; gravity and modelled cover may not be independent.,Compare both sides in official high-resolution terrain/geologic mapping and field offset observations. A continuous unfaulted contact would weaken the fault interpretation.,"Unverified candidate; no slip, permeability, temperature or geothermal resource established."
CTD5-A-01341,5,1,3312.0,1922.6,435660.0,4177300.0,0.95894,0.53035,241.5281,0.00174008,24.3009,"Geophysical donor high and surface receiver abstains. A buried structural boundary is one hypothesis; native cover/gradient/slope measurements above are context, not proof.",Basin-fill density boundary or volcanic lithologic contact; gravity and modelled cover may not be independent.,Compare both sides in official high-resolution terrain/geologic mapping and field offset observations. A continuous unfaulted contact would weaken the fault interpretation.,"Unverified candidate; no slip, permeability, temperature or geothermal resource established."
CTD5-A-01342,2,1,3311.5,1941.0,437500.0,4177350.0,0.95223,0.58162,311.9443,0.00270092,14.6819,"Geophysical donor high and surface receiver abstains. A buried structural boundary is one hypothesis; native cover/gradient/slope measurements above are context, not proof.",Basin-fill density boundary or volcanic lithologic contact; gravity and modelled cover may not be independent.,Compare both sides in official high-resolution terrain/geologic mapping and field offset observations. A continuous unfaulted contact would weaken the fault interpretation.,"Unverified candidate; no slip, permeability, temperature or geothermal resource established."
CTD5-A-01343,1,1,3312.0,1927.0,436100.0,4177300.0,0.9644,0.60653,221.0886,0.00180875,15.2109,"Geophysical donor high and surface receiver abstains. A buried structural boundary is one hypothesis; native cover/gradient/slope measurements above are context, not proof.",Basin-fill density boundary or volcanic lithologic contact; gravity and modelled cover may not be independent.,Compare both sides in official high-resolution terrain/geologic mapping and field offset observations. A continuous unfaulted contact would weaken the fault interpretation.,"Unverified candidate; no slip, permeability, temperature or geothermal resource established."
CTD5-A-01344,3,1,3314.0,1841.667,427566.7,4177100.0,0.97199,0.54796,718.4109,0.00206204,17.1924,"Geophysical donor high and surface receiver abstains. A buried structural boundary is one hypothesis; native cover/gradient/slope measurements above are context, not proof.",Basin-fill density boundary or volcanic lithologic contact; gravity and modelled cover may not be independent.,Compare both sides in official high-resolution terrain/geologic mapping and field offset observations. A continuous unfaulted contact would weaken the fault interpretation.,"Unverified candidate; no slip, permeability, temperature or geothermal resource established."
CTD5-A-01345,2,1,3313.5,1910.0,434400.0,4177150.0,0.98847,0.40292,364.1776,0.00122514,21.6881,"Geophysical donor high and surface receiver abstains. A buried structural boundary is one hypothesis; native cover/gradient/slope measurements above are context, not proof.",Basin-fill density boundary or volcanic lithologic contact; gravity and modelled cover may not be independent.,Compare both sides in official high-resolution terrain/geologic mapping and field offset observations. A continuous unfaulted contact would weaken the fault interpretation.,"Unverified candidate; no slip, permeability, temperature or geothermal resource established."
CTD5-A-01346,3,1,3315.0,1898.0,433200.0,4177000.0,0.98103,0.45741,552.3307,0.00118725,11.7165,"Geophysical donor high and surface receiver abstains. A buried structural boundary is one hypothesis; native cover/gradient/slope measurements above are context, not proof.",Basin-fill density boundary or volcanic lithologic contact; gravity and modelled cover may not be independent.,Compare both sides in official high-resolution terrain/geologic mapping and field offset observations. A continuous unfaulted contact would weaken the fault interpretation.,"Unverified candidate; no slip, permeability, temperature or geothermal resource established."
CTD5-A-01347,7,2,3314.571,1941.714,437571.4,4177042.9,0.98081,0.51801,343.7861,0.0026921,17.5408,"Geophysical donor high and surface receiver abstains. A buried structural boundary is one hypothesis; native cover/gradient/slope measurements above are context, not proof.",Basin-fill density boundary or volcanic lithologic contact; gravity and modelled cover may not be independent.,Compare both sides in official high-resolution terrain/geologic mapping and field offset observations. A continuous unfaulted contact would weaken the fault interpretation.,"Unverified candidate; no slip, permeability, temperature or geothermal resource established."
CTD5-A-01348,22,4,3317.727,1882.591,431659.1,4176727.3,0.97816,0.51468,694.8553,0.00134057,32.1248,"Geophysical donor high and surface receiver abstains. A buried structural boundary is one hypothesis; native cover/gradient/slope measurements above are context, not proof.",Basin-fill density boundary or volcanic lithologic contact; gravity and modelled cover may not be independent.,Compare both sides in official high-resolution terrain/geologic mapping and field offset observations. A continuous unfaulted contact would weaken the fault interpretation.,"Unverified candidate; no slip, permeability, temperature or geothermal resource established."
CTD5-A-01349,1,0,3316.0,1839.0,427300.0,4176900.0,0.96157,0.57567,739.9656,0.00221142,15.942,"Geophysical donor high and surface receiver abstains. A buried structural boundary is one hypothesis; native cover/gradient/slope measurements above are context, not proof.",Basin-fill density boundary or volcanic lithologic contact; gravity and modelled cover may not be independent.,Compare both sides in official high-resolution terrain/geologic mapping and field offset observations. A continuous unfaulted contact would weaken the fault interpretation.,"Unverified candidate; no slip, permeability, temperature or geothermal resource established."
CTD5-A-01350,10,2,3317.7,1892.0,432600.0,4176730.0,0.98228,0.53332,624.3192,0.00122457,16.5651,"Geophysical donor high and surface receiver abstains. A buried structural boundary is one hypothesis; native cover/gradient/slope measurements above are context, not proof.",Basin-fill density boundary or volcanic lithologic contact; gravity and modelled cover may not be independent.,Compare both sides in official high-resolution terrain/geologic mapping and field offset observations. A continuous unfaulted contact would weaken the fault interpretation.,"Unverified candidate; no slip, permeability, temperature or geothermal resource established."
CTD5-A-01351,53,8,3322.113,1901.623,433562.3,4176288.7,0.98491,0.44044,488.4527,0.00090239,16.7676,"Geophysical donor high and surface receiver abstains. A buried structural boundary is one hypothesis; native cover/gradient/slope measurements above are context, not proof.",Basin-fill density boundary or volcanic lithologic contact; gravity and modelled cover may not be independent.,Compare both sides in official high-resolution terrain/geologic mapping and field offset observations. A continuous unfaulted contact would weaken the fault interpretation.,"Unverified candidate; no slip, permeability, temperature or geothermal resource established."
CTD5-A-01352,1,1,3317.0,1913.0,434700.0,4176800.0,0.97787,0.4412,326.6479,0.00103445,38.289,"Geophysical donor high and surface receiver abstains. A buried structural boundary is one hypothesis; native cover/gradient/slope measurements above are context, not proof.",Basin-fill density boundary or volcanic lithologic contact; gravity and modelled cover may not be independent.,Compare both sides in official high-resolution terrain/geologic mapping and field offset observations. A continuous unfaulted contact would weaken the fault interpretation.,"Unverified candidate; no slip, permeability, temperature or geothermal resource established."
CTD5-A-01353,15,2,3321.267,1945.8,437980.0,4176373.3,0.9721,0.53748,471.2236,0.00302829,19.2433,"Geophysical donor high and surface receiver abstains. A buried structural boundary is one hypothesis; native cover/gradient/slope measurements above are context, not proof.",Basin-fill density boundary or volcanic lithologic contact; gravity and modelled cover may not be independent.,Compare both sides in official high-resolution terrain/geologic mapping and field offset observations. A continuous unfaulted contact would weaken the fault interpretation.,"Unverified candidate; no slip, permeability, temperature or geothermal resource established."
CTD5-A-01354,3,1,3319.0,1941.0,437500.0,4176600.0,0.98022,0.50029,363.8556,0.00256638,30.9938,"Geophysical donor high and surface receiver abstains. A buried structural boundary is one hypothesis; native cover/gradient/slope measurements above are context, not proof.",Basin-fill density boundary or volcanic lithologic contact; gravity and modelled cover may not be independent.,Compare both sides in official high-resolution terrain/geologic mapping and field offset observations. A continuous unfaulted contact would weaken the fault interpretation.,"Unverified candidate; no slip, permeability, temperature or geothermal resource established."
CTD5-A-01355,21,3,3321.333,1887.048,432104.8,4176366.7,0.97884,0.51561,670.865,0.00134298,14.0991,"Geophysical donor high and surface receiver abstains. A buried structural boundary is one hypothesis; native cover/gradient/slope measurements above are context, not proof.",Basin-fill density boundary or volcanic lithologic contact; gravity and modelled cover may not be independent.,Compare both sides in official high-resolution terrain/geologic mapping and field offset observations. A continuous unfaulted contact would weaken the fault interpretation.,"Unverified candidate; no slip, permeability, temperature or geothermal resource established."
CTD5-A-01356,3,1,3320.0,1913.667,434766.7,4176500.0,0.98128,0.43682,315.8644,0.00089907,18.5356,"Geophysical donor high and surface receiver abstains. A buried structural boundary is one hypothesis; native cover/gradient/slope measurements above are context, not proof.",Basin-fill density boundary or volcanic lithologic contact; gravity and modelled cover may not be independent.,Compare both sides in official high-resolution terrain/geologic mapping and field offset observations. A continuous unfaulted contact would weaken the fault interpretation.,"Unverified candidate; no slip, permeability, temperature or geothermal resource established."
CTD5-A-01357,18,2,3323.222,1917.111,435111.1,4176177.8,0.9817,0.4227,274.1018,0.00106715,17.4829,"Geophysical donor high and surface receiver abstains. A buried structural boundary is one hypothesis; native cover/gradient/slope measurements above are context, not proof.",Basin-fill density boundary or volcanic lithologic contact; gravity and modelled cover may not be independent.,Compare both sides in official high-resolution terrain/geologic mapping and field offset observations. A continuous unfaulted contact would weaken the fault interpretation.,"Unverified candidate; no slip, permeability, temperature or geothermal resource established."
CTD5-A-01358,1,0,3320.0,1904.0,433800.0,4176500.0,0.98553,0.36077,451.3657,0.0009227,36.4346,"Geophysical donor high and surface receiver abstains. A buried structural boundary is one hypothesis; native cover/gradient/slope measurements above are context, not proof.",Basin-fill density boundary or volcanic lithologic contact; gravity and modelled cover may not be independent.,Compare both sides in official high-resolution terrain/geologic mapping and field offset observations. A continuous unfaulted contact would weaken the fault interpretation.,"Unverified candidate; no slip, permeability, temperature or geothermal resource established."
CTD5-A-01359,3,1,3321.0,2165.667,459966.7,4176400.0,0.95027,0.63572,38.9924,0.00265208,9.5872,"Geophysical donor high and surface receiver abstains. A buried structural boundary is one hypothesis; native cover/gradient/slope measurements above are context, not proof.",Basin-fill density boundary or volcanic lithologic contact; gravity and modelled cover may not be independent.,Compare both sides in official high-resolution terrain/geologic mapping and field offset observations. A continuous unfaulted contact would weaken the fault interpretation.,"Unverified candidate; no slip, permeability, temperature or geothermal resource established."
CTD5-A-01360,1,0,3321.0,1912.0,434600.0,4176400.0,0.98487,0.37577,335.3373,0.00070878,13.0032,"Geophysical donor high and surface receiver abstains. A buried structural boundary is one hypothesis; native cover/gradient/slope measurements above are context, not proof.",Basin-fill density boundary or volcanic lithologic contact; gravity and modelled cover may not be independent.,Compare both sides in official high-resolution terrain/geologic mapping and field offset observations. A continuous unfaulted contact would weaken the fault interpretation.,"Unverified candidate; no slip, permeability, temperature or geothermal resource established."
CTD5-A-01361,4,2,3325.5,1867.0,430100.0,4175950.0,0.96916,0.45731,710.3101,0.00202903,26.5158,"Geophysical donor high and surface receiver abstains. A buried structural boundary is one hypothesis; native cover/gradient/slope measurements above are context, not proof.",Basin-fill density boundary or volcanic lithologic contact; gravity and modelled cover may not be independent.,Compare both sides in official high-resolution terrain/geologic mapping and field offset observations. A continuous unfaulted contact would weaken the fault interpretation.,"Unverified candidate; no slip, permeability, temperature or geothermal resource established."
CTD5-A-01362,1,0,3325.0,1884.0,431800.0,4176000.0,0.97397,0.6128,682.5274,0.00148758,40.7595,"Geophysical donor high and surface receiver abstains. A buried structural boundary is one hypothesis; native cover/gradient/slope measurements above are context, not proof.",Basin-fill density boundary or volcanic lithologic contact; gravity and modelled cover may not be independent.,Compare both sides in official high-resolution terrain/geologic mapping and field offset observations. A continuous unfaulted contact would weaken the fault interpretation.,"Unverified candidate; no slip, permeability, temperature or geothermal resource established."
CTD5-A-01363,1,0,3325.0,1961.0,439500.0,4176000.0,0.95127,0.58227,826.6067,0.00318138,3.1202,"Geophysical donor high and surface receiver abstains. A buried structural boundary is one hypothesis; native cover/gradient/slope measurements above are context, not proof.",Basin-fill density boundary or volcanic lithologic contact; gravity and modelled cover may not be independent.,Compare both sides in official high-resolution terrain/geologic mapping and field offset observations. A continuous unfaulted contact would weaken the fault interpretation.,"Unverified candidate; no slip, permeability, temperature or geothermal resource established."
CTD5-A-01364,4,1,3327.0,1818.75,425275.0,4175800.0,0.97951,0.5124,791.256,0.00189067,20.4274,"Geophysical donor high and surface receiver abstains. A buried structural boundary is one hypothesis; native cover/gradient/slope measurements above are context, not proof.",Basin-fill density boundary or volcanic lithologic contact; gravity and modelled cover may not be independent.,Compare both sides in official high-resolution terrain/geologic mapping and field offset observations. A continuous unfaulted contact would weaken the fault interpretation.,"Unverified candidate; no slip, permeability, temperature or geothermal resource established."
CTD5-A-01365,14,3,3329.571,1822.5,425650.0,4175542.9,0.97706,0.48462,806.1554,0.00186578,12.1952,"Geophysical donor high and surface receiver abstains. A buried structural boundary is one hypothesis; native cover/gradient/slope measurements above are context, not proof.",Basin-fill density boundary or volcanic lithologic contact; gravity and modelled cover may not be independent.,Compare both sides in official high-resolution terrain/geologic mapping and field offset observations. A continuous unfaulted contact would weaken the fault interpretation.,"Unverified candidate; no slip, permeability, temperature or geothermal resource established."
CTD5-A-01366,6,1,3327.5,1889.833,432383.3,4175750.0,0.97593,0.49118,650.8024,0.00142717,10.2161,"Geophysical donor high and surface receiver abstains. A buried structural boundary is one hypothesis; native cover/gradient/slope measurements above are context, not proof.",Basin-fill density boundary or volcanic lithologic contact; gravity and modelled cover may not be independent.,Compare both sides in official high-resolution terrain/geologic mapping and field offset observations. A continuous unfaulted contact would weaken the fault interpretation.,"Unverified candidate; no slip, permeability, temperature or geothermal resource established."
CTD5-A-01367,34,5,3328.941,1958.029,439202.9,4175605.9,0.96207,0.56173,843.6074,0.00307247,3.2038,"Geophysical donor high and surface receiver abstains. A buried structural boundary is one hypothesis; native cover/gradient/slope measurements above are context, not proof.",Basin-fill density boundary or volcanic lithologic contact; gravity and modelled cover may not be independent.,Compare both sides in official high-resolution terrain/geologic mapping and field offset observations. A continuous unfaulted contact would weaken the fault interpretation.,"Unverified candidate; no slip, permeability, temperature or geothermal resource established."
CTD5-A-01368,23,3,3330.13,1880.435,431443.5,4175487.0,0.97294,0.51601,710.6866,0.00165636,24.8521,"Geophysical donor high and surface receiver abstains. A buried structural boundary is one hypothesis; native cover/gradient/slope measurements above are context, not proof.",Basin-fill density boundary or volcanic lithologic contact; gravity and modelled cover may not be independent.,Compare both sides in official high-resolution terrain/geologic mapping and field offset observations. A continuous unfaulted contact would weaken the fault interpretation.,"Unverified candidate; no slip, permeability, temperature or geothermal resource established."
CTD5-A-01369,1,1,3327.0,1885.0,431900.0,4175800.0,0.97787,0.64457,684.2521,0.00151823,24.9991,"Geophysical donor high and surface receiver abstains. A buried structural boundary is one hypothesis; native cover/gradient/slope measurements above are context, not proof.",Basin-fill density boundary or volcanic lithologic contact; gravity and modelled cover may not be independent.,Compare both sides in official high-resolution terrain/geologic mapping and field offset observations. A continuous unfaulted contact would weaken the fault interpretation.,"Unverified candidate; no slip, permeability, temperature or geothermal resource established."
CTD5-A-01370,2,1,3328.0,1895.5,432950.0,4175700.0,0.97513,0.3598,587.1461,0.0012772,7.6606,"Geophysical donor high and surface receiver abstains. A buried structural boundary is one hypothesis; native cover/gradient/slope measurements above are context, not proof.",Basin-fill density boundary or volcanic lithologic contact; gravity and modelled cover may not be independent.,Compare both sides in official high-resolution terrain/geologic mapping and field offset observations. A continuous unfaulted contact would weaken the fault interpretation.,"Unverified candidate; no slip, permeability, temperature or geothermal resource established."
CTD5-A-01371,1,1,3328.0,1903.0,433700.0,4175700.0,0.98553,0.3553,474.324,0.00084571,12.2799,"Geophysical donor high and surface receiver abstains. A buried structural boundary is one hypothesis; native cover/gradient/slope measurements above are context, not proof.",Basin-fill density boundary or volcanic lithologic contact; gravity and modelled cover may not be independent.,Compare both sides in official high-resolution terrain/geologic mapping and field offset observations. A continuous unfaulted contact would weaken the fault interpretation.,"Unverified candidate; no slip, permeability, temperature or geothermal resource established."
CTD5-A-01372,1,0,3329.0,1887.0,432100.0,4175600.0,0.97513,0.62547,681.8193,0.00152794,19.8927,"Geophysical donor high and surface receiver abstains. A buried structural boundary is one hypothesis; native cover/gradient/slope measurements above are context, not proof.",Basin-fill density boundary or volcanic lithologic contact; gravity and modelled cover may not be independent.,Compare both sides in official high-resolution terrain/geologic mapping and field offset observations. A continuous unfaulted contact would weaken the fault interpretation.,"Unverified candidate; no slip, permeability, temperature or geothermal resource established."
CTD5-A-01373,1,1,3329.0,1900.0,433400.0,4175600.0,0.98533,0.46907,526.6903,0.00102901,10.8897,"Geophysical donor high and surface receiver abstains. A buried structural boundary is one hypothesis; native cover/gradient/slope measurements above are context, not proof.",Basin-fill density boundary or volcanic lithologic contact; gravity and modelled cover may not be independent.,Compare both sides in official high-resolution terrain/geologic mapping and field offset observations. A continuous unfaulted contact would weaken the fault interpretation.,"Unverified candidate; no slip, permeability, temperature or geothermal resource established."
CTD5-A-01374,2,1,3329.0,1914.5,434850.0,4175600.0,0.98533,0.38013,321.0025,0.00085376,8.2764,"Geophysical donor high and surface receiver abstains. A buried structural boundary is one hypothesis; native cover/gradient/slope measurements above are context, not proof.",Basin-fill density boundary or volcanic lithologic contact; gravity and modelled cover may not be independent.,Compare both sides in official high-resolution terrain/geologic mapping and field offset observations. A continuous unfaulted contact would weaken the fault interpretation.,"Unverified candidate; no slip, permeability, temperature or geothermal resource established."
CTD5-A-01375,1,1,3331.0,1936.0,437000.0,4175400.0,0.98677,0.47023,380.7157,0.00129069,11.0743,"Geophysical donor high and surface receiver abstains. A buried structural boundary is one hypothesis; native cover/gradient/slope measurements above are context, not proof.",Basin-fill density boundary or volcanic lithologic contact; gravity and modelled cover may not be independent.,Compare both sides in official high-resolution terrain/geologic mapping and field offset observations. A continuous unfaulted contact would weaken the fault interpretation.,"Unverified candidate; no slip, permeability, temperature or geothermal resource established."
CTD5-A-01376,1,0,3332.0,1656.0,409000.0,4175300.0,0.95013,0.47127,142.0931,0.00292245,9.5646,"Geophysical donor high and surface receiver abstains. A buried structural boundary is one hypothesis; native cover/gradient/slope measurements above are context, not proof.",Basin-fill density boundary or volcanic lithologic contact; gravity and modelled cover may not be independent.,Compare both sides in official high-resolution terrain/geologic mapping and field offset observations. A continuous unfaulted contact would weaken the fault interpretation.,"Unverified candidate; no slip, permeability, temperature or geothermal resource established."
CTD5-A-01377,4,1,3333.25,1826.0,426000.0,4175175.0,0.97602,0.40041,825.6849,0.00136547,6.5987,"Geophysical donor high and surface receiver abstains. A buried structural boundary is one hypothesis; native cover/gradient/slope measurements above are context, not proof.",Basin-fill density boundary or volcanic lithologic contact; gravity and modelled cover may not be independent.,Compare both sides in official high-resolution terrain/geologic mapping and field offset observations. A continuous unfaulted contact would weaken the fault interpretation.,"Unverified candidate; no slip, permeability, temperature or geothermal resource established."
CTD5-A-01378,1,1,3333.0,1885.0,431900.0,4175200.0,0.97203,0.49763,700.2664,0.0017371,22.4849,"Geophysical donor high and surface receiver abstains. A buried structural boundary is one hypothesis; native cover/gradient/slope measurements above are context, not proof.",Basin-fill density boundary or volcanic lithologic contact; gravity and modelled cover may not be independent.,Compare both sides in official high-resolution terrain/geologic mapping and field offset observations. A continuous unfaulted contact would weaken the fault interpretation.,"Unverified candidate; no slip, permeability, temperature or geothermal resource established."
CTD5-A-01379,1,1,3333.0,1930.0,436400.0,4175200.0,0.95217,0.6098,320.5599,0.00069011,11.16,"Geophysical donor high and surface receiver abstains. A buried structural boundary is one hypothesis; native cover/gradient/slope measurements above are context, not proof.",Basin-fill density boundary or volcanic lithologic contact; gravity and modelled cover may not be independent.,Compare both sides in official high-resolution terrain/geologic mapping and field offset observations. A continuous unfaulted contact would weaken the fault interpretation.,"Unverified candidate; no slip, permeability, temperature or geothermal resource established."
CTD5-A-01380,1,0,3337.0,1870.0,430400.0,4174800.0,0.95323,0.3774,788.1765,0.00276425,24.1843,"Geophysical donor high and surface receiver abstains. A buried structural boundary is one hypothesis; native cover/gradient/slope measurements above are context, not proof.",Basin-fill density boundary or volcanic lithologic contact; gravity and modelled cover may not be independent.,Compare both sides in official high-resolution terrain/geologic mapping and field offset observations. A continuous unfaulted contact would weaken the fault interpretation.,"Unverified candidate; no slip, permeability, temperature or geothermal resource established."
CTD5-A-01381,1,0,3337.0,1872.0,430600.0,4174800.0,0.9522,0.41013,782.3438,0.00259658,25.5347,"Geophysical donor high and surface receiver abstains. A buried structural boundary is one hypothesis; native cover/gradient/slope measurements above are context, not proof.",Basin-fill density boundary or volcanic lithologic contact; gravity and modelled cover may not be independent.,Compare both sides in official high-resolution terrain/geologic mapping and field offset observations. A continuous unfaulted contact would weaken the fault interpretation.,"Unverified candidate; no slip, permeability, temperature or geothermal resource established."
CTD5-A-01382,3,1,3344.0,1647.0,408100.0,4174100.0,0.96296,0.38567,301.0565,0.00340626,2.8515,"Geophysical donor high and surface receiver abstains. A buried structural boundary is one hypothesis; native cover/gradient/slope measurements above are context, not proof.",Basin-fill density boundary or volcanic lithologic contact; gravity and modelled cover may not be independent.,Compare both sides in official high-resolution terrain/geologic mapping and field offset observations. A continuous unfaulted contact would weaken the fault interpretation.,"Unverified candidate; no slip, permeability, temperature or geothermal resource established."
CTD5-A-01383,2,1,3343.5,1651.0,408500.0,4174150.0,0.96292,0.38583,244.3863,0.00334872,3.0174,"Geophysical donor high and surface receiver abstains. A buried structural boundary is one hypothesis; native cover/gradient/slope measurements above are context, not proof.",Basin-fill density boundary or volcanic lithologic contact; gravity and modelled cover may not be independent.,Compare both sides in official high-resolution terrain/geologic mapping and field offset observations. A continuous unfaulted contact would weaken the fault interpretation.,"Unverified candidate; no slip, permeability, temperature or geothermal resource established."
CTD5-A-01384,39,5,3349.641,1829.513,426351.3,4173535.9,0.97279,0.45485,827.0224,0.00026239,10.7277,"Geophysical donor high and surface receiver abstains. A buried structural boundary is one hypothesis; native cover/gradient/slope measurements above are context, not proof.",Basin-fill density boundary or volcanic lithologic contact; gravity and modelled cover may not be independent.,Compare both sides in official high-resolution terrain/geologic mapping and field offset observations. A continuous unfaulted contact would weaken the fault interpretation.,"Unverified candidate; no slip, permeability, temperature or geothermal resource established."
CTD5-A-01385,2,1,3346.5,1660.5,409450.0,4173850.0,0.95047,0.43165,137.4366,0.00287644,2.7347,"Geophysical donor high and surface receiver abstains. A buried structural boundary is one hypothesis; native cover/gradient/slope measurements above are context, not proof.",Basin-fill density boundary or volcanic lithologic contact; gravity and modelled cover may not be independent.,Compare both sides in official high-resolution terrain/geologic mapping and field offset observations. A continuous unfaulted contact would weaken the fault interpretation.,"Unverified candidate; no slip, permeability, temperature or geothermal resource established."
CTD5-A-01386,5,2,3347.4,1821.4,425540.0,4173760.0,0.97745,0.46189,768.3686,0.0001873,17.6978,"Geophysical donor high and surface receiver abstains. A buried structural boundary is one hypothesis; native cover/gradient/slope measurements above are context, not proof.",Basin-fill density boundary or volcanic lithologic contact; gravity and modelled cover may not be independent.,Compare both sides in official high-resolution terrain/geologic mapping and field offset observations. A continuous unfaulted contact would weaken the fault interpretation.,"Unverified candidate; no slip, permeability, temperature or geothermal resource established."
CTD5-A-01387,9,2,3348.333,1824.333,425833.3,4173666.7,0.97766,0.47186,788.5743,0.00018529,16.263,"Geophysical donor high and surface receiver abstains. A buried structural boundary is one hypothesis; native cover/gradient/slope measurements above are context, not proof.",Basin-fill density boundary or volcanic lithologic contact; gravity and modelled cover may not be independent.,Compare both sides in official high-resolution terrain/geologic mapping and field offset observations. A continuous unfaulted contact would weaken the fault interpretation.,"Unverified candidate; no slip, permeability, temperature or geothermal resource established."
CTD5-A-01388,1,1,3348.0,1653.0,408700.0,4173700.0,0.961,0.35787,228.726,0.00336498,2.5445,"Geophysical donor high and surface receiver abstains. A buried structural boundary is one hypothesis; native cover/gradient/slope measurements above are context, not proof.",Basin-fill density boundary or volcanic lithologic contact; gravity and modelled cover may not be independent.,Compare both sides in official high-resolution terrain/geologic mapping and field offset observations. A continuous unfaulted contact would weaken the fault interpretation.,"Unverified candidate; no slip, permeability, temperature or geothermal resource established."
CTD5-A-01389,1,0,3348.0,1658.0,409200.0,4173700.0,0.97757,0.3656,166.4683,0.00302172,2.386,"Geophysical donor high and surface receiver abstains. A buried structural boundary is one hypothesis; native cover/gradient/slope measurements above are context, not proof.",Basin-fill density boundary or volcanic lithologic contact; gravity and modelled cover may not be independent.,Compare both sides in official high-resolution terrain/geologic mapping and field offset observations. A continuous unfaulted contact would weaken the fault interpretation.,"Unverified candidate; no slip, permeability, temperature or geothermal resource established."
CTD5-A-01390,38,5,3353.605,1698.842,413284.2,4173139.5,0.95367,0.51477,11.8078,0.00045969,12.1165,"Geophysical donor high and surface receiver abstains. A buried structural boundary is one hypothesis; native cover/gradient/slope measurements above are context, not proof.",Basin-fill density boundary or volcanic lithologic contact; gravity and modelled cover may not be independent.,Compare both sides in official high-resolution terrain/geologic mapping and field offset observations. A continuous unfaulted contact would weaken the fault interpretation.,"Unverified candidate; no slip, permeability, temperature or geothermal resource established."
CTD5-A-01391,1,1,3349.0,1708.0,414200.0,4173600.0,0.95057,0.63393,13.6039,0.00058553,15.3146,"Geophysical donor high and surface receiver abstains. A buried structural boundary is one hypothesis; native cover/gradient/slope measurements above are context, not proof.",Basin-fill density boundary or volcanic lithologic contact; gravity and modelled cover may not be independent.,Compare both sides in official high-resolution terrain/geologic mapping and field offset observations. A continuous unfaulted contact would weaken the fault interpretation.,"Unverified candidate; no slip, permeability, temperature or geothermal resource established."
CTD5-A-01392,1,1,3349.0,1842.0,427600.0,4173600.0,0.9741,0.54887,924.6113,0.00148117,2.8131,"Geophysical donor high and surface receiver abstains. A buried structural boundary is one hypothesis; native cover/gradient/slope measurements above are context, not proof.",Basin-fill density boundary or volcanic lithologic contact; gravity and modelled cover may not be independent.,Compare both sides in official high-resolution terrain/geologic mapping and field offset observations. A continuous unfaulted contact would weaken the fault interpretation.,"Unverified candidate; no slip, permeability, temperature or geothermal resource established."
CTD5-A-01393,1,1,3350.0,1657.0,409100.0,4173500.0,0.96537,0.35337,181.2617,0.00312657,3.3229,"Geophysical donor high and surface receiver abstains. A buried structural boundary is one hypothesis; native cover/gradient/slope measurements above are context, not proof.",Basin-fill density boundary or volcanic lithologic contact; gravity and modelled cover may not be independent.,Compare both sides in official high-resolution terrain/geologic mapping and field offset observations. A continuous unfaulted contact would weaken the fault interpretation.,"Unverified candidate; no slip, permeability, temperature or geothermal resource established."
CTD5-A-01394,6,1,3351.0,1704.333,413833.3,4173400.0,0.9582,0.54942,13.3208,0.00053491,22.0647,"Geophysical donor high and surface receiver abstains. A buried structural boundary is one hypothesis; native cover/gradient/slope measurements above are context, not proof.",Basin-fill density boundary or volcanic lithologic contact; gravity and modelled cover may not be independent.,Compare both sides in official high-resolution terrain/geologic mapping and field offset observations. A continuous unfaulted contact would weaken the fault interpretation.,"Unverified candidate; no slip, permeability, temperature or geothermal resource established."
CTD5-A-01395,14,2,3355.857,1656.357,409035.7,4172914.3,0.96593,0.42537,204.8663,0.00329929,3.5972,"Geophysical donor high and surface receiver abstains. A buried structural boundary is one hypothesis; native cover/gradient/slope measurements above are context, not proof.",Basin-fill density boundary or volcanic lithologic contact; gravity and modelled cover may not be independent.,Compare both sides in official high-resolution terrain/geologic mapping and field offset observations. A continuous unfaulted contact would weaken the fault interpretation.,"Unverified candidate; no slip, permeability, temperature or geothermal resource established."
CTD5-A-01396,13,3,3354.846,1844.077,427807.7,4173015.4,0.95979,0.47619,962.5417,0.00130979,19.2352,"Geophysical donor high and surface receiver abstains. A buried structural boundary is one hypothesis; native cover/gradient/slope measurements above are context, not proof.",Basin-fill density boundary or volcanic lithologic contact; gravity and modelled cover may not be independent.,Compare both sides in official high-resolution terrain/geologic mapping and field offset observations. A continuous unfaulted contact would weaken the fault interpretation.,"Unverified candidate; no slip, permeability, temperature or geothermal resource established."
CTD5-A-01397,2,0,3354.0,1720.5,415450.0,4173100.0,0.95037,0.49922,16.3804,0.00073372,12.9814,"Geophysical donor high and surface receiver abstains. A buried structural boundary is one hypothesis; native cover/gradient/slope measurements above are context, not proof.",Basin-fill density boundary or volcanic lithologic contact; gravity and modelled cover may not be independent.,Compare both sides in official high-resolution terrain/geologic mapping and field offset observations. A continuous unfaulted contact would weaken the fault interpretation.,"Unverified candidate; no slip, permeability, temperature or geothermal resource established."
CTD5-A-01398,2,1,3354.0,1834.5,426850.0,4173100.0,0.97628,0.43248,868.7292,0.0004158,9.511,"Geophysical donor high and surface receiver abstains. A buried structural boundary is one hypothesis; native cover/gradient/slope measurements above are context, not proof.",Basin-fill density boundary or volcanic lithologic contact; gravity and modelled cover may not be independent.,Compare both sides in official high-resolution terrain/geologic mapping and field offset observations. A continuous unfaulted contact would weaken the fault interpretation.,"Unverified candidate; no slip, permeability, temperature or geothermal resource established."
CTD5-A-01399,6,1,3357.167,1722.0,415600.0,4172783.3,0.96854,0.51758,14.3513,0.00071038,25.7869,"Geophysical donor high and surface receiver abstains. A buried structural boundary is one hypothesis; native cover/gradient/slope measurements above are context, not proof.",Basin-fill density boundary or volcanic lithologic contact; gravity and modelled cover may not be independent.,Compare both sides in official high-resolution terrain/geologic mapping and field offset observations. A continuous unfaulted contact would weaken the fault interpretation.,"Unverified candidate; no slip, permeability, temperature or geothermal resource established."
CTD5-A-01400,1,0,3357.0,1864.0,429800.0,4172800.0,0.9518,0.44197,1039.3282,0.00323838,21.2562,"Geophysical donor high and surface receiver abstains. A buried structural boundary is one hypothesis; native cover/gradient/slope measurements above are context, not proof.",Basin-fill density boundary or volcanic lithologic contact; gravity and modelled cover may not be independent.,Compare both sides in official high-resolution terrain/geologic mapping and field offset observations. A continuous unfaulted contact would weaken the fault interpretation.,"Unverified candidate; no slip, permeability, temperature or geothermal resource established."
CTD5-A-01401,8,1,3360.125,1655.125,408912.5,4172487.5,0.96252,0.48279,233.2249,0.00350516,3.5392,"Geophysical donor high and surface receiver abstains. A buried structural boundary is one hypothesis; native cover/gradient/slope measurements above are context, not proof.",Basin-fill density boundary or volcanic lithologic contact; gravity and modelled cover may not be independent.,Compare both sides in official high-resolution terrain/geologic mapping and field offset observations. A continuous unfaulted contact would weaken the fault interpretation.,"Unverified candidate; no slip, permeability, temperature or geothermal resource established."
CTD5-A-01402,37,4,3365.73,1725.784,415978.4,4171927.0,0.97601,0.51379,9.2852,0.00062941,18.5641,"Geophysical donor high and surface receiver abstains. A buried structural boundary is one hypothesis; native cover/gradient/slope measurements above are context, not proof.",Basin-fill density boundary or volcanic lithologic contact; gravity and modelled cover may not be independent.,Compare both sides in official high-resolution terrain/geologic mapping and field offset observations. A continuous unfaulted contact would weaken the fault interpretation.,"Unverified candidate; no slip, permeability, temperature or geothermal resource established."
CTD5-A-01403,3,1,3359.0,1730.0,416400.0,4172600.0,0.95302,0.45458,24.9387,0.0008843,12.925,"Geophysical donor high and surface receiver abstains. A buried structural boundary is one hypothesis; native cover/gradient/slope measurements above are context, not proof.",Basin-fill density boundary or volcanic lithologic contact; gravity and modelled cover may not be independent.,Compare both sides in official high-resolution terrain/geologic mapping and field offset observations. A continuous unfaulted contact would weaken the fault interpretation.,"Unverified candidate; no slip, permeability, temperature or geothermal resource established."
CTD5-A-01404,2,1,3359.5,1839.5,427350.0,4172550.0,0.96828,0.36052,905.2664,0.00070949,8.6963,"Geophysical donor high and surface receiver abstains. A buried structural boundary is one hypothesis; native cover/gradient/slope measurements above are context, not proof.",Basin-fill density boundary or volcanic lithologic contact; gravity and modelled cover may not be independent.,Compare both sides in official high-resolution terrain/geologic mapping and field offset observations. A continuous unfaulted contact would weaken the fault interpretation.,"Unverified candidate; no slip, permeability, temperature or geothermal resource established."
CTD5-A-01405,2,1,3359.5,1864.0,429800.0,4172550.0,0.97777,0.41043,1049.2791,0.00314112,34.2164,"Geophysical donor high and surface receiver abstains. A buried structural boundary is one hypothesis; native cover/gradient/slope measurements above are context, not proof.",Basin-fill density boundary or volcanic lithologic contact; gravity and modelled cover may not be independent.,Compare both sides in official high-resolution terrain/geologic mapping and field offset observations. A continuous unfaulted contact would weaken the fault interpretation.,"Unverified candidate; no slip, permeability, temperature or geothermal resource established."
CTD5-A-01406,11,2,3362.909,1731.545,416554.5,4172209.1,0.96359,0.46382,23.9446,0.00082759,16.577,"Geophysical donor high and surface receiver abstains. A buried structural boundary is one hypothesis; native cover/gradient/slope measurements above are context, not proof.",Basin-fill density boundary or volcanic lithologic contact; gravity and modelled cover may not be independent.,Compare both sides in official high-resolution terrain/geologic mapping and field offset observations. A continuous unfaulted contact would weaken the fault interpretation.,"Unverified candidate; no slip, permeability, temperature or geothermal resource established."
CTD5-A-01407,1,0,3361.0,1686.0,412000.0,4172400.0,0.95023,0.6343,6.8215,0.00042117,6.3692,"Geophysical donor high and surface receiver abstains. A buried structural boundary is one hypothesis; native cover/gradient/slope measurements above are context, not proof.",Basin-fill density boundary or volcanic lithologic contact; gravity and modelled cover may not be independent.,Compare both sides in official high-resolution terrain/geologic mapping and field offset observations. A continuous unfaulted contact would weaken the fault interpretation.,"Unverified candidate; no slip, permeability, temperature or geothermal resource established."
CTD5-A-01408,21,4,3363.0,1696.429,413042.9,4172200.0,0.96511,0.5147,4.8209,0.0007992,14.9813,"Geophysical donor high and surface receiver abstains. A buried structural boundary is one hypothesis; native cover/gradient/slope measurements above are context, not proof.",Basin-fill density boundary or volcanic lithologic contact; gravity and modelled cover may not be independent.,Compare both sides in official high-resolution terrain/geologic mapping and field offset observations. A continuous unfaulted contact would weaken the fault interpretation.,"Unverified candidate; no slip, permeability, temperature or geothermal resource established."
CTD5-A-01409,355,40,3376.676,1825.225,425922.5,4170832.4,0.98059,0.49552,603.4529,0.00208917,9.681,"Geophysical donor high and surface receiver abstains. A buried structural boundary is one hypothesis; native cover/gradient/slope measurements above are context, not proof.",Basin-fill density boundary or volcanic lithologic contact; gravity and modelled cover may not be independent.,Compare both sides in official high-resolution terrain/geologic mapping and field offset observations. A continuous unfaulted contact would weaken the fault interpretation.,"Unverified candidate; no slip, permeability, temperature or geothermal resource established."
CTD5-A-01410,4,1,3362.5,1867.5,430150.0,4172250.0,0.95316,0.47346,1057.5079,0.00294905,39.1291,"Geophysical donor high and surface receiver abstains. A buried structural boundary is one hypothesis; native cover/gradient/slope measurements above are context, not proof.",Basin-fill density boundary or volcanic lithologic contact; gravity and modelled cover may not be independent.,Compare both sides in official high-resolution terrain/geologic mapping and field offset observations. A continuous unfaulted contact would weaken the fault interpretation.,"Unverified candidate; no slip, permeability, temperature or geothermal resource established."
CTD5-A-01411,1,0,3363.0,1679.0,411300.0,4172200.0,0.95013,0.57527,21.0438,0.00155097,10.2533,"Geophysical donor high and surface receiver abstains. A buried structural boundary is one hypothesis; native cover/gradient/slope measurements above are context, not proof.",Basin-fill density boundary or volcanic lithologic contact; gravity and modelled cover may not be independent.,Compare both sides in official high-resolution terrain/geologic mapping and field offset observations. A continuous unfaulted contact would weaken the fault interpretation.,"Unverified candidate; no slip, permeability, temperature or geothermal resource established."
CTD5-A-01412,1,1,3363.0,1686.0,412000.0,4172200.0,0.95277,0.50263,6.1555,0.00086027,6.0567,"Geophysical donor high and surface receiver abstains. A buried structural boundary is one hypothesis; native cover/gradient/slope measurements above are context, not proof.",Basin-fill density boundary or volcanic lithologic contact; gravity and modelled cover may not be independent.,Compare both sides in official high-resolution terrain/geologic mapping and field offset observations. A continuous unfaulted contact would weaken the fault interpretation.,"Unverified candidate; no slip, permeability, temperature or geothermal resource established."
CTD5-A-01413,4,1,3363.75,1876.0,431000.0,4172125.0,0.95348,0.45231,1036.0322,0.00262762,21.7819,"Geophysical donor high and surface receiver abstains. A buried structural boundary is one hypothesis; native cover/gradient/slope measurements above are context, not proof.",Basin-fill density boundary or volcanic lithologic contact; gravity and modelled cover may not be independent.,Compare both sides in official high-resolution terrain/geologic mapping and field offset observations. A continuous unfaulted contact would weaken the fault interpretation.,"Unverified candidate; no slip, permeability, temperature or geothermal resource established."
CTD5-A-01414,1,1,3364.0,1720.0,415400.0,4172100.0,0.9733,0.5485,7.3846,0.00056915,3.9502,"Geophysical donor high and surface receiver abstains. A buried structural boundary is one hypothesis; native cover/gradient/slope measurements above are context, not proof.",Basin-fill density boundary or volcanic lithologic contact; gravity and modelled cover may not be independent.,Compare both sides in official high-resolution terrain/geologic mapping and field offset observations. A continuous unfaulted contact would weaken the fault interpretation.,"Unverified candidate; no slip, permeability, temperature or geothermal resource established."
CTD5-A-01415,2,0,3364.0,1858.5,429250.0,4172100.0,0.95982,0.49762,1069.5966,0.00248447,28.3745,"Geophysical donor high and surface receiver abstains. A buried structural boundary is one hypothesis; native cover/gradient/slope measurements above are context, not proof.",Basin-fill density boundary or volcanic lithologic contact; gravity and modelled cover may not be independent.,Compare both sides in official high-resolution terrain/geologic mapping and field offset observations. A continuous unfaulted contact would weaken the fault interpretation.,"Unverified candidate; no slip, permeability, temperature or geothermal resource established."
CTD5-A-01416,2,1,3364.0,1870.5,430450.0,4172100.0,0.96197,0.46152,1055.7163,0.00281732,44.2757,"Geophysical donor high and surface receiver abstains. A buried structural boundary is one hypothesis; native cover/gradient/slope measurements above are context, not proof.",Basin-fill density boundary or volcanic lithologic contact; gravity and modelled cover may not be independent.,Compare both sides in official high-resolution terrain/geologic mapping and field offset observations. A continuous unfaulted contact would weaken the fault interpretation.,"Unverified candidate; no slip, permeability, temperature or geothermal resource established."
CTD5-A-01417,1,0,3364.0,1873.0,430700.0,4172100.0,0.95047,0.48943,1047.4456,0.00277029,38.4607,"Geophysical donor high and surface receiver abstains. A buried structural boundary is one hypothesis; native cover/gradient/slope measurements above are context, not proof.",Basin-fill density boundary or volcanic lithologic contact; gravity and modelled cover may not be independent.,Compare both sides in official high-resolution terrain/geologic mapping and field offset observations. A continuous unfaulted contact would weaken the fault interpretation.,"Unverified candidate; no slip, permeability, temperature or geothermal resource established."
CTD5-A-01418,1,0,3365.0,1879.0,431300.0,4172000.0,0.95063,0.61737,1022.3965,0.0022953,34.2386,"Geophysical donor high and surface receiver abstains. A buried structural boundary is one hypothesis; native cover/gradient/slope measurements above are context, not proof.",Basin-fill density boundary or volcanic lithologic contact; gravity and modelled cover may not be independent.,Compare both sides in official high-resolution terrain/geologic mapping and field offset observations. A continuous unfaulted contact would weaken the fault interpretation.,"Unverified candidate; no slip, permeability, temperature or geothermal resource established."
CTD5-A-01419,15,3,3367.533,1839.0,427300.0,4171746.7,0.97899,0.48566,851.498,0.0010223,17.9791,"Geophysical donor high and surface receiver abstains. A buried structural boundary is one hypothesis; native cover/gradient/slope measurements above are context, not proof.",Basin-fill density boundary or volcanic lithologic contact; gravity and modelled cover may not be independent.,Compare both sides in official high-resolution terrain/geologic mapping and field offset observations. A continuous unfaulted contact would weaken the fault interpretation.,"Unverified candidate; no slip, permeability, temperature or geothermal resource established."
CTD5-A-01420,4,1,3367.5,1855.75,428975.0,4171750.0,0.96724,0.54178,1023.9482,0.00191171,34.3749,"Geophysical donor high and surface receiver abstains. A buried structural boundary is one hypothesis; native cover/gradient/slope measurements above are context, not proof.",Basin-fill density boundary or volcanic lithologic contact; gravity and modelled cover may not be independent.,Compare both sides in official high-resolution terrain/geologic mapping and field offset observations. A continuous unfaulted contact would weaken the fault interpretation.,"Unverified candidate; no slip, permeability, temperature or geothermal resource established."
CTD5-A-01421,5,2,3367.8,1882.0,431600.0,4171720.0,0.95441,0.48657,1002.1517,0.00191362,25.4871,"Geophysical donor high and surface receiver abstains. A buried structural boundary is one hypothesis; native cover/gradient/slope measurements above are context, not proof.",Basin-fill density boundary or volcanic lithologic contact; gravity and modelled cover may not be independent.,Compare both sides in official high-resolution terrain/geologic mapping and field offset observations. A continuous unfaulted contact would weaken the fault interpretation.,"Unverified candidate; no slip, permeability, temperature or geothermal resource established."
CTD5-A-01422,6,2,3371.333,1859.167,429316.7,4171366.7,0.95588,0.47288,1001.3458,0.00233767,19.8183,"Geophysical donor high and surface receiver abstains. A buried structural boundary is one hypothesis; native cover/gradient/slope measurements above are context, not proof.",Basin-fill density boundary or volcanic lithologic contact; gravity and modelled cover may not be independent.,Compare both sides in official high-resolution terrain/geologic mapping and field offset observations. A continuous unfaulted contact would weaken the fault interpretation.,"Unverified candidate; no slip, permeability, temperature or geothermal resource established."
CTD5-A-01423,1,1,3370.0,1854.0,428800.0,4171500.0,0.96697,0.40677,984.851,0.00165587,39.6495,"Geophysical donor high and surface receiver abstains. A buried structural boundary is one hypothesis; native cover/gradient/slope measurements above are context, not proof.",Basin-fill density boundary or volcanic lithologic contact; gravity and modelled cover may not be independent.,Compare both sides in official high-resolution terrain/geologic mapping and field offset observations. A continuous unfaulted contact would weaken the fault interpretation.,"Unverified candidate; no slip, permeability, temperature or geothermal resource established."
CTD5-A-01424,1,1,3371.0,1804.0,423800.0,4171400.0,0.95787,0.42423,466.186,0.00081027,17.0584,"Geophysical donor high and surface receiver abstains. A buried structural boundary is one hypothesis; native cover/gradient/slope measurements above are context, not proof.",Basin-fill density boundary or volcanic lithologic contact; gravity and modelled cover may not be independent.,Compare both sides in official high-resolution terrain/geologic mapping and field offset observations. A continuous unfaulted contact would weaken the fault interpretation.,"Unverified candidate; no slip, permeability, temperature or geothermal resource established."
CTD5-A-01425,1,0,3371.0,1857.0,429100.0,4171400.0,0.95123,0.35907,998.1332,0.0020293,24.5993,"Geophysical donor high and surface receiver abstains. A buried structural boundary is one hypothesis; native cover/gradient/slope measurements above are context, not proof.",Basin-fill density boundary or volcanic lithologic contact; gravity and modelled cover may not be independent.,Compare both sides in official high-resolution terrain/geologic mapping and field offset observations. A continuous unfaulted contact would weaken the fault interpretation.,"Unverified candidate; no slip, permeability, temperature or geothermal resource established."
CTD5-A-01426,2,0,3371.5,1861.5,429550.0,4171350.0,0.96193,0.50857,1004.2551,0.00252125,20.1009,"Geophysical donor high and surface receiver abstains. A buried structural boundary is one hypothesis; native cover/gradient/slope measurements above are context, not proof.",Basin-fill density boundary or volcanic lithologic contact; gravity and modelled cover may not be independent.,Compare both sides in official high-resolution terrain/geologic mapping and field offset observations. A continuous unfaulted contact would weaken the fault interpretation.,"Unverified candidate; no slip, permeability, temperature or geothermal resource established."
CTD5-A-01427,1,0,3372.0,1731.0,416500.0,4171300.0,0.97997,0.37123,12.844,0.00055607,6.9747,"Geophysical donor high and surface receiver abstains. A buried structural boundary is one hypothesis; native cover/gradient/slope measurements above are context, not proof.",Basin-fill density boundary or volcanic lithologic contact; gravity and modelled cover may not be independent.,Compare both sides in official high-resolution terrain/geologic mapping and field offset observations. A continuous unfaulted contact would weaken the fault interpretation.,"Unverified candidate; no slip, permeability, temperature or geothermal resource established."
CTD5-A-01428,1,1,3372.0,1838.0,427200.0,4171300.0,0.98747,0.4946,794.7299,0.00141239,25.3866,"Geophysical donor high and surface receiver abstains. A buried structural boundary is one hypothesis; native cover/gradient/slope measurements above are context, not proof.",Basin-fill density boundary or volcanic lithologic contact; gravity and modelled cover may not be independent.,Compare both sides in official high-resolution terrain/geologic mapping and field offset observations. A continuous unfaulted contact would weaken the fault interpretation.,"Unverified candidate; no slip, permeability, temperature or geothermal resource established."
CTD5-A-01429,3,1,3372.667,1865.0,429900.0,4171233.3,0.95954,0.53582,1002.145,0.00259643,17.5611,"Geophysical donor high and surface receiver abstains. A buried structural boundary is one hypothesis; native cover/gradient/slope measurements above are context, not proof.",Basin-fill density boundary or volcanic lithologic contact; gravity and modelled cover may not be independent.,Compare both sides in official high-resolution terrain/geologic mapping and field offset observations. A continuous unfaulted contact would weaken the fault interpretation.,"Unverified candidate; no slip, permeability, temperature or geothermal resource established."
CTD5-A-01430,1,1,3373.0,1693.0,412700.0,4171200.0,0.95463,0.3868,5.9581,0.00193114,25.5406,"Geophysical donor high and surface receiver abstains. A buried structural boundary is one hypothesis; native cover/gradient/slope measurements above are context, not proof.",Basin-fill density boundary or volcanic lithologic contact; gravity and modelled cover may not be independent.,Compare both sides in official high-resolution terrain/geologic mapping and field offset observations. A continuous unfaulted contact would weaken the fault interpretation.,"Unverified candidate; no slip, permeability, temperature or geothermal resource established."
CTD5-A-01431,6,1,3375.167,1726.5,416050.0,4170983.3,0.97894,0.48415,3.0346,0.00046757,21.3069,"Geophysical donor high and surface receiver abstains. A buried structural boundary is one hypothesis; native cover/gradient/slope measurements above are context, not proof.",Basin-fill density boundary or volcanic lithologic contact; gravity and modelled cover may not be independent.,Compare both sides in official high-resolution terrain/geologic mapping and field offset observations. A continuous unfaulted contact would weaken the fault interpretation.,"Unverified candidate; no slip, permeability, temperature or geothermal resource established."
CTD5-A-01432,1,1,3373.0,1814.0,424800.0,4171200.0,0.98213,0.42053,518.8845,0.0013997,18.6897,"Geophysical donor high and surface receiver abstains. A buried structural boundary is one hypothesis; native cover/gradient/slope measurements above are context, not proof.",Basin-fill density boundary or volcanic lithologic contact; gravity and modelled cover may not be independent.,Compare both sides in official high-resolution terrain/geologic mapping and field offset observations. A continuous unfaulted contact would weaken the fault interpretation.,"Unverified candidate; no slip, permeability, temperature or geothermal resource established."
CTD5-A-01433,3,1,3374.0,1882.0,431600.0,4171100.0,0.96374,0.50219,989.153,0.00142421,36.8022,"Geophysical donor high and surface receiver abstains. A buried structural boundary is one hypothesis; native cover/gradient/slope measurements above are context, not proof.",Basin-fill density boundary or volcanic lithologic contact; gravity and modelled cover may not be independent.,Compare both sides in official high-resolution terrain/geologic mapping and field offset observations. A continuous unfaulted contact would weaken the fault interpretation.,"Unverified candidate; no slip, permeability, temperature or geothermal resource established."
CTD5-A-01434,1,0,3374.0,1695.0,412900.0,4171100.0,0.95043,0.40763,4.5974,0.00179893,12.2795,"Geophysical donor high and surface receiver abstains. A buried structural boundary is one hypothesis; native cover/gradient/slope measurements above are context, not proof.",Basin-fill density boundary or volcanic lithologic contact; gravity and modelled cover may not be independent.,Compare both sides in official high-resolution terrain/geologic mapping and field offset observations. A continuous unfaulted contact would weaken the fault interpretation.,"Unverified candidate; no slip, permeability, temperature or geothermal resource established."
CTD5-A-01435,2,0,3374.5,1729.0,416300.0,4171050.0,0.95705,0.48707,7.079,0.00048262,16.208,"Geophysical donor high and surface receiver abstains. A buried structural boundary is one hypothesis; native cover/gradient/slope measurements above are context, not proof.",Basin-fill density boundary or volcanic lithologic contact; gravity and modelled cover may not be independent.,Compare both sides in official high-resolution terrain/geologic mapping and field offset observations. A continuous unfaulted contact would weaken the fault interpretation.,"Unverified candidate; no slip, permeability, temperature or geothermal resource established."
CTD5-A-01436,2,1,3374.5,1731.0,416500.0,4171050.0,0.95747,0.3817,10.4894,0.00048773,10.1756,"Geophysical donor high and surface receiver abstains. A buried structural boundary is one hypothesis; native cover/gradient/slope measurements above are context, not proof.",Basin-fill density boundary or volcanic lithologic contact; gravity and modelled cover may not be independent.,Compare both sides in official high-resolution terrain/geologic mapping and field offset observations. A continuous unfaulted contact would weaken the fault interpretation.,"Unverified candidate; no slip, permeability, temperature or geothermal resource established."
CTD5-A-01437,2,1,3374.0,1735.5,416950.0,4171100.0,0.95765,0.37935,18.6842,0.00046017,10.0938,"Geophysical donor high and surface receiver abstains. A buried structural boundary is one hypothesis; native cover/gradient/slope measurements above are context, not proof.",Basin-fill density boundary or volcanic lithologic contact; gravity and modelled cover may not be independent.,Compare both sides in official high-resolution terrain/geologic mapping and field offset observations. A continuous unfaulted contact would weaken the fault interpretation.,"Unverified candidate; no slip, permeability, temperature or geothermal resource established."
CTD5-A-01438,1,1,3374.0,1806.0,424000.0,4171100.0,0.98137,0.35747,456.4239,0.00108033,7.1696,"Geophysical donor high and surface receiver abstains. A buried structural boundary is one hypothesis; native cover/gradient/slope measurements above are context, not proof.",Basin-fill density boundary or volcanic lithologic contact; gravity and modelled cover may not be independent.,Compare both sides in official high-resolution terrain/geologic mapping and field offset observations. A continuous unfaulted contact would weaken the fault interpretation.,"Unverified candidate; no slip, permeability, temperature or geothermal resource established."
CTD5-A-01439,2,1,3374.0,1845.5,427950.0,4171100.0,0.97637,0.55483,866.3546,0.00113658,29.2604,"Geophysical donor high and surface receiver abstains. A buried structural boundary is one hypothesis; native cover/gradient/slope measurements above are context, not proof.",Basin-fill density boundary or volcanic lithologic contact; gravity and modelled cover may not be independent.,Compare both sides in official high-resolution terrain/geologic mapping and field offset observations. A continuous unfaulted contact would weaken the fault interpretation.,"Unverified candidate; no slip, permeability, temperature or geothermal resource established."
CTD5-A-01440,1,1,3374.0,1857.0,429100.0,4171100.0,0.95567,0.44833,967.945,0.00218872,19.4221,"Geophysical donor high and surface receiver abstains. A buried structural boundary is one hypothesis; native cover/gradient/slope measurements above are context, not proof.",Basin-fill density boundary or volcanic lithologic contact; gravity and modelled cover may not be independent.,Compare both sides in official high-resolution terrain/geologic mapping and field offset observations. A continuous unfaulted contact would weaken the fault interpretation.,"Unverified candidate; no slip, permeability, temperature or geothermal resource established."
CTD5-A-01441,1,0,3375.0,1804.0,423800.0,4171000.0,0.97063,0.3737,438.7252,0.00102583,22.7464,"Geophysical donor high and surface receiver abstains. A buried structural boundary is one hypothesis; native cover/gradient/slope measurements above are context, not proof.",Basin-fill density boundary or volcanic lithologic contact; gravity and modelled cover may not be independent.,Compare both sides in official high-resolution terrain/geologic mapping and field offset observations. A continuous unfaulted contact would weaken the fault interpretation.,"Unverified candidate; no slip, permeability, temperature or geothermal resource established."
CTD5-A-01442,1,0,3376.0,1809.0,424300.0,4170900.0,0.9767,0.46193,463.2759,0.00153238,12.68,"Geophysical donor high and surface receiver abstains. A buried structural boundary is one hypothesis; native cover/gradient/slope measurements above are context, not proof.",Basin-fill density boundary or volcanic lithologic contact; gravity and modelled cover may not be independent.,Compare both sides in official high-resolution terrain/geologic mapping and field offset observations. A continuous unfaulted contact would weaken the fault interpretation.,"Unverified candidate; no slip, permeability, temperature or geothermal resource established."
CTD5-A-01443,1,1,3376.0,1851.0,428500.0,4170900.0,0.9545,0.5737,890.8211,0.00209831,29.8023,"Geophysical donor high and surface receiver abstains. A buried structural boundary is one hypothesis; native cover/gradient/slope measurements above are context, not proof.",Basin-fill density boundary or volcanic lithologic contact; gravity and modelled cover may not be independent.,Compare both sides in official high-resolution terrain/geologic mapping and field offset observations. A continuous unfaulted contact would weaken the fault interpretation.,"Unverified candidate; no slip, permeability, temperature or geothermal resource established."
CTD5-A-01444,6,1,3377.667,1860.5,429450.0,4170733.3,0.95196,0.53188,924.6953,0.0028157,16.2904,"Geophysical donor high and surface receiver abstains. A buried structural boundary is one hypothesis; native cover/gradient/slope measurements above are context, not proof.",Basin-fill density boundary or volcanic lithologic contact; gravity and modelled cover may not be independent.,Compare both sides in official high-resolution terrain/geologic mapping and field offset observations. A continuous unfaulted contact would weaken the fault interpretation.,"Unverified candidate; no slip, permeability, temperature or geothermal resource established."
CTD5-A-01445,15,1,3376.8,1868.733,430273.3,4170820.0,0.9508,0.47097,956.046,0.00265483,22.6194,"Geophysical donor high and surface receiver abstains. A buried structural boundary is one hypothesis; native cover/gradient/slope measurements above are context, not proof.",Basin-fill density boundary or volcanic lithologic contact; gravity and modelled cover may not be independent.,Compare both sides in official high-resolution terrain/geologic mapping and field offset observations. A continuous unfaulted contact would weaken the fault interpretation.,"Unverified candidate; no slip, permeability, temperature or geothermal resource established."
CTD5-A-01446,26,6,3380.5,1880.462,431446.2,4170450.0,0.96129,0.50304,919.9134,0.00141375,16.4747,"Geophysical donor high and surface receiver abstains. A buried structural boundary is one hypothesis; native cover/gradient/slope measurements above are context, not proof.",Basin-fill density boundary or volcanic lithologic contact; gravity and modelled cover may not be independent.,Compare both sides in official high-resolution terrain/geologic mapping and field offset observations. A continuous unfaulted contact would weaken the fault interpretation.,"Unverified candidate; no slip, permeability, temperature or geothermal resource established."
CTD5-A-01447,30,4,3382.133,1803.833,423783.3,4170286.7,0.96742,0.44765,391.2949,0.00156121,18.1486,"Geophysical donor high and surface receiver abstains. A buried structural boundary is one hypothesis; native cover/gradient/slope measurements above are context, not proof.",Basin-fill density boundary or volcanic lithologic contact; gravity and modelled cover may not be independent.,Compare both sides in official high-resolution terrain/geologic mapping and field offset observations. A continuous unfaulted contact would weaken the fault interpretation.,"Unverified candidate; no slip, permeability, temperature or geothermal resource established."
CTD5-A-01448,1,0,3377.0,1857.0,429100.0,4170800.0,0.95063,0.3968,923.3142,0.00257502,26.4078,"Geophysical donor high and surface receiver abstains. A buried structural boundary is one hypothesis; native cover/gradient/slope measurements above are context, not proof.",Basin-fill density boundary or volcanic lithologic contact; gravity and modelled cover may not be independent.,Compare both sides in official high-resolution terrain/geologic mapping and field offset observations. A continuous unfaulted contact would weaken the fault interpretation.,"Unverified candidate; no slip, permeability, temperature or geothermal resource established."
CTD5-A-01449,2,1,3377.5,1884.5,431850.0,4170750.0,0.96697,0.48398,953.6663,0.00091084,26.8712,"Geophysical donor high and surface receiver abstains. A buried structural boundary is one hypothesis; native cover/gradient/slope measurements above are context, not proof.",Basin-fill density boundary or volcanic lithologic contact; gravity and modelled cover may not be independent.,Compare both sides in official high-resolution terrain/geologic mapping and field offset observations. A continuous unfaulted contact would weaken the fault interpretation.,"Unverified candidate; no slip, permeability, temperature or geothermal resource established."
CTD5-A-01450,1,1,3379.0,1726.0,416000.0,4170600.0,0.97887,0.42257,0.9268,0.00047272,31.5859,"Geophysical donor high and surface receiver abstains. A buried structural boundary is one hypothesis; native cover/gradient/slope measurements above are context, not proof.",Basin-fill density boundary or volcanic lithologic contact; gravity and modelled cover may not be independent.,Compare both sides in official high-resolution terrain/geologic mapping and field offset observations. A continuous unfaulted contact would weaken the fault interpretation.,"Unverified candidate; no slip, permeability, temperature or geothermal resource established."
CTD5-A-01451,2,0,3380.0,1851.5,428550.0,4170500.0,0.95442,0.62702,838.7432,0.00269105,13.8403,"Geophysical donor high and surface receiver abstains. A buried structural boundary is one hypothesis; native cover/gradient/slope measurements above are context, not proof.",Basin-fill density boundary or volcanic lithologic contact; gravity and modelled cover may not be independent.,Compare both sides in official high-resolution terrain/geologic mapping and field offset observations. A continuous unfaulted contact would weaken the fault interpretation.,"Unverified candidate; no slip, permeability, temperature or geothermal resource established."
CTD5-A-01452,22,3,3382.045,1872.5,430650.0,4170295.5,0.95466,0.44826,885.1592,0.00252024,21.9302,"Geophysical donor high and surface receiver abstains. A buried structural boundary is one hypothesis; native cover/gradient/slope measurements above are context, not proof.",Basin-fill density boundary or volcanic lithologic contact; gravity and modelled cover may not be independent.,Compare both sides in official high-resolution terrain/geologic mapping and field offset observations. A continuous unfaulted contact would weaken the fault interpretation.,"Unverified candidate; no slip, permeability, temperature or geothermal resource established."
CTD5-A-01453,1,0,3380.0,1884.0,431800.0,4170500.0,0.9508,0.60853,928.2335,0.00084859,13.7859,"Geophysical donor high and surface receiver abstains. A buried structural boundary is one hypothesis; native cover/gradient/slope measurements above are context, not proof.",Basin-fill density boundary or volcanic lithologic contact; gravity and modelled cover may not be independent.,Compare both sides in official high-resolution terrain/geologic mapping and field offset observations. A continuous unfaulted contact would weaken the fault interpretation.,"Unverified candidate; no slip, permeability, temperature or geothermal resource established."
CTD5-A-01454,4,1,3381.75,1799.0,423300.0,4170325.0,0.97256,0.43167,364.1629,0.0010409,12.8783,"Geophysical donor high and surface receiver abstains. A buried structural boundary is one hypothesis; native cover/gradient/slope measurements above are context, not proof.",Basin-fill density boundary or volcanic lithologic contact; gravity and modelled cover may not be independent.,Compare both sides in official high-resolution terrain/geologic mapping and field offset observations. A continuous unfaulted contact would weaken the fault interpretation.,"Unverified candidate; no slip, permeability, temperature or geothermal resource established."
CTD5-A-01455,4,1,3381.25,1862.25,429625.0,4170375.0,0.9508,0.46107,875.5015,0.00296418,17.5993,"Geophysical donor high and surface receiver abstains. A buried structural boundary is one hypothesis; native cover/gradient/slope measurements above are context, not proof.",Basin-fill density boundary or volcanic lithologic contact; gravity and modelled cover may not be independent.,Compare both sides in official high-resolution terrain/geologic mapping and field offset observations. A continuous unfaulted contact would weaken the fault interpretation.,"Unverified candidate; no slip, permeability, temperature or geothermal resource established."
CTD5-A-01456,4,1,3383.25,1675.5,410950.0,4170175.0,0.96674,0.52803,112.949,0.00345429,8.0726,"Geophysical donor high and surface receiver abstains. A buried structural boundary is one hypothesis; native cover/gradient/slope measurements above are context, not proof.",Basin-fill density boundary or volcanic lithologic contact; gravity and modelled cover may not be independent.,Compare both sides in official high-resolution terrain/geologic mapping and field offset observations. A continuous unfaulted contact would weaken the fault interpretation.,"Unverified candidate; no slip, permeability, temperature or geothermal resource established."
CTD5-A-01457,1,1,3382.0,1700.0,413400.0,4170300.0,0.95837,0.46063,9.3862,0.00174547,33.0886,"Geophysical donor high and surface receiver abstains. A buried structural boundary is one hypothesis; native cover/gradient/slope measurements above are context, not proof.",Basin-fill density boundary or volcanic lithologic contact; gravity and modelled cover may not be independent.,Compare both sides in official high-resolution terrain/geologic mapping and field offset observations. A continuous unfaulted contact would weaken the fault interpretation.,"Unverified candidate; no slip, permeability, temperature or geothermal resource established."
CTD5-A-01458,37,6,3385.514,1717.946,415194.6,4169948.6,0.98555,0.46545,0.8082,0.00105477,24.3945,"Geophysical donor high and surface receiver abstains. A buried structural boundary is one hypothesis; native cover/gradient/slope measurements above are context, not proof.",Basin-fill density boundary or volcanic lithologic contact; gravity and modelled cover may not be independent.,Compare both sides in official high-resolution terrain/geologic mapping and field offset observations. A continuous unfaulted contact would weaken the fault interpretation.,"Unverified candidate; no slip, permeability, temperature or geothermal resource established."
CTD5-A-01459,5,1,3383.4,1850.0,428400.0,4170160.0,0.95192,0.55237,781.0103,0.00300492,20.4369,"Geophysical donor high and surface receiver abstains. A buried structural boundary is one hypothesis; native cover/gradient/slope measurements above are context, not proof.",Basin-fill density boundary or volcanic lithologic contact; gravity and modelled cover may not be independent.,Compare both sides in official high-resolution terrain/geologic mapping and field offset observations. A continuous unfaulted contact would weaken the fault interpretation.,"Unverified candidate; no slip, permeability, temperature or geothermal resource established."
CTD5-A-01460,1,1,3383.0,1761.0,419500.0,4170200.0,0.99393,0.3878,102.718,0.00096763,25.9099,"Geophysical donor high and surface receiver abstains. A buried structural boundary is one hypothesis; native cover/gradient/slope measurements above are context, not proof.",Basin-fill density boundary or volcanic lithologic contact; gravity and modelled cover may not be independent.,Compare both sides in official high-resolution terrain/geologic mapping and field offset observations. A continuous unfaulted contact would weaken the fault interpretation.,"Unverified candidate; no slip, permeability, temperature or geothermal resource established."
CTD5-A-01461,504,57,3402.03,1770.103,420410.3,4168297.0,0.97492,0.51864,74.6529,0.00111864,9.7855,"Geophysical donor high and surface receiver abstains. A buried structural boundary is one hypothesis; native cover/gradient/slope measurements above are context, not proof.",Basin-fill density boundary or volcanic lithologic contact; gravity and modelled cover may not be independent.,Compare both sides in official high-resolution terrain/geologic mapping and field offset observations. A continuous unfaulted contact would weaken the fault interpretation.,"Unverified candidate; no slip, permeability, temperature or geothermal resource established."
CTD5-A-01462,6,1,3383.5,1789.0,422300.0,4170150.0,0.9504,0.48209,284.8659,0.00075182,9.5234,"Geophysical donor high and surface receiver abstains. A buried structural boundary is one hypothesis; native cover/gradient/slope measurements above are context, not proof.",Basin-fill density boundary or volcanic lithologic contact; gravity and modelled cover may not be independent.,Compare both sides in official high-resolution terrain/geologic mapping and field offset observations. A continuous unfaulted contact would weaken the fault interpretation.,"Unverified candidate; no slip, permeability, temperature or geothermal resource established."
CTD5-A-01463,3,1,3383.667,1807.667,424166.7,4170133.3,0.96316,0.42932,404.6361,0.00227127,13.7414,"Geophysical donor high and surface receiver abstains. A buried structural boundary is one hypothesis; native cover/gradient/slope measurements above are context, not proof.",Basin-fill density boundary or volcanic lithologic contact; gravity and modelled cover may not be independent.,Compare both sides in official high-resolution terrain/geologic mapping and field offset observations. A continuous unfaulted contact would weaken the fault interpretation.,"Unverified candidate; no slip, permeability, temperature or geothermal resource established."
CTD5-A-01464,1,1,3384.0,1724.0,415800.0,4170100.0,0.99667,0.35197,-0.3517,0.00070311,17.7182,"Geophysical donor high and surface receiver abstains. A buried structural boundary is one hypothesis; native cover/gradient/slope measurements above are context, not proof.",Basin-fill density boundary or volcanic lithologic contact; gravity and modelled cover may not be independent.,Compare both sides in official high-resolution terrain/geologic mapping and field offset observations. A continuous unfaulted contact would weaken the fault interpretation.,"Unverified candidate; no slip, permeability, temperature or geothermal resource established."
CTD5-A-01465,3,0,3384.333,1856.0,429000.0,4170066.7,0.95063,0.49664,806.8807,0.00313847,9.7955,"Geophysical donor high and surface receiver abstains. A buried structural boundary is one hypothesis; native cover/gradient/slope measurements above are context, not proof.",Basin-fill density boundary or volcanic lithologic contact; gravity and modelled cover may not be independent.,Compare both sides in official high-resolution terrain/geologic mapping and field offset observations. A continuous unfaulted contact would weaken the fault interpretation.,"Unverified candidate; no slip, permeability, temperature or geothermal resource established."
CTD5-A-01466,5,2,3387.0,1797.0,423100.0,4169800.0,0.97223,0.457,318.977,0.00107215,8.2259,"Geophysical donor high and surface receiver abstains. A buried structural boundary is one hypothesis; native cover/gradient/slope measurements above are context, not proof.",Basin-fill density boundary or volcanic lithologic contact; gravity and modelled cover may not be independent.,Compare both sides in official high-resolution terrain/geologic mapping and field offset observations. A continuous unfaulted contact would weaken the fault interpretation.,"Unverified candidate; no slip, permeability, temperature or geothermal resource established."
CTD5-A-01467,1,0,3385.0,1871.0,430500.0,4170000.0,0.9508,0.38713,836.1845,0.00280877,34.0543,"Geophysical donor high and surface receiver abstains. A buried structural boundary is one hypothesis; native cover/gradient/slope measurements above are context, not proof.",Basin-fill density boundary or volcanic lithologic contact; gravity and modelled cover may not be independent.,Compare both sides in official high-resolution terrain/geologic mapping and field offset observations. A continuous unfaulted contact would weaken the fault interpretation.,"Unverified candidate; no slip, permeability, temperature or geothermal resource established."
CTD5-A-01468,1,0,3386.0,1698.0,413200.0,4169900.0,0.95373,0.403,19.2401,0.00202892,21.7855,"Geophysical donor high and surface receiver abstains. A buried structural boundary is one hypothesis; native cover/gradient/slope measurements above are context, not proof.",Basin-fill density boundary or volcanic lithologic contact; gravity and modelled cover may not be independent.,Compare both sides in official high-resolution terrain/geologic mapping and field offset observations. A continuous unfaulted contact would weaken the fault interpretation.,"Unverified candidate; no slip, permeability, temperature or geothermal resource established."
CTD5-A-01469,1,0,3386.0,1790.0,422400.0,4169900.0,0.9504,0.55,275.6647,0.00049712,12.8791,"Geophysical donor high and surface receiver abstains. A buried structural boundary is one hypothesis; native cover/gradient/slope measurements above are context, not proof.",Basin-fill density boundary or volcanic lithologic contact; gravity and modelled cover may not be independent.,Compare both sides in official high-resolution terrain/geologic mapping and field offset observations. A continuous unfaulted contact would weaken the fault interpretation.,"Unverified candidate; no slip, permeability, temperature or geothermal resource established."
CTD5-A-01470,1,1,3387.0,1831.0,426500.0,4169800.0,0.96597,0.60727,570.4046,0.00331898,14.9852,"Geophysical donor high and surface receiver abstains. A buried structural boundary is one hypothesis; native cover/gradient/slope measurements above are context, not proof.",Basin-fill density boundary or volcanic lithologic contact; gravity and modelled cover may not be independent.,Compare both sides in official high-resolution terrain/geologic mapping and field offset observations. A continuous unfaulted contact would weaken the fault interpretation.,"Unverified candidate; no slip, permeability, temperature or geothermal resource established."
CTD5-A-01471,1,1,3388.0,1738.0,417200.0,4169700.0,0.9967,0.3515,9.8988,0.00050835,10.5978,"Geophysical donor high and surface receiver abstains. A buried structural boundary is one hypothesis; native cover/gradient/slope measurements above are context, not proof.",Basin-fill density boundary or volcanic lithologic contact; gravity and modelled cover may not be independent.,Compare both sides in official high-resolution terrain/geologic mapping and field offset observations. A continuous unfaulted contact would weaken the fault interpretation.,"Unverified candidate; no slip, permeability, temperature or geothermal resource established."
CTD5-A-01472,1,1,3388.0,1753.0,418700.0,4169700.0,0.996,0.44217,47.6947,0.00099031,11.6161,"Geophysical donor high and surface receiver abstains. A buried structural boundary is one hypothesis; native cover/gradient/slope measurements above are context, not proof.",Basin-fill density boundary or volcanic lithologic contact; gravity and modelled cover may not be independent.,Compare both sides in official high-resolution terrain/geologic mapping and field offset observations. A continuous unfaulted contact would weaken the fault interpretation.,"Unverified candidate; no slip, permeability, temperature or geothermal resource established."
CTD5-A-01473,11,2,3391.364,1762.636,419663.6,4169363.6,0.99183,0.46812,72.6537,0.00130694,9.9322,"Geophysical donor high and surface receiver abstains. A buried structural boundary is one hypothesis; native cover/gradient/slope measurements above are context, not proof.",Basin-fill density boundary or volcanic lithologic contact; gravity and modelled cover may not be independent.,Compare both sides in official high-resolution terrain/geologic mapping and field offset observations. A continuous unfaulted contact would weaken the fault interpretation.,"Unverified candidate; no slip, permeability, temperature or geothermal resource established."
CTD5-A-01474,2,1,3391.5,1715.0,414900.0,4169350.0,0.98428,0.5485,4.6104,0.00142899,27.9974,"Geophysical donor high and surface receiver abstains. A buried structural boundary is one hypothesis; native cover/gradient/slope measurements above are context, not proof.",Basin-fill density boundary or volcanic lithologic contact; gravity and modelled cover may not be independent.,Compare both sides in official high-resolution terrain/geologic mapping and field offset observations. A continuous unfaulted contact would weaken the fault interpretation.,"Unverified candidate; no slip, permeability, temperature or geothermal resource established."
CTD5-A-01475,1,0,3391.0,1738.0,417200.0,4169400.0,0.99573,0.40053,7.3581,0.000569,10.3565,"Geophysical donor high and surface receiver abstains. A buried structural boundary is one hypothesis; native cover/gradient/slope measurements above are context, not proof.",Basin-fill density boundary or volcanic lithologic contact; gravity and modelled cover may not be independent.,Compare both sides in official high-resolution terrain/geologic mapping and field offset observations. A continuous unfaulted contact would weaken the fault interpretation.,"Unverified candidate; no slip, permeability, temperature or geothermal resource established."
CTD5-A-01476,1,1,3393.0,1739.0,417300.0,4169200.0,0.996,0.44317,6.9038,0.00059013,9.7131,"Geophysical donor high and surface receiver abstains. A buried structural boundary is one hypothesis; native cover/gradient/slope measurements above are context, not proof.",Basin-fill density boundary or volcanic lithologic contact; gravity and modelled cover may not be independent.,Compare both sides in official high-resolution terrain/geologic mapping and field offset observations. A continuous unfaulted contact would weaken the fault interpretation.,"Unverified candidate; no slip, permeability, temperature or geothermal resource established."
CTD5-A-01477,135,19,3409.081,1718.644,415264.4,4167591.9,0.98405,0.48129,32.0452,0.00169253,22.0304,"Geophysical donor high and surface receiver abstains. A buried structural boundary is one hypothesis; native cover/gradient/slope measurements above are context, not proof.",Basin-fill density boundary or volcanic lithologic contact; gravity and modelled cover may not be independent.,Compare both sides in official high-resolution terrain/geologic mapping and field offset observations. A continuous unfaulted contact would weaken the fault interpretation.,"Unverified candidate; no slip, permeability, temperature or geothermal resource established."
CTD5-A-01478,1,1,3394.0,1774.0,420800.0,4169100.0,0.96947,0.3765,115.1565,0.00163735,16.0189,"Geophysical donor high and surface receiver abstains. A buried structural boundary is one hypothesis; native cover/gradient/slope measurements above are context, not proof.",Basin-fill density boundary or volcanic lithologic contact; gravity and modelled cover may not be independent.,Compare both sides in official high-resolution terrain/geologic mapping and field offset observations. A continuous unfaulted contact would weaken the fault interpretation.,"Unverified candidate; no slip, permeability, temperature or geothermal resource established."
CTD5-A-01479,70,15,3399.843,1735.429,416942.9,4168515.7,0.99268,0.44351,3.6228,0.00081727,16.8393,"Geophysical donor high and surface receiver abstains. A buried structural boundary is one hypothesis; native cover/gradient/slope measurements above are context, not proof.",Basin-fill density boundary or volcanic lithologic contact; gravity and modelled cover may not be independent.,Compare both sides in official high-resolution terrain/geologic mapping and field offset observations. A continuous unfaulted contact would weaken the fault interpretation.,"Unverified candidate; no slip, permeability, temperature or geothermal resource established."
CTD5-A-01480,1,0,3395.0,1740.0,417400.0,4169000.0,0.997,0.414,6.5914,0.00060486,11.1181,"Geophysical donor high and surface receiver abstains. A buried structural boundary is one hypothesis; native cover/gradient/slope measurements above are context, not proof.",Basin-fill density boundary or volcanic lithologic contact; gravity and modelled cover may not be independent.,Compare both sides in official high-resolution terrain/geologic mapping and field offset observations. A continuous unfaulted contact would weaken the fault interpretation.,"Unverified candidate; no slip, permeability, temperature or geothermal resource established."
CTD5-A-01481,1,0,3395.0,1745.0,417900.0,4169000.0,0.99687,0.36257,11.7982,0.00062723,12.219,"Geophysical donor high and surface receiver abstains. A buried structural boundary is one hypothesis; native cover/gradient/slope measurements above are context, not proof.",Basin-fill density boundary or volcanic lithologic contact; gravity and modelled cover may not be independent.,Compare both sides in official high-resolution terrain/geologic mapping and field offset observations. A continuous unfaulted contact would weaken the fault interpretation.,"Unverified candidate; no slip, permeability, temperature or geothermal resource established."
CTD5-A-01482,5,1,3397.0,1752.2,418620.0,4168800.0,0.99701,0.43522,22.4557,0.000934,13.4887,"Geophysical donor high and surface receiver abstains. A buried structural boundary is one hypothesis; native cover/gradient/slope measurements above are context, not proof.",Basin-fill density boundary or volcanic lithologic contact; gravity and modelled cover may not be independent.,Compare both sides in official high-resolution terrain/geologic mapping and field offset observations. A continuous unfaulted contact would weaken the fault interpretation.,"Unverified candidate; no slip, permeability, temperature or geothermal resource established."
CTD5-A-01483,1,1,3401.0,1792.0,422600.0,4168400.0,0.9554,0.59353,200.744,0.00101161,24.1227,"Geophysical donor high and surface receiver abstains. A buried structural boundary is one hypothesis; native cover/gradient/slope measurements above are context, not proof.",Basin-fill density boundary or volcanic lithologic contact; gravity and modelled cover may not be independent.,Compare both sides in official high-resolution terrain/geologic mapping and field offset observations. A continuous unfaulted contact would weaken the fault interpretation.,"Unverified candidate; no slip, permeability, temperature or geothermal resource established."
CTD5-A-01484,1,0,3403.0,1739.0,417300.0,4168200.0,0.99667,0.38517,1.6432,0.00066386,34.6357,"Geophysical donor high and surface receiver abstains. A buried structural boundary is one hypothesis; native cover/gradient/slope measurements above are context, not proof.",Basin-fill density boundary or volcanic lithologic contact; gravity and modelled cover may not be independent.,Compare both sides in official high-resolution terrain/geologic mapping and field offset observations. A continuous unfaulted contact would weaken the fault interpretation.,"Unverified candidate; no slip, permeability, temperature or geothermal resource established."
CTD5-A-01485,25,4,3408.32,1790.72,422472.0,4167668.0,0.9675,0.58391,152.4361,0.00115519,6.577,"Geophysical donor high and surface receiver abstains. A buried structural boundary is one hypothesis; native cover/gradient/slope measurements above are context, not proof.",Basin-fill density boundary or volcanic lithologic contact; gravity and modelled cover may not be independent.,Compare both sides in official high-resolution terrain/geologic mapping and field offset observations. A continuous unfaulted contact would weaken the fault interpretation.,"Unverified candidate; no slip, permeability, temperature or geothermal resource established."
CTD5-A-01486,1,0,3404.0,1702.0,413600.0,4168100.0,0.95333,0.64177,76.2475,0.00227021,5.3041,"Geophysical donor high and surface receiver abstains. A buried structural boundary is one hypothesis; native cover/gradient/slope measurements above are context, not proof.",Basin-fill density boundary or volcanic lithologic contact; gravity and modelled cover may not be independent.,Compare both sides in official high-resolution terrain/geologic mapping and field offset observations. A continuous unfaulted contact would weaken the fault interpretation.,"Unverified candidate; no slip, permeability, temperature or geothermal resource established."
CTD5-A-01487,1,0,3405.0,1742.0,417600.0,4168000.0,0.98747,0.38613,2.67,0.00060741,24.5347,"Geophysical donor high and surface receiver abstains. A buried structural boundary is one hypothesis; native cover/gradient/slope measurements above are context, not proof.",Basin-fill density boundary or volcanic lithologic contact; gravity and modelled cover may not be independent.,Compare both sides in official high-resolution terrain/geologic mapping and field offset observations. A continuous unfaulted contact would weaken the fault interpretation.,"Unverified candidate; no slip, permeability, temperature or geothermal resource established."
CTD5-A-01488,8,1,3410.0,1750.125,418412.5,4167500.0,0.9566,0.43883,4.3587,0.00057831,11.7847,"Geophysical donor high and surface receiver abstains. A buried structural boundary is one hypothesis; native cover/gradient/slope measurements above are context, not proof.",Basin-fill density boundary or volcanic lithologic contact; gravity and modelled cover may not be independent.,Compare both sides in official high-resolution terrain/geologic mapping and field offset observations. A continuous unfaulted contact would weaken the fault interpretation.,"Unverified candidate; no slip, permeability, temperature or geothermal resource established."
CTD5-A-01489,3,1,3410.0,1782.0,421600.0,4167500.0,0.95771,0.50561,87.7069,0.00072208,12.832,"Geophysical donor high and surface receiver abstains. A buried structural boundary is one hypothesis; native cover/gradient/slope measurements above are context, not proof.",Basin-fill density boundary or volcanic lithologic contact; gravity and modelled cover may not be independent.,Compare both sides in official high-resolution terrain/geologic mapping and field offset observations. A continuous unfaulted contact would weaken the fault interpretation.,"Unverified candidate; no slip, permeability, temperature or geothermal resource established."
CTD5-A-01490,1,0,3412.0,1722.0,415600.0,4167300.0,0.99177,0.35057,28.9244,0.00161805,20.6481,"Geophysical donor high and surface receiver abstains. A buried structural boundary is one hypothesis; native cover/gradient/slope measurements above are context, not proof.",Basin-fill density boundary or volcanic lithologic contact; gravity and modelled cover may not be independent.,Compare both sides in official high-resolution terrain/geologic mapping and field offset observations. A continuous unfaulted contact would weaken the fault interpretation.,"Unverified candidate; no slip, permeability, temperature or geothermal resource established."
CTD5-A-01491,1,1,3412.0,1724.0,415800.0,4167300.0,0.96893,0.45217,24.0464,0.00153183,11.0634,"Geophysical donor high and surface receiver abstains. A buried structural boundary is one hypothesis; native cover/gradient/slope measurements above are context, not proof.",Basin-fill density boundary or volcanic lithologic contact; gravity and modelled cover may not be independent.,Compare both sides in official high-resolution terrain/geologic mapping and field offset observations. A continuous unfaulted contact would weaken the fault interpretation.,"Unverified candidate; no slip, permeability, temperature or geothermal resource established."
CTD5-A-01492,1,1,3412.0,1747.0,418100.0,4167300.0,0.9505,0.4442,2.4577,0.00053467,12.9803,"Geophysical donor high and surface receiver abstains. A buried structural boundary is one hypothesis; native cover/gradient/slope measurements above are context, not proof.",Basin-fill density boundary or volcanic lithologic contact; gravity and modelled cover may not be independent.,Compare both sides in official high-resolution terrain/geologic mapping and field offset observations. A continuous unfaulted contact would weaken the fault interpretation.,"Unverified candidate; no slip, permeability, temperature or geothermal resource established."
CTD5-A-01493,5,1,3416.4,1728.0,416200.0,4166860.0,0.95456,0.43943,24.858,0.00140862,17.2919,"Geophysical donor high and surface receiver abstains. A buried structural boundary is one hypothesis; native cover/gradient/slope measurements above are context, not proof.",Basin-fill density boundary or volcanic lithologic contact; gravity and modelled cover may not be independent.,Compare both sides in official high-resolution terrain/geologic mapping and field offset observations. A continuous unfaulted contact would weaken the fault interpretation.,"Unverified candidate; no slip, permeability, temperature or geothermal resource established."
CTD5-A-01494,19,2,3418.789,1731.632,416563.2,4166621.1,0.96611,0.3982,22.8778,0.00129959,22.2382,"Geophysical donor high and surface receiver abstains. A buried structural boundary is one hypothesis; native cover/gradient/slope measurements above are context, not proof.",Basin-fill density boundary or volcanic lithologic contact; gravity and modelled cover may not be independent.,Compare both sides in official high-resolution terrain/geologic mapping and field offset observations. A continuous unfaulted contact would weaken the fault interpretation.,"Unverified candidate; no slip, permeability, temperature or geothermal resource established."
CTD5-A-01495,4,1,3415.5,1771.0,420500.0,4166950.0,0.95811,0.51104,21.6605,0.00087575,16.2275,"Geophysical donor high and surface receiver abstains. A buried structural boundary is one hypothesis; native cover/gradient/slope measurements above are context, not proof.",Basin-fill density boundary or volcanic lithologic contact; gravity and modelled cover may not be independent.,Compare both sides in official high-resolution terrain/geologic mapping and field offset observations. A continuous unfaulted contact would weaken the fault interpretation.,"Unverified candidate; no slip, permeability, temperature or geothermal resource established."
CTD5-A-01496,10,2,3417.8,1735.5,416950.0,4166720.0,0.96522,0.56291,13.9865,0.00106301,20.55,"Geophysical donor high and surface receiver abstains. A buried structural boundary is one hypothesis; native cover/gradient/slope measurements above are context, not proof.",Basin-fill density boundary or volcanic lithologic contact; gravity and modelled cover may not be independent.,Compare both sides in official high-resolution terrain/geologic mapping and field offset observations. A continuous unfaulted contact would weaken the fault interpretation.,"Unverified candidate; no slip, permeability, temperature or geothermal resource established."
CTD5-A-01497,1,0,3416.0,1784.0,421800.0,4166900.0,0.97143,0.6258,75.3003,0.00064227,5.234,"Geophysical donor high and surface receiver abstains. A buried structural boundary is one hypothesis; native cover/gradient/slope measurements above are context, not proof.",Basin-fill density boundary or volcanic lithologic contact; gravity and modelled cover may not be independent.,Compare both sides in official high-resolution terrain/geologic mapping and field offset observations. A continuous unfaulted contact would weaken the fault interpretation.,"Unverified candidate; no slip, permeability, temperature or geothermal resource established."
CTD5-A-01498,31,3,3419.097,1790.29,422429.0,4166590.3,0.96594,0.52251,96.9858,0.00105699,2.8715,"Geophysical donor high and surface receiver abstains. A buried structural boundary is one hypothesis; native cover/gradient/slope measurements above are context, not proof.",Basin-fill density boundary or volcanic lithologic contact; gravity and modelled cover may not be independent.,Compare both sides in official high-resolution terrain/geologic mapping and field offset observations. A continuous unfaulted contact would weaken the fault interpretation.,"Unverified candidate; no slip, permeability, temperature or geothermal resource established."
CTD5-A-01499,1,1,3422.0,1757.0,419100.0,4166300.0,0.9518,0.56477,3.3431,0.00062466,19.5712,"Geophysical donor high and surface receiver abstains. A buried structural boundary is one hypothesis; native cover/gradient/slope measurements above are context, not proof.",Basin-fill density boundary or volcanic lithologic contact; gravity and modelled cover may not be independent.,Compare both sides in official high-resolution terrain/geologic mapping and field offset observations. A continuous unfaulted contact would weaken the fault interpretation.,"Unverified candidate; no slip, permeability, temperature or geothermal resource established."
CTD5-A-01500,1,1,3424.0,1732.0,416600.0,4166100.0,0.9508,0.39367,30.9802,0.0014208,27.194,"Geophysical donor high and surface receiver abstains. A buried structural boundary is one hypothesis; native cover/gradient/slope measurements above are context, not proof.",Basin-fill density boundary or volcanic lithologic contact; gravity and modelled cover may not be independent.,Compare both sides in official high-resolution terrain/geologic mapping and field offset observations. A continuous unfaulted contact would weaken the fault interpretation.,"Unverified candidate; no slip, permeability, temperature or geothermal resource established."
CTD5-A-01501,72,11,3433.111,1738.833,417283.3,4165188.9,0.97309,0.52248,22.9842,0.00112709,21.6078,"Geophysical donor high and surface receiver abstains. A buried structural boundary is one hypothesis; native cover/gradient/slope measurements above are context, not proof.",Basin-fill density boundary or volcanic lithologic contact; gravity and modelled cover may not be independent.,Compare both sides in official high-resolution terrain/geologic mapping and field offset observations. A continuous unfaulted contact would weaken the fault interpretation.,"Unverified candidate; no slip, permeability, temperature or geothermal resource established."
CTD5-A-01502,1,0,3424.0,1779.0,421300.0,4166100.0,0.9518,0.59263,29.967,0.00051335,9.1479,"Geophysical donor high and surface receiver abstains. A buried structural boundary is one hypothesis; native cover/gradient/slope measurements above are context, not proof.",Basin-fill density boundary or volcanic lithologic contact; gravity and modelled cover may not be independent.,Compare both sides in official high-resolution terrain/geologic mapping and field offset observations. A continuous unfaulted contact would weaken the fault interpretation.,"Unverified candidate; no slip, permeability, temperature or geothermal resource established."
CTD5-A-01503,18,3,3431.611,1714.0,414800.0,4165338.9,0.97294,0.48573,137.0025,0.00212491,6.891,"Geophysical donor high and surface receiver abstains. A buried structural boundary is one hypothesis; native cover/gradient/slope measurements above are context, not proof.",Basin-fill density boundary or volcanic lithologic contact; gravity and modelled cover may not be independent.,Compare both sides in official high-resolution terrain/geologic mapping and field offset observations. A continuous unfaulted contact would weaken the fault interpretation.,"Unverified candidate; no slip, permeability, temperature or geothermal resource established."
CTD5-A-01504,5,1,3429.4,1726.4,416040.0,4165560.0,0.96303,0.62351,57.6629,0.00173871,17.5534,"Geophysical donor high and surface receiver abstains. A buried structural boundary is one hypothesis; native cover/gradient/slope measurements above are context, not proof.",Basin-fill density boundary or volcanic lithologic contact; gravity and modelled cover may not be independent.,Compare both sides in official high-resolution terrain/geologic mapping and field offset observations. A continuous unfaulted contact would weaken the fault interpretation.,"Unverified candidate; no slip, permeability, temperature or geothermal resource established."
CTD5-A-01505,13,2,3431.615,1708.154,414215.4,4165338.5,0.9575,0.47788,184.8454,0.00227655,6.5847,"Geophysical donor high and surface receiver abstains. A buried structural boundary is one hypothesis; native cover/gradient/slope measurements above are context, not proof.",Basin-fill density boundary or volcanic lithologic contact; gravity and modelled cover may not be independent.,Compare both sides in official high-resolution terrain/geologic mapping and field offset observations. A continuous unfaulted contact would weaken the fault interpretation.,"Unverified candidate; no slip, permeability, temperature or geothermal resource established."
CTD5-A-01506,19,2,3439.526,1711.947,414594.7,4164547.4,0.9538,0.48167,194.1003,0.00227597,5.3399,"Geophysical donor high and surface receiver abstains. A buried structural boundary is one hypothesis; native cover/gradient/slope measurements above are context, not proof.",Basin-fill density boundary or volcanic lithologic contact; gravity and modelled cover may not be independent.,Compare both sides in official high-resolution terrain/geologic mapping and field offset observations. A continuous unfaulted contact would weaken the fault interpretation.,"Unverified candidate; no slip, permeability, temperature or geothermal resource established."
CTD5-A-01507,11,2,3439.364,1719.273,415327.3,4164563.6,0.97433,0.57991,129.4456,0.00210957,6.6871,"Geophysical donor high and surface receiver abstains. A buried structural boundary is one hypothesis; native cover/gradient/slope measurements above are context, not proof.",Basin-fill density boundary or volcanic lithologic contact; gravity and modelled cover may not be independent.,Compare both sides in official high-resolution terrain/geologic mapping and field offset observations. A continuous unfaulted contact would weaken the fault interpretation.,"Unverified candidate; no slip, permeability, temperature or geothermal resource established."
CTD5-A-01508,1,0,3436.0,1737.0,417100.0,4164900.0,0.97763,0.64363,28.872,0.00125907,28.144,"Geophysical donor high and surface receiver abstains. A buried structural boundary is one hypothesis; native cover/gradient/slope measurements above are context, not proof.",Basin-fill density boundary or volcanic lithologic contact; gravity and modelled cover may not be independent.,Compare both sides in official high-resolution terrain/geologic mapping and field offset observations. A continuous unfaulted contact would weaken the fault interpretation.,"Unverified candidate; no slip, permeability, temperature or geothermal resource established."
CTD5-A-01509,2,1,3437.5,1722.0,415600.0,4164750.0,0.97433,0.60603,104.5848,0.00200811,15.6578,"Geophysical donor high and surface receiver abstains. A buried structural boundary is one hypothesis; native cover/gradient/slope measurements above are context, not proof.",Basin-fill density boundary or volcanic lithologic contact; gravity and modelled cover may not be independent.,Compare both sides in official high-resolution terrain/geologic mapping and field offset observations. A continuous unfaulted contact would weaken the fault interpretation.,"Unverified candidate; no slip, permeability, temperature or geothermal resource established."
CTD5-A-01510,1,1,3443.0,1709.0,414300.0,4164200.0,0.9538,0.44177,243.3985,0.0024452,4.5429,"Geophysical donor high and surface receiver abstains. A buried structural boundary is one hypothesis; native cover/gradient/slope measurements above are context, not proof.",Basin-fill density boundary or volcanic lithologic contact; gravity and modelled cover may not be independent.,Compare both sides in official high-resolution terrain/geologic mapping and field offset observations. A continuous unfaulted contact would weaken the fault interpretation.,"Unverified candidate; no slip, permeability, temperature or geothermal resource established."
CTD5-A-01511,1,1,3452.0,1892.0,432600.0,4163300.0,0.95007,0.48217,65.846,0.00064818,8.5893,"Geophysical donor high and surface receiver abstains. A buried structural boundary is one hypothesis; native cover/gradient/slope measurements above are context, not proof.",Basin-fill density boundary or volcanic lithologic contact; gravity and modelled cover may not be independent.,Compare both sides in official high-resolution terrain/geologic mapping and field offset observations. A continuous unfaulted contact would weaken the fault interpretation.,"Unverified candidate; no slip, permeability, temperature or geothermal resource established."
CTD5-A-01512,1,0,3474.0,1830.0,426400.0,4161100.0,0.9528,0.39083,5.5126,0.00121498,16.1765,"Geophysical donor high and surface receiver abstains. A buried structural boundary is one hypothesis; native cover/gradient/slope measurements above are context, not proof.",Basin-fill density boundary or volcanic lithologic contact; gravity and modelled cover may not be independent.,Compare both sides in official high-resolution terrain/geologic mapping and field offset observations. A continuous unfaulted contact would weaken the fault interpretation.,"Unverified candidate; no slip, permeability, temperature or geothermal resource established."
CTD5-A-01513,1,0,3474.0,1898.0,433200.0,4161100.0,0.95017,0.55927,15.5347,0.00169637,20.0092,"Geophysical donor high and surface receiver abstains. A buried structural boundary is one hypothesis; native cover/gradient/slope measurements above are context, not proof.",Basin-fill density boundary or volcanic lithologic contact; gravity and modelled cover may not be independent.,Compare both sides in official high-resolution terrain/geologic mapping and field offset observations. A continuous unfaulted contact would weaken the fault interpretation.,"Unverified candidate; no slip, permeability, temperature or geothermal resource established."
CTD5-A-01514,8,1,3479.0,1899.0,433300.0,4160600.0,0.96671,0.58318,18.385,0.00155946,16.1233,"Geophysical donor high and surface receiver abstains. A buried structural boundary is one hypothesis; native cover/gradient/slope measurements above are context, not proof.",Basin-fill density boundary or volcanic lithologic contact; gravity and modelled cover may not be independent.,Compare both sides in official high-resolution terrain/geologic mapping and field offset observations. A continuous unfaulted contact would weaken the fault interpretation.,"Unverified candidate; no slip, permeability, temperature or geothermal resource established."
CTD5-A-01515,6,1,3479.667,1835.5,426950.0,4160533.3,0.9664,0.49518,6.0129,0.00135124,11.9874,"Geophysical donor high and surface receiver abstains. A buried structural boundary is one hypothesis; native cover/gradient/slope measurements above are context, not proof.",Basin-fill density boundary or volcanic lithologic contact; gravity and modelled cover may not be independent.,Compare both sides in official high-resolution terrain/geologic mapping and field offset observations. A continuous unfaulted contact would weaken the fault interpretation.,"Unverified candidate; no slip, permeability, temperature or geothermal resource established."
CTD5-A-01516,4,1,3483.5,1840.5,427450.0,4160150.0,0.96663,0.40005,6.0936,0.0014196,9.89,"Geophysical donor high and surface receiver abstains. A buried structural boundary is one hypothesis; native cover/gradient/slope measurements above are context, not proof.",Basin-fill density boundary or volcanic lithologic contact; gravity and modelled cover may not be independent.,Compare both sides in official high-resolution terrain/geologic mapping and field offset observations. A continuous unfaulted contact would weaken the fault interpretation.,"Unverified candidate; no slip, permeability, temperature or geothermal resource established."
CTD5-A-01517,2,1,3483.0,1899.5,433350.0,4160200.0,0.97323,0.61782,20.1978,0.0011363,4.3454,"Geophysical donor high and surface receiver abstains. A buried structural boundary is one hypothesis; native cover/gradient/slope measurements above are context, not proof.",Basin-fill density boundary or volcanic lithologic contact; gravity and modelled cover may not be independent.,Compare both sides in official high-resolution terrain/geologic mapping and field offset observations. A continuous unfaulted contact would weaken the fault interpretation.,"Unverified candidate; no slip, permeability, temperature or geothermal resource established."
CTD5-A-01518,1,0,3486.0,1842.0,427600.0,4159900.0,0.9708,0.35847,5.8008,0.00133659,10.2562,"Geophysical donor high and surface receiver abstains. A buried structural boundary is one hypothesis; native cover/gradient/slope measurements above are context, not proof.",Basin-fill density boundary or volcanic lithologic contact; gravity and modelled cover may not be independent.,Compare both sides in official high-resolution terrain/geologic mapping and field offset observations. A continuous unfaulted contact would weaken the fault interpretation.,"Unverified candidate; no slip, permeability, temperature or geothermal resource established."
CTD5-A-01519,1,1,3488.0,1841.0,427500.0,4159700.0,0.95213,0.50687,4.0171,0.00113869,8.5469,"Geophysical donor high and surface receiver abstains. A buried structural boundary is one hypothesis; native cover/gradient/slope measurements above are context, not proof.",Basin-fill density boundary or volcanic lithologic contact; gravity and modelled cover may not be independent.,Compare both sides in official high-resolution terrain/geologic mapping and field offset observations. A continuous unfaulted contact would weaken the fault interpretation.,"Unverified candidate; no slip, permeability, temperature or geothermal resource established."
CTD5-A-01520,1,1,3521.0,1898.0,433200.0,4156400.0,0.95467,0.61757,12.7718,0.00219105,16.1437,"Geophysical donor high and surface receiver abstains. A buried structural boundary is one hypothesis; native cover/gradient/slope measurements above are context, not proof.",Basin-fill density boundary or volcanic lithologic contact; gravity and modelled cover may not be independent.,Compare both sides in official high-resolution terrain/geologic mapping and field offset observations. A continuous unfaulted contact would weaken the fault interpretation.,"Unverified candidate; no slip, permeability, temperature or geothermal resource established."
CTD5-A-01521,12,2,3523.167,1895.0,432900.0,4156183.3,0.95909,0.60262,10.9632,0.00125629,7.8567,"Geophysical donor high and surface receiver abstains. A buried structural boundary is one hypothesis; native cover/gradient/slope measurements above are context, not proof.",Basin-fill density boundary or volcanic lithologic contact; gravity and modelled cover may not be independent.,Compare both sides in official high-resolution terrain/geologic mapping and field offset observations. A continuous unfaulted contact would weaken the fault interpretation.,"Unverified candidate; no slip, permeability, temperature or geothermal resource established."
