row,col,easting_m,northing_m,distance_to_mapped_trace_m,view_A_operating_rank,view_B_operating_rank,disagreement_rank_diff,cover_norm_weight,strict_A_only,cover_depth_to_base_m,dem_slope,gravity_grad_sigma3,isostatic_grav_anom,near_surface_conductivity,rad_ThK_rank,rad_K_rank,tmi_up150_grad3,strain_second_invariant,earthquake_density,geological_hypothesis,named_non_fault_mimic,falsifier,evidence_class
44,1090,352400.0,4504100.0,4565.1,0.982423,0.505513,0.476911,0.645927,1,306.6,1.7413,0.003199,-3.0284,3.5731,0.4921,0.3268,0.025493,8.2411,360.3298,"Buried or cover-hidden fault (the brief's A-only reading): a deep potential-field fabric step (upward-continued TMI and isostatic gravity gradient) beneath thick sedimentary cover, with no DEM scarp and no radiometric lineament, i.e. structure that does not reach the surface and so is missing from a surface-mapped catalogue. HYPOTHESIS, not verified geology.","Non-fault basin-fill density boundary or volcanic lithologic contact; buried palaeo-channel or alluvial-fan margin; road/erosion lineament (the brief's B-only artifact reading, excluded here by the B-abstain gate but not eliminated); upward-continued flight-line artefact of the airborne survey.","Independent evidence of offset at this location: a displaced contact or marker bed, deflected or offset drainage, a facies termination, a published structural interpretation, or field observation. None is claimed here.","MEASURED CONTEXT + TEMPLATE HYPOTHESIS; no field observation, no geologist review"
47,1087,352100.0,4503800.0,4695.7,0.970233,0.595383,0.37485,0.646965,1,309.5,1.9004,0.002734,-4.0542,3.5731,0.3937,0.374,0.037164,8.3,362.6,"Buried or cover-hidden fault (the brief's A-only reading): a deep potential-field fabric step (upward-continued TMI and isostatic gravity gradient) beneath thick sedimentary cover, with no DEM scarp and no radiometric lineament, i.e. structure that does not reach the surface and so is missing from a surface-mapped catalogue. HYPOTHESIS, not verified geology.","Non-fault basin-fill density boundary or volcanic lithologic contact; buried palaeo-channel or alluvial-fan margin; road/erosion lineament (the brief's B-only artifact reading, excluded here by the B-abstain gate but not eliminated); upward-continued flight-line artefact of the airborne survey.","Independent evidence of offset at this location: a displaced contact or marker bed, deflected or offset drainage, a facies termination, a published structural interpretation, or field observation. None is claimed here.","MEASURED CONTEXT + TEMPLATE HYPOTHESIS; no field observation, no geologist review"
47,1093,352700.0,4503800.0,4973.9,0.980603,0.42963,0.550973,0.633146,1,273.6,1.1897,0.002928,-2.3666,3.5731,0.4449,0.5079,0.019419,8.3,349.2503,"Buried or cover-hidden fault (the brief's A-only reading): a deep potential-field fabric step (upward-continued TMI and isostatic gravity gradient) beneath thick sedimentary cover, with no DEM scarp and no radiometric lineament, i.e. structure that does not reach the surface and so is missing from a surface-mapped catalogue. HYPOTHESIS, not verified geology.","Non-fault basin-fill density boundary or volcanic lithologic contact; buried palaeo-channel or alluvial-fan margin; road/erosion lineament (the brief's B-only artifact reading, excluded here by the B-abstain gate but not eliminated); upward-continued flight-line artefact of the airborne survey.","Independent evidence of offset at this location: a displaced contact or marker bed, deflected or offset drainage, a facies termination, a published structural interpretation, or field observation. None is claimed here.","MEASURED CONTEXT + TEMPLATE HYPOTHESIS; no field observation, no geologist review"
51,1092,352600.0,4503400.0,5277.3,0.985979,0.595449,0.39053,0.627056,1,259.2,1.4454,0.002485,-2.783,3.5731,0.5394,0.5354,0.036483,8.3,352.3959,"Buried or cover-hidden fault (the brief's A-only reading): a deep potential-field fabric step (upward-continued TMI and isostatic gravity gradient) beneath thick sedimentary cover, with no DEM scarp and no radiometric lineament, i.e. structure that does not reach the surface and so is missing from a surface-mapped catalogue. HYPOTHESIS, not verified geology.","Non-fault basin-fill density boundary or volcanic lithologic contact; buried palaeo-channel or alluvial-fan margin; road/erosion lineament (the brief's B-only artifact reading, excluded here by the B-abstain gate but not eliminated); upward-continued flight-line artefact of the airborne survey.","Independent evidence of offset at this location: a displaced contact or marker bed, deflected or offset drainage, a facies termination, a published structural interpretation, or field observation. None is claimed here.","MEASURED CONTEXT + TEMPLATE HYPOTHESIS; no field observation, no geologist review"
52,1746,418000.0,4503300.0,5069.5,0.955966,0.496089,0.459877,0.796445,1,1167.9,0.6614,0.002349,-9.2514,3.1694,0.5748,0.5039,0.000697,2.5,286.8325,"Buried or cover-hidden fault (the brief's A-only reading): a deep potential-field fabric step (upward-continued TMI and isostatic gravity gradient) beneath thick sedimentary cover, with no DEM scarp and no radiometric lineament, i.e. structure that does not reach the surface and so is missing from a surface-mapped catalogue. HYPOTHESIS, not verified geology.","Non-fault basin-fill density boundary or volcanic lithologic contact; buried palaeo-channel or alluvial-fan margin; road/erosion lineament (the brief's B-only artifact reading, excluded here by the B-abstain gate but not eliminated); upward-continued flight-line artefact of the airborne survey.","Independent evidence of offset at this location: a displaced contact or marker bed, deflected or offset drainage, a facies termination, a published structural interpretation, or field observation. None is claimed here.","MEASURED CONTEXT + TEMPLATE HYPOTHESIS; no field observation, no geologist review"
52,1754,418800.0,4503300.0,4338.2,0.958448,0.398021,0.560427,0.816589,1,1396.6,0.6971,0.001463,-10.5713,3.1694,0.6024,0.5827,0.006319,2.5,286.8357,"Buried or cover-hidden fault (the brief's A-only reading): a deep potential-field fabric step (upward-continued TMI and isostatic gravity gradient) beneath thick sedimentary cover, with no DEM scarp and no radiometric lineament, i.e. structure that does not reach the surface and so is missing from a surface-mapped catalogue. HYPOTHESIS, not verified geology.","Non-fault basin-fill density boundary or volcanic lithologic contact; buried palaeo-channel or alluvial-fan margin; road/erosion lineament (the brief's B-only artifact reading, excluded here by the B-abstain gate but not eliminated); upward-continued flight-line artefact of the airborne survey.","Independent evidence of offset at this location: a displaced contact or marker bed, deflected or offset drainage, a facies termination, a published structural interpretation, or field observation. None is claimed here.","MEASURED CONTEXT + TEMPLATE HYPOTHESIS; no field observation, no geologist review"
56,1746,418000.0,4502900.0,4933.6,0.960211,0.499633,0.460578,0.794829,1,1151.3,0.6267,0.002164,-9.0192,3.1694,0.5787,0.5551,0.001538,2.5,285.2183,"Buried or cover-hidden fault (the brief's A-only reading): a deep potential-field fabric step (upward-continued TMI and isostatic gravity gradient) beneath thick sedimentary cover, with no DEM scarp and no radiometric lineament, i.e. structure that does not reach the surface and so is missing from a surface-mapped catalogue. HYPOTHESIS, not verified geology.","Non-fault basin-fill density boundary or volcanic lithologic contact; buried palaeo-channel or alluvial-fan margin; road/erosion lineament (the brief's B-only artifact reading, excluded here by the B-abstain gate but not eliminated); upward-continued flight-line artefact of the airborne survey.","Independent evidence of offset at this location: a displaced contact or marker bed, deflected or offset drainage, a facies termination, a published structural interpretation, or field observation. None is claimed here.","MEASURED CONTEXT + TEMPLATE HYPOTHESIS; no field observation, no geologist review"
58,1741,417500.0,4502700.0,5360.0,0.95985,0.627781,0.332069,0.776583,1,979.1,0.9415,0.002303,-7.7065,3.1694,0.5354,0.5039,0.010198,2.5754,285.1,"Buried or cover-hidden fault (the brief's A-only reading): a deep potential-field fabric step (upward-continued TMI and isostatic gravity gradient) beneath thick sedimentary cover, with no DEM scarp and no radiometric lineament, i.e. structure that does not reach the surface and so is missing from a surface-mapped catalogue. HYPOTHESIS, not verified geology.","Non-fault basin-fill density boundary or volcanic lithologic contact; buried palaeo-channel or alluvial-fan margin; road/erosion lineament (the brief's B-only artifact reading, excluded here by the B-abstain gate but not eliminated); upward-continued flight-line artefact of the airborne survey.","Independent evidence of offset at this location: a displaced contact or marker bed, deflected or offset drainage, a facies termination, a published structural interpretation, or field observation. None is claimed here.","MEASURED CONTEXT + TEMPLATE HYPOTHESIS; no field observation, no geologist review"
59,1746,418000.0,4502600.0,4850.8,0.978962,0.402724,0.576238,0.793347,1,1136.2,0.473,0.001963,-8.7749,3.1694,0.5669,0.5118,0.002015,2.5,285.1,"Buried or cover-hidden fault (the brief's A-only reading): a deep potential-field fabric step (upward-continued TMI and isostatic gravity gradient) beneath thick sedimentary cover, with no DEM scarp and no radiometric lineament, i.e. structure that does not reach the surface and so is missing from a surface-mapped catalogue. HYPOTHESIS, not verified geology.","Non-fault basin-fill density boundary or volcanic lithologic contact; buried palaeo-channel or alluvial-fan margin; road/erosion lineament (the brief's B-only artifact reading, excluded here by the B-abstain gate but not eliminated); upward-continued flight-line artefact of the airborne survey.","Independent evidence of offset at this location: a displaced contact or marker bed, deflected or offset drainage, a facies termination, a published structural interpretation, or field observation. None is claimed here.","MEASURED CONTEXT + TEMPLATE HYPOTHESIS; no field observation, no geologist review"
62,666,310000.0,4502300.0,2549.5,0.965718,0.604673,0.361045,0.423911,1,41.9,3.2113,0.001171,5.0226,1.4423,0.4055,0.4055,0.022752,14.3313,1023.9,"Buried or cover-hidden fault (the brief's A-only reading): a deep potential-field fabric step (upward-continued TMI and isostatic gravity gradient) beneath thick sedimentary cover, with no DEM scarp and no radiometric lineament, i.e. structure that does not reach the surface and so is missing from a surface-mapped catalogue. HYPOTHESIS, not verified geology.","Non-fault basin-fill density boundary or volcanic lithologic contact; buried palaeo-channel or alluvial-fan margin; road/erosion lineament (the brief's B-only artifact reading, excluded here by the B-abstain gate but not eliminated); upward-continued flight-line artefact of the airborne survey.","Independent evidence of offset at this location: a displaced contact or marker bed, deflected or offset drainage, a facies termination, a published structural interpretation, or field observation. None is claimed here.","MEASURED CONTEXT + TEMPLATE HYPOTHESIS; no field observation, no geologist review"
62,1743,417700.0,4502300.0,5080.4,0.97668,0.394532,0.582148,0.783126,1,1037.7,0.4676,0.001827,-7.9722,3.1694,0.5827,0.5669,0.007342,2.5509,285.1,"Buried or cover-hidden fault (the brief's A-only reading): a deep potential-field fabric step (upward-continued TMI and isostatic gravity gradient) beneath thick sedimentary cover, with no DEM scarp and no radiometric lineament, i.e. structure that does not reach the surface and so is missing from a surface-mapped catalogue. HYPOTHESIS, not verified geology.","Non-fault basin-fill density boundary or volcanic lithologic contact; buried palaeo-channel or alluvial-fan margin; road/erosion lineament (the brief's B-only artifact reading, excluded here by the B-abstain gate but not eliminated); upward-continued flight-line artefact of the airborne survey.","Independent evidence of offset at this location: a displaced contact or marker bed, deflected or offset drainage, a facies termination, a published structural interpretation, or field observation. None is claimed here.","MEASURED CONTEXT + TEMPLATE HYPOTHESIS; no field observation, no geologist review"
63,1748,418200.0,4502200.0,4570.6,0.963831,0.410321,0.553509,0.79629,1,1166.3,0.5301,0.001536,-8.7196,3.1694,0.5157,0.5197,0.000581,2.5353,285.1,"Buried or cover-hidden fault (the brief's A-only reading): a deep potential-field fabric step (upward-continued TMI and isostatic gravity gradient) beneath thick sedimentary cover, with no DEM scarp and no radiometric lineament, i.e. structure that does not reach the surface and so is missing from a surface-mapped catalogue. HYPOTHESIS, not verified geology.","Non-fault basin-fill density boundary or volcanic lithologic contact; buried palaeo-channel or alluvial-fan margin; road/erosion lineament (the brief's B-only artifact reading, excluded here by the B-abstain gate but not eliminated); upward-continued flight-line artefact of the airborne survey.","Independent evidence of offset at this location: a displaced contact or marker bed, deflected or offset drainage, a facies termination, a published structural interpretation, or field observation. None is claimed here.","MEASURED CONTEXT + TEMPLATE HYPOTHESIS; no field observation, no geologist review"
65,1743,417700.0,4502000.0,4940.6,0.960863,0.387754,0.573109,0.782609,1,1032.9,0.3193,0.001476,-7.8256,3.1694,0.5315,0.5236,0.007476,2.6114,285.1,"Buried or cover-hidden fault (the brief's A-only reading): a deep potential-field fabric step (upward-continued TMI and isostatic gravity gradient) beneath thick sedimentary cover, with no DEM scarp and no radiometric lineament, i.e. structure that does not reach the surface and so is missing from a surface-mapped catalogue. HYPOTHESIS, not verified geology.","Non-fault basin-fill density boundary or volcanic lithologic contact; buried palaeo-channel or alluvial-fan margin; road/erosion lineament (the brief's B-only artifact reading, excluded here by the B-abstain gate but not eliminated); upward-continued flight-line artefact of the airborne survey.","Independent evidence of offset at this location: a displaced contact or marker bed, deflected or offset drainage, a facies termination, a published structural interpretation, or field observation. None is claimed here.","MEASURED CONTEXT + TEMPLATE HYPOTHESIS; no field observation, no geologist review"
66,2200,463400.0,4501900.0,2469.8,0.95177,0.547135,0.404635,0.509495,1,90.7,1.1257,0.001559,-3.7223,2.8738,0.6457,0.5315,0.023453,2.4893,451.5,"Buried or cover-hidden fault (the brief's A-only reading): a deep potential-field fabric step (upward-continued TMI and isostatic gravity gradient) beneath thick sedimentary cover, with no DEM scarp and no radiometric lineament, i.e. structure that does not reach the surface and so is missing from a surface-mapped catalogue. HYPOTHESIS, not verified geology.","Non-fault basin-fill density boundary or volcanic lithologic contact; buried palaeo-channel or alluvial-fan margin; road/erosion lineament (the brief's B-only artifact reading, excluded here by the B-abstain gate but not eliminated); upward-continued flight-line artefact of the airborne survey.","Independent evidence of offset at this location: a displaced contact or marker bed, deflected or offset drainage, a facies termination, a published structural interpretation, or field observation. None is claimed here.","MEASURED CONTEXT + TEMPLATE HYPOTHESIS; no field observation, no geologist review"
67,2197,463100.0,4501800.0,2683.3,0.982551,0.461233,0.521317,0.511669,1,92.5,1.3482,0.001589,-3.9828,2.8738,0.6772,0.5472,0.021121,2.5,451.5,"Buried or cover-hidden fault (the brief's A-only reading): a deep potential-field fabric step (upward-continued TMI and isostatic gravity gradient) beneath thick sedimentary cover, with no DEM scarp and no radiometric lineament, i.e. structure that does not reach the surface and so is missing from a surface-mapped catalogue. HYPOTHESIS, not verified geology.","Non-fault basin-fill density boundary or volcanic lithologic contact; buried palaeo-channel or alluvial-fan margin; road/erosion lineament (the brief's B-only artifact reading, excluded here by the B-abstain gate but not eliminated); upward-continued flight-line artefact of the airborne survey.","Independent evidence of offset at this location: a displaced contact or marker bed, deflected or offset drainage, a facies termination, a published structural interpretation, or field observation. None is claimed here.","MEASURED CONTEXT + TEMPLATE HYPOTHESIS; no field observation, no geologist review"
69,2192,462600.0,4501600.0,2801.8,0.953412,0.602695,0.350717,0.513067,1,93.7,1.8044,0.001351,-4.3576,3.0224,0.5551,0.4843,0.015742,2.5,451.5,"Buried or cover-hidden fault (the brief's A-only reading): a deep potential-field fabric step (upward-continued TMI and isostatic gravity gradient) beneath thick sedimentary cover, with no DEM scarp and no radiometric lineament, i.e. structure that does not reach the surface and so is missing from a surface-mapped catalogue. HYPOTHESIS, not verified geology.","Non-fault basin-fill density boundary or volcanic lithologic contact; buried palaeo-channel or alluvial-fan margin; road/erosion lineament (the brief's B-only artifact reading, excluded here by the B-abstain gate but not eliminated); upward-continued flight-line artefact of the airborne survey.","Independent evidence of offset at this location: a displaced contact or marker bed, deflected or offset drainage, a facies termination, a published structural interpretation, or field observation. None is claimed here.","MEASURED CONTEXT + TEMPLATE HYPOTHESIS; no field observation, no geologist review"
70,2195,462900.0,4501500.0,3041.4,0.977302,0.612823,0.364479,0.50727,1,88.9,1.8224,0.001553,-3.8737,2.8971,0.5827,0.4961,0.01803,2.5,451.5,"Buried or cover-hidden fault (the brief's A-only reading): a deep potential-field fabric step (upward-continued TMI and isostatic gravity gradient) beneath thick sedimentary cover, with no DEM scarp and no radiometric lineament, i.e. structure that does not reach the surface and so is missing from a surface-mapped catalogue. HYPOTHESIS, not verified geology.","Non-fault basin-fill density boundary or volcanic lithologic contact; buried palaeo-channel or alluvial-fan margin; road/erosion lineament (the brief's B-only artifact reading, excluded here by the B-abstain gate but not eliminated); upward-continued flight-line artefact of the airborne survey.","Independent evidence of offset at this location: a displaced contact or marker bed, deflected or offset drainage, a facies termination, a published structural interpretation, or field observation. None is claimed here.","MEASURED CONTEXT + TEMPLATE HYPOTHESIS; no field observation, no geologist review"
70,2198,463200.0,4501500.0,2915.5,0.968412,0.606736,0.361676,0.503335,1,85.8,1.9946,0.001538,-3.5227,2.8738,0.6063,0.5866,0.019461,2.5,451.5,"Buried or cover-hidden fault (the brief's A-only reading): a deep potential-field fabric step (upward-continued TMI and isostatic gravity gradient) beneath thick sedimentary cover, with no DEM scarp and no radiometric lineament, i.e. structure that does not reach the surface and so is missing from a surface-mapped catalogue. HYPOTHESIS, not verified geology.","Non-fault basin-fill density boundary or volcanic lithologic contact; buried palaeo-channel or alluvial-fan margin; road/erosion lineament (the brief's B-only artifact reading, excluded here by the B-abstain gate but not eliminated); upward-continued flight-line artefact of the airborne survey.","Independent evidence of offset at this location: a displaced contact or marker bed, deflected or offset drainage, a facies termination, a published structural interpretation, or field observation. None is claimed here.","MEASURED CONTEXT + TEMPLATE HYPOTHESIS; no field observation, no geologist review"
71,2189,462300.0,4501400.0,2502.0,0.983009,0.603429,0.37958,0.512515,1,93.2,1.5404,0.001204,-4.1806,3.1477,0.6024,0.5079,0.009573,2.5,451.5,"Buried or cover-hidden fault (the brief's A-only reading): a deep potential-field fabric step (upward-continued TMI and isostatic gravity gradient) beneath thick sedimentary cover, with no DEM scarp and no radiometric lineament, i.e. structure that does not reach the surface and so is missing from a surface-mapped catalogue. HYPOTHESIS, not verified geology.","Non-fault basin-fill density boundary or volcanic lithologic contact; buried palaeo-channel or alluvial-fan margin; road/erosion lineament (the brief's B-only artifact reading, excluded here by the B-abstain gate but not eliminated); upward-continued flight-line artefact of the airborne survey.","Independent evidence of offset at this location: a displaced contact or marker bed, deflected or offset drainage, a facies termination, a published structural interpretation, or field observation. None is claimed here.","MEASURED CONTEXT + TEMPLATE HYPOTHESIS; no field observation, no geologist review"
71,2201,463500.0,4501400.0,2912.0,0.965973,0.539586,0.426387,0.496459,1,80.7,1.8939,0.001366,-3.0723,2.8738,0.5669,0.4764,0.018587,2.5,451.5,"Buried or cover-hidden fault (the brief's A-only reading): a deep potential-field fabric step (upward-continued TMI and isostatic gravity gradient) beneath thick sedimentary cover, with no DEM scarp and no radiometric lineament, i.e. structure that does not reach the surface and so is missing from a surface-mapped catalogue. HYPOTHESIS, not verified geology.","Non-fault basin-fill density boundary or volcanic lithologic contact; buried palaeo-channel or alluvial-fan margin; road/erosion lineament (the brief's B-only artifact reading, excluded here by the B-abstain gate but not eliminated); upward-continued flight-line artefact of the airborne survey.","Independent evidence of offset at this location: a displaced contact or marker bed, deflected or offset drainage, a facies termination, a published structural interpretation, or field observation. None is claimed here.","MEASURED CONTEXT + TEMPLATE HYPOTHESIS; no field observation, no geologist review"
73,2195,462900.0,4501200.0,3114.5,0.953381,0.619024,0.334357,0.500325,1,83.6,2.0325,0.001465,-3.5082,2.897,0.5394,0.4764,0.015204,2.5,447.7722,"Buried or cover-hidden fault (the brief's A-only reading): a deep potential-field fabric step (upward-continued TMI and isostatic gravity gradient) beneath thick sedimentary cover, with no DEM scarp and no radiometric lineament, i.e. structure that does not reach the surface and so is missing from a surface-mapped catalogue. HYPOTHESIS, not verified geology.","Non-fault basin-fill density boundary or volcanic lithologic contact; buried palaeo-channel or alluvial-fan margin; road/erosion lineament (the brief's B-only artifact reading, excluded here by the B-abstain gate but not eliminated); upward-continued flight-line artefact of the airborne survey.","Independent evidence of offset at this location: a displaced contact or marker bed, deflected or offset drainage, a facies termination, a published structural interpretation, or field observation. None is claimed here.","MEASURED CONTEXT + TEMPLATE HYPOTHESIS; no field observation, no geologist review"
75,2189,462300.0,4501000.0,2549.5,0.986162,0.593963,0.392199,0.50478,1,87.0,2.0247,0.001114,-3.668,3.1476,0.4291,0.5236,0.011228,2.5,442.8416,"Buried or cover-hidden fault (the brief's A-only reading): a deep potential-field fabric step (upward-continued TMI and isostatic gravity gradient) beneath thick sedimentary cover, with no DEM scarp and no radiometric lineament, i.e. structure that does not reach the surface and so is missing from a surface-mapped catalogue. HYPOTHESIS, not verified geology.","Non-fault basin-fill density boundary or volcanic lithologic contact; buried palaeo-channel or alluvial-fan margin; road/erosion lineament (the brief's B-only artifact reading, excluded here by the B-abstain gate but not eliminated); upward-continued flight-line artefact of the airborne survey.","Independent evidence of offset at this location: a displaced contact or marker bed, deflected or offset drainage, a facies termination, a published structural interpretation, or field observation. None is claimed here.","MEASURED CONTEXT + TEMPLATE HYPOTHESIS; no field observation, no geologist review"
85,658,309200.0,4500000.0,2701.9,0.986932,0.359033,0.627899,0.623921,1,252.1,1.7154,0.002808,2.1689,1.4423,0.4803,0.3386,0.033031,15.0,989.3,"Buried or cover-hidden fault (the brief's A-only reading): a deep potential-field fabric step (upward-continued TMI and isostatic gravity gradient) beneath thick sedimentary cover, with no DEM scarp and no radiometric lineament, i.e. structure that does not reach the surface and so is missing from a surface-mapped catalogue. HYPOTHESIS, not verified geology.","Non-fault basin-fill density boundary or volcanic lithologic contact; buried palaeo-channel or alluvial-fan margin; road/erosion lineament (the brief's B-only artifact reading, excluded here by the B-abstain gate but not eliminated); upward-continued flight-line artefact of the airborne survey.","Independent evidence of offset at this location: a displaced contact or marker bed, deflected or offset drainage, a facies termination, a published structural interpretation, or field observation. None is claimed here.","MEASURED CONTEXT + TEMPLATE HYPOTHESIS; no field observation, no geologist review"
87,646,308000.0,4499800.0,3624.9,0.957556,0.374058,0.583498,0.572165,1,158.9,18.9843,0.002195,-0.331,1.8455,0.4409,0.2795,0.043316,15.2738,989.3,"Buried or cover-hidden fault (the brief's A-only reading): a deep potential-field fabric step (upward-continued TMI and isostatic gravity gradient) beneath thick sedimentary cover, with no DEM scarp and no radiometric lineament, i.e. structure that does not reach the surface and so is missing from a surface-mapped catalogue. HYPOTHESIS, not verified geology.","Non-fault basin-fill density boundary or volcanic lithologic contact; buried palaeo-channel or alluvial-fan margin; road/erosion lineament (the brief's B-only artifact reading, excluded here by the B-abstain gate but not eliminated); upward-continued flight-line artefact of the airborne survey.","Independent evidence of offset at this location: a displaced contact or marker bed, deflected or offset drainage, a facies termination, a published structural interpretation, or field observation. None is claimed here.","MEASURED CONTEXT + TEMPLATE HYPOTHESIS; no field observation, no geologist review"
89,655,308900.0,4499600.0,2729.5,0.967229,0.546091,0.421138,0.633234,1,273.9,19.4801,0.002972,0.934,1.4366,0.4961,0.3189,0.062506,15.0,989.3,"Buried or cover-hidden fault (the brief's A-only reading): a deep potential-field fabric step (upward-continued TMI and isostatic gravity gradient) beneath thick sedimentary cover, with no DEM scarp and no radiometric lineament, i.e. structure that does not reach the surface and so is missing from a surface-mapped catalogue. HYPOTHESIS, not verified geology.","Non-fault basin-fill density boundary or volcanic lithologic contact; buried palaeo-channel or alluvial-fan margin; road/erosion lineament (the brief's B-only artifact reading, excluded here by the B-abstain gate but not eliminated); upward-continued flight-line artefact of the airborne survey.","Independent evidence of offset at this location: a displaced contact or marker bed, deflected or offset drainage, a facies termination, a published structural interpretation, or field observation. None is claimed here.","MEASURED CONTEXT + TEMPLATE HYPOTHESIS; no field observation, no geologist review"
92,655,308900.0,4499300.0,2600.0,0.983364,0.374501,0.608863,0.647475,1,310.9,18.8873,0.003152,0.466,1.4312,0.5118,0.3425,0.06189,15.0,1044.8435,"Buried or cover-hidden fault (the brief's A-only reading): a deep potential-field fabric step (upward-continued TMI and isostatic gravity gradient) beneath thick sedimentary cover, with no DEM scarp and no radiometric lineament, i.e. structure that does not reach the surface and so is missing from a surface-mapped catalogue. HYPOTHESIS, not verified geology.","Non-fault basin-fill density boundary or volcanic lithologic contact; buried palaeo-channel or alluvial-fan margin; road/erosion lineament (the brief's B-only artifact reading, excluded here by the B-abstain gate but not eliminated); upward-continued flight-line artefact of the airborne survey.","Independent evidence of offset at this location: a displaced contact or marker bed, deflected or offset drainage, a facies termination, a published structural interpretation, or field observation. None is claimed here.","MEASURED CONTEXT + TEMPLATE HYPOTHESIS; no field observation, no geologist review"
92,662,309600.0,4499300.0,1972.3,0.985549,0.378512,0.607037,0.672014,1,386.7,18.6444,0.003682,2.7796,1.4312,0.4528,0.3937,0.028644,15.0,1044.9498,"Buried or cover-hidden fault (the brief's A-only reading): a deep potential-field fabric step (upward-continued TMI and isostatic gravity gradient) beneath thick sedimentary cover, with no DEM scarp and no radiometric lineament, i.e. structure that does not reach the surface and so is missing from a surface-mapped catalogue. HYPOTHESIS, not verified geology.","Non-fault basin-fill density boundary or volcanic lithologic contact; buried palaeo-channel or alluvial-fan margin; road/erosion lineament (the brief's B-only artifact reading, excluded here by the B-abstain gate but not eliminated); upward-continued flight-line artefact of the airborne survey.","Independent evidence of offset at this location: a displaced contact or marker bed, deflected or offset drainage, a facies termination, a published structural interpretation, or field observation. None is claimed here.","MEASURED CONTEXT + TEMPLATE HYPOTHESIS; no field observation, no geologist review"
92,1536,397000.0,4499300.0,2523.9,0.954504,0.562117,0.392387,0.664001,1,360.1,0.7035,0.004492,0.2139,2.8493,0.5551,0.5748,0.002769,4.1,281.5952,"Buried or cover-hidden fault (the brief's A-only reading): a deep potential-field fabric step (upward-continued TMI and isostatic gravity gradient) beneath thick sedimentary cover, with no DEM scarp and no radiometric lineament, i.e. structure that does not reach the surface and so is missing from a surface-mapped catalogue. HYPOTHESIS, not verified geology.","Non-fault basin-fill density boundary or volcanic lithologic contact; buried palaeo-channel or alluvial-fan margin; road/erosion lineament (the brief's B-only artifact reading, excluded here by the B-abstain gate but not eliminated); upward-continued flight-line artefact of the airborne survey.","Independent evidence of offset at this location: a displaced contact or marker bed, deflected or offset drainage, a facies termination, a published structural interpretation, or field observation. None is claimed here.","MEASURED CONTEXT + TEMPLATE HYPOTHESIS; no field observation, no geologist review"
94,1915,434900.0,4499100.0,9424.4,0.95444,0.562068,0.392372,0.682269,1,423.6,1.5459,0.002916,-6.0544,2.8612,0.5906,0.5079,0.007929,2.5,305.4917,"Buried or cover-hidden fault (the brief's A-only reading): a deep potential-field fabric step (upward-continued TMI and isostatic gravity gradient) beneath thick sedimentary cover, with no DEM scarp and no radiometric lineament, i.e. structure that does not reach the surface and so is missing from a surface-mapped catalogue. HYPOTHESIS, not verified geology.","Non-fault basin-fill density boundary or volcanic lithologic contact; buried palaeo-channel or alluvial-fan margin; road/erosion lineament (the brief's B-only artifact reading, excluded here by the B-abstain gate but not eliminated); upward-continued flight-line artefact of the airborne survey.","Independent evidence of offset at this location: a displaced contact or marker bed, deflected or offset drainage, a facies termination, a published structural interpretation, or field observation. None is claimed here.","MEASURED CONTEXT + TEMPLATE HYPOTHESIS; no field observation, no geologist review"
97,661,309500.0,4498800.0,1868.2,0.98334,0.350319,0.633021,0.685615,1,436.4,27.4694,0.004046,2.2016,1.4244,0.5472,0.3346,0.028165,15.0,1084.1655,"Buried or cover-hidden fault (the brief's A-only reading): a deep potential-field fabric step (upward-continued TMI and isostatic gravity gradient) beneath thick sedimentary cover, with no DEM scarp and no radiometric lineament, i.e. structure that does not reach the surface and so is missing from a surface-mapped catalogue. HYPOTHESIS, not verified geology.","Non-fault basin-fill density boundary or volcanic lithologic contact; buried palaeo-channel or alluvial-fan margin; road/erosion lineament (the brief's B-only artifact reading, excluded here by the B-abstain gate but not eliminated); upward-continued flight-line artefact of the airborne survey.","Independent evidence of offset at this location: a displaced contact or marker bed, deflected or offset drainage, a facies termination, a published structural interpretation, or field observation. None is claimed here.","MEASURED CONTEXT + TEMPLATE HYPOTHESIS; no field observation, no geologist review"
98,1915,434900.0,4498700.0,9563.5,0.952856,0.546279,0.406577,0.680598,1,417.4,0.9581,0.00295,-5.9154,2.8612,0.4409,0.563,0.00946,2.5,307.6,"Buried or cover-hidden fault (the brief's A-only reading): a deep potential-field fabric step (upward-continued TMI and isostatic gravity gradient) beneath thick sedimentary cover, with no DEM scarp and no radiometric lineament, i.e. structure that does not reach the surface and so is missing from a surface-mapped catalogue. HYPOTHESIS, not verified geology.","Non-fault basin-fill density boundary or volcanic lithologic contact; buried palaeo-channel or alluvial-fan margin; road/erosion lineament (the brief's B-only artifact reading, excluded here by the B-abstain gate but not eliminated); upward-continued flight-line artefact of the airborne survey.","Independent evidence of offset at this location: a displaced contact or marker bed, deflected or offset drainage, a facies termination, a published structural interpretation, or field observation. None is claimed here.","MEASURED CONTEXT + TEMPLATE HYPOTHESIS; no field observation, no geologist review"
98,1918,435200.0,4498700.0,9843.3,0.950329,0.525999,0.42433,0.689933,1,453.5,1.0344,0.002799,-6.8206,2.8612,0.7323,0.4646,0.01083,2.5,307.6,"Buried or cover-hidden fault (the brief's A-only reading): a deep potential-field fabric step (upward-continued TMI and isostatic gravity gradient) beneath thick sedimentary cover, with no DEM scarp and no radiometric lineament, i.e. structure that does not reach the surface and so is missing from a surface-mapped catalogue. HYPOTHESIS, not verified geology.","Non-fault basin-fill density boundary or volcanic lithologic contact; buried palaeo-channel or alluvial-fan margin; road/erosion lineament (the brief's B-only artifact reading, excluded here by the B-abstain gate but not eliminated); upward-continued flight-line artefact of the airborne survey.","Independent evidence of offset at this location: a displaced contact or marker bed, deflected or offset drainage, a facies termination, a published structural interpretation, or field observation. None is claimed here.","MEASURED CONTEXT + TEMPLATE HYPOTHESIS; no field observation, no geologist review"
102,1918,435200.0,4498300.0,9861.5,0.952856,0.476938,0.475918,0.687781,1,444.9,1.0211,0.002788,-6.934,2.8612,0.5472,0.4961,0.010801,2.5192,307.6,"Buried or cover-hidden fault (the brief's A-only reading): a deep potential-field fabric step (upward-continued TMI and isostatic gravity gradient) beneath thick sedimentary cover, with no DEM scarp and no radiometric lineament, i.e. structure that does not reach the surface and so is missing from a surface-mapped catalogue. HYPOTHESIS, not verified geology.","Non-fault basin-fill density boundary or volcanic lithologic contact; buried palaeo-channel or alluvial-fan margin; road/erosion lineament (the brief's B-only artifact reading, excluded here by the B-abstain gate but not eliminated); upward-continued flight-line artefact of the airborne survey.","Independent evidence of offset at this location: a displaced contact or marker bed, deflected or offset drainage, a facies termination, a published structural interpretation, or field observation. None is claimed here.","MEASURED CONTEXT + TEMPLATE HYPOTHESIS; no field observation, no geologist review"
103,1530,396400.0,4498200.0,2012.5,0.956355,0.533293,0.423062,0.656495,1,336.8,1.5382,0.004417,1.2034,2.8493,0.6102,0.4567,0.008757,4.1474,287.6,"Buried or cover-hidden fault (the brief's A-only reading): a deep potential-field fabric step (upward-continued TMI and isostatic gravity gradient) beneath thick sedimentary cover, with no DEM scarp and no radiometric lineament, i.e. structure that does not reach the surface and so is missing from a surface-mapped catalogue. HYPOTHESIS, not verified geology.","Non-fault basin-fill density boundary or volcanic lithologic contact; buried palaeo-channel or alluvial-fan margin; road/erosion lineament (the brief's B-only artifact reading, excluded here by the B-abstain gate but not eliminated); upward-continued flight-line artefact of the airborne survey.","Independent evidence of offset at this location: a displaced contact or marker bed, deflected or offset drainage, a facies termination, a published structural interpretation, or field observation. None is claimed here.","MEASURED CONTEXT + TEMPLATE HYPOTHESIS; no field observation, no geologist review"
103,2169,460300.0,4498200.0,1860.1,0.980779,0.625457,0.355322,0.486383,1,73.7,14.9657,0.000573,-1.8958,2.7974,0.4685,0.311,0.00228,2.6362,427.4,"Buried or cover-hidden fault (the brief's A-only reading): a deep potential-field fabric step (upward-continued TMI and isostatic gravity gradient) beneath thick sedimentary cover, with no DEM scarp and no radiometric lineament, i.e. structure that does not reach the surface and so is missing from a surface-mapped catalogue. HYPOTHESIS, not verified geology.","Non-fault basin-fill density boundary or volcanic lithologic contact; buried palaeo-channel or alluvial-fan margin; road/erosion lineament (the brief's B-only artifact reading, excluded here by the B-abstain gate but not eliminated); upward-continued flight-line artefact of the airborne survey.","Independent evidence of offset at this location: a displaced contact or marker bed, deflected or offset drainage, a facies termination, a published structural interpretation, or field observation. None is claimed here.","MEASURED CONTEXT + TEMPLATE HYPOTHESIS; no field observation, no geologist review"
104,1921,435500.0,4498100.0,9501.6,0.958045,0.476301,0.481744,0.69732,1,484.3,0.7988,0.002562,-7.7547,2.8612,0.5472,0.5669,0.012291,2.5595,307.6,"Buried or cover-hidden fault (the brief's A-only reading): a deep potential-field fabric step (upward-continued TMI and isostatic gravity gradient) beneath thick sedimentary cover, with no DEM scarp and no radiometric lineament, i.e. structure that does not reach the surface and so is missing from a surface-mapped catalogue. HYPOTHESIS, not verified geology.","Non-fault basin-fill density boundary or volcanic lithologic contact; buried palaeo-channel or alluvial-fan margin; road/erosion lineament (the brief's B-only artifact reading, excluded here by the B-abstain gate but not eliminated); upward-continued flight-line artefact of the airborne survey.","Independent evidence of offset at this location: a displaced contact or marker bed, deflected or offset drainage, a facies termination, a published structural interpretation, or field observation. None is claimed here.","MEASURED CONTEXT + TEMPLATE HYPOTHESIS; no field observation, no geologist review"
106,1528,396200.0,4497900.0,1835.8,0.983904,0.643121,0.340783,0.659282,1,345.3,1.6273,0.004405,0.9531,2.8493,0.5354,0.4646,0.00637,4.2,287.6,"Buried or cover-hidden fault (the brief's A-only reading): a deep potential-field fabric step (upward-continued TMI and isostatic gravity gradient) beneath thick sedimentary cover, with no DEM scarp and no radiometric lineament, i.e. structure that does not reach the surface and so is missing from a surface-mapped catalogue. HYPOTHESIS, not verified geology.","Non-fault basin-fill density boundary or volcanic lithologic contact; buried palaeo-channel or alluvial-fan margin; road/erosion lineament (the brief's B-only artifact reading, excluded here by the B-abstain gate but not eliminated); upward-continued flight-line artefact of the airborne survey.","Independent evidence of offset at this location: a displaced contact or marker bed, deflected or offset drainage, a facies termination, a published structural interpretation, or field observation. None is claimed here.","MEASURED CONTEXT + TEMPLATE HYPOTHESIS; no field observation, no geologist review"
107,1918,435200.0,4497800.0,9617.7,0.951394,0.514949,0.436445,0.684369,1,431.6,1.0646,0.002794,-7.1843,2.8612,0.622,0.5118,0.009585,2.6,307.6,"Buried or cover-hidden fault (the brief's A-only reading): a deep potential-field fabric step (upward-continued TMI and isostatic gravity gradient) beneath thick sedimentary cover, with no DEM scarp and no radiometric lineament, i.e. structure that does not reach the surface and so is missing from a surface-mapped catalogue. HYPOTHESIS, not verified geology.","Non-fault basin-fill density boundary or volcanic lithologic contact; buried palaeo-channel or alluvial-fan margin; road/erosion lineament (the brief's B-only artifact reading, excluded here by the B-abstain gate but not eliminated); upward-continued flight-line artefact of the airborne survey.","Independent evidence of offset at this location: a displaced contact or marker bed, deflected or offset drainage, a facies termination, a published structural interpretation, or field observation. None is claimed here.","MEASURED CONTEXT + TEMPLATE HYPOTHESIS; no field observation, no geologist review"
107,1922,435600.0,4497800.0,9266.1,0.989784,0.486604,0.50318,0.698888,1,491.0,0.739,0.002449,-8.1414,2.8612,0.5197,0.5354,0.011664,2.6,308.7111,"Buried or cover-hidden fault (the brief's A-only reading): a deep potential-field fabric step (upward-continued TMI and isostatic gravity gradient) beneath thick sedimentary cover, with no DEM scarp and no radiometric lineament, i.e. structure that does not reach the surface and so is missing from a surface-mapped catalogue. HYPOTHESIS, not verified geology.","Non-fault basin-fill density boundary or volcanic lithologic contact; buried palaeo-channel or alluvial-fan margin; road/erosion lineament (the brief's B-only artifact reading, excluded here by the B-abstain gate but not eliminated); upward-continued flight-line artefact of the airborne survey.","Independent evidence of offset at this location: a displaced contact or marker bed, deflected or offset drainage, a facies termination, a published structural interpretation, or field observation. None is claimed here.","MEASURED CONTEXT + TEMPLATE HYPOTHESIS; no field observation, no geologist review"
107,1926,436000.0,4497800.0,8918.5,0.972626,0.457265,0.515362,0.712111,1,552.3,0.6079,0.002438,-9.0532,2.8612,0.6811,0.5315,0.011622,2.6,314.4238,"Buried or cover-hidden fault (the brief's A-only reading): a deep potential-field fabric step (upward-continued TMI and isostatic gravity gradient) beneath thick sedimentary cover, with no DEM scarp and no radiometric lineament, i.e. structure that does not reach the surface and so is missing from a surface-mapped catalogue. HYPOTHESIS, not verified geology.","Non-fault basin-fill density boundary or volcanic lithologic contact; buried palaeo-channel or alluvial-fan margin; road/erosion lineament (the brief's B-only artifact reading, excluded here by the B-abstain gate but not eliminated); upward-continued flight-line artefact of the airborne survey.","Independent evidence of offset at this location: a displaced contact or marker bed, deflected or offset drainage, a facies termination, a published structural interpretation, or field observation. None is claimed here.","MEASURED CONTEXT + TEMPLATE HYPOTHESIS; no field observation, no geologist review"
107,1964,439800.0,4497800.0,5866.9,0.956567,0.645512,0.311055,0.815726,1,1385.9,0.1591,0.002755,-19.5136,2.8612,0.5276,0.5787,0.003151,2.6,335.5169,"Buried or cover-hidden fault (the brief's A-only reading): a deep potential-field fabric step (upward-continued TMI and isostatic gravity gradient) beneath thick sedimentary cover, with no DEM scarp and no radiometric lineament, i.e. structure that does not reach the surface and so is missing from a surface-mapped catalogue. HYPOTHESIS, not verified geology.","Non-fault basin-fill density boundary or volcanic lithologic contact; buried palaeo-channel or alluvial-fan margin; road/erosion lineament (the brief's B-only artifact reading, excluded here by the B-abstain gate but not eliminated); upward-continued flight-line artefact of the airborne survey.","Independent evidence of offset at this location: a displaced contact or marker bed, deflected or offset drainage, a facies termination, a published structural interpretation, or field observation. None is claimed here.","MEASURED CONTEXT + TEMPLATE HYPOTHESIS; no field observation, no geologist review"
108,1999,443300.0,4497700.0,2549.5,0.950162,0.604309,0.345853,0.808769,1,1302.9,0.4465,0.002007,-22.5321,2.8777,0.5709,0.5669,0.005592,2.6,348.7,"Buried or cover-hidden fault (the brief's A-only reading): a deep potential-field fabric step (upward-continued TMI and isostatic gravity gradient) beneath thick sedimentary cover, with no DEM scarp and no radiometric lineament, i.e. structure that does not reach the surface and so is missing from a surface-mapped catalogue. HYPOTHESIS, not verified geology.","Non-fault basin-fill density boundary or volcanic lithologic contact; buried palaeo-channel or alluvial-fan margin; road/erosion lineament (the brief's B-only artifact reading, excluded here by the B-abstain gate but not eliminated); upward-continued flight-line artefact of the airborne survey.","Independent evidence of offset at this location: a displaced contact or marker bed, deflected or offset drainage, a facies termination, a published structural interpretation, or field observation. None is claimed here.","MEASURED CONTEXT + TEMPLATE HYPOTHESIS; no field observation, no geologist review"
109,1961,439500.0,4497600.0,6010.8,0.961761,0.567779,0.393983,0.807537,1,1288.7,0.5171,0.002768,-18.544,2.8612,0.5354,0.6024,0.003039,2.6,331.1,"Buried or cover-hidden fault (the brief's A-only reading): a deep potential-field fabric step (upward-continued TMI and isostatic gravity gradient) beneath thick sedimentary cover, with no DEM scarp and no radiometric lineament, i.e. structure that does not reach the surface and so is missing from a surface-mapped catalogue. HYPOTHESIS, not verified geology.","Non-fault basin-fill density boundary or volcanic lithologic contact; buried palaeo-channel or alluvial-fan margin; road/erosion lineament (the brief's B-only artifact reading, excluded here by the B-abstain gate but not eliminated); upward-continued flight-line artefact of the airborne survey.","Independent evidence of offset at this location: a displaced contact or marker bed, deflected or offset drainage, a facies termination, a published structural interpretation, or field observation. None is claimed here.","MEASURED CONTEXT + TEMPLATE HYPOTHESIS; no field observation, no geologist review"
110,1527,396100.0,4497500.0,1526.4,0.996939,0.479019,0.517919,0.657777,1,340.7,2.5295,0.004494,0.7318,2.8493,0.7087,0.4685,0.005063,4.2,287.6,"Buried or cover-hidden fault (the brief's A-only reading): a deep potential-field fabric step (upward-continued TMI and isostatic gravity gradient) beneath thick sedimentary cover, with no DEM scarp and no radiometric lineament, i.e. structure that does not reach the surface and so is missing from a surface-mapped catalogue. HYPOTHESIS, not verified geology.","Non-fault basin-fill density boundary or volcanic lithologic contact; buried palaeo-channel or alluvial-fan margin; road/erosion lineament (the brief's B-only artifact reading, excluded here by the B-abstain gate but not eliminated); upward-continued flight-line artefact of the airborne survey.","Independent evidence of offset at this location: a displaced contact or marker bed, deflected or offset drainage, a facies termination, a published structural interpretation, or field observation. None is claimed here.","MEASURED CONTEXT + TEMPLATE HYPOTHESIS; no field observation, no geologist review"
111,1923,435700.0,4497400.0,8989.4,0.980913,0.452089,0.528824,0.698105,1,487.6,0.79,0.002215,-8.7568,2.8612,0.4331,0.6181,0.00972,2.6,310.2363,"Buried or cover-hidden fault (the brief's A-only reading): a deep potential-field fabric step (upward-continued TMI and isostatic gravity gradient) beneath thick sedimentary cover, with no DEM scarp and no radiometric lineament, i.e. structure that does not reach the surface and so is missing from a surface-mapped catalogue. HYPOTHESIS, not verified geology.","Non-fault basin-fill density boundary or volcanic lithologic contact; buried palaeo-channel or alluvial-fan margin; road/erosion lineament (the brief's B-only artifact reading, excluded here by the B-abstain gate but not eliminated); upward-continued flight-line artefact of the airborne survey.","Independent evidence of offset at this location: a displaced contact or marker bed, deflected or offset drainage, a facies termination, a published structural interpretation, or field observation. None is claimed here.","MEASURED CONTEXT + TEMPLATE HYPOTHESIS; no field observation, no geologist review"
112,1524,395800.0,4497300.0,1555.6,0.991125,0.625511,0.365614,0.66772,1,372.2,1.7837,0.004607,-0.5375,2.8493,0.5709,0.4803,0.005125,4.2,287.7456,"Buried or cover-hidden fault (the brief's A-only reading): a deep potential-field fabric step (upward-continued TMI and isostatic gravity gradient) beneath thick sedimentary cover, with no DEM scarp and no radiometric lineament, i.e. structure that does not reach the surface and so is missing from a surface-mapped catalogue. HYPOTHESIS, not verified geology.","Non-fault basin-fill density boundary or volcanic lithologic contact; buried palaeo-channel or alluvial-fan margin; road/erosion lineament (the brief's B-only artifact reading, excluded here by the B-abstain gate but not eliminated); upward-continued flight-line artefact of the airborne survey.","Independent evidence of offset at this location: a displaced contact or marker bed, deflected or offset drainage, a facies termination, a published structural interpretation, or field observation. None is claimed here.","MEASURED CONTEXT + TEMPLATE HYPOTHESIS; no field observation, no geologist review"
112,1959,439300.0,4497300.0,5946.4,0.965736,0.442282,0.523454,0.799707,1,1202.2,0.4991,0.002788,-17.7974,2.8612,0.6142,0.5748,0.0035,2.6,334.5869,"Buried or cover-hidden fault (the brief's A-only reading): a deep potential-field fabric step (upward-continued TMI and isostatic gravity gradient) beneath thick sedimentary cover, with no DEM scarp and no radiometric lineament, i.e. structure that does not reach the surface and so is missing from a surface-mapped catalogue. HYPOTHESIS, not verified geology.","Non-fault basin-fill density boundary or volcanic lithologic contact; buried palaeo-channel or alluvial-fan margin; road/erosion lineament (the brief's B-only artifact reading, excluded here by the B-abstain gate but not eliminated); upward-continued flight-line artefact of the airborne survey.","Independent evidence of offset at this location: a displaced contact or marker bed, deflected or offset drainage, a facies termination, a published structural interpretation, or field observation. None is claimed here.","MEASURED CONTEXT + TEMPLATE HYPOTHESIS; no field observation, no geologist review"
113,1926,436000.0,4497200.0,8631.3,0.973255,0.501969,0.471285,0.706258,1,524.3,0.6039,0.00197,-9.4728,2.8612,0.4843,0.5709,0.008911,2.6,319.5211,"Buried or cover-hidden fault (the brief's A-only reading): a deep potential-field fabric step (upward-continued TMI and isostatic gravity gradient) beneath thick sedimentary cover, with no DEM scarp and no radiometric lineament, i.e. structure that does not reach the surface and so is missing from a surface-mapped catalogue. HYPOTHESIS, not verified geology.","Non-fault basin-fill density boundary or volcanic lithologic contact; buried palaeo-channel or alluvial-fan margin; road/erosion lineament (the brief's B-only artifact reading, excluded here by the B-abstain gate but not eliminated); upward-continued flight-line artefact of the airborne survey.","Independent evidence of offset at this location: a displaced contact or marker bed, deflected or offset drainage, a facies termination, a published structural interpretation, or field observation. None is claimed here.","MEASURED CONTEXT + TEMPLATE HYPOTHESIS; no field observation, no geologist review"
132,2071,450500.0,4495300.0,3132.1,0.965791,0.598562,0.367228,0.223379,1,6.3,18.9552,0.000303,-1.7831,2.9024,0.4646,0.3268,0.008342,2.8,367.9111,"Buried or cover-hidden fault (the brief's A-only reading): a deep potential-field fabric step (upward-continued TMI and isostatic gravity gradient) beneath thick sedimentary cover, with no DEM scarp and no radiometric lineament, i.e. structure that does not reach the surface and so is missing from a surface-mapped catalogue. HYPOTHESIS, not verified geology.","Non-fault basin-fill density boundary or volcanic lithologic contact; buried palaeo-channel or alluvial-fan margin; road/erosion lineament (the brief's B-only artifact reading, excluded here by the B-abstain gate but not eliminated); upward-continued flight-line artefact of the airborne survey.","Independent evidence of offset at this location: a displaced contact or marker bed, deflected or offset drainage, a facies termination, a published structural interpretation, or field observation. None is claimed here.","MEASURED CONTEXT + TEMPLATE HYPOTHESIS; no field observation, no geologist review"
142,1991,442500.0,4494300.0,1562.0,0.967441,0.381388,0.586053,0.756161,1,816.7,0.2152,0.000553,-22.315,2.8777,0.6378,0.6299,0.007343,2.7,350.7,"Buried or cover-hidden fault (the brief's A-only reading): a deep potential-field fabric step (upward-continued TMI and isostatic gravity gradient) beneath thick sedimentary cover, with no DEM scarp and no radiometric lineament, i.e. structure that does not reach the surface and so is missing from a surface-mapped catalogue. HYPOTHESIS, not verified geology.","Non-fault basin-fill density boundary or volcanic lithologic contact; buried palaeo-channel or alluvial-fan margin; road/erosion lineament (the brief's B-only artifact reading, excluded here by the B-abstain gate but not eliminated); upward-continued flight-line artefact of the airborne survey.","Independent evidence of offset at this location: a displaced contact or marker bed, deflected or offset drainage, a facies termination, a published structural interpretation, or field observation. None is claimed here.","MEASURED CONTEXT + TEMPLATE HYPOTHESIS; no field observation, no geologist review"
162,692,312600.0,4492300.0,3900.0,0.993128,0.432604,0.560524,0.288306,1,11.9,2.247,0.004965,14.9516,2.1479,0.9567,0.6142,0.010678,15.4363,1052.3,"Buried or cover-hidden fault (the brief's A-only reading): a deep potential-field fabric step (upward-continued TMI and isostatic gravity gradient) beneath thick sedimentary cover, with no DEM scarp and no radiometric lineament, i.e. structure that does not reach the surface and so is missing from a surface-mapped catalogue. HYPOTHESIS, not verified geology.","Non-fault basin-fill density boundary or volcanic lithologic contact; buried palaeo-channel or alluvial-fan margin; road/erosion lineament (the brief's B-only artifact reading, excluded here by the B-abstain gate but not eliminated); upward-continued flight-line artefact of the airborne survey.","Independent evidence of offset at this location: a displaced contact or marker bed, deflected or offset drainage, a facies termination, a published structural interpretation, or field observation. None is claimed here.","MEASURED CONTEXT + TEMPLATE HYPOTHESIS; no field observation, no geologist review"
166,703,313700.0,4491900.0,4531.0,0.969413,0.647775,0.321638,0.337885,1,19.0,1.3363,0.006561,8.9904,2.4986,0.9528,0.6614,0.009616,15.6,1039.7765,"Buried or cover-hidden fault (the brief's A-only reading): a deep potential-field fabric step (upward-continued TMI and isostatic gravity gradient) beneath thick sedimentary cover, with no DEM scarp and no radiometric lineament, i.e. structure that does not reach the surface and so is missing from a surface-mapped catalogue. HYPOTHESIS, not verified geology.","Non-fault basin-fill density boundary or volcanic lithologic contact; buried palaeo-channel or alluvial-fan margin; road/erosion lineament (the brief's B-only artifact reading, excluded here by the B-abstain gate but not eliminated); upward-continued flight-line artefact of the airborne survey.","Independent evidence of offset at this location: a displaced contact or marker bed, deflected or offset drainage, a facies termination, a published structural interpretation, or field observation. None is claimed here.","MEASURED CONTEXT + TEMPLATE HYPOTHESIS; no field observation, no geologist review"
177,703,313700.0,4490800.0,4254.4,0.991241,0.646896,0.344345,0.334612,1,18.4,2.6643,0.006659,10.4404,2.4986,0.9567,0.6417,0.005713,15.6,1034.4623,"Buried or cover-hidden fault (the brief's A-only reading): a deep potential-field fabric step (upward-continued TMI and isostatic gravity gradient) beneath thick sedimentary cover, with no DEM scarp and no radiometric lineament, i.e. structure that does not reach the surface and so is missing from a surface-mapped catalogue. HYPOTHESIS, not verified geology.","Non-fault basin-fill density boundary or volcanic lithologic contact; buried palaeo-channel or alluvial-fan margin; road/erosion lineament (the brief's B-only artifact reading, excluded here by the B-abstain gate but not eliminated); upward-continued flight-line artefact of the airborne survey.","Independent evidence of offset at this location: a displaced contact or marker bed, deflected or offset drainage, a facies termination, a published structural interpretation, or field observation. None is claimed here.","MEASURED CONTEXT + TEMPLATE HYPOTHESIS; no field observation, no geologist review"
184,1377,381100.0,4490100.0,5481.8,0.953066,0.435274,0.517792,0.44995,1,53.1,1.8172,0.002919,-2.2167,2.2343,0.5197,0.5709,0.004899,6.352,271.3,"Buried or cover-hidden fault (the brief's A-only reading): a deep potential-field fabric step (upward-continued TMI and isostatic gravity gradient) beneath thick sedimentary cover, with no DEM scarp and no radiometric lineament, i.e. structure that does not reach the surface and so is missing from a surface-mapped catalogue. HYPOTHESIS, not verified geology.","Non-fault basin-fill density boundary or volcanic lithologic contact; buried palaeo-channel or alluvial-fan margin; road/erosion lineament (the brief's B-only artifact reading, excluded here by the B-abstain gate but not eliminated); upward-continued flight-line artefact of the airborne survey.","Independent evidence of offset at this location: a displaced contact or marker bed, deflected or offset drainage, a facies termination, a published structural interpretation, or field observation. None is claimed here.","MEASURED CONTEXT + TEMPLATE HYPOTHESIS; no field observation, no geologist review"
187,1925,435900.0,4489800.0,7858.8,0.966707,0.531849,0.434858,0.356203,1,22.6,15.2503,0.000362,-6.0604,2.7001,0.7087,0.4724,0.001811,3.1,339.43,"Buried or cover-hidden fault (the brief's A-only reading): a deep potential-field fabric step (upward-continued TMI and isostatic gravity gradient) beneath thick sedimentary cover, with no DEM scarp and no radiometric lineament, i.e. structure that does not reach the surface and so is missing from a surface-mapped catalogue. HYPOTHESIS, not verified geology.","Non-fault basin-fill density boundary or volcanic lithologic contact; buried palaeo-channel or alluvial-fan margin; road/erosion lineament (the brief's B-only artifact reading, excluded here by the B-abstain gate but not eliminated); upward-continued flight-line artefact of the airborne survey.","Independent evidence of offset at this location: a displaced contact or marker bed, deflected or offset drainage, a facies termination, a published structural interpretation, or field observation. None is claimed here.","MEASURED CONTEXT + TEMPLATE HYPOTHESIS; no field observation, no geologist review"
189,1928,436200.0,4489600.0,7624.3,0.972284,0.420838,0.551446,0.36863,1,25.3,16.1013,0.000204,-6.1247,2.7001,0.7283,0.4764,0.002276,3.1,343.8,"Buried or cover-hidden fault (the brief's A-only reading): a deep potential-field fabric step (upward-continued TMI and isostatic gravity gradient) beneath thick sedimentary cover, with no DEM scarp and no radiometric lineament, i.e. structure that does not reach the surface and so is missing from a surface-mapped catalogue. HYPOTHESIS, not verified geology.","Non-fault basin-fill density boundary or volcanic lithologic contact; buried palaeo-channel or alluvial-fan margin; road/erosion lineament (the brief's B-only artifact reading, excluded here by the B-abstain gate but not eliminated); upward-continued flight-line artefact of the airborne survey.","Independent evidence of offset at this location: a displaced contact or marker bed, deflected or offset drainage, a facies termination, a published structural interpretation, or field observation. None is claimed here.","MEASURED CONTEXT + TEMPLATE HYPOTHESIS; no field observation, no geologist review"
197,1384,381800.0,4488800.0,5333.9,0.959704,0.587828,0.371876,0.450289,1,53.3,0.8736,0.002507,-2.1655,2.2343,0.5118,0.7165,0.003171,6.1,270.2,"Buried or cover-hidden fault (the brief's A-only reading): a deep potential-field fabric step (upward-continued TMI and isostatic gravity gradient) beneath thick sedimentary cover, with no DEM scarp and no radiometric lineament, i.e. structure that does not reach the surface and so is missing from a surface-mapped catalogue. HYPOTHESIS, not verified geology.","Non-fault basin-fill density boundary or volcanic lithologic contact; buried palaeo-channel or alluvial-fan margin; road/erosion lineament (the brief's B-only artifact reading, excluded here by the B-abstain gate but not eliminated); upward-continued flight-line artefact of the airborne survey.","Independent evidence of offset at this location: a displaced contact or marker bed, deflected or offset drainage, a facies termination, a published structural interpretation, or field observation. None is claimed here.","MEASURED CONTEXT + TEMPLATE HYPOTHESIS; no field observation, no geologist review"
199,1378,381200.0,4488600.0,5954.0,0.972514,0.617222,0.355292,0.379137,1,27.9,1.4003,0.001441,-1.2045,2.2343,0.5079,0.7087,0.002651,6.3189,270.2,"Buried or cover-hidden fault (the brief's A-only reading): a deep potential-field fabric step (upward-continued TMI and isostatic gravity gradient) beneath thick sedimentary cover, with no DEM scarp and no radiometric lineament, i.e. structure that does not reach the surface and so is missing from a surface-mapped catalogue. HYPOTHESIS, not verified geology.","Non-fault basin-fill density boundary or volcanic lithologic contact; buried palaeo-channel or alluvial-fan margin; road/erosion lineament (the brief's B-only artifact reading, excluded here by the B-abstain gate but not eliminated); upward-continued flight-line artefact of the airborne survey.","Independent evidence of offset at this location: a displaced contact or marker bed, deflected or offset drainage, a facies termination, a published structural interpretation, or field observation. None is claimed here.","MEASURED CONTEXT + TEMPLATE HYPOTHESIS; no field observation, no geologist review"
200,1383,381700.0,4488500.0,5575.8,0.959455,0.53643,0.423025,0.430736,1,44.6,0.8592,0.002019,-1.478,2.2343,0.5591,0.7008,0.005074,6.1,270.2,"Buried or cover-hidden fault (the brief's A-only reading): a deep potential-field fabric step (upward-continued TMI and isostatic gravity gradient) beneath thick sedimentary cover, with no DEM scarp and no radiometric lineament, i.e. structure that does not reach the surface and so is missing from a surface-mapped catalogue. HYPOTHESIS, not verified geology.","Non-fault basin-fill density boundary or volcanic lithologic contact; buried palaeo-channel or alluvial-fan margin; road/erosion lineament (the brief's B-only artifact reading, excluded here by the B-abstain gate but not eliminated); upward-continued flight-line artefact of the airborne survey.","Independent evidence of offset at this location: a displaced contact or marker bed, deflected or offset drainage, a facies termination, a published structural interpretation, or field observation. None is claimed here.","MEASURED CONTEXT + TEMPLATE HYPOTHESIS; no field observation, no geologist review"
207,2007,444100.0,4487800.0,1612.5,0.996374,0.466561,0.529813,0.599367,1,202.5,1.3741,0.002467,-11.9039,2.6333,0.685,0.6575,0.011762,3.2,367.6,"Buried or cover-hidden fault (the brief's A-only reading): a deep potential-field fabric step (upward-continued TMI and isostatic gravity gradient) beneath thick sedimentary cover, with no DEM scarp and no radiometric lineament, i.e. structure that does not reach the surface and so is missing from a surface-mapped catalogue. HYPOTHESIS, not verified geology.","Non-fault basin-fill density boundary or volcanic lithologic contact; buried palaeo-channel or alluvial-fan margin; road/erosion lineament (the brief's B-only artifact reading, excluded here by the B-abstain gate but not eliminated); upward-continued flight-line artefact of the airborne survey.","Independent evidence of offset at this location: a displaced contact or marker bed, deflected or offset drainage, a facies termination, a published structural interpretation, or field observation. None is claimed here.","MEASURED CONTEXT + TEMPLATE HYPOTHESIS; no field observation, no geologist review"
208,2012,444600.0,4487700.0,1529.7,0.994863,0.54526,0.449604,0.616506,1,236.0,0.869,0.002833,-13.0489,2.6333,0.5551,0.6378,0.010219,3.2,367.6,"Buried or cover-hidden fault (the brief's A-only reading): a deep potential-field fabric step (upward-continued TMI and isostatic gravity gradient) beneath thick sedimentary cover, with no DEM scarp and no radiometric lineament, i.e. structure that does not reach the surface and so is missing from a surface-mapped catalogue. HYPOTHESIS, not verified geology.","Non-fault basin-fill density boundary or volcanic lithologic contact; buried palaeo-channel or alluvial-fan margin; road/erosion lineament (the brief's B-only artifact reading, excluded here by the B-abstain gate but not eliminated); upward-continued flight-line artefact of the airborne survey.","Independent evidence of offset at this location: a displaced contact or marker bed, deflected or offset drainage, a facies termination, a published structural interpretation, or field observation. None is claimed here.","MEASURED CONTEXT + TEMPLATE HYPOTHESIS; no field observation, no geologist review"
209,1350,378400.0,4487600.0,6107.4,0.987296,0.565278,0.422018,0.578356,1,167.9,0.5958,0.004128,-5.2601,2.1732,0.4882,0.626,0.010565,6.6,259.2,"Buried or cover-hidden fault (the brief's A-only reading): a deep potential-field fabric step (upward-continued TMI and isostatic gravity gradient) beneath thick sedimentary cover, with no DEM scarp and no radiometric lineament, i.e. structure that does not reach the surface and so is missing from a surface-mapped catalogue. HYPOTHESIS, not verified geology.","Non-fault basin-fill density boundary or volcanic lithologic contact; buried palaeo-channel or alluvial-fan margin; road/erosion lineament (the brief's B-only artifact reading, excluded here by the B-abstain gate but not eliminated); upward-continued flight-line artefact of the airborne survey.","Independent evidence of offset at this location: a displaced contact or marker bed, deflected or offset drainage, a facies termination, a published structural interpretation, or field observation. None is claimed here.","MEASURED CONTEXT + TEMPLATE HYPOTHESIS; no field observation, no geologist review"
209,2023,445700.0,4487600.0,1788.9,0.98144,0.593253,0.388188,0.661467,1,352.1,0.5616,0.003461,-16.0429,2.6333,0.6024,0.6299,0.009289,3.2,374.4568,"Buried or cover-hidden fault (the brief's A-only reading): a deep potential-field fabric step (upward-continued TMI and isostatic gravity gradient) beneath thick sedimentary cover, with no DEM scarp and no radiometric lineament, i.e. structure that does not reach the surface and so is missing from a surface-mapped catalogue. HYPOTHESIS, not verified geology.","Non-fault basin-fill density boundary or volcanic lithologic contact; buried palaeo-channel or alluvial-fan margin; road/erosion lineament (the brief's B-only artifact reading, excluded here by the B-abstain gate but not eliminated); upward-continued flight-line artefact of the airborne survey.","Independent evidence of offset at this location: a displaced contact or marker bed, deflected or offset drainage, a facies termination, a published structural interpretation, or field observation. None is claimed here.","MEASURED CONTEXT + TEMPLATE HYPOTHESIS; no field observation, no geologist review"
210,1381,381500.0,4487500.0,6296.8,0.978855,0.594788,0.384067,0.366229,1,24.7,1.7533,0.000833,-1.0209,2.2343,0.4685,0.6142,0.00395,6.1398,271.308,"Buried or cover-hidden fault (the brief's A-only reading): a deep potential-field fabric step (upward-continued TMI and isostatic gravity gradient) beneath thick sedimentary cover, with no DEM scarp and no radiometric lineament, i.e. structure that does not reach the surface and so is missing from a surface-mapped catalogue. HYPOTHESIS, not verified geology.","Non-fault basin-fill density boundary or volcanic lithologic contact; buried palaeo-channel or alluvial-fan margin; road/erosion lineament (the brief's B-only artifact reading, excluded here by the B-abstain gate but not eliminated); upward-continued flight-line artefact of the airborne survey.","Independent evidence of offset at this location: a displaced contact or marker bed, deflected or offset drainage, a facies termination, a published structural interpretation, or field observation. None is claimed here.","MEASURED CONTEXT + TEMPLATE HYPOTHESIS; no field observation, no geologist review"
211,3075,550900.0,4487400.0,1843.9,0.961464,0.38674,0.574724,0.472178,1,64.9,2.2627,0.002285,3.9881,3.1096,0.7047,0.6969,0.001647,2.1,582.4774,"Buried or cover-hidden fault (the brief's A-only reading): a deep potential-field fabric step (upward-continued TMI and isostatic gravity gradient) beneath thick sedimentary cover, with no DEM scarp and no radiometric lineament, i.e. structure that does not reach the surface and so is missing from a surface-mapped catalogue. HYPOTHESIS, not verified geology.","Non-fault basin-fill density boundary or volcanic lithologic contact; buried palaeo-channel or alluvial-fan margin; road/erosion lineament (the brief's B-only artifact reading, excluded here by the B-abstain gate but not eliminated); upward-continued flight-line artefact of the airborne survey.","Independent evidence of offset at this location: a displaced contact or marker bed, deflected or offset drainage, a facies termination, a published structural interpretation, or field observation. None is claimed here.","MEASURED CONTEXT + TEMPLATE HYPOTHESIS; no field observation, no geologist review"
212,1365,379900.0,4487300.0,6072.9,0.99987,0.601123,0.398746,0.422652,1,41.5,2.0635,0.00255,-2.0441,2.2343,0.4843,0.6181,0.001109,6.4,266.281,"Buried or cover-hidden fault (the brief's A-only reading): a deep potential-field fabric step (upward-continued TMI and isostatic gravity gradient) beneath thick sedimentary cover, with no DEM scarp and no radiometric lineament, i.e. structure that does not reach the surface and so is missing from a surface-mapped catalogue. HYPOTHESIS, not verified geology.","Non-fault basin-fill density boundary or volcanic lithologic contact; buried palaeo-channel or alluvial-fan margin; road/erosion lineament (the brief's B-only artifact reading, excluded here by the B-abstain gate but not eliminated); upward-continued flight-line artefact of the airborne survey.","Independent evidence of offset at this location: a displaced contact or marker bed, deflected or offset drainage, a facies termination, a published structural interpretation, or field observation. None is claimed here.","MEASURED CONTEXT + TEMPLATE HYPOTHESIS; no field observation, no geologist review"
213,3252,568600.0,4487200.0,6585.6,0.977217,0.458691,0.518526,0.614475,1,231.7,11.4937,0.004045,2.0121,3.0209,0.685,0.5512,0.02806,1.7,470.6996,"Buried or cover-hidden fault (the brief's A-only reading): a deep potential-field fabric step (upward-continued TMI and isostatic gravity gradient) beneath thick sedimentary cover, with no DEM scarp and no radiometric lineament, i.e. structure that does not reach the surface and so is missing from a surface-mapped catalogue. HYPOTHESIS, not verified geology.","Non-fault basin-fill density boundary or volcanic lithologic contact; buried palaeo-channel or alluvial-fan margin; road/erosion lineament (the brief's B-only artifact reading, excluded here by the B-abstain gate but not eliminated); upward-continued flight-line artefact of the airborne survey.","Independent evidence of offset at this location: a displaced contact or marker bed, deflected or offset drainage, a facies termination, a published structural interpretation, or field observation. None is claimed here.","MEASURED CONTEXT + TEMPLATE HYPOTHESIS; no field observation, no geologist review"
215,3138,557200.0,4487000.0,2884.4,0.955633,0.62704,0.328592,0.436583,1,47.0,8.5855,0.000614,6.9303,3.0964,0.7598,0.7559,0.012204,1.9,526.6324,"Buried or cover-hidden fault (the brief's A-only reading): a deep potential-field fabric step (upward-continued TMI and isostatic gravity gradient) beneath thick sedimentary cover, with no DEM scarp and no radiometric lineament, i.e. structure that does not reach the surface and so is missing from a surface-mapped catalogue. HYPOTHESIS, not verified geology.","Non-fault basin-fill density boundary or volcanic lithologic contact; buried palaeo-channel or alluvial-fan margin; road/erosion lineament (the brief's B-only artifact reading, excluded here by the B-abstain gate but not eliminated); upward-continued flight-line artefact of the airborne survey.","Independent evidence of offset at this location: a displaced contact or marker bed, deflected or offset drainage, a facies termination, a published structural interpretation, or field observation. None is claimed here.","MEASURED CONTEXT + TEMPLATE HYPOTHESIS; no field observation, no geologist review"
215,3238,567200.0,4487000.0,5575.8,0.985791,0.435462,0.550329,0.489024,1,75.5,6.3512,0.002619,6.1779,3.0195,1.0,0.5709,0.00495,1.7,467.7477,"Buried or cover-hidden fault (the brief's A-only reading): a deep potential-field fabric step (upward-continued TMI and isostatic gravity gradient) beneath thick sedimentary cover, with no DEM scarp and no radiometric lineament, i.e. structure that does not reach the surface and so is missing from a surface-mapped catalogue. HYPOTHESIS, not verified geology.","Non-fault basin-fill density boundary or volcanic lithologic contact; buried palaeo-channel or alluvial-fan margin; road/erosion lineament (the brief's B-only artifact reading, excluded here by the B-abstain gate but not eliminated); upward-continued flight-line artefact of the airborne survey.","Independent evidence of offset at this location: a displaced contact or marker bed, deflected or offset drainage, a facies termination, a published structural interpretation, or field observation. None is claimed here.","MEASURED CONTEXT + TEMPLATE HYPOTHESIS; no field observation, no geologist review"
216,3242,567600.0,4486900.0,5720.1,0.970317,0.601129,0.369188,0.539556,1,118.8,10.1088,0.003145,4.9793,3.0187,0.9606,0.4843,0.015872,1.7,465.4456,"Buried or cover-hidden fault (the brief's A-only reading): a deep potential-field fabric step (upward-continued TMI and isostatic gravity gradient) beneath thick sedimentary cover, with no DEM scarp and no radiometric lineament, i.e. structure that does not reach the surface and so is missing from a surface-mapped catalogue. HYPOTHESIS, not verified geology.","Non-fault basin-fill density boundary or volcanic lithologic contact; buried palaeo-channel or alluvial-fan margin; road/erosion lineament (the brief's B-only artifact reading, excluded here by the B-abstain gate but not eliminated); upward-continued flight-line artefact of the airborne survey.","Independent evidence of offset at this location: a displaced contact or marker bed, deflected or offset drainage, a facies termination, a published structural interpretation, or field observation. None is claimed here.","MEASURED CONTEXT + TEMPLATE HYPOTHESIS; no field observation, no geologist review"
222,3236,567000.0,4486300.0,4882.6,0.967168,0.584885,0.382283,0.49104,1,76.9,15.9458,0.002559,6.0231,3.0183,0.937,0.563,0.012114,1.7412,468.3,"Buried or cover-hidden fault (the brief's A-only reading): a deep potential-field fabric step (upward-continued TMI and isostatic gravity gradient) beneath thick sedimentary cover, with no DEM scarp and no radiometric lineament, i.e. structure that does not reach the surface and so is missing from a surface-mapped catalogue. HYPOTHESIS, not verified geology.","Non-fault basin-fill density boundary or volcanic lithologic contact; buried palaeo-channel or alluvial-fan margin; road/erosion lineament (the brief's B-only artifact reading, excluded here by the B-abstain gate but not eliminated); upward-continued flight-line artefact of the airborne survey.","Independent evidence of offset at this location: a displaced contact or marker bed, deflected or offset drainage, a facies termination, a published structural interpretation, or field observation. None is claimed here.","MEASURED CONTEXT + TEMPLATE HYPOTHESIS; no field observation, no geologist review"
224,1692,412600.0,4486100.0,1708.8,0.970572,0.389775,0.580798,0.751504,1,783.6,0.6941,0.002659,-10.4025,3.2114,0.4803,0.5512,0.00174,3.5707,319.6,"Buried or cover-hidden fault (the brief's A-only reading): a deep potential-field fabric step (upward-continued TMI and isostatic gravity gradient) beneath thick sedimentary cover, with no DEM scarp and no radiometric lineament, i.e. structure that does not reach the surface and so is missing from a surface-mapped catalogue. HYPOTHESIS, not verified geology.","Non-fault basin-fill density boundary or volcanic lithologic contact; buried palaeo-channel or alluvial-fan margin; road/erosion lineament (the brief's B-only artifact reading, excluded here by the B-abstain gate but not eliminated); upward-continued flight-line artefact of the airborne survey.","Independent evidence of offset at this location: a displaced contact or marker bed, deflected or offset drainage, a facies termination, a published structural interpretation, or field observation. None is claimed here.","MEASURED CONTEXT + TEMPLATE HYPOTHESIS; no field observation, no geologist review"
225,3071,550500.0,4486000.0,1600.0,0.986083,0.374932,0.611151,0.494175,1,79.1,0.5145,0.003393,5.3095,3.1234,0.6654,0.6299,0.005803,2.1995,562.3,"Buried or cover-hidden fault (the brief's A-only reading): a deep potential-field fabric step (upward-continued TMI and isostatic gravity gradient) beneath thick sedimentary cover, with no DEM scarp and no radiometric lineament, i.e. structure that does not reach the surface and so is missing from a surface-mapped catalogue. HYPOTHESIS, not verified geology.","Non-fault basin-fill density boundary or volcanic lithologic contact; buried palaeo-channel or alluvial-fan margin; road/erosion lineament (the brief's B-only artifact reading, excluded here by the B-abstain gate but not eliminated); upward-continued flight-line artefact of the airborne survey.","Independent evidence of offset at this location: a displaced contact or marker bed, deflected or offset drainage, a facies termination, a published structural interpretation, or field observation. None is claimed here.","MEASURED CONTEXT + TEMPLATE HYPOTHESIS; no field observation, no geologist review"
227,2010,444400.0,4485800.0,3436.6,0.969067,0.608393,0.360675,0.490722,1,76.7,18.878,0.002112,-13.261,2.5138,0.6811,0.6496,0.005914,3.3,382.8,"Buried or cover-hidden fault (the brief's A-only reading): a deep potential-field fabric step (upward-continued TMI and isostatic gravity gradient) beneath thick sedimentary cover, with no DEM scarp and no radiometric lineament, i.e. structure that does not reach the surface and so is missing from a surface-mapped catalogue. HYPOTHESIS, not verified geology.","Non-fault basin-fill density boundary or volcanic lithologic contact; buried palaeo-channel or alluvial-fan margin; road/erosion lineament (the brief's B-only artifact reading, excluded here by the B-abstain gate but not eliminated); upward-continued flight-line artefact of the airborne survey.","Independent evidence of offset at this location: a displaced contact or marker bed, deflected or offset drainage, a facies termination, a published structural interpretation, or field observation. None is claimed here.","MEASURED CONTEXT + TEMPLATE HYPOTHESIS; no field observation, no geologist review"
228,1694,412800.0,4485700.0,1811.1,0.951221,0.379701,0.57152,0.752568,1,791.1,0.7169,0.002462,-11.2495,3.1859,0.4921,0.5039,0.002379,3.6,319.6,"Buried or cover-hidden fault (the brief's A-only reading): a deep potential-field fabric step (upward-continued TMI and isostatic gravity gradient) beneath thick sedimentary cover, with no DEM scarp and no radiometric lineament, i.e. structure that does not reach the surface and so is missing from a surface-mapped catalogue. HYPOTHESIS, not verified geology.","Non-fault basin-fill density boundary or volcanic lithologic contact; buried palaeo-channel or alluvial-fan margin; road/erosion lineament (the brief's B-only artifact reading, excluded here by the B-abstain gate but not eliminated); upward-continued flight-line artefact of the airborne survey.","Independent evidence of offset at this location: a displaced contact or marker bed, deflected or offset drainage, a facies termination, a published structural interpretation, or field observation. None is claimed here.","MEASURED CONTEXT + TEMPLATE HYPOTHESIS; no field observation, no geologist review"
229,1697,413100.0,4485600.0,2102.4,0.95427,0.41274,0.541531,0.749879,1,772.4,0.6574,0.002841,-11.3971,3.1518,0.5197,0.4646,0.003524,3.6,321.7632,"Buried or cover-hidden fault (the brief's A-only reading): a deep potential-field fabric step (upward-continued TMI and isostatic gravity gradient) beneath thick sedimentary cover, with no DEM scarp and no radiometric lineament, i.e. structure that does not reach the surface and so is missing from a surface-mapped catalogue. HYPOTHESIS, not verified geology.","Non-fault basin-fill density boundary or volcanic lithologic contact; buried palaeo-channel or alluvial-fan margin; road/erosion lineament (the brief's B-only artifact reading, excluded here by the B-abstain gate but not eliminated); upward-continued flight-line artefact of the airborne survey.","Independent evidence of offset at this location: a displaced contact or marker bed, deflected or offset drainage, a facies termination, a published structural interpretation, or field observation. None is claimed here.","MEASURED CONTEXT + TEMPLATE HYPOTHESIS; no field observation, no geologist review"
231,3069,550300.0,4485400.0,1708.8,0.994718,0.39648,0.598238,0.484423,1,72.4,1.0867,0.003455,6.14,3.1234,0.7283,0.5433,0.006374,2.2,562.3,"Buried or cover-hidden fault (the brief's A-only reading): a deep potential-field fabric step (upward-continued TMI and isostatic gravity gradient) beneath thick sedimentary cover, with no DEM scarp and no radiometric lineament, i.e. structure that does not reach the surface and so is missing from a surface-mapped catalogue. HYPOTHESIS, not verified geology.","Non-fault basin-fill density boundary or volcanic lithologic contact; buried palaeo-channel or alluvial-fan margin; road/erosion lineament (the brief's B-only artifact reading, excluded here by the B-abstain gate but not eliminated); upward-continued flight-line artefact of the airborne survey.","Independent evidence of offset at this location: a displaced contact or marker bed, deflected or offset drainage, a facies termination, a published structural interpretation, or field observation. None is claimed here.","MEASURED CONTEXT + TEMPLATE HYPOTHESIS; no field observation, no geologist review"
232,1697,413100.0,4485300.0,2102.4,0.963597,0.35521,0.608387,0.752703,1,792.0,0.9886,0.002525,-12.1688,3.1518,0.4961,0.4488,0.003519,3.6,322.0893,"Buried or cover-hidden fault (the brief's A-only reading): a deep potential-field fabric step (upward-continued TMI and isostatic gravity gradient) beneath thick sedimentary cover, with no DEM scarp and no radiometric lineament, i.e. structure that does not reach the surface and so is missing from a surface-mapped catalogue. HYPOTHESIS, not verified geology.","Non-fault basin-fill density boundary or volcanic lithologic contact; buried palaeo-channel or alluvial-fan margin; road/erosion lineament (the brief's B-only artifact reading, excluded here by the B-abstain gate but not eliminated); upward-continued flight-line artefact of the airborne survey.","Independent evidence of offset at this location: a displaced contact or marker bed, deflected or offset drainage, a facies termination, a published structural interpretation, or field observation. None is claimed here.","MEASURED CONTEXT + TEMPLATE HYPOTHESIS; no field observation, no geologist review"
234,3069,550300.0,4485100.0,1627.9,0.996738,0.538627,0.458111,0.47071,1,64.0,1.068,0.003284,6.825,3.1234,0.7087,0.4961,0.006669,2.2,562.3,"Buried or cover-hidden fault (the brief's A-only reading): a deep potential-field fabric step (upward-continued TMI and isostatic gravity gradient) beneath thick sedimentary cover, with no DEM scarp and no radiometric lineament, i.e. structure that does not reach the surface and so is missing from a surface-mapped catalogue. HYPOTHESIS, not verified geology.","Non-fault basin-fill density boundary or volcanic lithologic contact; buried palaeo-channel or alluvial-fan margin; road/erosion lineament (the brief's B-only artifact reading, excluded here by the B-abstain gate but not eliminated); upward-continued flight-line artefact of the airborne survey.","Independent evidence of offset at this location: a displaced contact or marker bed, deflected or offset drainage, a facies termination, a published structural interpretation, or field observation. None is claimed here.","MEASURED CONTEXT + TEMPLATE HYPOTHESIS; no field observation, no geologist review"
235,1698,413200.0,4485000.0,2200.0,0.963124,0.379513,0.58361,0.753687,1,799.0,0.6462,0.002259,-12.7511,3.1404,0.5118,0.4803,0.003588,3.6,321.7844,"Buried or cover-hidden fault (the brief's A-only reading): a deep potential-field fabric step (upward-continued TMI and isostatic gravity gradient) beneath thick sedimentary cover, with no DEM scarp and no radiometric lineament, i.e. structure that does not reach the surface and so is missing from a surface-mapped catalogue. HYPOTHESIS, not verified geology.","Non-fault basin-fill density boundary or volcanic lithologic contact; buried palaeo-channel or alluvial-fan margin; road/erosion lineament (the brief's B-only artifact reading, excluded here by the B-abstain gate but not eliminated); upward-continued flight-line artefact of the airborne survey.","Independent evidence of offset at this location: a displaced contact or marker bed, deflected or offset drainage, a facies termination, a published structural interpretation, or field observation. None is claimed here.","MEASURED CONTEXT + TEMPLATE HYPOTHESIS; no field observation, no geologist review"
236,3063,549700.0,4484900.0,2109.5,0.99138,0.361036,0.630345,0.50788,1,89.4,2.2933,0.003041,5.6238,3.1234,0.6772,0.626,0.01328,2.2,562.3,"Buried or cover-hidden fault (the brief's A-only reading): a deep potential-field fabric step (upward-continued TMI and isostatic gravity gradient) beneath thick sedimentary cover, with no DEM scarp and no radiometric lineament, i.e. structure that does not reach the surface and so is missing from a surface-mapped catalogue. HYPOTHESIS, not verified geology.","Non-fault basin-fill density boundary or volcanic lithologic contact; buried palaeo-channel or alluvial-fan margin; road/erosion lineament (the brief's B-only artifact reading, excluded here by the B-abstain gate but not eliminated); upward-continued flight-line artefact of the airborne survey.","Independent evidence of offset at this location: a displaced contact or marker bed, deflected or offset drainage, a facies termination, a published structural interpretation, or field observation. None is claimed here.","MEASURED CONTEXT + TEMPLATE HYPOTHESIS; no field observation, no geologist review"
237,3067,550100.0,4484800.0,1800.0,0.99449,0.513402,0.481089,0.473605,1,65.7,1.545,0.003014,6.783,3.1234,0.7362,0.5984,0.009156,2.2,562.3,"Buried or cover-hidden fault (the brief's A-only reading): a deep potential-field fabric step (upward-continued TMI and isostatic gravity gradient) beneath thick sedimentary cover, with no DEM scarp and no radiometric lineament, i.e. structure that does not reach the surface and so is missing from a surface-mapped catalogue. HYPOTHESIS, not verified geology.","Non-fault basin-fill density boundary or volcanic lithologic contact; buried palaeo-channel or alluvial-fan margin; road/erosion lineament (the brief's B-only artifact reading, excluded here by the B-abstain gate but not eliminated); upward-continued flight-line artefact of the airborne survey.","Independent evidence of offset at this location: a displaced contact or marker bed, deflected or offset drainage, a facies termination, a published structural interpretation, or field observation. None is claimed here.","MEASURED CONTEXT + TEMPLATE HYPOTHESIS; no field observation, no geologist review"
239,3058,549200.0,4484600.0,1931.3,0.951533,0.416851,0.534683,0.524183,1,103.5,0.7417,0.002589,4.8385,3.1234,0.7165,0.6575,0.012508,2.2513,546.1561,"Buried or cover-hidden fault (the brief's A-only reading): a deep potential-field fabric step (upward-continued TMI and isostatic gravity gradient) beneath thick sedimentary cover, with no DEM scarp and no radiometric lineament, i.e. structure that does not reach the surface and so is missing from a surface-mapped catalogue. HYPOTHESIS, not verified geology.","Non-fault basin-fill density boundary or volcanic lithologic contact; buried palaeo-channel or alluvial-fan margin; road/erosion lineament (the brief's B-only artifact reading, excluded here by the B-abstain gate but not eliminated); upward-continued flight-line artefact of the airborne survey.","Independent evidence of offset at this location: a displaced contact or marker bed, deflected or offset drainage, a facies termination, a published structural interpretation, or field observation. None is claimed here.","MEASURED CONTEXT + TEMPLATE HYPOTHESIS; no field observation, no geologist review"
239,3064,549800.0,4484600.0,1802.8,0.995076,0.521812,0.473264,0.488284,1,75.0,1.8036,0.00288,6.3155,3.1234,0.6024,0.6496,0.012152,2.2,562.3,"Buried or cover-hidden fault (the brief's A-only reading): a deep potential-field fabric step (upward-continued TMI and isostatic gravity gradient) beneath thick sedimentary cover, with no DEM scarp and no radiometric lineament, i.e. structure that does not reach the surface and so is missing from a surface-mapped catalogue. HYPOTHESIS, not verified geology.","Non-fault basin-fill density boundary or volcanic lithologic contact; buried palaeo-channel or alluvial-fan margin; road/erosion lineament (the brief's B-only artifact reading, excluded here by the B-abstain gate but not eliminated); upward-continued flight-line artefact of the airborne survey.","Independent evidence of offset at this location: a displaced contact or marker bed, deflected or offset drainage, a facies termination, a published structural interpretation, or field observation. None is claimed here.","MEASURED CONTEXT + TEMPLATE HYPOTHESIS; no field observation, no geologist review"
242,1697,413100.0,4484300.0,2209.1,0.963521,0.35785,0.605671,0.76431,1,878.0,0.5683,0.00138,-13.986,3.1517,0.5472,0.4843,0.002667,3.6485,322.4557,"Buried or cover-hidden fault (the brief's A-only reading): a deep potential-field fabric step (upward-continued TMI and isostatic gravity gradient) beneath thick sedimentary cover, with no DEM scarp and no radiometric lineament, i.e. structure that does not reach the surface and so is missing from a surface-mapped catalogue. HYPOTHESIS, not verified geology.","Non-fault basin-fill density boundary or volcanic lithologic contact; buried palaeo-channel or alluvial-fan margin; road/erosion lineament (the brief's B-only artifact reading, excluded here by the B-abstain gate but not eliminated); upward-continued flight-line artefact of the airborne survey.","Independent evidence of offset at this location: a displaced contact or marker bed, deflected or offset drainage, a facies termination, a published structural interpretation, or field observation. None is claimed here.","MEASURED CONTEXT + TEMPLATE HYPOTHESIS; no field observation, no geologist review"
242,3052,548600.0,4484300.0,1941.6,0.957204,0.535277,0.421927,0.52517,1,104.4,0.2441,0.002174,4.3477,3.1234,0.7441,0.6732,0.010416,2.3,530.8,"Buried or cover-hidden fault (the brief's A-only reading): a deep potential-field fabric step (upward-continued TMI and isostatic gravity gradient) beneath thick sedimentary cover, with no DEM scarp and no radiometric lineament, i.e. structure that does not reach the surface and so is missing from a surface-mapped catalogue. HYPOTHESIS, not verified geology.","Non-fault basin-fill density boundary or volcanic lithologic contact; buried palaeo-channel or alluvial-fan margin; road/erosion lineament (the brief's B-only artifact reading, excluded here by the B-abstain gate but not eliminated); upward-continued flight-line artefact of the airborne survey.","Independent evidence of offset at this location: a displaced contact or marker bed, deflected or offset drainage, a facies termination, a published structural interpretation, or field observation. None is claimed here.","MEASURED CONTEXT + TEMPLATE HYPOTHESIS; no field observation, no geologist review"
242,3060,549400.0,4484300.0,1581.1,0.988037,0.416608,0.571429,0.499436,1,82.9,0.9726,0.002631,5.7973,3.1234,0.6299,0.5591,0.018019,2.2491,558.6447,"Buried or cover-hidden fault (the brief's A-only reading): a deep potential-field fabric step (upward-continued TMI and isostatic gravity gradient) beneath thick sedimentary cover, with no DEM scarp and no radiometric lineament, i.e. structure that does not reach the surface and so is missing from a surface-mapped catalogue. HYPOTHESIS, not verified geology.","Non-fault basin-fill density boundary or volcanic lithologic contact; buried palaeo-channel or alluvial-fan margin; road/erosion lineament (the brief's B-only artifact reading, excluded here by the B-abstain gate but not eliminated); upward-continued flight-line artefact of the airborne survey.","Independent evidence of offset at this location: a displaced contact or marker bed, deflected or offset drainage, a facies termination, a published structural interpretation, or field observation. None is claimed here.","MEASURED CONTEXT + TEMPLATE HYPOTHESIS; no field observation, no geologist review"
242,3065,549900.0,4484300.0,1500.0,0.992612,0.636828,0.355784,0.466433,1,61.6,1.6766,0.002724,6.9902,3.1234,0.4843,0.7402,0.012137,2.2425,562.3,"Buried or cover-hidden fault (the brief's A-only reading): a deep potential-field fabric step (upward-continued TMI and isostatic gravity gradient) beneath thick sedimentary cover, with no DEM scarp and no radiometric lineament, i.e. structure that does not reach the surface and so is missing from a surface-mapped catalogue. HYPOTHESIS, not verified geology.","Non-fault basin-fill density boundary or volcanic lithologic contact; buried palaeo-channel or alluvial-fan margin; road/erosion lineament (the brief's B-only artifact reading, excluded here by the B-abstain gate but not eliminated); upward-continued flight-line artefact of the airborne survey.","Independent evidence of offset at this location: a displaced contact or marker bed, deflected or offset drainage, a facies termination, a published structural interpretation, or field observation. None is claimed here.","MEASURED CONTEXT + TEMPLATE HYPOTHESIS; no field observation, no geologist review"
244,3049,548300.0,4484100.0,1979.9,0.972472,0.412858,0.559614,0.523942,1,103.3,1.0414,0.001969,4.1646,3.1234,0.6969,0.6693,0.017463,2.3,530.8,"Buried or cover-hidden fault (the brief's A-only reading): a deep potential-field fabric step (upward-continued TMI and isostatic gravity gradient) beneath thick sedimentary cover, with no DEM scarp and no radiometric lineament, i.e. structure that does not reach the surface and so is missing from a surface-mapped catalogue. HYPOTHESIS, not verified geology.","Non-fault basin-fill density boundary or volcanic lithologic contact; buried palaeo-channel or alluvial-fan margin; road/erosion lineament (the brief's B-only artifact reading, excluded here by the B-abstain gate but not eliminated); upward-continued flight-line artefact of the airborne survey.","Independent evidence of offset at this location: a displaced contact or marker bed, deflected or offset drainage, a facies termination, a published structural interpretation, or field observation. None is claimed here.","MEASURED CONTEXT + TEMPLATE HYPOTHESIS; no field observation, no geologist review"
245,3037,547100.0,4484000.0,2500.0,0.95843,0.511872,0.446558,0.527424,1,106.5,0.7923,0.00125,3.1335,3.1234,0.685,0.6378,0.01024,2.3678,531.0034,"Buried or cover-hidden fault (the brief's A-only reading): a deep potential-field fabric step (upward-continued TMI and isostatic gravity gradient) beneath thick sedimentary cover, with no DEM scarp and no radiometric lineament, i.e. structure that does not reach the surface and so is missing from a surface-mapped catalogue. HYPOTHESIS, not verified geology.","Non-fault basin-fill density boundary or volcanic lithologic contact; buried palaeo-channel or alluvial-fan margin; road/erosion lineament (the brief's B-only artifact reading, excluded here by the B-abstain gate but not eliminated); upward-continued flight-line artefact of the airborne survey.","Independent evidence of offset at this location: a displaced contact or marker bed, deflected or offset drainage, a facies termination, a published structural interpretation, or field observation. None is claimed here.","MEASURED CONTEXT + TEMPLATE HYPOTHESIS; no field observation, no geologist review"
245,3151,558500.0,4484000.0,4653.0,0.958673,0.366503,0.59217,0.500004,1,83.3,12.1384,0.00123,4.2489,3.098,0.8425,0.4646,0.004023,2.0,510.9,"Buried or cover-hidden fault (the brief's A-only reading): a deep potential-field fabric step (upward-continued TMI and isostatic gravity gradient) beneath thick sedimentary cover, with no DEM scarp and no radiometric lineament, i.e. structure that does not reach the surface and so is missing from a surface-mapped catalogue. HYPOTHESIS, not verified geology.","Non-fault basin-fill density boundary or volcanic lithologic contact; buried palaeo-channel or alluvial-fan margin; road/erosion lineament (the brief's B-only artifact reading, excluded here by the B-abstain gate but not eliminated); upward-continued flight-line artefact of the airborne survey.","Independent evidence of offset at this location: a displaced contact or marker bed, deflected or offset drainage, a facies termination, a published structural interpretation, or field observation. None is claimed here.","MEASURED CONTEXT + TEMPLATE HYPOTHESIS; no field observation, no geologist review"
245,3154,558800.0,4484000.0,4919.3,0.957456,0.397894,0.559562,0.524939,1,104.2,15.7548,0.001316,3.8974,3.0966,0.8898,0.5394,0.004232,2.0,510.9,"Buried or cover-hidden fault (the brief's A-only reading): a deep potential-field fabric step (upward-continued TMI and isostatic gravity gradient) beneath thick sedimentary cover, with no DEM scarp and no radiometric lineament, i.e. structure that does not reach the surface and so is missing from a surface-mapped catalogue. HYPOTHESIS, not verified geology.","Non-fault basin-fill density boundary or volcanic lithologic contact; buried palaeo-channel or alluvial-fan margin; road/erosion lineament (the brief's B-only artifact reading, excluded here by the B-abstain gate but not eliminated); upward-continued flight-line artefact of the airborne survey.","Independent evidence of offset at this location: a displaced contact or marker bed, deflected or offset drainage, a facies termination, a published structural interpretation, or field observation. None is claimed here.","MEASURED CONTEXT + TEMPLATE HYPOTHESIS; no field observation, no geologist review"
247,1701,413500.0,4483800.0,2692.6,0.959085,0.399083,0.560002,0.765358,1,886.2,0.8066,0.001263,-14.1827,3.1062,0.5039,0.4724,0.002042,3.6664,320.9,"Buried or cover-hidden fault (the brief's A-only reading): a deep potential-field fabric step (upward-continued TMI and isostatic gravity gradient) beneath thick sedimentary cover, with no DEM scarp and no radiometric lineament, i.e. structure that does not reach the surface and so is missing from a surface-mapped catalogue. HYPOTHESIS, not verified geology.","Non-fault basin-fill density boundary or volcanic lithologic contact; buried palaeo-channel or alluvial-fan margin; road/erosion lineament (the brief's B-only artifact reading, excluded here by the B-abstain gate but not eliminated); upward-continued flight-line artefact of the airborne survey.","Independent evidence of offset at this location: a displaced contact or marker bed, deflected or offset drainage, a facies termination, a published structural interpretation, or field observation. None is claimed here.","MEASURED CONTEXT + TEMPLATE HYPOTHESIS; no field observation, no geologist review"
247,3049,548300.0,4483800.0,1769.2,0.955954,0.350174,0.60578,0.515105,1,95.4,0.8483,0.001912,4.5656,3.1234,0.7598,0.6732,0.015229,2.3,530.8,"Buried or cover-hidden fault (the brief's A-only reading): a deep potential-field fabric step (upward-continued TMI and isostatic gravity gradient) beneath thick sedimentary cover, with no DEM scarp and no radiometric lineament, i.e. structure that does not reach the surface and so is missing from a surface-mapped catalogue. HYPOTHESIS, not verified geology.","Non-fault basin-fill density boundary or volcanic lithologic contact; buried palaeo-channel or alluvial-fan margin; road/erosion lineament (the brief's B-only artifact reading, excluded here by the B-abstain gate but not eliminated); upward-continued flight-line artefact of the airborne survey.","Independent evidence of offset at this location: a displaced contact or marker bed, deflected or offset drainage, a facies termination, a published structural interpretation, or field observation. None is claimed here.","MEASURED CONTEXT + TEMPLATE HYPOTHESIS; no field observation, no geologist review"
249,1698,413200.0,4483600.0,2408.3,0.988109,0.504123,0.483986,0.775894,1,973.1,0.2993,0.000697,-14.5729,3.1403,0.3307,0.5748,0.002403,3.7,321.7783,"Buried or cover-hidden fault (the brief's A-only reading): a deep potential-field fabric step (upward-continued TMI and isostatic gravity gradient) beneath thick sedimentary cover, with no DEM scarp and no radiometric lineament, i.e. structure that does not reach the surface and so is missing from a surface-mapped catalogue. HYPOTHESIS, not verified geology.","Non-fault basin-fill density boundary or volcanic lithologic contact; buried palaeo-channel or alluvial-fan margin; road/erosion lineament (the brief's B-only artifact reading, excluded here by the B-abstain gate but not eliminated); upward-continued flight-line artefact of the airborne survey.","Independent evidence of offset at this location: a displaced contact or marker bed, deflected or offset drainage, a facies termination, a published structural interpretation, or field observation. None is claimed here.","MEASURED CONTEXT + TEMPLATE HYPOTHESIS; no field observation, no geologist review"
250,3049,548300.0,4483500.0,1562.0,0.963994,0.395527,0.568467,0.50739,1,89.0,0.5617,0.001876,4.9437,3.1234,0.6457,0.5945,0.012154,2.3,531.1117,"Buried or cover-hidden fault (the brief's A-only reading): a deep potential-field fabric step (upward-continued TMI and isostatic gravity gradient) beneath thick sedimentary cover, with no DEM scarp and no radiometric lineament, i.e. structure that does not reach the surface and so is missing from a surface-mapped catalogue. HYPOTHESIS, not verified geology.","Non-fault basin-fill density boundary or volcanic lithologic contact; buried palaeo-channel or alluvial-fan margin; road/erosion lineament (the brief's B-only artifact reading, excluded here by the B-abstain gate but not eliminated); upward-continued flight-line artefact of the airborne survey.","Independent evidence of offset at this location: a displaced contact or marker bed, deflected or offset drainage, a facies termination, a published structural interpretation, or field observation. None is claimed here.","MEASURED CONTEXT + TEMPLATE HYPOTHESIS; no field observation, no geologist review"
252,1699,413300.0,4483300.0,2549.5,0.976392,0.498577,0.477815,0.780539,1,1014.1,0.6445,0.000673,-14.7127,3.1289,0.3465,0.5472,0.002328,3.7,320.9948,"Buried or cover-hidden fault (the brief's A-only reading): a deep potential-field fabric step (upward-continued TMI and isostatic gravity gradient) beneath thick sedimentary cover, with no DEM scarp and no radiometric lineament, i.e. structure that does not reach the surface and so is missing from a surface-mapped catalogue. HYPOTHESIS, not verified geology.","Non-fault basin-fill density boundary or volcanic lithologic contact; buried palaeo-channel or alluvial-fan margin; road/erosion lineament (the brief's B-only artifact reading, excluded here by the B-abstain gate but not eliminated); upward-continued flight-line artefact of the airborne survey.","Independent evidence of offset at this location: a displaced contact or marker bed, deflected or offset drainage, a facies termination, a published structural interpretation, or field observation. None is claimed here.","MEASURED CONTEXT + TEMPLATE HYPOTHESIS; no field observation, no geologist review"
252,3139,557300.0,4483300.0,3265.0,0.954586,0.397693,0.556892,0.322639,1,16.5,13.6155,0.001039,4.7976,3.098,0.8071,0.6299,0.006574,2.0,520.0962,"Buried or cover-hidden fault (the brief's A-only reading): a deep potential-field fabric step (upward-continued TMI and isostatic gravity gradient) beneath thick sedimentary cover, with no DEM scarp and no radiometric lineament, i.e. structure that does not reach the surface and so is missing from a surface-mapped catalogue. HYPOTHESIS, not verified geology.","Non-fault basin-fill density boundary or volcanic lithologic contact; buried palaeo-channel or alluvial-fan margin; road/erosion lineament (the brief's B-only artifact reading, excluded here by the B-abstain gate but not eliminated); upward-continued flight-line artefact of the airborne survey.","Independent evidence of offset at this location: a displaced contact or marker bed, deflected or offset drainage, a facies termination, a published structural interpretation, or field observation. None is claimed here.","MEASURED CONTEXT + TEMPLATE HYPOTHESIS; no field observation, no geologist review"
253,3136,557000.0,4483200.0,2953.0,0.954586,0.360162,0.594424,0.282281,1,11.2,20.7778,0.001138,5.02,3.098,0.7323,0.6614,0.005737,2.0,527.7075,"Buried or cover-hidden fault (the brief's A-only reading): a deep potential-field fabric step (upward-continued TMI and isostatic gravity gradient) beneath thick sedimentary cover, with no DEM scarp and no radiometric lineament, i.e. structure that does not reach the surface and so is missing from a surface-mapped catalogue. HYPOTHESIS, not verified geology.","Non-fault basin-fill density boundary or volcanic lithologic contact; buried palaeo-channel or alluvial-fan margin; road/erosion lineament (the brief's B-only artifact reading, excluded here by the B-abstain gate but not eliminated); upward-continued flight-line artefact of the airborne survey.","Independent evidence of offset at this location: a displaced contact or marker bed, deflected or offset drainage, a facies termination, a published structural interpretation, or field observation. None is claimed here.","MEASURED CONTEXT + TEMPLATE HYPOTHESIS; no field observation, no geologist review"
255,2342,477600.0,4483000.0,6000.8,0.963476,0.540259,0.423216,0.623618,1,251.4,0.4041,0.002572,-6.4231,2.4098,0.4488,0.3976,0.010619,3.7,543.4,"Buried or cover-hidden fault (the brief's A-only reading): a deep potential-field fabric step (upward-continued TMI and isostatic gravity gradient) beneath thick sedimentary cover, with no DEM scarp and no radiometric lineament, i.e. structure that does not reach the surface and so is missing from a surface-mapped catalogue. HYPOTHESIS, not verified geology.","Non-fault basin-fill density boundary or volcanic lithologic contact; buried palaeo-channel or alluvial-fan margin; road/erosion lineament (the brief's B-only artifact reading, excluded here by the B-abstain gate but not eliminated); upward-continued flight-line artefact of the airborne survey.","Independent evidence of offset at this location: a displaced contact or marker bed, deflected or offset drainage, a facies termination, a published structural interpretation, or field observation. None is claimed here.","MEASURED CONTEXT + TEMPLATE HYPOTHESIS; no field observation, no geologist review"
257,3135,556900.0,4482800.0,2692.6,0.954841,0.3814,0.57344,0.267338,1,9.7,13.5021,0.001054,4.8707,3.098,0.7677,0.7559,0.006447,2.0,523.9,"Buried or cover-hidden fault (the brief's A-only reading): a deep potential-field fabric step (upward-continued TMI and isostatic gravity gradient) beneath thick sedimentary cover, with no DEM scarp and no radiometric lineament, i.e. structure that does not reach the surface and so is missing from a surface-mapped catalogue. HYPOTHESIS, not verified geology.","Non-fault basin-fill density boundary or volcanic lithologic contact; buried palaeo-channel or alluvial-fan margin; road/erosion lineament (the brief's B-only artifact reading, excluded here by the B-abstain gate but not eliminated); upward-continued flight-line artefact of the airborne survey.","Independent evidence of offset at this location: a displaced contact or marker bed, deflected or offset drainage, a facies termination, a published structural interpretation, or field observation. None is claimed here.","MEASURED CONTEXT + TEMPLATE HYPOTHESIS; no field observation, no geologist review"
261,3134,556800.0,4482400.0,2473.9,0.960247,0.590328,0.369919,0.25027,1,8.2,15.1192,0.000942,4.7298,3.098,0.7677,0.748,0.00625,2.0268,523.9,"Buried or cover-hidden fault (the brief's A-only reading): a deep potential-field fabric step (upward-continued TMI and isostatic gravity gradient) beneath thick sedimentary cover, with no DEM scarp and no radiometric lineament, i.e. structure that does not reach the surface and so is missing from a surface-mapped catalogue. HYPOTHESIS, not verified geology.","Non-fault basin-fill density boundary or volcanic lithologic contact; buried palaeo-channel or alluvial-fan margin; road/erosion lineament (the brief's B-only artifact reading, excluded here by the B-abstain gate but not eliminated); upward-continued flight-line artefact of the airborne survey.","Independent evidence of offset at this location: a displaced contact or marker bed, deflected or offset drainage, a facies termination, a published structural interpretation, or field observation. None is claimed here.","MEASURED CONTEXT + TEMPLATE HYPOTHESIS; no field observation, no geologist review"
262,2341,477500.0,4482300.0,5954.0,0.965366,0.362613,0.602753,0.628089,1,261.6,0.2527,0.00259,-6.5767,2.4098,0.4685,0.5827,0.006326,3.7438,543.4,"Buried or cover-hidden fault (the brief's A-only reading): a deep potential-field fabric step (upward-continued TMI and isostatic gravity gradient) beneath thick sedimentary cover, with no DEM scarp and no radiometric lineament, i.e. structure that does not reach the surface and so is missing from a surface-mapped catalogue. HYPOTHESIS, not verified geology.","Non-fault basin-fill density boundary or volcanic lithologic contact; buried palaeo-channel or alluvial-fan margin; road/erosion lineament (the brief's B-only artifact reading, excluded here by the B-abstain gate but not eliminated); upward-continued flight-line artefact of the airborne survey.","Independent evidence of offset at this location: a displaced contact or marker bed, deflected or offset drainage, a facies termination, a published structural interpretation, or field observation. None is claimed here.","MEASURED CONTEXT + TEMPLATE HYPOTHESIS; no field observation, no geologist review"
263,538,297200.0,4482200.0,2300.0,0.955159,0.628115,0.327045,0.746196,1,747.6,3.0233,0.002711,-5.6582,3.2518,0.5591,0.4724,0.008388,18.7,1512.1,"Buried or cover-hidden fault (the brief's A-only reading): a deep potential-field fabric step (upward-continued TMI and isostatic gravity gradient) beneath thick sedimentary cover, with no DEM scarp and no radiometric lineament, i.e. structure that does not reach the surface and so is missing from a surface-mapped catalogue. HYPOTHESIS, not verified geology.","Non-fault basin-fill density boundary or volcanic lithologic contact; buried palaeo-channel or alluvial-fan margin; road/erosion lineament (the brief's B-only artifact reading, excluded here by the B-abstain gate but not eliminated); upward-continued flight-line artefact of the airborne survey.","Independent evidence of offset at this location: a displaced contact or marker bed, deflected or offset drainage, a facies termination, a published structural interpretation, or field observation. None is claimed here.","MEASURED CONTEXT + TEMPLATE HYPOTHESIS; no field observation, no geologist review"
264,988,342200.0,4482100.0,4510.0,0.973558,0.483024,0.490534,0.297989,1,13.1,15.4842,0.001109,-6.5441,4.1189,0.5079,0.2756,0.032024,12.0,521.9,"Buried or cover-hidden fault (the brief's A-only reading): a deep potential-field fabric step (upward-continued TMI and isostatic gravity gradient) beneath thick sedimentary cover, with no DEM scarp and no radiometric lineament, i.e. structure that does not reach the surface and so is missing from a surface-mapped catalogue. HYPOTHESIS, not verified geology.","Non-fault basin-fill density boundary or volcanic lithologic contact; buried palaeo-channel or alluvial-fan margin; road/erosion lineament (the brief's B-only artifact reading, excluded here by the B-abstain gate but not eliminated); upward-continued flight-line artefact of the airborne survey.","Independent evidence of offset at this location: a displaced contact or marker bed, deflected or offset drainage, a facies termination, a published structural interpretation, or field observation. None is claimed here.","MEASURED CONTEXT + TEMPLATE HYPOTHESIS; no field observation, no geologist review"
269,2344,477800.0,4481600.0,6041.5,0.971719,0.351945,0.619774,0.614094,1,230.9,0.2477,0.002396,-5.56,2.4098,0.5,0.6929,0.004874,3.8,543.4,"Buried or cover-hidden fault (the brief's A-only reading): a deep potential-field fabric step (upward-continued TMI and isostatic gravity gradient) beneath thick sedimentary cover, with no DEM scarp and no radiometric lineament, i.e. structure that does not reach the surface and so is missing from a surface-mapped catalogue. HYPOTHESIS, not verified geology.","Non-fault basin-fill density boundary or volcanic lithologic contact; buried palaeo-channel or alluvial-fan margin; road/erosion lineament (the brief's B-only artifact reading, excluded here by the B-abstain gate but not eliminated); upward-continued flight-line artefact of the airborne survey.","Independent evidence of offset at this location: a displaced contact or marker bed, deflected or offset drainage, a facies termination, a published structural interpretation, or field observation. None is claimed here.","MEASURED CONTEXT + TEMPLATE HYPOTHESIS; no field observation, no geologist review"
271,2418,485200.0,4481400.0,5263.1,0.982545,0.563925,0.41862,0.433129,1,45.6,1.0287,0.00246,-3.9199,2.7634,0.4606,0.5315,0.026198,4.4,620.0564,"Buried or cover-hidden fault (the brief's A-only reading): a deep potential-field fabric step (upward-continued TMI and isostatic gravity gradient) beneath thick sedimentary cover, with no DEM scarp and no radiometric lineament, i.e. structure that does not reach the surface and so is missing from a surface-mapped catalogue. HYPOTHESIS, not verified geology.","Non-fault basin-fill density boundary or volcanic lithologic contact; buried palaeo-channel or alluvial-fan margin; road/erosion lineament (the brief's B-only artifact reading, excluded here by the B-abstain gate but not eliminated); upward-continued flight-line artefact of the airborne survey.","Independent evidence of offset at this location: a displaced contact or marker bed, deflected or offset drainage, a facies termination, a published structural interpretation, or field observation. None is claimed here.","MEASURED CONTEXT + TEMPLATE HYPOTHESIS; no field observation, no geologist review"
273,1796,423000.0,4481200.0,2147.1,0.954115,0.500622,0.453493,0.331882,1,18.0,24.1582,0.002127,4.8421,2.9183,0.3661,0.315,0.004757,3.2,329.7745,"Buried or cover-hidden fault (the brief's A-only reading): a deep potential-field fabric step (upward-continued TMI and isostatic gravity gradient) beneath thick sedimentary cover, with no DEM scarp and no radiometric lineament, i.e. structure that does not reach the surface and so is missing from a surface-mapped catalogue. HYPOTHESIS, not verified geology.","Non-fault basin-fill density boundary or volcanic lithologic contact; buried palaeo-channel or alluvial-fan margin; road/erosion lineament (the brief's B-only artifact reading, excluded here by the B-abstain gate but not eliminated); upward-continued flight-line artefact of the airborne survey.","Independent evidence of offset at this location: a displaced contact or marker bed, deflected or offset drainage, a facies termination, a published structural interpretation, or field observation. None is claimed here.","MEASURED CONTEXT + TEMPLATE HYPOTHESIS; no field observation, no geologist review"
274,508,294200.0,4481100.0,3220.2,0.988458,0.367195,0.621264,0.835102,1,1645.9,0.9465,0.00254,-10.2631,3.1277,0.3071,0.5709,0.001662,18.7567,1580.4,"Buried or cover-hidden fault (the brief's A-only reading): a deep potential-field fabric step (upward-continued TMI and isostatic gravity gradient) beneath thick sedimentary cover, with no DEM scarp and no radiometric lineament, i.e. structure that does not reach the surface and so is missing from a surface-mapped catalogue. HYPOTHESIS, not verified geology.","Non-fault basin-fill density boundary or volcanic lithologic contact; buried palaeo-channel or alluvial-fan margin; road/erosion lineament (the brief's B-only artifact reading, excluded here by the B-abstain gate but not eliminated); upward-continued flight-line artefact of the airborne survey.","Independent evidence of offset at this location: a displaced contact or marker bed, deflected or offset drainage, a facies termination, a published structural interpretation, or field observation. None is claimed here.","MEASURED CONTEXT + TEMPLATE HYPOTHESIS; no field observation, no geologist review"
274,2417,485100.0,4481100.0,4947.7,0.964237,0.550163,0.414075,0.449257,1,52.8,1.155,0.00262,-4.0989,2.7634,0.5512,0.5354,0.014236,4.4,608.1274,"Buried or cover-hidden fault (the brief's A-only reading): a deep potential-field fabric step (upward-continued TMI and isostatic gravity gradient) beneath thick sedimentary cover, with no DEM scarp and no radiometric lineament, i.e. structure that does not reach the surface and so is missing from a surface-mapped catalogue. HYPOTHESIS, not verified geology.","Non-fault basin-fill density boundary or volcanic lithologic contact; buried palaeo-channel or alluvial-fan margin; road/erosion lineament (the brief's B-only artifact reading, excluded here by the B-abstain gate but not eliminated); upward-continued flight-line artefact of the airborne survey.","Independent evidence of offset at this location: a displaced contact or marker bed, deflected or offset drainage, a facies termination, a published structural interpretation, or field observation. None is claimed here.","MEASURED CONTEXT + TEMPLATE HYPOTHESIS; no field observation, no geologist review"
274,3229,566300.0,4481100.0,2209.1,0.973455,0.491386,0.482069,0.264101,1,9.4,13.9817,0.002811,2.3147,3.0468,0.6457,0.5787,0.01356,1.9,469.6207,"Buried or cover-hidden fault (the brief's A-only reading): a deep potential-field fabric step (upward-continued TMI and isostatic gravity gradient) beneath thick sedimentary cover, with no DEM scarp and no radiometric lineament, i.e. structure that does not reach the surface and so is missing from a surface-mapped catalogue. HYPOTHESIS, not verified geology.","Non-fault basin-fill density boundary or volcanic lithologic contact; buried palaeo-channel or alluvial-fan margin; road/erosion lineament (the brief's B-only artifact reading, excluded here by the B-abstain gate but not eliminated); upward-continued flight-line artefact of the airborne survey.","Independent evidence of offset at this location: a displaced contact or marker bed, deflected or offset drainage, a facies termination, a published structural interpretation, or field observation. None is claimed here.","MEASURED CONTEXT + TEMPLATE HYPOTHESIS; no field observation, no geologist review"
275,2414,484800.0,4481000.0,4785.4,0.957611,0.559508,0.398103,0.432302,1,45.3,0.8091,0.002767,-3.6105,2.7634,0.5197,0.6024,0.009529,4.3506,605.3,"Buried or cover-hidden fault (the brief's A-only reading): a deep potential-field fabric step (upward-continued TMI and isostatic gravity gradient) beneath thick sedimentary cover, with no DEM scarp and no radiometric lineament, i.e. structure that does not reach the surface and so is missing from a surface-mapped catalogue. HYPOTHESIS, not verified geology.","Non-fault basin-fill density boundary or volcanic lithologic contact; buried palaeo-channel or alluvial-fan margin; road/erosion lineament (the brief's B-only artifact reading, excluded here by the B-abstain gate but not eliminated); upward-continued flight-line artefact of the airborne survey.","Independent evidence of offset at this location: a displaced contact or marker bed, deflected or offset drainage, a facies termination, a published structural interpretation, or field observation. None is claimed here.","MEASURED CONTEXT + TEMPLATE HYPOTHESIS; no field observation, no geologist review"
277,508,294200.0,4480800.0,3087.1,0.988261,0.642617,0.345644,0.837393,1,1679.8,1.2614,0.002568,-10.1648,3.1278,0.3622,0.5276,0.001397,18.7569,1580.4,"Buried or cover-hidden fault (the brief's A-only reading): a deep potential-field fabric step (upward-continued TMI and isostatic gravity gradient) beneath thick sedimentary cover, with no DEM scarp and no radiometric lineament, i.e. structure that does not reach the surface and so is missing from a surface-mapped catalogue. HYPOTHESIS, not verified geology.","Non-fault basin-fill density boundary or volcanic lithologic contact; buried palaeo-channel or alluvial-fan margin; road/erosion lineament (the brief's B-only artifact reading, excluded here by the B-abstain gate but not eliminated); upward-continued flight-line artefact of the airborne survey.","Independent evidence of offset at this location: a displaced contact or marker bed, deflected or offset drainage, a facies termination, a published structural interpretation, or field observation. None is claimed here.","MEASURED CONTEXT + TEMPLATE HYPOTHESIS; no field observation, no geologist review"
279,2415,484900.0,4480600.0,4414.7,0.954206,0.561371,0.392836,0.474724,1,66.4,0.9931,0.002873,-4.6317,2.7634,0.4409,0.626,0.007357,4.3903,605.3,"Buried or cover-hidden fault (the brief's A-only reading): a deep potential-field fabric step (upward-continued TMI and isostatic gravity gradient) beneath thick sedimentary cover, with no DEM scarp and no radiometric lineament, i.e. structure that does not reach the surface and so is missing from a surface-mapped catalogue. HYPOTHESIS, not verified geology.","Non-fault basin-fill density boundary or volcanic lithologic contact; buried palaeo-channel or alluvial-fan margin; road/erosion lineament (the brief's B-only artifact reading, excluded here by the B-abstain gate but not eliminated); upward-continued flight-line artefact of the airborne survey.","Independent evidence of offset at this location: a displaced contact or marker bed, deflected or offset drainage, a facies termination, a published structural interpretation, or field observation. None is claimed here.","MEASURED CONTEXT + TEMPLATE HYPOTHESIS; no field observation, no geologist review"
284,2029,446300.0,4480100.0,2846.0,0.961491,0.438326,0.523165,0.353639,1,22.0,4.5254,0.001423,-12.9013,2.5138,0.7756,0.7244,0.009235,3.5,408.2,"Buried or cover-hidden fault (the brief's A-only reading): a deep potential-field fabric step (upward-continued TMI and isostatic gravity gradient) beneath thick sedimentary cover, with no DEM scarp and no radiometric lineament, i.e. structure that does not reach the surface and so is missing from a surface-mapped catalogue. HYPOTHESIS, not verified geology.","Non-fault basin-fill density boundary or volcanic lithologic contact; buried palaeo-channel or alluvial-fan margin; road/erosion lineament (the brief's B-only artifact reading, excluded here by the B-abstain gate but not eliminated); upward-continued flight-line artefact of the airborne survey.","Independent evidence of offset at this location: a displaced contact or marker bed, deflected or offset drainage, a facies termination, a published structural interpretation, or field observation. None is claimed here.","MEASURED CONTEXT + TEMPLATE HYPOTHESIS; no field observation, no geologist review"
284,3173,560700.0,4480100.0,2282.5,0.950748,0.632314,0.318434,0.559721,1,142.2,1.6811,0.001199,0.3687,3.078,0.7795,0.5197,0.011705,2.0916,487.5,"Buried or cover-hidden fault (the brief's A-only reading): a deep potential-field fabric step (upward-continued TMI and isostatic gravity gradient) beneath thick sedimentary cover, with no DEM scarp and no radiometric lineament, i.e. structure that does not reach the surface and so is missing from a surface-mapped catalogue. HYPOTHESIS, not verified geology.","Non-fault basin-fill density boundary or volcanic lithologic contact; buried palaeo-channel or alluvial-fan margin; road/erosion lineament (the brief's B-only artifact reading, excluded here by the B-abstain gate but not eliminated); upward-continued flight-line artefact of the airborne survey.","Independent evidence of offset at this location: a displaced contact or marker bed, deflected or offset drainage, a facies termination, a published structural interpretation, or field observation. None is claimed here.","MEASURED CONTEXT + TEMPLATE HYPOTHESIS; no field observation, no geologist review"
285,2035,446900.0,4480000.0,2325.9,0.961701,0.408556,0.553145,0.353122,1,21.9,6.4831,0.001785,-11.9981,2.5138,0.689,0.8858,0.002191,3.5,408.2,"Buried or cover-hidden fault (the brief's A-only reading): a deep potential-field fabric step (upward-continued TMI and isostatic gravity gradient) beneath thick sedimentary cover, with no DEM scarp and no radiometric lineament, i.e. structure that does not reach the surface and so is missing from a surface-mapped catalogue. HYPOTHESIS, not verified geology.","Non-fault basin-fill density boundary or volcanic lithologic contact; buried palaeo-channel or alluvial-fan margin; road/erosion lineament (the brief's B-only artifact reading, excluded here by the B-abstain gate but not eliminated); upward-continued flight-line artefact of the airborne survey.","Independent evidence of offset at this location: a displaced contact or marker bed, deflected or offset drainage, a facies termination, a published structural interpretation, or field observation. None is claimed here.","MEASURED CONTEXT + TEMPLATE HYPOTHESIS; no field observation, no geologist review"
286,2419,485300.0,4479900.0,3862.6,0.97239,0.386109,0.58628,0.537979,1,117.1,0.84,0.002259,-6.6412,2.7634,0.5551,0.5394,0.010383,4.6,605.3,"Buried or cover-hidden fault (the brief's A-only reading): a deep potential-field fabric step (upward-continued TMI and isostatic gravity gradient) beneath thick sedimentary cover, with no DEM scarp and no radiometric lineament, i.e. structure that does not reach the surface and so is missing from a surface-mapped catalogue. HYPOTHESIS, not verified geology.","Non-fault basin-fill density boundary or volcanic lithologic contact; buried palaeo-channel or alluvial-fan margin; road/erosion lineament (the brief's B-only artifact reading, excluded here by the B-abstain gate but not eliminated); upward-continued flight-line artefact of the airborne survey.","Independent evidence of offset at this location: a displaced contact or marker bed, deflected or offset drainage, a facies termination, a published structural interpretation, or field observation. None is claimed here.","MEASURED CONTEXT + TEMPLATE HYPOTHESIS; no field observation, no geologist review"
289,2420,485400.0,4479600.0,3624.9,0.961816,0.370296,0.59152,0.552848,1,133.7,0.6353,0.002128,-7.0582,2.7806,0.4291,0.5866,0.010636,4.6,605.3,"Buried or cover-hidden fault (the brief's A-only reading): a deep potential-field fabric step (upward-continued TMI and isostatic gravity gradient) beneath thick sedimentary cover, with no DEM scarp and no radiometric lineament, i.e. structure that does not reach the surface and so is missing from a surface-mapped catalogue. HYPOTHESIS, not verified geology.","Non-fault basin-fill density boundary or volcanic lithologic contact; buried palaeo-channel or alluvial-fan margin; road/erosion lineament (the brief's B-only artifact reading, excluded here by the B-abstain gate but not eliminated); upward-continued flight-line artefact of the airborne survey.","Independent evidence of offset at this location: a displaced contact or marker bed, deflected or offset drainage, a facies termination, a published structural interpretation, or field observation. None is claimed here.","MEASURED CONTEXT + TEMPLATE HYPOTHESIS; no field observation, no geologist review"
290,2439,487300.0,4479500.0,4669.0,0.952835,0.447404,0.505431,0.65265,1,325.5,0.4152,0.002627,-10.8522,2.7868,0.5079,0.6417,0.025195,4.7,611.9236,"Buried or cover-hidden fault (the brief's A-only reading): a deep potential-field fabric step (upward-continued TMI and isostatic gravity gradient) beneath thick sedimentary cover, with no DEM scarp and no radiometric lineament, i.e. structure that does not reach the surface and so is missing from a surface-mapped catalogue. HYPOTHESIS, not verified geology.","Non-fault basin-fill density boundary or volcanic lithologic contact; buried palaeo-channel or alluvial-fan margin; road/erosion lineament (the brief's B-only artifact reading, excluded here by the B-abstain gate but not eliminated); upward-continued flight-line artefact of the airborne survey.","Independent evidence of offset at this location: a displaced contact or marker bed, deflected or offset drainage, a facies termination, a published structural interpretation, or field observation. None is claimed here.","MEASURED CONTEXT + TEMPLATE HYPOTHESIS; no field observation, no geologist review"
291,2436,487000.0,4479400.0,4384.1,0.956537,0.496041,0.460496,0.638775,1,287.7,0.4662,0.002375,-10.2583,2.793,0.5591,0.5512,0.024967,4.7,609.8438,"Buried or cover-hidden fault (the brief's A-only reading): a deep potential-field fabric step (upward-continued TMI and isostatic gravity gradient) beneath thick sedimentary cover, with no DEM scarp and no radiometric lineament, i.e. structure that does not reach the surface and so is missing from a surface-mapped catalogue. HYPOTHESIS, not verified geology.","Non-fault basin-fill density boundary or volcanic lithologic contact; buried palaeo-channel or alluvial-fan margin; road/erosion lineament (the brief's B-only artifact reading, excluded here by the B-abstain gate but not eliminated); upward-continued flight-line artefact of the airborne survey.","Independent evidence of offset at this location: a displaced contact or marker bed, deflected or offset drainage, a facies termination, a published structural interpretation, or field observation. None is claimed here.","MEASURED CONTEXT + TEMPLATE HYPOTHESIS; no field observation, no geologist review"
292,2443,487700.0,4479300.0,4841.5,0.955441,0.46738,0.488061,0.673082,1,390.4,0.3499,0.003166,-11.9689,2.7992,0.4803,0.6575,0.024426,4.7,607.767,"Buried or cover-hidden fault (the brief's A-only reading): a deep potential-field fabric step (upward-continued TMI and isostatic gravity gradient) beneath thick sedimentary cover, with no DEM scarp and no radiometric lineament, i.e. structure that does not reach the surface and so is missing from a surface-mapped catalogue. HYPOTHESIS, not verified geology.","Non-fault basin-fill density boundary or volcanic lithologic contact; buried palaeo-channel or alluvial-fan margin; road/erosion lineament (the brief's B-only artifact reading, excluded here by the B-abstain gate but not eliminated); upward-continued flight-line artefact of the airborne survey.","Independent evidence of offset at this location: a displaced contact or marker bed, deflected or offset drainage, a facies termination, a published structural interpretation, or field observation. None is claimed here.","MEASURED CONTEXT + TEMPLATE HYPOTHESIS; no field observation, no geologist review"
293,2440,487400.0,4479200.0,4545.3,0.980169,0.39509,0.585079,0.661597,1,352.5,0.3409,0.002577,-11.3716,2.8054,0.5787,0.6142,0.024649,4.7,605.6872,"Buried or cover-hidden fault (the brief's A-only reading): a deep potential-field fabric step (upward-continued TMI and isostatic gravity gradient) beneath thick sedimentary cover, with no DEM scarp and no radiometric lineament, i.e. structure that does not reach the surface and so is missing from a surface-mapped catalogue. HYPOTHESIS, not verified geology.","Non-fault basin-fill density boundary or volcanic lithologic contact; buried palaeo-channel or alluvial-fan margin; road/erosion lineament (the brief's B-only artifact reading, excluded here by the B-abstain gate but not eliminated); upward-continued flight-line artefact of the airborne survey.","Independent evidence of offset at this location: a displaced contact or marker bed, deflected or offset drainage, a facies termination, a published structural interpretation, or field observation. None is claimed here.","MEASURED CONTEXT + TEMPLATE HYPOTHESIS; no field observation, no geologist review"
297,2431,486500.0,4478800.0,3606.9,0.976562,0.35149,0.625071,0.62015,1,243.7,0.2916,0.001987,-9.431,2.825,0.4252,0.6693,0.007757,4.6125,602.5,"Buried or cover-hidden fault (the brief's A-only reading): a deep potential-field fabric step (upward-continued TMI and isostatic gravity gradient) beneath thick sedimentary cover, with no DEM scarp and no radiometric lineament, i.e. structure that does not reach the surface and so is missing from a surface-mapped catalogue. HYPOTHESIS, not verified geology.","Non-fault basin-fill density boundary or volcanic lithologic contact; buried palaeo-channel or alluvial-fan margin; road/erosion lineament (the brief's B-only artifact reading, excluded here by the B-abstain gate but not eliminated); upward-continued flight-line artefact of the airborne survey.","Independent evidence of offset at this location: a displaced contact or marker bed, deflected or offset drainage, a facies termination, a published structural interpretation, or field observation. None is claimed here.","MEASURED CONTEXT + TEMPLATE HYPOTHESIS; no field observation, no geologist review"
297,2435,486900.0,4478800.0,3905.1,0.968239,0.359767,0.608472,0.639253,1,288.9,0.2842,0.002163,-10.2584,2.825,0.3583,0.6614,0.009303,4.6919,602.5,"Buried or cover-hidden fault (the brief's A-only reading): a deep potential-field fabric step (upward-continued TMI and isostatic gravity gradient) beneath thick sedimentary cover, with no DEM scarp and no radiometric lineament, i.e. structure that does not reach the surface and so is missing from a surface-mapped catalogue. HYPOTHESIS, not verified geology.","Non-fault basin-fill density boundary or volcanic lithologic contact; buried palaeo-channel or alluvial-fan margin; road/erosion lineament (the brief's B-only artifact reading, excluded here by the B-abstain gate but not eliminated); upward-continued flight-line artefact of the airborne survey.","Independent evidence of offset at this location: a displaced contact or marker bed, deflected or offset drainage, a facies termination, a published structural interpretation, or field observation. None is claimed here.","MEASURED CONTEXT + TEMPLATE HYPOTHESIS; no field observation, no geologist review"
299,2424,485800.0,4478600.0,2983.3,0.966045,0.351351,0.614695,0.588334,1,183.6,0.248,0.00209,-7.9794,2.825,0.3465,0.685,0.013514,4.6,585.6,"Buried or cover-hidden fault (the brief's A-only reading): a deep potential-field fabric step (upward-continued TMI and isostatic gravity gradient) beneath thick sedimentary cover, with no DEM scarp and no radiometric lineament, i.e. structure that does not reach the surface and so is missing from a surface-mapped catalogue. HYPOTHESIS, not verified geology.","Non-fault basin-fill density boundary or volcanic lithologic contact; buried palaeo-channel or alluvial-fan margin; road/erosion lineament (the brief's B-only artifact reading, excluded here by the B-abstain gate but not eliminated); upward-continued flight-line artefact of the airborne survey.","Independent evidence of offset at this location: a displaced contact or marker bed, deflected or offset drainage, a facies termination, a published structural interpretation, or field observation. None is claimed here.","MEASURED CONTEXT + TEMPLATE HYPOTHESIS; no field observation, no geologist review"
306,3167,560100.0,4477900.0,2039.6,0.98094,0.628758,0.352182,0.548102,1,128.2,1.1241,0.001584,-0.8078,3.079,0.7323,0.5236,0.010596,2.1,475.5,"Buried or cover-hidden fault (the brief's A-only reading): a deep potential-field fabric step (upward-continued TMI and isostatic gravity gradient) beneath thick sedimentary cover, with no DEM scarp and no radiometric lineament, i.e. structure that does not reach the surface and so is missing from a surface-mapped catalogue. HYPOTHESIS, not verified geology.","Non-fault basin-fill density boundary or volcanic lithologic contact; buried palaeo-channel or alluvial-fan margin; road/erosion lineament (the brief's B-only artifact reading, excluded here by the B-abstain gate but not eliminated); upward-continued flight-line artefact of the airborne survey.","Independent evidence of offset at this location: a displaced contact or marker bed, deflected or offset drainage, a facies termination, a published structural interpretation, or field observation. None is claimed here.","MEASURED CONTEXT + TEMPLATE HYPOTHESIS; no field observation, no geologist review"
307,957,339100.0,4477800.0,2807.1,0.974559,0.63502,0.339539,0.581877,1,173.3,1.8403,0.002952,-1.1931,4.3049,0.5157,0.5315,0.004977,12.7381,553.8,"Buried or cover-hidden fault (the brief's A-only reading): a deep potential-field fabric step (upward-continued TMI and isostatic gravity gradient) beneath thick sedimentary cover, with no DEM scarp and no radiometric lineament, i.e. structure that does not reach the surface and so is missing from a surface-mapped catalogue. HYPOTHESIS, not verified geology.","Non-fault basin-fill density boundary or volcanic lithologic contact; buried palaeo-channel or alluvial-fan margin; road/erosion lineament (the brief's B-only artifact reading, excluded here by the B-abstain gate but not eliminated); upward-continued flight-line artefact of the airborne survey.","Independent evidence of offset at this location: a displaced contact or marker bed, deflected or offset drainage, a facies termination, a published structural interpretation, or field observation. None is claimed here.","MEASURED CONTEXT + TEMPLATE HYPOTHESIS; no field observation, no geologist review"
309,3167,560100.0,4477600.0,2002.5,0.964862,0.555442,0.40942,0.548391,1,128.5,0.7801,0.001528,-1.0688,3.079,0.6535,0.5669,0.011733,2.1,475.5,"Buried or cover-hidden fault (the brief's A-only reading): a deep potential-field fabric step (upward-continued TMI and isostatic gravity gradient) beneath thick sedimentary cover, with no DEM scarp and no radiometric lineament, i.e. structure that does not reach the surface and so is missing from a surface-mapped catalogue. HYPOTHESIS, not verified geology.","Non-fault basin-fill density boundary or volcanic lithologic contact; buried palaeo-channel or alluvial-fan margin; road/erosion lineament (the brief's B-only artifact reading, excluded here by the B-abstain gate but not eliminated); upward-continued flight-line artefact of the airborne survey.","Independent evidence of offset at this location: a displaced contact or marker bed, deflected or offset drainage, a facies termination, a published structural interpretation, or field observation. None is claimed here.","MEASURED CONTEXT + TEMPLATE HYPOTHESIS; no field observation, no geologist review"
312,3163,559700.0,4477300.0,2400.0,0.994156,0.634899,0.359258,0.542186,1,121.6,0.7323,0.001731,-0.6639,3.0814,0.5551,0.6142,0.012964,2.1693,474.7086,"Buried or cover-hidden fault (the brief's A-only reading): a deep potential-field fabric step (upward-continued TMI and isostatic gravity gradient) beneath thick sedimentary cover, with no DEM scarp and no radiometric lineament, i.e. structure that does not reach the surface and so is missing from a surface-mapped catalogue. HYPOTHESIS, not verified geology.","Non-fault basin-fill density boundary or volcanic lithologic contact; buried palaeo-channel or alluvial-fan margin; road/erosion lineament (the brief's B-only artifact reading, excluded here by the B-abstain gate but not eliminated); upward-continued flight-line artefact of the airborne survey.","Independent evidence of offset at this location: a displaced contact or marker bed, deflected or offset drainage, a facies termination, a published structural interpretation, or field observation. None is claimed here.","MEASURED CONTEXT + TEMPLATE HYPOTHESIS; no field observation, no geologist review"
313,2427,486100.0,4477200.0,2377.0,0.956009,0.365265,0.590744,0.589371,1,185.3,0.271,0.002652,-6.8107,2.825,0.5079,0.7677,0.010939,4.7,573.8723,"Buried or cover-hidden fault (the brief's A-only reading): a deep potential-field fabric step (upward-continued TMI and isostatic gravity gradient) beneath thick sedimentary cover, with no DEM scarp and no radiometric lineament, i.e. structure that does not reach the surface and so is missing from a surface-mapped catalogue. HYPOTHESIS, not verified geology.","Non-fault basin-fill density boundary or volcanic lithologic contact; buried palaeo-channel or alluvial-fan margin; road/erosion lineament (the brief's B-only artifact reading, excluded here by the B-abstain gate but not eliminated); upward-continued flight-line artefact of the airborne survey.","Independent evidence of offset at this location: a displaced contact or marker bed, deflected or offset drainage, a facies termination, a published structural interpretation, or field observation. None is claimed here.","MEASURED CONTEXT + TEMPLATE HYPOTHESIS; no field observation, no geologist review"
313,3166,560000.0,4477200.0,2100.0,0.952107,0.386801,0.565306,0.547227,1,127.2,0.4568,0.001454,-1.2495,3.079,0.6181,0.5394,0.014927,2.1098,474.4255,"Buried or cover-hidden fault (the brief's A-only reading): a deep potential-field fabric step (upward-continued TMI and isostatic gravity gradient) beneath thick sedimentary cover, with no DEM scarp and no radiometric lineament, i.e. structure that does not reach the surface and so is missing from a surface-mapped catalogue. HYPOTHESIS, not verified geology.","Non-fault basin-fill density boundary or volcanic lithologic contact; buried palaeo-channel or alluvial-fan margin; road/erosion lineament (the brief's B-only artifact reading, excluded here by the B-abstain gate but not eliminated); upward-continued flight-line artefact of the airborne survey.","Independent evidence of offset at this location: a displaced contact or marker bed, deflected or offset drainage, a facies termination, a published structural interpretation, or field observation. None is claimed here.","MEASURED CONTEXT + TEMPLATE HYPOTHESIS; no field observation, no geologist review"
315,2041,447500.0,4477000.0,4070.6,0.965809,0.644638,0.321171,0.428651,1,43.8,1.2012,0.002714,-10.8794,2.4646,0.4843,0.6654,0.00506,3.5,406.4,"Buried or cover-hidden fault (the brief's A-only reading): a deep potential-field fabric step (upward-continued TMI and isostatic gravity gradient) beneath thick sedimentary cover, with no DEM scarp and no radiometric lineament, i.e. structure that does not reach the surface and so is missing from a surface-mapped catalogue. HYPOTHESIS, not verified geology.","Non-fault basin-fill density boundary or volcanic lithologic contact; buried palaeo-channel or alluvial-fan margin; road/erosion lineament (the brief's B-only artifact reading, excluded here by the B-abstain gate but not eliminated); upward-continued flight-line artefact of the airborne survey.","Independent evidence of offset at this location: a displaced contact or marker bed, deflected or offset drainage, a facies termination, a published structural interpretation, or field observation. None is claimed here.","MEASURED CONTEXT + TEMPLATE HYPOTHESIS; no field observation, no geologist review"
315,3163,559700.0,4477000.0,2400.0,0.985424,0.441979,0.543445,0.542596,1,122.0,0.4752,0.001575,-0.8339,3.0814,0.5157,0.6142,0.015825,2.1693,474.1,"Buried or cover-hidden fault (the brief's A-only reading): a deep potential-field fabric step (upward-continued TMI and isostatic gravity gradient) beneath thick sedimentary cover, with no DEM scarp and no radiometric lineament, i.e. structure that does not reach the surface and so is missing from a surface-mapped catalogue. HYPOTHESIS, not verified geology.","Non-fault basin-fill density boundary or volcanic lithologic contact; buried palaeo-channel or alluvial-fan margin; road/erosion lineament (the brief's B-only artifact reading, excluded here by the B-abstain gate but not eliminated); upward-continued flight-line artefact of the airborne survey.","Independent evidence of offset at this location: a displaced contact or marker bed, deflected or offset drainage, a facies termination, a published structural interpretation, or field observation. None is claimed here.","MEASURED CONTEXT + TEMPLATE HYPOTHESIS; no field observation, no geologist review"
316,954,338800.0,4476900.0,2961.4,0.971665,0.624012,0.347652,0.554218,1,135.4,1.8664,0.003642,1.3562,4.3049,0.5354,0.5551,0.004492,12.8567,568.2,"Buried or cover-hidden fault (the brief's A-only reading): a deep potential-field fabric step (upward-continued TMI and isostatic gravity gradient) beneath thick sedimentary cover, with no DEM scarp and no radiometric lineament, i.e. structure that does not reach the surface and so is missing from a surface-mapped catalogue. HYPOTHESIS, not verified geology.","Non-fault basin-fill density boundary or volcanic lithologic contact; buried palaeo-channel or alluvial-fan margin; road/erosion lineament (the brief's B-only artifact reading, excluded here by the B-abstain gate but not eliminated); upward-continued flight-line artefact of the airborne survey.","Independent evidence of offset at this location: a displaced contact or marker bed, deflected or offset drainage, a facies termination, a published structural interpretation, or field observation. None is claimed here.","MEASURED CONTEXT + TEMPLATE HYPOTHESIS; no field observation, no geologist review"
316,2427,486100.0,4476900.0,2280.4,0.956009,0.371697,0.584311,0.583849,1,176.4,1.2381,0.002648,-6.3255,2.825,0.5,0.815,0.009419,4.7,567.3829,"Buried or cover-hidden fault (the brief's A-only reading): a deep potential-field fabric step (upward-continued TMI and isostatic gravity gradient) beneath thick sedimentary cover, with no DEM scarp and no radiometric lineament, i.e. structure that does not reach the surface and so is missing from a surface-mapped catalogue. HYPOTHESIS, not verified geology.","Non-fault basin-fill density boundary or volcanic lithologic contact; buried palaeo-channel or alluvial-fan margin; road/erosion lineament (the brief's B-only artifact reading, excluded here by the B-abstain gate but not eliminated); upward-continued flight-line artefact of the airborne survey.","Independent evidence of offset at this location: a displaced contact or marker bed, deflected or offset drainage, a facies termination, a published structural interpretation, or field observation. None is claimed here.","MEASURED CONTEXT + TEMPLATE HYPOTHESIS; no field observation, no geologist review"
316,3167,560100.0,4476900.0,2000.0,0.956142,0.599922,0.35622,0.547813,1,127.9,0.6679,0.001152,-1.4445,3.079,0.6496,0.5551,0.014593,2.1,474.1,"Buried or cover-hidden fault (the brief's A-only reading): a deep potential-field fabric step (upward-continued TMI and isostatic gravity gradient) beneath thick sedimentary cover, with no DEM scarp and no radiometric lineament, i.e. structure that does not reach the surface and so is missing from a surface-mapped catalogue. HYPOTHESIS, not verified geology.","Non-fault basin-fill density boundary or volcanic lithologic contact; buried palaeo-channel or alluvial-fan margin; road/erosion lineament (the brief's B-only artifact reading, excluded here by the B-abstain gate but not eliminated); upward-continued flight-line artefact of the airborne survey.","Independent evidence of offset at this location: a displaced contact or marker bed, deflected or offset drainage, a facies termination, a published structural interpretation, or field observation. None is claimed here.","MEASURED CONTEXT + TEMPLATE HYPOTHESIS; no field observation, no geologist review"
318,959,339300.0,4476700.0,2433.1,0.982836,0.468873,0.513963,0.514806,1,95.2,1.5446,0.003272,2.319,4.3049,0.3976,0.6339,0.007695,12.7144,568.2,"Buried or cover-hidden fault (the brief's A-only reading): a deep potential-field fabric step (upward-continued TMI and isostatic gravity gradient) beneath thick sedimentary cover, with no DEM scarp and no radiometric lineament, i.e. structure that does not reach the surface and so is missing from a surface-mapped catalogue. HYPOTHESIS, not verified geology.","Non-fault basin-fill density boundary or volcanic lithologic contact; buried palaeo-channel or alluvial-fan margin; road/erosion lineament (the brief's B-only artifact reading, excluded here by the B-abstain gate but not eliminated); upward-continued flight-line artefact of the airborne survey.","Independent evidence of offset at this location: a displaced contact or marker bed, deflected or offset drainage, a facies termination, a published structural interpretation, or field observation. None is claimed here.","MEASURED CONTEXT + TEMPLATE HYPOTHESIS; no field observation, no geologist review"
318,3160,559400.0,4476700.0,2700.0,0.985712,0.550958,0.434755,0.538469,1,117.6,0.6456,0.001544,-0.364,3.0949,0.5197,0.6575,0.013544,2.2,477.5628,"Buried or cover-hidden fault (the brief's A-only reading): a deep potential-field fabric step (upward-continued TMI and isostatic gravity gradient) beneath thick sedimentary cover, with no DEM scarp and no radiometric lineament, i.e. structure that does not reach the surface and so is missing from a surface-mapped catalogue. HYPOTHESIS, not verified geology.","Non-fault basin-fill density boundary or volcanic lithologic contact; buried palaeo-channel or alluvial-fan margin; road/erosion lineament (the brief's B-only artifact reading, excluded here by the B-abstain gate but not eliminated); upward-continued flight-line artefact of the airborne survey.","Independent evidence of offset at this location: a displaced contact or marker bed, deflected or offset drainage, a facies termination, a published structural interpretation, or field observation. None is claimed here.","MEASURED CONTEXT + TEMPLATE HYPOTHESIS; no field observation, no geologist review"
319,2426,486000.0,4476600.0,2121.3,0.956009,0.472223,0.483786,0.572488,1,159.4,0.2036,0.002637,-5.6361,2.825,0.3976,0.8622,0.008623,4.7,563.8734,"Buried or cover-hidden fault (the brief's A-only reading): a deep potential-field fabric step (upward-continued TMI and isostatic gravity gradient) beneath thick sedimentary cover, with no DEM scarp and no radiometric lineament, i.e. structure that does not reach the surface and so is missing from a surface-mapped catalogue. HYPOTHESIS, not verified geology.","Non-fault basin-fill density boundary or volcanic lithologic contact; buried palaeo-channel or alluvial-fan margin; road/erosion lineament (the brief's B-only artifact reading, excluded here by the B-abstain gate but not eliminated); upward-continued flight-line artefact of the airborne survey.","Independent evidence of offset at this location: a displaced contact or marker bed, deflected or offset drainage, a facies termination, a published structural interpretation, or field observation. None is claimed here.","MEASURED CONTEXT + TEMPLATE HYPOTHESIS; no field observation, no geologist review"
319,3250,568400.0,4476600.0,4294.2,0.967062,0.576062,0.391,0.608159,1,219.1,22.6667,0.002664,-10.9606,3.0258,0.5472,0.5157,0.012629,2.0,438.7,"Buried or cover-hidden fault (the brief's A-only reading): a deep potential-field fabric step (upward-continued TMI and isostatic gravity gradient) beneath thick sedimentary cover, with no DEM scarp and no radiometric lineament, i.e. structure that does not reach the surface and so is missing from a surface-mapped catalogue. HYPOTHESIS, not verified geology.","Non-fault basin-fill density boundary or volcanic lithologic contact; buried palaeo-channel or alluvial-fan margin; road/erosion lineament (the brief's B-only artifact reading, excluded here by the B-abstain gate but not eliminated); upward-continued flight-line artefact of the airborne survey.","Independent evidence of offset at this location: a displaced contact or marker bed, deflected or offset drainage, a facies termination, a published structural interpretation, or field observation. None is claimed here.","MEASURED CONTEXT + TEMPLATE HYPOTHESIS; no field observation, no geologist review"
320,956,339000.0,4476500.0,2707.4,0.97283,0.473394,0.499436,0.517,1,97.0,1.4464,0.003443,2.8929,4.3049,0.5354,0.6339,0.004435,12.9704,568.2,"Buried or cover-hidden fault (the brief's A-only reading): a deep potential-field fabric step (upward-continued TMI and isostatic gravity gradient) beneath thick sedimentary cover, with no DEM scarp and no radiometric lineament, i.e. structure that does not reach the surface and so is missing from a surface-mapped catalogue. HYPOTHESIS, not verified geology.","Non-fault basin-fill density boundary or volcanic lithologic contact; buried palaeo-channel or alluvial-fan margin; road/erosion lineament (the brief's B-only artifact reading, excluded here by the B-abstain gate but not eliminated); upward-continued flight-line artefact of the airborne survey.","Independent evidence of offset at this location: a displaced contact or marker bed, deflected or offset drainage, a facies termination, a published structural interpretation, or field observation. None is claimed here.","MEASURED CONTEXT + TEMPLATE HYPOTHESIS; no field observation, no geologist review"
322,3155,558900.0,4476300.0,3201.6,0.987163,0.587439,0.399723,0.529464,1,108.5,0.6078,0.001572,0.3703,3.1173,0.6535,0.6142,0.010069,2.2,486.1,"Buried or cover-hidden fault (the brief's A-only reading): a deep potential-field fabric step (upward-continued TMI and isostatic gravity gradient) beneath thick sedimentary cover, with no DEM scarp and no radiometric lineament, i.e. structure that does not reach the surface and so is missing from a surface-mapped catalogue. HYPOTHESIS, not verified geology.","Non-fault basin-fill density boundary or volcanic lithologic contact; buried palaeo-channel or alluvial-fan margin; road/erosion lineament (the brief's B-only artifact reading, excluded here by the B-abstain gate but not eliminated); upward-continued flight-line artefact of the airborne survey.","Independent evidence of offset at this location: a displaced contact or marker bed, deflected or offset drainage, a facies termination, a published structural interpretation, or field observation. None is claimed here.","MEASURED CONTEXT + TEMPLATE HYPOTHESIS; no field observation, no geologist review"
322,3158,559200.0,4476300.0,2901.7,0.97175,0.643855,0.327894,0.536201,1,115.2,0.2999,0.001437,-0.1119,3.1038,0.5591,0.7362,0.013665,2.2,482.3268,"Buried or cover-hidden fault (the brief's A-only reading): a deep potential-field fabric step (upward-continued TMI and isostatic gravity gradient) beneath thick sedimentary cover, with no DEM scarp and no radiometric lineament, i.e. structure that does not reach the surface and so is missing from a surface-mapped catalogue. HYPOTHESIS, not verified geology.","Non-fault basin-fill density boundary or volcanic lithologic contact; buried palaeo-channel or alluvial-fan margin; road/erosion lineament (the brief's B-only artifact reading, excluded here by the B-abstain gate but not eliminated); upward-continued flight-line artefact of the airborne survey.","Independent evidence of offset at this location: a displaced contact or marker bed, deflected or offset drainage, a facies termination, a published structural interpretation, or field observation. None is claimed here.","MEASURED CONTEXT + TEMPLATE HYPOTHESIS; no field observation, no geologist review"
323,3161,559500.0,4476200.0,2607.7,0.956801,0.394678,0.562123,0.539831,1,119.0,0.9604,0.001226,-0.5043,3.0904,0.6772,0.7362,0.018487,2.2,475.188,"Buried or cover-hidden fault (the brief's A-only reading): a deep potential-field fabric step (upward-continued TMI and isostatic gravity gradient) beneath thick sedimentary cover, with no DEM scarp and no radiometric lineament, i.e. structure that does not reach the surface and so is missing from a surface-mapped catalogue. HYPOTHESIS, not verified geology.","Non-fault basin-fill density boundary or volcanic lithologic contact; buried palaeo-channel or alluvial-fan margin; road/erosion lineament (the brief's B-only artifact reading, excluded here by the B-abstain gate but not eliminated); upward-continued flight-line artefact of the airborne survey.","Independent evidence of offset at this location: a displaced contact or marker bed, deflected or offset drainage, a facies termination, a published structural interpretation, or field observation. None is claimed here.","MEASURED CONTEXT + TEMPLATE HYPOTHESIS; no field observation, no geologist review"
323,3165,559900.0,4476200.0,2209.1,0.977417,0.60224,0.375177,0.542394,1,121.8,1.3304,0.00109,-0.9485,3.079,0.5906,0.7165,0.013125,2.1849,474.1,"Buried or cover-hidden fault (the brief's A-only reading): a deep potential-field fabric step (upward-continued TMI and isostatic gravity gradient) beneath thick sedimentary cover, with no DEM scarp and no radiometric lineament, i.e. structure that does not reach the surface and so is missing from a surface-mapped catalogue. HYPOTHESIS, not verified geology.","Non-fault basin-fill density boundary or volcanic lithologic contact; buried palaeo-channel or alluvial-fan margin; road/erosion lineament (the brief's B-only artifact reading, excluded here by the B-abstain gate but not eliminated); upward-continued flight-line artefact of the airborne survey.","Independent evidence of offset at this location: a displaced contact or marker bed, deflected or offset drainage, a facies termination, a published structural interpretation, or field observation. None is claimed here.","MEASURED CONTEXT + TEMPLATE HYPOTHESIS; no field observation, no geologist review"
324,2428,486200.0,4476100.0,2308.7,0.966625,0.364616,0.602009,0.572639,1,159.6,0.2494,0.002604,-5.2752,2.825,0.6142,0.7283,0.005124,4.7,570.8962,"Buried or cover-hidden fault (the brief's A-only reading): a deep potential-field fabric step (upward-continued TMI and isostatic gravity gradient) beneath thick sedimentary cover, with no DEM scarp and no radiometric lineament, i.e. structure that does not reach the surface and so is missing from a surface-mapped catalogue. HYPOTHESIS, not verified geology.","Non-fault basin-fill density boundary or volcanic lithologic contact; buried palaeo-channel or alluvial-fan margin; road/erosion lineament (the brief's B-only artifact reading, excluded here by the B-abstain gate but not eliminated); upward-continued flight-line artefact of the airborne survey.","Independent evidence of offset at this location: a displaced contact or marker bed, deflected or offset drainage, a facies termination, a published structural interpretation, or field observation. None is claimed here.","MEASURED CONTEXT + TEMPLATE HYPOTHESIS; no field observation, no geologist review"
324,3152,558600.0,4476100.0,3512.8,0.981404,0.496939,0.484465,0.52481,1,104.1,0.5484,0.001569,0.7739,3.1241,0.5748,0.5512,0.009052,2.2,486.1,"Buried or cover-hidden fault (the brief's A-only reading): a deep potential-field fabric step (upward-continued TMI and isostatic gravity gradient) beneath thick sedimentary cover, with no DEM scarp and no radiometric lineament, i.e. structure that does not reach the surface and so is missing from a surface-mapped catalogue. HYPOTHESIS, not verified geology.","Non-fault basin-fill density boundary or volcanic lithologic contact; buried palaeo-channel or alluvial-fan margin; road/erosion lineament (the brief's B-only artifact reading, excluded here by the B-abstain gate but not eliminated); upward-continued flight-line artefact of the airborne survey.","Independent evidence of offset at this location: a displaced contact or marker bed, deflected or offset drainage, a facies termination, a published structural interpretation, or field observation. None is claimed here.","MEASURED CONTEXT + TEMPLATE HYPOTHESIS; no field observation, no geologist review"
325,3155,558900.0,4476000.0,3224.9,0.954898,0.528087,0.426812,0.530946,1,109.9,0.5428,0.001409,0.317,3.1173,0.622,0.622,0.010375,2.2,486.1,"Buried or cover-hidden fault (the brief's A-only reading): a deep potential-field fabric step (upward-continued TMI and isostatic gravity gradient) beneath thick sedimentary cover, with no DEM scarp and no radiometric lineament, i.e. structure that does not reach the surface and so is missing from a surface-mapped catalogue. HYPOTHESIS, not verified geology.","Non-fault basin-fill density boundary or volcanic lithologic contact; buried palaeo-channel or alluvial-fan margin; road/erosion lineament (the brief's B-only artifact reading, excluded here by the B-abstain gate but not eliminated); upward-continued flight-line artefact of the airborne survey.","Independent evidence of offset at this location: a displaced contact or marker bed, deflected or offset drainage, a facies termination, a published structural interpretation, or field observation. None is claimed here.","MEASURED CONTEXT + TEMPLATE HYPOTHESIS; no field observation, no geologist review"
327,2427,486100.0,4475800.0,2256.1,0.963555,0.373591,0.589964,0.561229,1,144.1,0.5304,0.002563,-4.6986,2.825,0.5787,0.752,0.013032,4.7,567.3868,"Buried or cover-hidden fault (the brief's A-only reading): a deep potential-field fabric step (upward-continued TMI and isostatic gravity gradient) beneath thick sedimentary cover, with no DEM scarp and no radiometric lineament, i.e. structure that does not reach the surface and so is missing from a surface-mapped catalogue. HYPOTHESIS, not verified geology.","Non-fault basin-fill density boundary or volcanic lithologic contact; buried palaeo-channel or alluvial-fan margin; road/erosion lineament (the brief's B-only artifact reading, excluded here by the B-abstain gate but not eliminated); upward-continued flight-line artefact of the airborne survey.","Independent evidence of offset at this location: a displaced contact or marker bed, deflected or offset drainage, a facies termination, a published structural interpretation, or field observation. None is claimed here.","MEASURED CONTEXT + TEMPLATE HYPOTHESIS; no field observation, no geologist review"
328,3155,558900.0,4475700.0,3162.3,0.974371,0.444874,0.529497,0.530436,1,109.4,0.4957,0.001226,0.3307,3.1173,0.622,0.6732,0.008928,2.2,486.1,"Buried or cover-hidden fault (the brief's A-only reading): a deep potential-field fabric step (upward-continued TMI and isostatic gravity gradient) beneath thick sedimentary cover, with no DEM scarp and no radiometric lineament, i.e. structure that does not reach the surface and so is missing from a surface-mapped catalogue. HYPOTHESIS, not verified geology.","Non-fault basin-fill density boundary or volcanic lithologic contact; buried palaeo-channel or alluvial-fan margin; road/erosion lineament (the brief's B-only artifact reading, excluded here by the B-abstain gate but not eliminated); upward-continued flight-line artefact of the airborne survey.","Independent evidence of offset at this location: a displaced contact or marker bed, deflected or offset drainage, a facies termination, a published structural interpretation, or field observation. None is claimed here.","MEASURED CONTEXT + TEMPLATE HYPOTHESIS; no field observation, no geologist review"
329,3103,553700.0,4475600.0,3312.1,0.962757,0.61468,0.348077,0.31171,1,14.9,2.498,0.001376,7.2285,3.1242,0.626,0.7323,0.018629,2.3,492.5,"Buried or cover-hidden fault (the brief's A-only reading): a deep potential-field fabric step (upward-continued TMI and isostatic gravity gradient) beneath thick sedimentary cover, with no DEM scarp and no radiometric lineament, i.e. structure that does not reach the surface and so is missing from a surface-mapped catalogue. HYPOTHESIS, not verified geology.","Non-fault basin-fill density boundary or volcanic lithologic contact; buried palaeo-channel or alluvial-fan margin; road/erosion lineament (the brief's B-only artifact reading, excluded here by the B-abstain gate but not eliminated); upward-continued flight-line artefact of the airborne survey.","Independent evidence of offset at this location: a displaced contact or marker bed, deflected or offset drainage, a facies termination, a published structural interpretation, or field observation. None is claimed here.","MEASURED CONTEXT + TEMPLATE HYPOTHESIS; no field observation, no geologist review"
329,3150,558400.0,4475600.0,3613.9,0.956664,0.44934,0.507324,0.525498,1,104.7,0.2202,0.001415,0.9339,3.1241,0.563,0.6181,0.002446,2.2,486.1,"Buried or cover-hidden fault (the brief's A-only reading): a deep potential-field fabric step (upward-continued TMI and isostatic gravity gradient) beneath thick sedimentary cover, with no DEM scarp and no radiometric lineament, i.e. structure that does not reach the surface and so is missing from a surface-mapped catalogue. HYPOTHESIS, not verified geology.","Non-fault basin-fill density boundary or volcanic lithologic contact; buried palaeo-channel or alluvial-fan margin; road/erosion lineament (the brief's B-only artifact reading, excluded here by the B-abstain gate but not eliminated); upward-continued flight-line artefact of the airborne survey.","Independent evidence of offset at this location: a displaced contact or marker bed, deflected or offset drainage, a facies termination, a published structural interpretation, or field observation. None is claimed here.","MEASURED CONTEXT + TEMPLATE HYPOTHESIS; no field observation, no geologist review"
330,3146,558000.0,4475500.0,3889.7,0.97881,0.591244,0.387566,0.517606,1,97.6,0.6215,0.001674,1.5287,3.1241,0.5945,0.6614,0.003886,2.2066,486.7072,"Buried or cover-hidden fault (the brief's A-only reading): a deep potential-field fabric step (upward-continued TMI and isostatic gravity gradient) beneath thick sedimentary cover, with no DEM scarp and no radiometric lineament, i.e. structure that does not reach the surface and so is missing from a surface-mapped catalogue. HYPOTHESIS, not verified geology.","Non-fault basin-fill density boundary or volcanic lithologic contact; buried palaeo-channel or alluvial-fan margin; road/erosion lineament (the brief's B-only artifact reading, excluded here by the B-abstain gate but not eliminated); upward-continued flight-line artefact of the airborne survey.","Independent evidence of offset at this location: a displaced contact or marker bed, deflected or offset drainage, a facies termination, a published structural interpretation, or field observation. None is claimed here.","MEASURED CONTEXT + TEMPLATE HYPOTHESIS; no field observation, no geologist review"
331,3136,557000.0,4475400.0,3190.6,0.954376,0.642278,0.312099,0.486441,1,73.8,1.1946,0.001838,3.2039,3.1241,0.7323,0.5748,0.007941,2.3,486.8604,"Buried or cover-hidden fault (the brief's A-only reading): a deep potential-field fabric step (upward-continued TMI and isostatic gravity gradient) beneath thick sedimentary cover, with no DEM scarp and no radiometric lineament, i.e. structure that does not reach the surface and so is missing from a surface-mapped catalogue. HYPOTHESIS, not verified geology.","Non-fault basin-fill density boundary or volcanic lithologic contact; buried palaeo-channel or alluvial-fan margin; road/erosion lineament (the brief's B-only artifact reading, excluded here by the B-abstain gate but not eliminated); upward-continued flight-line artefact of the airborne survey.","Independent evidence of offset at this location: a displaced contact or marker bed, deflected or offset drainage, a facies termination, a published structural interpretation, or field observation. None is claimed here.","MEASURED CONTEXT + TEMPLATE HYPOTHESIS; no field observation, no geologist review"
331,3154,558800.0,4475400.0,3178.0,0.968989,0.495276,0.473713,0.529434,1,108.5,0.6066,0.001065,0.4506,3.1218,0.5197,0.7244,0.006259,2.2,487.3362,"Buried or cover-hidden fault (the brief's A-only reading): a deep potential-field fabric step (upward-continued TMI and isostatic gravity gradient) beneath thick sedimentary cover, with no DEM scarp and no radiometric lineament, i.e. structure that does not reach the surface and so is missing from a surface-mapped catalogue. HYPOTHESIS, not verified geology.","Non-fault basin-fill density boundary or volcanic lithologic contact; buried palaeo-channel or alluvial-fan margin; road/erosion lineament (the brief's B-only artifact reading, excluded here by the B-abstain gate but not eliminated); upward-continued flight-line artefact of the airborne survey.","Independent evidence of offset at this location: a displaced contact or marker bed, deflected or offset drainage, a facies termination, a published structural interpretation, or field observation. None is claimed here.","MEASURED CONTEXT + TEMPLATE HYPOTHESIS; no field observation, no geologist review"
331,3157,559100.0,4475400.0,2886.2,0.961992,0.57756,0.384431,0.530902,1,109.9,0.4483,0.00097,0.1317,3.1083,0.6299,0.5591,0.009834,2.2,485.8474,"Buried or cover-hidden fault (the brief's A-only reading): a deep potential-field fabric step (upward-continued TMI and isostatic gravity gradient) beneath thick sedimentary cover, with no DEM scarp and no radiometric lineament, i.e. structure that does not reach the surface and so is missing from a surface-mapped catalogue. HYPOTHESIS, not verified geology.","Non-fault basin-fill density boundary or volcanic lithologic contact; buried palaeo-channel or alluvial-fan margin; road/erosion lineament (the brief's B-only artifact reading, excluded here by the B-abstain gate but not eliminated); upward-continued flight-line artefact of the airborne survey.","Independent evidence of offset at this location: a displaced contact or marker bed, deflected or offset drainage, a facies termination, a published structural interpretation, or field observation. None is claimed here.","MEASURED CONTEXT + TEMPLATE HYPOTHESIS; no field observation, no geologist review"
332,3099,553300.0,4475300.0,3280.2,0.972092,0.489815,0.482278,0.332905,1,18.2,2.0414,0.00157,6.7843,3.1375,0.5669,0.7441,0.013017,2.3775,494.5878,"Buried or cover-hidden fault (the brief's A-only reading): a deep potential-field fabric step (upward-continued TMI and isostatic gravity gradient) beneath thick sedimentary cover, with no DEM scarp and no radiometric lineament, i.e. structure that does not reach the surface and so is missing from a surface-mapped catalogue. HYPOTHESIS, not verified geology.","Non-fault basin-fill density boundary or volcanic lithologic contact; buried palaeo-channel or alluvial-fan margin; road/erosion lineament (the brief's B-only artifact reading, excluded here by the B-abstain gate but not eliminated); upward-continued flight-line artefact of the airborne survey.","Independent evidence of offset at this location: a displaced contact or marker bed, deflected or offset drainage, a facies termination, a published structural interpretation, or field observation. None is claimed here.","MEASURED CONTEXT + TEMPLATE HYPOTHESIS; no field observation, no geologist review"
332,3102,553600.0,4475300.0,3106.4,0.967999,0.422203,0.545797,0.336286,1,18.7,1.9651,0.001498,6.8031,3.1276,0.6378,0.7402,0.017209,2.3,490.778,"Buried or cover-hidden fault (the brief's A-only reading): a deep potential-field fabric step (upward-continued TMI and isostatic gravity gradient) beneath thick sedimentary cover, with no DEM scarp and no radiometric lineament, i.e. structure that does not reach the surface and so is missing from a surface-mapped catalogue. HYPOTHESIS, not verified geology.","Non-fault basin-fill density boundary or volcanic lithologic contact; buried palaeo-channel or alluvial-fan margin; road/erosion lineament (the brief's B-only artifact reading, excluded here by the B-abstain gate but not eliminated); upward-continued flight-line artefact of the airborne survey.","Independent evidence of offset at this location: a displaced contact or marker bed, deflected or offset drainage, a facies termination, a published structural interpretation, or field observation. None is claimed here.","MEASURED CONTEXT + TEMPLATE HYPOTHESIS; no field observation, no geologist review"
332,3142,557600.0,4475300.0,3471.3,0.978288,0.618757,0.359531,0.51044,1,91.5,0.415,0.001744,2.1166,3.1241,0.5709,0.6378,0.004121,2.286,487.9569,"Buried or cover-hidden fault (the brief's A-only reading): a deep potential-field fabric step (upward-continued TMI and isostatic gravity gradient) beneath thick sedimentary cover, with no DEM scarp and no radiometric lineament, i.e. structure that does not reach the surface and so is missing from a surface-mapped catalogue. HYPOTHESIS, not verified geology.","Non-fault basin-fill density boundary or volcanic lithologic contact; buried palaeo-channel or alluvial-fan margin; road/erosion lineament (the brief's B-only artifact reading, excluded here by the B-abstain gate but not eliminated); upward-continued flight-line artefact of the airborne survey.","Independent evidence of offset at this location: a displaced contact or marker bed, deflected or offset drainage, a facies termination, a published structural interpretation, or field observation. None is claimed here.","MEASURED CONTEXT + TEMPLATE HYPOTHESIS; no field observation, no geologist review"
332,3149,558300.0,4475300.0,3649.7,0.984566,0.402548,0.582018,0.528128,1,107.2,0.7374,0.001345,0.9465,3.1241,0.5394,0.5827,0.004656,2.2,487.9598,"Buried or cover-hidden fault (the brief's A-only reading): a deep potential-field fabric step (upward-continued TMI and isostatic gravity gradient) beneath thick sedimentary cover, with no DEM scarp and no radiometric lineament, i.e. structure that does not reach the surface and so is missing from a surface-mapped catalogue. HYPOTHESIS, not verified geology.","Non-fault basin-fill density boundary or volcanic lithologic contact; buried palaeo-channel or alluvial-fan margin; road/erosion lineament (the brief's B-only artifact reading, excluded here by the B-abstain gate but not eliminated); upward-continued flight-line artefact of the airborne survey.","Independent evidence of offset at this location: a displaced contact or marker bed, deflected or offset drainage, a facies termination, a published structural interpretation, or field observation. None is claimed here.","MEASURED CONTEXT + TEMPLATE HYPOTHESIS; no field observation, no geologist review"
333,3145,557900.0,4475200.0,3606.9,0.97881,0.350064,0.628746,0.520383,1,100.0,0.4878,0.001625,1.5653,3.1241,0.5945,0.5748,0.004531,2.2265,488.5838,"Buried or cover-hidden fault (the brief's A-only reading): a deep potential-field fabric step (upward-continued TMI and isostatic gravity gradient) beneath thick sedimentary cover, with no DEM scarp and no radiometric lineament, i.e. structure that does not reach the surface and so is missing from a surface-mapped catalogue. HYPOTHESIS, not verified geology.","Non-fault basin-fill density boundary or volcanic lithologic contact; buried palaeo-channel or alluvial-fan margin; road/erosion lineament (the brief's B-only artifact reading, excluded here by the B-abstain gate but not eliminated); upward-continued flight-line artefact of the airborne survey.","Independent evidence of offset at this location: a displaced contact or marker bed, deflected or offset drainage, a facies termination, a published structural interpretation, or field observation. None is claimed here.","MEASURED CONTEXT + TEMPLATE HYPOTHESIS; no field observation, no geologist review"
334,3162,559600.0,4475100.0,2334.5,0.954024,0.647624,0.306401,0.524438,1,103.7,1.0811,0.000834,-0.1037,3.0859,0.6378,0.5827,0.006221,2.2,474.9,"Buried or cover-hidden fault (the brief's A-only reading): a deep potential-field fabric step (upward-continued TMI and isostatic gravity gradient) beneath thick sedimentary cover, with no DEM scarp and no radiometric lineament, i.e. structure that does not reach the surface and so is missing from a surface-mapped catalogue. HYPOTHESIS, not verified geology.","Non-fault basin-fill density boundary or volcanic lithologic contact; buried palaeo-channel or alluvial-fan margin; road/erosion lineament (the brief's B-only artifact reading, excluded here by the B-abstain gate but not eliminated); upward-continued flight-line artefact of the airborne survey.","Independent evidence of offset at this location: a displaced contact or marker bed, deflected or offset drainage, a facies termination, a published structural interpretation, or field observation. None is claimed here.","MEASURED CONTEXT + TEMPLATE HYPOTHESIS; no field observation, no geologist review"
335,3098,553200.0,4475000.0,3114.5,0.981176,0.447871,0.533305,0.364034,1,24.2,1.4107,0.001745,6.2803,3.1488,0.6299,0.7559,0.008755,2.4172,495.9314,"Buried or cover-hidden fault (the brief's A-only reading): a deep potential-field fabric step (upward-continued TMI and isostatic gravity gradient) beneath thick sedimentary cover, with no DEM scarp and no radiometric lineament, i.e. structure that does not reach the surface and so is missing from a surface-mapped catalogue. HYPOTHESIS, not verified geology.","Non-fault basin-fill density boundary or volcanic lithologic contact; buried palaeo-channel or alluvial-fan margin; road/erosion lineament (the brief's B-only artifact reading, excluded here by the B-abstain gate but not eliminated); upward-continued flight-line artefact of the airborne survey.","Independent evidence of offset at this location: a displaced contact or marker bed, deflected or offset drainage, a facies termination, a published structural interpretation, or field observation. None is claimed here.","MEASURED CONTEXT + TEMPLATE HYPOTHESIS; no field observation, no geologist review"
335,3104,553800.0,4475000.0,2745.9,0.986049,0.557463,0.428587,0.367508,1,25.0,1.7311,0.001572,6.3717,3.1241,0.5394,0.7677,0.015977,2.3,489.6,"Buried or cover-hidden fault (the brief's A-only reading): a deep potential-field fabric step (upward-continued TMI and isostatic gravity gradient) beneath thick sedimentary cover, with no DEM scarp and no radiometric lineament, i.e. structure that does not reach the surface and so is missing from a surface-mapped catalogue. HYPOTHESIS, not verified geology.","Non-fault basin-fill density boundary or volcanic lithologic contact; buried palaeo-channel or alluvial-fan margin; road/erosion lineament (the brief's B-only artifact reading, excluded here by the B-abstain gate but not eliminated); upward-continued flight-line artefact of the airborne survey.","Independent evidence of offset at this location: a displaced contact or marker bed, deflected or offset drainage, a facies termination, a published structural interpretation, or field observation. None is claimed here.","MEASURED CONTEXT + TEMPLATE HYPOTHESIS; no field observation, no geologist review"
335,3136,557000.0,4475000.0,2860.1,0.954304,0.536333,0.41797,0.499905,1,83.2,0.7719,0.001719,2.9627,3.1241,0.5039,0.5748,0.005007,2.3,486.8,"Buried or cover-hidden fault (the brief's A-only reading): a deep potential-field fabric step (upward-continued TMI and isostatic gravity gradient) beneath thick sedimentary cover, with no DEM scarp and no radiometric lineament, i.e. structure that does not reach the surface and so is missing from a surface-mapped catalogue. HYPOTHESIS, not verified geology.","Non-fault basin-fill density boundary or volcanic lithologic contact; buried palaeo-channel or alluvial-fan margin; road/erosion lineament (the brief's B-only artifact reading, excluded here by the B-abstain gate but not eliminated); upward-continued flight-line artefact of the airborne survey.","Independent evidence of offset at this location: a displaced contact or marker bed, deflected or offset drainage, a facies termination, a published structural interpretation, or field observation. None is claimed here.","MEASURED CONTEXT + TEMPLATE HYPOTHESIS; no field observation, no geologist review"
335,3150,558400.0,4475000.0,3512.8,0.980005,0.361114,0.618891,0.530778,1,109.8,0.5048,0.001068,0.7871,3.1241,0.5866,0.5039,0.006208,2.2,489.2,"Buried or cover-hidden fault (the brief's A-only reading): a deep potential-field fabric step (upward-continued TMI and isostatic gravity gradient) beneath thick sedimentary cover, with no DEM scarp and no radiometric lineament, i.e. structure that does not reach the surface and so is missing from a surface-mapped catalogue. HYPOTHESIS, not verified geology.","Non-fault basin-fill density boundary or volcanic lithologic contact; buried palaeo-channel or alluvial-fan margin; road/erosion lineament (the brief's B-only artifact reading, excluded here by the B-abstain gate but not eliminated); upward-continued flight-line artefact of the airborne survey.","Independent evidence of offset at this location: a displaced contact or marker bed, deflected or offset drainage, a facies termination, a published structural interpretation, or field observation. None is claimed here.","MEASURED CONTEXT + TEMPLATE HYPOTHESIS; no field observation, no geologist review"
336,3140,557400.0,4474900.0,3041.4,0.967599,0.449965,0.517634,0.514274,1,94.7,0.4202,0.001644,2.2718,3.1241,0.6496,0.5591,0.003524,2.3,488.5841,"Buried or cover-hidden fault (the brief's A-only reading): a deep potential-field fabric step (upward-continued TMI and isostatic gravity gradient) beneath thick sedimentary cover, with no DEM scarp and no radiometric lineament, i.e. structure that does not reach the surface and so is missing from a surface-mapped catalogue. HYPOTHESIS, not verified geology.","Non-fault basin-fill density boundary or volcanic lithologic contact; buried palaeo-channel or alluvial-fan margin; road/erosion lineament (the brief's B-only artifact reading, excluded here by the B-abstain gate but not eliminated); upward-continued flight-line artefact of the airborne survey.","Independent evidence of offset at this location: a displaced contact or marker bed, deflected or offset drainage, a facies termination, a published structural interpretation, or field observation. None is claimed here.","MEASURED CONTEXT + TEMPLATE HYPOTHESIS; no field observation, no geologist review"
336,3143,557700.0,4474900.0,3255.8,0.97512,0.352844,0.622277,0.520556,1,100.2,0.1805,0.001597,1.795,3.1241,0.563,0.6063,0.003552,2.2662,489.2,"Buried or cover-hidden fault (the brief's A-only reading): a deep potential-field fabric step (upward-continued TMI and isostatic gravity gradient) beneath thick sedimentary cover, with no DEM scarp and no radiometric lineament, i.e. structure that does not reach the surface and so is missing from a surface-mapped catalogue. HYPOTHESIS, not verified geology.","Non-fault basin-fill density boundary or volcanic lithologic contact; buried palaeo-channel or alluvial-fan margin; road/erosion lineament (the brief's B-only artifact reading, excluded here by the B-abstain gate but not eliminated); upward-continued flight-line artefact of the airborne survey.","Independent evidence of offset at this location: a displaced contact or marker bed, deflected or offset drainage, a facies termination, a published structural interpretation, or field observation. None is claimed here.","MEASURED CONTEXT + TEMPLATE HYPOTHESIS; no field observation, no geologist review"
337,3093,552700.0,4474800.0,3324.2,0.979107,0.607768,0.371339,0.393546,1,31.8,1.3407,0.001954,5.6615,3.1765,0.7087,0.6102,0.00205,2.5,500.4,"Buried or cover-hidden fault (the brief's A-only reading): a deep potential-field fabric step (upward-continued TMI and isostatic gravity gradient) beneath thick sedimentary cover, with no DEM scarp and no radiometric lineament, i.e. structure that does not reach the surface and so is missing from a surface-mapped catalogue. HYPOTHESIS, not verified geology.","Non-fault basin-fill density boundary or volcanic lithologic contact; buried palaeo-channel or alluvial-fan margin; road/erosion lineament (the brief's B-only artifact reading, excluded here by the B-abstain gate but not eliminated); upward-continued flight-line artefact of the airborne survey.","Independent evidence of offset at this location: a displaced contact or marker bed, deflected or offset drainage, a facies termination, a published structural interpretation, or field observation. None is claimed here.","MEASURED CONTEXT + TEMPLATE HYPOTHESIS; no field observation, no geologist review"
337,3107,554100.0,4474800.0,2418.7,0.976492,0.53393,0.442562,0.391481,1,31.2,1.9707,0.001554,6.0934,3.1241,0.6457,0.7283,0.015025,2.3,489.6,"Buried or cover-hidden fault (the brief's A-only reading): a deep potential-field fabric step (upward-continued TMI and isostatic gravity gradient) beneath thick sedimentary cover, with no DEM scarp and no radiometric lineament, i.e. structure that does not reach the surface and so is missing from a surface-mapped catalogue. HYPOTHESIS, not verified geology.","Non-fault basin-fill density boundary or volcanic lithologic contact; buried palaeo-channel or alluvial-fan margin; road/erosion lineament (the brief's B-only artifact reading, excluded here by the B-abstain gate but not eliminated); upward-continued flight-line artefact of the airborne survey.","Independent evidence of offset at this location: a displaced contact or marker bed, deflected or offset drainage, a facies termination, a published structural interpretation, or field observation. None is claimed here.","MEASURED CONTEXT + TEMPLATE HYPOTHESIS; no field observation, no geologist review"
337,3146,558000.0,4474800.0,3420.5,0.990088,0.362152,0.627936,0.527531,1,106.6,0.1849,0.00141,1.2993,3.1241,0.5787,0.6299,0.004255,2.2067,489.2,"Buried or cover-hidden fault (the brief's A-only reading): a deep potential-field fabric step (upward-continued TMI and isostatic gravity gradient) beneath thick sedimentary cover, with no DEM scarp and no radiometric lineament, i.e. structure that does not reach the surface and so is missing from a surface-mapped catalogue. HYPOTHESIS, not verified geology.","Non-fault basin-fill density boundary or volcanic lithologic contact; buried palaeo-channel or alluvial-fan margin; road/erosion lineament (the brief's B-only artifact reading, excluded here by the B-abstain gate but not eliminated); upward-continued flight-line artefact of the airborne survey.","Independent evidence of offset at this location: a displaced contact or marker bed, deflected or offset drainage, a facies termination, a published structural interpretation, or field observation. None is claimed here.","MEASURED CONTEXT + TEMPLATE HYPOTHESIS; no field observation, no geologist review"
337,3160,559400.0,4474800.0,2502.0,0.97965,0.418101,0.56155,0.522776,1,102.2,0.9338,0.000798,0.208,3.0949,0.5866,0.7441,0.008678,2.2,479.0496,"Buried or cover-hidden fault (the brief's A-only reading): a deep potential-field fabric step (upward-continued TMI and isostatic gravity gradient) beneath thick sedimentary cover, with no DEM scarp and no radiometric lineament, i.e. structure that does not reach the surface and so is missing from a surface-mapped catalogue. HYPOTHESIS, not verified geology.","Non-fault basin-fill density boundary or volcanic lithologic contact; buried palaeo-channel or alluvial-fan margin; road/erosion lineament (the brief's B-only artifact reading, excluded here by the B-abstain gate but not eliminated); upward-continued flight-line artefact of the airborne survey.","Independent evidence of offset at this location: a displaced contact or marker bed, deflected or offset drainage, a facies termination, a published structural interpretation, or field observation. None is claimed here.","MEASURED CONTEXT + TEMPLATE HYPOTHESIS; no field observation, no geologist review"
337,3167,560100.0,4474800.0,1802.8,0.970888,0.621652,0.349236,0.507281,1,88.9,1.8363,0.001036,0.0217,3.079,0.5748,0.5,0.006368,2.2,474.9,"Buried or cover-hidden fault (the brief's A-only reading): a deep potential-field fabric step (upward-continued TMI and isostatic gravity gradient) beneath thick sedimentary cover, with no DEM scarp and no radiometric lineament, i.e. structure that does not reach the surface and so is missing from a surface-mapped catalogue. HYPOTHESIS, not verified geology.","Non-fault basin-fill density boundary or volcanic lithologic contact; buried palaeo-channel or alluvial-fan margin; road/erosion lineament (the brief's B-only artifact reading, excluded here by the B-abstain gate but not eliminated); upward-continued flight-line artefact of the airborne survey.","Independent evidence of offset at this location: a displaced contact or marker bed, deflected or offset drainage, a facies termination, a published structural interpretation, or field observation. None is claimed here.","MEASURED CONTEXT + TEMPLATE HYPOTHESIS; no field observation, no geologist review"
338,3081,551500.0,4474700.0,3640.1,0.964483,0.648158,0.316325,0.413639,1,38.2,1.938,0.002189,4.8187,3.1767,0.563,0.5236,0.008208,2.5,500.4,"Buried or cover-hidden fault (the brief's A-only reading): a deep potential-field fabric step (upward-continued TMI and isostatic gravity gradient) beneath thick sedimentary cover, with no DEM scarp and no radiometric lineament, i.e. structure that does not reach the surface and so is missing from a surface-mapped catalogue. HYPOTHESIS, not verified geology.","Non-fault basin-fill density boundary or volcanic lithologic contact; buried palaeo-channel or alluvial-fan margin; road/erosion lineament (the brief's B-only artifact reading, excluded here by the B-abstain gate but not eliminated); upward-continued flight-line artefact of the airborne survey.","Independent evidence of offset at this location: a displaced contact or marker bed, deflected or offset drainage, a facies termination, a published structural interpretation, or field observation. None is claimed here.","MEASURED CONTEXT + TEMPLATE HYPOTHESIS; no field observation, no geologist review"
338,3096,553000.0,4474700.0,3041.4,0.982023,0.472435,0.509588,0.406402,1,35.8,1.3973,0.001924,5.6182,3.1609,0.563,0.8307,0.005012,2.4966,500.2177,"Buried or cover-hidden fault (the brief's A-only reading): a deep potential-field fabric step (upward-continued TMI and isostatic gravity gradient) beneath thick sedimentary cover, with no DEM scarp and no radiometric lineament, i.e. structure that does not reach the surface and so is missing from a surface-mapped catalogue. HYPOTHESIS, not verified geology.","Non-fault basin-fill density boundary or volcanic lithologic contact; buried palaeo-channel or alluvial-fan margin; road/erosion lineament (the brief's B-only artifact reading, excluded here by the B-abstain gate but not eliminated); upward-continued flight-line artefact of the airborne survey.","Independent evidence of offset at this location: a displaced contact or marker bed, deflected or offset drainage, a facies termination, a published structural interpretation, or field observation. None is claimed here.","MEASURED CONTEXT + TEMPLATE HYPOTHESIS; no field observation, no geologist review"
338,3099,553300.0,4474700.0,2828.4,0.971537,0.619662,0.351876,0.405491,1,35.5,2.0649,0.00184,5.7543,3.1453,0.5748,0.8386,0.007407,2.3776,493.792,"Buried or cover-hidden fault (the brief's A-only reading): a deep potential-field fabric step (upward-continued TMI and isostatic gravity gradient) beneath thick sedimentary cover, with no DEM scarp and no radiometric lineament, i.e. structure that does not reach the surface and so is missing from a surface-mapped catalogue. HYPOTHESIS, not verified geology.","Non-fault basin-fill density boundary or volcanic lithologic contact; buried palaeo-channel or alluvial-fan margin; road/erosion lineament (the brief's B-only artifact reading, excluded here by the B-abstain gate but not eliminated); upward-continued flight-line artefact of the airborne survey.","Independent evidence of offset at this location: a displaced contact or marker bed, deflected or offset drainage, a facies termination, a published structural interpretation, or field observation. None is claimed here.","MEASURED CONTEXT + TEMPLATE HYPOTHESIS; no field observation, no geologist review"
338,3102,553600.0,4474700.0,2624.9,0.978352,0.471986,0.506366,0.403895,1,35.0,1.701,0.001745,5.822,3.1296,0.6575,0.7559,0.010032,2.3,489.6,"Buried or cover-hidden fault (the brief's A-only reading): a deep potential-field fabric step (upward-continued TMI and isostatic gravity gradient) beneath thick sedimentary cover, with no DEM scarp and no radiometric lineament, i.e. structure that does not reach the surface and so is missing from a surface-mapped catalogue. HYPOTHESIS, not verified geology.","Non-fault basin-fill density boundary or volcanic lithologic contact; buried palaeo-channel or alluvial-fan margin; road/erosion lineament (the brief's B-only artifact reading, excluded here by the B-abstain gate but not eliminated); upward-continued flight-line artefact of the airborne survey.","Independent evidence of offset at this location: a displaced contact or marker bed, deflected or offset drainage, a facies termination, a published structural interpretation, or field observation. None is claimed here.","MEASURED CONTEXT + TEMPLATE HYPOTHESIS; no field observation, no geologist review"
340,3148,558200.0,4474500.0,3413.2,0.957938,0.389465,0.568473,0.533432,1,112.4,0.5409,0.001049,0.9447,3.1241,0.5669,0.5709,0.00458,2.2,489.2,"Buried or cover-hidden fault (the brief's A-only reading): a deep potential-field fabric step (upward-continued TMI and isostatic gravity gradient) beneath thick sedimentary cover, with no DEM scarp and no radiometric lineament, i.e. structure that does not reach the surface and so is missing from a surface-mapped catalogue. HYPOTHESIS, not verified geology.","Non-fault basin-fill density boundary or volcanic lithologic contact; buried palaeo-channel or alluvial-fan margin; road/erosion lineament (the brief's B-only artifact reading, excluded here by the B-abstain gate but not eliminated); upward-continued flight-line artefact of the airborne survey.","Independent evidence of offset at this location: a displaced contact or marker bed, deflected or offset drainage, a facies termination, a published structural interpretation, or field observation. None is claimed here.","MEASURED CONTEXT + TEMPLATE HYPOTHESIS; no field observation, no geologist review"
341,3098,553200.0,4474400.0,2687.0,0.960724,0.417221,0.543503,0.436359,1,46.9,1.4318,0.001976,5.1588,3.1505,0.6969,0.7283,0.005671,2.4173,495.9363,"Buried or cover-hidden fault (the brief's A-only reading): a deep potential-field fabric step (upward-continued TMI and isostatic gravity gradient) beneath thick sedimentary cover, with no DEM scarp and no radiometric lineament, i.e. structure that does not reach the surface and so is missing from a surface-mapped catalogue. HYPOTHESIS, not verified geology.","Non-fault basin-fill density boundary or volcanic lithologic contact; buried palaeo-channel or alluvial-fan margin; road/erosion lineament (the brief's B-only artifact reading, excluded here by the B-abstain gate but not eliminated); upward-continued flight-line artefact of the airborne survey.","Independent evidence of offset at this location: a displaced contact or marker bed, deflected or offset drainage, a facies termination, a published structural interpretation, or field observation. None is claimed here.","MEASURED CONTEXT + TEMPLATE HYPOTHESIS; no field observation, no geologist review"
341,3109,554300.0,4474400.0,1972.3,0.975545,0.36339,0.612155,0.425571,1,42.6,1.4394,0.001654,5.4766,3.1241,0.6535,0.7047,0.010525,2.3,489.6,"Buried or cover-hidden fault (the brief's A-only reading): a deep potential-field fabric step (upward-continued TMI and isostatic gravity gradient) beneath thick sedimentary cover, with no DEM scarp and no radiometric lineament, i.e. structure that does not reach the surface and so is missing from a surface-mapped catalogue. HYPOTHESIS, not verified geology.","Non-fault basin-fill density boundary or volcanic lithologic contact; buried palaeo-channel or alluvial-fan margin; road/erosion lineament (the brief's B-only artifact reading, excluded here by the B-abstain gate but not eliminated); upward-continued flight-line artefact of the airborne survey.","Independent evidence of offset at this location: a displaced contact or marker bed, deflected or offset drainage, a facies termination, a published structural interpretation, or field observation. None is claimed here.","MEASURED CONTEXT + TEMPLATE HYPOTHESIS; no field observation, no geologist review"
341,3140,557400.0,4474400.0,2701.9,0.974699,0.384356,0.590343,0.523181,1,102.6,0.4197,0.001449,2.1012,3.1241,0.5472,0.6693,0.001956,2.3,488.5832,"Buried or cover-hidden fault (the brief's A-only reading): a deep potential-field fabric step (upward-continued TMI and isostatic gravity gradient) beneath thick sedimentary cover, with no DEM scarp and no radiometric lineament, i.e. structure that does not reach the surface and so is missing from a surface-mapped catalogue. HYPOTHESIS, not verified geology.","Non-fault basin-fill density boundary or volcanic lithologic contact; buried palaeo-channel or alluvial-fan margin; road/erosion lineament (the brief's B-only artifact reading, excluded here by the B-abstain gate but not eliminated); upward-continued flight-line artefact of the airborne survey.","Independent evidence of offset at this location: a displaced contact or marker bed, deflected or offset drainage, a facies termination, a published structural interpretation, or field observation. None is claimed here.","MEASURED CONTEXT + TEMPLATE HYPOTHESIS; no field observation, no geologist review"
341,3145,557900.0,4474400.0,3106.4,0.985452,0.371813,0.613639,0.530195,1,109.2,0.4745,0.001327,1.3696,3.1241,0.4961,0.6535,0.002786,2.2265,489.2,"Buried or cover-hidden fault (the brief's A-only reading): a deep potential-field fabric step (upward-continued TMI and isostatic gravity gradient) beneath thick sedimentary cover, with no DEM scarp and no radiometric lineament, i.e. structure that does not reach the surface and so is missing from a surface-mapped catalogue. HYPOTHESIS, not verified geology.","Non-fault basin-fill density boundary or volcanic lithologic contact; buried palaeo-channel or alluvial-fan margin; road/erosion lineament (the brief's B-only artifact reading, excluded here by the B-abstain gate but not eliminated); upward-continued flight-line artefact of the airborne survey.","Independent evidence of offset at this location: a displaced contact or marker bed, deflected or offset drainage, a facies termination, a published structural interpretation, or field observation. None is claimed here.","MEASURED CONTEXT + TEMPLATE HYPOTHESIS; no field observation, no geologist review"
342,3105,553900.0,4474300.0,2126.0,0.976817,0.63587,0.340947,0.436025,1,46.8,1.7641,0.001846,5.2298,3.1241,0.6299,0.7205,0.008396,2.3,489.6,"Buried or cover-hidden fault (the brief's A-only reading): a deep potential-field fabric step (upward-continued TMI and isostatic gravity gradient) beneath thick sedimentary cover, with no DEM scarp and no radiometric lineament, i.e. structure that does not reach the surface and so is missing from a surface-mapped catalogue. HYPOTHESIS, not verified geology.","Non-fault basin-fill density boundary or volcanic lithologic contact; buried palaeo-channel or alluvial-fan margin; road/erosion lineament (the brief's B-only artifact reading, excluded here by the B-abstain gate but not eliminated); upward-continued flight-line artefact of the airborne survey.","Independent evidence of offset at this location: a displaced contact or marker bed, deflected or offset drainage, a facies termination, a published structural interpretation, or field observation. None is claimed here.","MEASURED CONTEXT + TEMPLATE HYPOTHESIS; no field observation, no geologist review"
342,3131,556500.0,4474300.0,2000.0,0.956154,0.384483,0.571671,0.50146,1,84.4,0.3644,0.001401,3.3395,3.1241,0.7205,0.7008,0.003774,2.3,486.8,"Buried or cover-hidden fault (the brief's A-only reading): a deep potential-field fabric step (upward-continued TMI and isostatic gravity gradient) beneath thick sedimentary cover, with no DEM scarp and no radiometric lineament, i.e. structure that does not reach the surface and so is missing from a surface-mapped catalogue. HYPOTHESIS, not verified geology.","Non-fault basin-fill density boundary or volcanic lithologic contact; buried palaeo-channel or alluvial-fan margin; road/erosion lineament (the brief's B-only artifact reading, excluded here by the B-abstain gate but not eliminated); upward-continued flight-line artefact of the airborne survey.","Independent evidence of offset at this location: a displaced contact or marker bed, deflected or offset drainage, a facies termination, a published structural interpretation, or field observation. None is claimed here.","MEASURED CONTEXT + TEMPLATE HYPOTHESIS; no field observation, no geologist review"
343,3127,556100.0,4474200.0,1700.0,0.956752,0.386352,0.5704,0.491558,1,77.2,0.6534,0.001275,3.7616,3.1241,0.5669,0.6063,0.004616,2.3,486.8,"Buried or cover-hidden fault (the brief's A-only reading): a deep potential-field fabric step (upward-continued TMI and isostatic gravity gradient) beneath thick sedimentary cover, with no DEM scarp and no radiometric lineament, i.e. structure that does not reach the surface and so is missing from a surface-mapped catalogue. HYPOTHESIS, not verified geology.","Non-fault basin-fill density boundary or volcanic lithologic contact; buried palaeo-channel or alluvial-fan margin; road/erosion lineament (the brief's B-only artifact reading, excluded here by the B-abstain gate but not eliminated); upward-continued flight-line artefact of the airborne survey.","Independent evidence of offset at this location: a displaced contact or marker bed, deflected or offset drainage, a facies termination, a published structural interpretation, or field observation. None is claimed here.","MEASURED CONTEXT + TEMPLATE HYPOTHESIS; no field observation, no geologist review"
343,3137,557100.0,4474200.0,2343.1,0.986168,0.40236,0.583808,0.520646,1,100.3,0.4353,0.001344,2.45,3.1241,0.5433,0.6969,0.002726,2.3,487.1548,"Buried or cover-hidden fault (the brief's A-only reading): a deep potential-field fabric step (upward-continued TMI and isostatic gravity gradient) beneath thick sedimentary cover, with no DEM scarp and no radiometric lineament, i.e. structure that does not reach the surface and so is missing from a surface-mapped catalogue. HYPOTHESIS, not verified geology.","Non-fault basin-fill density boundary or volcanic lithologic contact; buried palaeo-channel or alluvial-fan margin; road/erosion lineament (the brief's B-only artifact reading, excluded here by the B-abstain gate but not eliminated); upward-continued flight-line artefact of the airborne survey.","Independent evidence of offset at this location: a displaced contact or marker bed, deflected or offset drainage, a facies termination, a published structural interpretation, or field observation. None is claimed here.","MEASURED CONTEXT + TEMPLATE HYPOTHESIS; no field observation, no geologist review"
344,3144,557800.0,4474100.0,2865.3,0.956913,0.524755,0.432158,0.532313,1,111.3,0.8003,0.001301,1.4571,3.1241,0.5039,0.6811,0.001573,2.2464,489.2,"Buried or cover-hidden fault (the brief's A-only reading): a deep potential-field fabric step (upward-continued TMI and isostatic gravity gradient) beneath thick sedimentary cover, with no DEM scarp and no radiometric lineament, i.e. structure that does not reach the surface and so is missing from a surface-mapped catalogue. HYPOTHESIS, not verified geology.","Non-fault basin-fill density boundary or volcanic lithologic contact; buried palaeo-channel or alluvial-fan margin; road/erosion lineament (the brief's B-only artifact reading, excluded here by the B-abstain gate but not eliminated); upward-continued flight-line artefact of the airborne survey.","Independent evidence of offset at this location: a displaced contact or marker bed, deflected or offset drainage, a facies termination, a published structural interpretation, or field observation. None is claimed here.","MEASURED CONTEXT + TEMPLATE HYPOTHESIS; no field observation, no geologist review"
345,3100,553400.0,4474000.0,2262.7,0.951276,0.448763,0.502512,0.46849,1,62.8,1.4987,0.002177,4.4543,3.1401,0.6772,0.689,0.0049,2.3381,491.6558,"Buried or cover-hidden fault (the brief's A-only reading): a deep potential-field fabric step (upward-continued TMI and isostatic gravity gradient) beneath thick sedimentary cover, with no DEM scarp and no radiometric lineament, i.e. structure that does not reach the surface and so is missing from a surface-mapped catalogue. HYPOTHESIS, not verified geology.","Non-fault basin-fill density boundary or volcanic lithologic contact; buried palaeo-channel or alluvial-fan margin; road/erosion lineament (the brief's B-only artifact reading, excluded here by the B-abstain gate but not eliminated); upward-continued flight-line artefact of the airborne survey.","Independent evidence of offset at this location: a displaced contact or marker bed, deflected or offset drainage, a facies termination, a published structural interpretation, or field observation. None is claimed here.","MEASURED CONTEXT + TEMPLATE HYPOTHESIS; no field observation, no geologist review"
345,3108,554200.0,4474000.0,1702.9,0.972815,0.464953,0.507861,0.457025,1,56.6,1.0769,0.002024,4.7785,3.1241,0.6496,0.7362,0.009472,2.3,489.6,"Buried or cover-hidden fault (the brief's A-only reading): a deep potential-field fabric step (upward-continued TMI and isostatic gravity gradient) beneath thick sedimentary cover, with no DEM scarp and no radiometric lineament, i.e. structure that does not reach the surface and so is missing from a surface-mapped catalogue. HYPOTHESIS, not verified geology.","Non-fault basin-fill density boundary or volcanic lithologic contact; buried palaeo-channel or alluvial-fan margin; road/erosion lineament (the brief's B-only artifact reading, excluded here by the B-abstain gate but not eliminated); upward-continued flight-line artefact of the airborne survey.","Independent evidence of offset at this location: a displaced contact or marker bed, deflected or offset drainage, a facies termination, a published structural interpretation, or field observation. None is claimed here.","MEASURED CONTEXT + TEMPLATE HYPOTHESIS; no field observation, no geologist review"
345,3111,554500.0,4474000.0,1526.4,0.967869,0.515149,0.45272,0.459944,1,58.1,0.8456,0.001889,4.6872,3.1241,0.6142,0.7087,0.009588,2.3,489.6,"Buried or cover-hidden fault (the brief's A-only reading): a deep potential-field fabric step (upward-continued TMI and isostatic gravity gradient) beneath thick sedimentary cover, with no DEM scarp and no radiometric lineament, i.e. structure that does not reach the surface and so is missing from a surface-mapped catalogue. HYPOTHESIS, not verified geology.","Non-fault basin-fill density boundary or volcanic lithologic contact; buried palaeo-channel or alluvial-fan margin; road/erosion lineament (the brief's B-only artifact reading, excluded here by the B-abstain gate but not eliminated); upward-continued flight-line artefact of the airborne survey.","Independent evidence of offset at this location: a displaced contact or marker bed, deflected or offset drainage, a facies termination, a published structural interpretation, or field observation. None is claimed here.","MEASURED CONTEXT + TEMPLATE HYPOTHESIS; no field observation, no geologist review"
346,3079,551300.0,4473900.0,2973.2,0.970955,0.521648,0.449306,0.506187,1,88.1,1.0855,0.002425,2.9192,3.1801,0.5315,0.5984,0.005878,2.5,498.6592,"Buried or cover-hidden fault (the brief's A-only reading): a deep potential-field fabric step (upward-continued TMI and isostatic gravity gradient) beneath thick sedimentary cover, with no DEM scarp and no radiometric lineament, i.e. structure that does not reach the surface and so is missing from a surface-mapped catalogue. HYPOTHESIS, not verified geology.","Non-fault basin-fill density boundary or volcanic lithologic contact; buried palaeo-channel or alluvial-fan margin; road/erosion lineament (the brief's B-only artifact reading, excluded here by the B-abstain gate but not eliminated); upward-continued flight-line artefact of the airborne survey.","Independent evidence of offset at this location: a displaced contact or marker bed, deflected or offset drainage, a facies termination, a published structural interpretation, or field observation. None is claimed here.","MEASURED CONTEXT + TEMPLATE HYPOTHESIS; no field observation, no geologist review"
346,3105,553900.0,4473900.0,1838.5,0.990846,0.642484,0.348362,0.471718,1,64.6,1.1453,0.002193,4.4199,3.1254,0.6024,0.6535,0.007382,2.3,489.6,"Buried or cover-hidden fault (the brief's A-only reading): a deep potential-field fabric step (upward-continued TMI and isostatic gravity gradient) beneath thick sedimentary cover, with no DEM scarp and no radiometric lineament, i.e. structure that does not reach the surface and so is missing from a surface-mapped catalogue. HYPOTHESIS, not verified geology.","Non-fault basin-fill density boundary or volcanic lithologic contact; buried palaeo-channel or alluvial-fan margin; road/erosion lineament (the brief's B-only artifact reading, excluded here by the B-abstain gate but not eliminated); upward-continued flight-line artefact of the airborne survey.","Independent evidence of offset at this location: a displaced contact or marker bed, deflected or offset drainage, a facies termination, a published structural interpretation, or field observation. None is claimed here.","MEASURED CONTEXT + TEMPLATE HYPOTHESIS; no field observation, no geologist review"
347,3088,552200.0,4473800.0,2563.2,0.997212,0.645318,0.351894,0.502859,1,85.5,1.1687,0.002328,3.3114,3.1875,0.7087,0.5906,0.006767,2.5,500.4,"Buried or cover-hidden fault (the brief's A-only reading): a deep potential-field fabric step (upward-continued TMI and isostatic gravity gradient) beneath thick sedimentary cover, with no DEM scarp and no radiometric lineament, i.e. structure that does not reach the surface and so is missing from a surface-mapped catalogue. HYPOTHESIS, not verified geology.","Non-fault basin-fill density boundary or volcanic lithologic contact; buried palaeo-channel or alluvial-fan margin; road/erosion lineament (the brief's B-only artifact reading, excluded here by the B-abstain gate but not eliminated); upward-continued flight-line artefact of the airborne survey.","Independent evidence of offset at this location: a displaced contact or marker bed, deflected or offset drainage, a facies termination, a published structural interpretation, or field observation. None is claimed here.","MEASURED CONTEXT + TEMPLATE HYPOTHESIS; no field observation, no geologist review"
348,3073,550700.0,4473700.0,2640.1,0.965827,0.596875,0.368952,0.538042,1,117.2,1.0131,0.002552,2.0501,3.1949,0.5906,0.5945,0.005025,2.5,495.5,"Buried or cover-hidden fault (the brief's A-only reading): a deep potential-field fabric step (upward-continued TMI and isostatic gravity gradient) beneath thick sedimentary cover, with no DEM scarp and no radiometric lineament, i.e. structure that does not reach the surface and so is missing from a surface-mapped catalogue. HYPOTHESIS, not verified geology.","Non-fault basin-fill density boundary or volcanic lithologic contact; buried palaeo-channel or alluvial-fan margin; road/erosion lineament (the brief's B-only artifact reading, excluded here by the B-abstain gate but not eliminated); upward-continued flight-line artefact of the airborne survey.","Independent evidence of offset at this location: a displaced contact or marker bed, deflected or offset drainage, a facies termination, a published structural interpretation, or field observation. None is claimed here.","MEASURED CONTEXT + TEMPLATE HYPOTHESIS; no field observation, no geologist review"
348,3076,551000.0,4473700.0,2832.0,0.979993,0.64766,0.332333,0.531831,1,110.8,1.0113,0.002505,2.2442,3.1949,0.5866,0.6063,0.005208,2.5,495.7431,"Buried or cover-hidden fault (the brief's A-only reading): a deep potential-field fabric step (upward-continued TMI and isostatic gravity gradient) beneath thick sedimentary cover, with no DEM scarp and no radiometric lineament, i.e. structure that does not reach the surface and so is missing from a surface-mapped catalogue. HYPOTHESIS, not verified geology.","Non-fault basin-fill density boundary or volcanic lithologic contact; buried palaeo-channel or alluvial-fan margin; road/erosion lineament (the brief's B-only artifact reading, excluded here by the B-abstain gate but not eliminated); upward-continued flight-line artefact of the airborne survey.","Independent evidence of offset at this location: a displaced contact or marker bed, deflected or offset drainage, a facies termination, a published structural interpretation, or field observation. None is claimed here.","MEASURED CONTEXT + TEMPLATE HYPOTHESIS; no field observation, no geologist review"
348,3137,557100.0,4473700.0,2059.1,0.951946,0.535265,0.416681,0.525295,1,104.5,1.0188,0.001032,2.568,3.131,0.5787,0.7638,0.000742,2.3,487.1538,"Buried or cover-hidden fault (the brief's A-only reading): a deep potential-field fabric step (upward-continued TMI and isostatic gravity gradient) beneath thick sedimentary cover, with no DEM scarp and no radiometric lineament, i.e. structure that does not reach the surface and so is missing from a surface-mapped catalogue. HYPOTHESIS, not verified geology.","Non-fault basin-fill density boundary or volcanic lithologic contact; buried palaeo-channel or alluvial-fan margin; road/erosion lineament (the brief's B-only artifact reading, excluded here by the B-abstain gate but not eliminated); upward-continued flight-line artefact of the airborne survey.","Independent evidence of offset at this location: a displaced contact or marker bed, deflected or offset drainage, a facies termination, a published structural interpretation, or field observation. None is claimed here.","MEASURED CONTEXT + TEMPLATE HYPOTHESIS; no field observation, no geologist review"
348,3140,557400.0,4473700.0,2325.9,0.952474,0.369015,0.583459,0.529481,1,108.5,0.8026,0.001147,2.2705,3.131,0.5276,0.7953,0.00029,2.3,488.5818,"Buried or cover-hidden fault (the brief's A-only reading): a deep potential-field fabric step (upward-continued TMI and isostatic gravity gradient) beneath thick sedimentary cover, with no DEM scarp and no radiometric lineament, i.e. structure that does not reach the surface and so is missing from a surface-mapped catalogue. HYPOTHESIS, not verified geology.","Non-fault basin-fill density boundary or volcanic lithologic contact; buried palaeo-channel or alluvial-fan margin; road/erosion lineament (the brief's B-only artifact reading, excluded here by the B-abstain gate but not eliminated); upward-continued flight-line artefact of the airborne survey.","Independent evidence of offset at this location: a displaced contact or marker bed, deflected or offset drainage, a facies termination, a published structural interpretation, or field observation. None is claimed here.","MEASURED CONTEXT + TEMPLATE HYPOTHESIS; no field observation, no geologist review"
349,3100,553400.0,4473600.0,1984.9,0.965754,0.64286,0.322894,0.503224,1,85.8,1.1145,0.002307,3.5268,3.1545,0.6457,0.689,0.00454,2.3381,491.5677,"Buried or cover-hidden fault (the brief's A-only reading): a deep potential-field fabric step (upward-continued TMI and isostatic gravity gradient) beneath thick sedimentary cover, with no DEM scarp and no radiometric lineament, i.e. structure that does not reach the surface and so is missing from a surface-mapped catalogue. HYPOTHESIS, not verified geology.","Non-fault basin-fill density boundary or volcanic lithologic contact; buried palaeo-channel or alluvial-fan margin; road/erosion lineament (the brief's B-only artifact reading, excluded here by the B-abstain gate but not eliminated); upward-continued flight-line artefact of the airborne survey.","Independent evidence of offset at this location: a displaced contact or marker bed, deflected or offset drainage, a facies termination, a published structural interpretation, or field observation. None is claimed here.","MEASURED CONTEXT + TEMPLATE HYPOTHESIS; no field observation, no geologist review"
349,3105,553900.0,4473600.0,1627.9,0.991535,0.379525,0.61201,0.497852,1,81.7,1.294,0.002298,3.7086,3.1337,0.6457,0.7323,0.008056,2.3,489.5213,"Buried or cover-hidden fault (the brief's A-only reading): a deep potential-field fabric step (upward-continued TMI and isostatic gravity gradient) beneath thick sedimentary cover, with no DEM scarp and no radiometric lineament, i.e. structure that does not reach the surface and so is missing from a surface-mapped catalogue. HYPOTHESIS, not verified geology.","Non-fault basin-fill density boundary or volcanic lithologic contact; buried palaeo-channel or alluvial-fan margin; road/erosion lineament (the brief's B-only artifact reading, excluded here by the B-abstain gate but not eliminated); upward-continued flight-line artefact of the airborne survey.","Independent evidence of offset at this location: a displaced contact or marker bed, deflected or offset drainage, a facies termination, a published structural interpretation, or field observation. None is claimed here.","MEASURED CONTEXT + TEMPLATE HYPOTHESIS; no field observation, no geologist review"
350,3082,551600.0,4473500.0,2500.0,0.962723,0.573258,0.389465,0.537729,1,116.8,1.0462,0.002439,2.1895,3.2098,0.4606,0.6496,0.006899,2.5,499.0087,"Buried or cover-hidden fault (the brief's A-only reading): a deep potential-field fabric step (upward-continued TMI and isostatic gravity gradient) beneath thick sedimentary cover, with no DEM scarp and no radiometric lineament, i.e. structure that does not reach the surface and so is missing from a surface-mapped catalogue. HYPOTHESIS, not verified geology.","Non-fault basin-fill density boundary or volcanic lithologic contact; buried palaeo-channel or alluvial-fan margin; road/erosion lineament (the brief's B-only artifact reading, excluded here by the B-abstain gate but not eliminated); upward-continued flight-line artefact of the airborne survey.","Independent evidence of offset at this location: a displaced contact or marker bed, deflected or offset drainage, a facies termination, a published structural interpretation, or field observation. None is claimed here.","MEASURED CONTEXT + TEMPLATE HYPOTHESIS; no field observation, no geologist review"
350,3134,556800.0,4473500.0,1700.0,0.950608,0.531479,0.419129,0.522243,1,101.7,1.4066,0.000798,2.8847,3.1365,0.563,0.8307,0.001613,2.3,486.1302,"Buried or cover-hidden fault (the brief's A-only reading): a deep potential-field fabric step (upward-continued TMI and isostatic gravity gradient) beneath thick sedimentary cover, with no DEM scarp and no radiometric lineament, i.e. structure that does not reach the surface and so is missing from a surface-mapped catalogue. HYPOTHESIS, not verified geology.","Non-fault basin-fill density boundary or volcanic lithologic contact; buried palaeo-channel or alluvial-fan margin; road/erosion lineament (the brief's B-only artifact reading, excluded here by the B-abstain gate but not eliminated); upward-continued flight-line artefact of the airborne survey.","Independent evidence of offset at this location: a displaced contact or marker bed, deflected or offset drainage, a facies termination, a published structural interpretation, or field observation. None is claimed here.","MEASURED CONTEXT + TEMPLATE HYPOTHESIS; no field observation, no geologist review"
351,3076,551000.0,4473400.0,2617.3,0.961774,0.604564,0.35721,0.556021,1,137.6,1.1268,0.002535,1.5145,3.2172,0.5551,0.6024,0.005,2.5,484.7304,"Buried or cover-hidden fault (the brief's A-only reading): a deep potential-field fabric step (upward-continued TMI and isostatic gravity gradient) beneath thick sedimentary cover, with no DEM scarp and no radiometric lineament, i.e. structure that does not reach the surface and so is missing from a surface-mapped catalogue. HYPOTHESIS, not verified geology.","Non-fault basin-fill density boundary or volcanic lithologic contact; buried palaeo-channel or alluvial-fan margin; road/erosion lineament (the brief's B-only artifact reading, excluded here by the B-abstain gate but not eliminated); upward-continued flight-line artefact of the airborne survey.","Independent evidence of offset at this location: a displaced contact or marker bed, deflected or offset drainage, a facies termination, a published structural interpretation, or field observation. None is claimed here.","MEASURED CONTEXT + TEMPLATE HYPOTHESIS; no field observation, no geologist review"
351,3085,551900.0,4473400.0,2284.7,0.981343,0.590953,0.39039,0.539979,1,119.2,0.8995,0.00239,2.182,3.2173,0.6535,0.689,0.007754,2.5,497.7551,"Buried or cover-hidden fault (the brief's A-only reading): a deep potential-field fabric step (upward-continued TMI and isostatic gravity gradient) beneath thick sedimentary cover, with no DEM scarp and no radiometric lineament, i.e. structure that does not reach the surface and so is missing from a surface-mapped catalogue. HYPOTHESIS, not verified geology.","Non-fault basin-fill density boundary or volcanic lithologic contact; buried palaeo-channel or alluvial-fan margin; road/erosion lineament (the brief's B-only artifact reading, excluded here by the B-abstain gate but not eliminated); upward-continued flight-line artefact of the airborne survey.","Independent evidence of offset at this location: a displaced contact or marker bed, deflected or offset drainage, a facies termination, a published structural interpretation, or field observation. None is claimed here.","MEASURED CONTEXT + TEMPLATE HYPOTHESIS; no field observation, no geologist review"
353,3097,553100.0,4473200.0,1800.0,0.968072,0.638606,0.329466,0.533493,1,112.5,1.0338,0.002189,2.4685,3.1973,0.689,0.6378,0.004873,2.4572,493.4832,"Buried or cover-hidden fault (the brief's A-only reading): a deep potential-field fabric step (upward-continued TMI and isostatic gravity gradient) beneath thick sedimentary cover, with no DEM scarp and no radiometric lineament, i.e. structure that does not reach the surface and so is missing from a surface-mapped catalogue. HYPOTHESIS, not verified geology.","Non-fault basin-fill density boundary or volcanic lithologic contact; buried palaeo-channel or alluvial-fan margin; road/erosion lineament (the brief's B-only artifact reading, excluded here by the B-abstain gate but not eliminated); upward-continued flight-line artefact of the airborne survey.","Independent evidence of offset at this location: a displaced contact or marker bed, deflected or offset drainage, a facies termination, a published structural interpretation, or field observation. None is claimed here.","MEASURED CONTEXT + TEMPLATE HYPOTHESIS; no field observation, no geologist review"
353,3100,553400.0,4473200.0,1749.3,0.981789,0.514439,0.46735,0.529741,1,108.8,0.8591,0.002154,2.5993,3.1712,0.6378,0.7244,0.005285,2.3382,488.5902,"Buried or cover-hidden fault (the brief's A-only reading): a deep potential-field fabric step (upward-continued TMI and isostatic gravity gradient) beneath thick sedimentary cover, with no DEM scarp and no radiometric lineament, i.e. structure that does not reach the surface and so is missing from a surface-mapped catalogue. HYPOTHESIS, not verified geology.","Non-fault basin-fill density boundary or volcanic lithologic contact; buried palaeo-channel or alluvial-fan margin; road/erosion lineament (the brief's B-only artifact reading, excluded here by the B-abstain gate but not eliminated); upward-continued flight-line artefact of the airborne survey.","Independent evidence of offset at this location: a displaced contact or marker bed, deflected or offset drainage, a facies termination, a published structural interpretation, or field observation. None is claimed here.","MEASURED CONTEXT + TEMPLATE HYPOTHESIS; no field observation, no geologist review"
353,3139,557300.0,4473200.0,2061.6,0.952131,0.454146,0.497985,0.530572,1,109.6,1.5829,0.000907,2.6522,3.1448,0.5236,0.811,0.002527,2.3,476.2562,"Buried or cover-hidden fault (the brief's A-only reading): a deep potential-field fabric step (upward-continued TMI and isostatic gravity gradient) beneath thick sedimentary cover, with no DEM scarp and no radiometric lineament, i.e. structure that does not reach the surface and so is missing from a surface-mapped catalogue. HYPOTHESIS, not verified geology.","Non-fault basin-fill density boundary or volcanic lithologic contact; buried palaeo-channel or alluvial-fan margin; road/erosion lineament (the brief's B-only artifact reading, excluded here by the B-abstain gate but not eliminated); upward-continued flight-line artefact of the airborne survey.","Independent evidence of offset at this location: a displaced contact or marker bed, deflected or offset drainage, a facies termination, a published structural interpretation, or field observation. None is claimed here.","MEASURED CONTEXT + TEMPLATE HYPOTHESIS; no field observation, no geologist review"
353,3148,558200.0,4473200.0,2863.6,0.967611,0.411043,0.556568,0.536233,1,115.3,1.1621,0.001468,2.1583,3.1448,0.563,0.811,0.00199,2.2,469.4158,"Buried or cover-hidden fault (the brief's A-only reading): a deep potential-field fabric step (upward-continued TMI and isostatic gravity gradient) beneath thick sedimentary cover, with no DEM scarp and no radiometric lineament, i.e. structure that does not reach the surface and so is missing from a surface-mapped catalogue. HYPOTHESIS, not verified geology.","Non-fault basin-fill density boundary or volcanic lithologic contact; buried palaeo-channel or alluvial-fan margin; road/erosion lineament (the brief's B-only artifact reading, excluded here by the B-abstain gate but not eliminated); upward-continued flight-line artefact of the airborne survey.","Independent evidence of offset at this location: a displaced contact or marker bed, deflected or offset drainage, a facies termination, a published structural interpretation, or field observation. None is claimed here.","MEASURED CONTEXT + TEMPLATE HYPOTHESIS; no field observation, no geologist review"
355,3151,558500.0,4473000.0,2617.3,0.954103,0.548008,0.406095,0.523519,1,102.9,1.3662,0.001657,2.4677,3.1503,0.6378,0.7362,0.002718,2.2,465.6,"Buried or cover-hidden fault (the brief's A-only reading): a deep potential-field fabric step (upward-continued TMI and isostatic gravity gradient) beneath thick sedimentary cover, with no DEM scarp and no radiometric lineament, i.e. structure that does not reach the surface and so is missing from a surface-mapped catalogue. HYPOTHESIS, not verified geology.","Non-fault basin-fill density boundary or volcanic lithologic contact; buried palaeo-channel or alluvial-fan margin; road/erosion lineament (the brief's B-only artifact reading, excluded here by the B-abstain gate but not eliminated); upward-continued flight-line artefact of the airborne survey.","Independent evidence of offset at this location: a displaced contact or marker bed, deflected or offset drainage, a facies termination, a published structural interpretation, or field observation. None is claimed here.","MEASURED CONTEXT + TEMPLATE HYPOTHESIS; no field observation, no geologist review"
356,3097,553100.0,4472900.0,1500.0,0.992127,0.631179,0.360948,0.550866,1,131.4,0.4928,0.002042,1.8707,3.2109,0.6693,0.6732,0.005405,2.4572,492.5534,"Buried or cover-hidden fault (the brief's A-only reading): a deep potential-field fabric step (upward-continued TMI and isostatic gravity gradient) beneath thick sedimentary cover, with no DEM scarp and no radiometric lineament, i.e. structure that does not reach the surface and so is missing from a surface-mapped catalogue. HYPOTHESIS, not verified geology.","Non-fault basin-fill density boundary or volcanic lithologic contact; buried palaeo-channel or alluvial-fan margin; road/erosion lineament (the brief's B-only artifact reading, excluded here by the B-abstain gate but not eliminated); upward-continued flight-line artefact of the airborne survey.","Independent evidence of offset at this location: a displaced contact or marker bed, deflected or offset drainage, a facies termination, a published structural interpretation, or field observation. None is claimed here.","MEASURED CONTEXT + TEMPLATE HYPOTHESIS; no field observation, no geologist review"
357,514,294800.0,4472800.0,1600.0,0.983376,0.612859,0.370517,0.851095,1,1896.9,0.8743,0.003748,-7.652,3.2974,0.0748,0.3031,0.003503,20.0,1756.9,"Buried or cover-hidden fault (the brief's A-only reading): a deep potential-field fabric step (upward-continued TMI and isostatic gravity gradient) beneath thick sedimentary cover, with no DEM scarp and no radiometric lineament, i.e. structure that does not reach the surface and so is missing from a surface-mapped catalogue. HYPOTHESIS, not verified geology.","Non-fault basin-fill density boundary or volcanic lithologic contact; buried palaeo-channel or alluvial-fan margin; road/erosion lineament (the brief's B-only artifact reading, excluded here by the B-abstain gate but not eliminated); upward-continued flight-line artefact of the airborne survey.","Independent evidence of offset at this location: a displaced contact or marker bed, deflected or offset drainage, a facies termination, a published structural interpretation, or field observation. None is claimed here.","MEASURED CONTEXT + TEMPLATE HYPOTHESIS; no field observation, no geologist review"
359,3150,558400.0,4472600.0,2236.1,0.952695,0.639656,0.313039,0.499876,1,83.2,1.7292,0.001683,3.1496,3.1515,0.7402,0.5945,0.004131,2.205,465.6,"Buried or cover-hidden fault (the brief's A-only reading): a deep potential-field fabric step (upward-continued TMI and isostatic gravity gradient) beneath thick sedimentary cover, with no DEM scarp and no radiometric lineament, i.e. structure that does not reach the surface and so is missing from a surface-mapped catalogue. HYPOTHESIS, not verified geology.","Non-fault basin-fill density boundary or volcanic lithologic contact; buried palaeo-channel or alluvial-fan margin; road/erosion lineament (the brief's B-only artifact reading, excluded here by the B-abstain gate but not eliminated); upward-continued flight-line artefact of the airborne survey.","Independent evidence of offset at this location: a displaced contact or marker bed, deflected or offset drainage, a facies termination, a published structural interpretation, or field observation. None is claimed here.","MEASURED CONTEXT + TEMPLATE HYPOTHESIS; no field observation, no geologist review"
360,1793,422700.0,4472500.0,2010.0,0.968339,0.642554,0.325786,0.705372,1,520.2,1.0655,0.003567,-12.2755,3.0401,0.4685,0.5079,0.009766,3.8,352.4,"Buried or cover-hidden fault (the brief's A-only reading): a deep potential-field fabric step (upward-continued TMI and isostatic gravity gradient) beneath thick sedimentary cover, with no DEM scarp and no radiometric lineament, i.e. structure that does not reach the surface and so is missing from a surface-mapped catalogue. HYPOTHESIS, not verified geology.","Non-fault basin-fill density boundary or volcanic lithologic contact; buried palaeo-channel or alluvial-fan margin; road/erosion lineament (the brief's B-only artifact reading, excluded here by the B-abstain gate but not eliminated); upward-continued flight-line artefact of the airborne survey.","Independent evidence of offset at this location: a displaced contact or marker bed, deflected or offset drainage, a facies termination, a published structural interpretation, or field observation. None is claimed here.","MEASURED CONTEXT + TEMPLATE HYPOTHESIS; no field observation, no geologist review"
361,3153,558700.0,4472400.0,2002.5,0.960426,0.575346,0.385081,0.473806,1,65.8,1.9156,0.001789,3.6019,3.1515,0.6929,0.6811,0.004598,2.2454,465.6,"Buried or cover-hidden fault (the brief's A-only reading): a deep potential-field fabric step (upward-continued TMI and isostatic gravity gradient) beneath thick sedimentary cover, with no DEM scarp and no radiometric lineament, i.e. structure that does not reach the surface and so is missing from a surface-mapped catalogue. HYPOTHESIS, not verified geology.","Non-fault basin-fill density boundary or volcanic lithologic contact; buried palaeo-channel or alluvial-fan margin; road/erosion lineament (the brief's B-only artifact reading, excluded here by the B-abstain gate but not eliminated); upward-continued flight-line artefact of the airborne survey.","Independent evidence of offset at this location: a displaced contact or marker bed, deflected or offset drainage, a facies termination, a published structural interpretation, or field observation. None is claimed here.","MEASURED CONTEXT + TEMPLATE HYPOTHESIS; no field observation, no geologist review"
362,509,294300.0,4472300.0,2137.8,0.998055,0.572791,0.425264,0.851613,1,1905.7,0.2811,0.003218,-8.1178,3.2168,0.185,0.4094,0.011852,20.0,1756.9,"Buried or cover-hidden fault (the brief's A-only reading): a deep potential-field fabric step (upward-continued TMI and isostatic gravity gradient) beneath thick sedimentary cover, with no DEM scarp and no radiometric lineament, i.e. structure that does not reach the surface and so is missing from a surface-mapped catalogue. HYPOTHESIS, not verified geology.","Non-fault basin-fill density boundary or volcanic lithologic contact; buried palaeo-channel or alluvial-fan margin; road/erosion lineament (the brief's B-only artifact reading, excluded here by the B-abstain gate but not eliminated); upward-continued flight-line artefact of the airborne survey.","Independent evidence of offset at this location: a displaced contact or marker bed, deflected or offset drainage, a facies termination, a published structural interpretation, or field observation. None is claimed here.","MEASURED CONTEXT + TEMPLATE HYPOTHESIS; no field observation, no geologist review"
362,512,294600.0,4472300.0,1843.9,0.992381,0.646707,0.345674,0.843176,1,1768.2,0.6303,0.003458,-7.2915,3.2974,0.1732,0.3346,0.008485,20.0,1756.9,"Buried or cover-hidden fault (the brief's A-only reading): a deep potential-field fabric step (upward-continued TMI and isostatic gravity gradient) beneath thick sedimentary cover, with no DEM scarp and no radiometric lineament, i.e. structure that does not reach the surface and so is missing from a surface-mapped catalogue. HYPOTHESIS, not verified geology.","Non-fault basin-fill density boundary or volcanic lithologic contact; buried palaeo-channel or alluvial-fan margin; road/erosion lineament (the brief's B-only artifact reading, excluded here by the B-abstain gate but not eliminated); upward-continued flight-line artefact of the airborne survey.","Independent evidence of offset at this location: a displaced contact or marker bed, deflected or offset drainage, a facies termination, a published structural interpretation, or field observation. None is claimed here.","MEASURED CONTEXT + TEMPLATE HYPOTHESIS; no field observation, no geologist review"
362,3150,558400.0,4472300.0,1941.6,0.966394,0.579241,0.387153,0.474718,1,66.4,1.0351,0.001628,3.673,3.1515,0.5591,0.6063,0.004408,2.2655,465.6,"Buried or cover-hidden fault (the brief's A-only reading): a deep potential-field fabric step (upward-continued TMI and isostatic gravity gradient) beneath thick sedimentary cover, with no DEM scarp and no radiometric lineament, i.e. structure that does not reach the surface and so is missing from a surface-mapped catalogue. HYPOTHESIS, not verified geology.","Non-fault basin-fill density boundary or volcanic lithologic contact; buried palaeo-channel or alluvial-fan margin; road/erosion lineament (the brief's B-only artifact reading, excluded here by the B-abstain gate but not eliminated); upward-continued flight-line artefact of the airborne survey.","Independent evidence of offset at this location: a displaced contact or marker bed, deflected or offset drainage, a facies termination, a published structural interpretation, or field observation. None is claimed here.","MEASURED CONTEXT + TEMPLATE HYPOTHESIS; no field observation, no geologist review"
364,3147,558100.0,4472100.0,1802.8,0.960979,0.51927,0.441709,0.464134,1,60.3,1.5854,0.001385,3.9045,3.1515,0.5157,0.5984,0.003727,2.3,465.6,"Buried or cover-hidden fault (the brief's A-only reading): a deep potential-field fabric step (upward-continued TMI and isostatic gravity gradient) beneath thick sedimentary cover, with no DEM scarp and no radiometric lineament, i.e. structure that does not reach the surface and so is missing from a surface-mapped catalogue. HYPOTHESIS, not verified geology.","Non-fault basin-fill density boundary or volcanic lithologic contact; buried palaeo-channel or alluvial-fan margin; road/erosion lineament (the brief's B-only artifact reading, excluded here by the B-abstain gate but not eliminated); upward-continued flight-line artefact of the airborne survey.","Independent evidence of offset at this location: a displaced contact or marker bed, deflected or offset drainage, a facies termination, a published structural interpretation, or field observation. None is claimed here.","MEASURED CONTEXT + TEMPLATE HYPOTHESIS; no field observation, no geologist review"
365,511,294500.0,4472000.0,2024.8,0.999475,0.434382,0.565093,0.837505,1,1681.4,0.0659,0.003385,-6.8866,3.3972,0.2598,0.3937,0.012023,20.0,1756.9,"Buried or cover-hidden fault (the brief's A-only reading): a deep potential-field fabric step (upward-continued TMI and isostatic gravity gradient) beneath thick sedimentary cover, with no DEM scarp and no radiometric lineament, i.e. structure that does not reach the surface and so is missing from a surface-mapped catalogue. HYPOTHESIS, not verified geology.","Non-fault basin-fill density boundary or volcanic lithologic contact; buried palaeo-channel or alluvial-fan margin; road/erosion lineament (the brief's B-only artifact reading, excluded here by the B-abstain gate but not eliminated); upward-continued flight-line artefact of the airborne survey.","Independent evidence of offset at this location: a displaced contact or marker bed, deflected or offset drainage, a facies termination, a published structural interpretation, or field observation. None is claimed here.","MEASURED CONTEXT + TEMPLATE HYPOTHESIS; no field observation, no geologist review"
365,3150,558400.0,4472000.0,1649.2,0.96373,0.63576,0.32797,0.445149,1,50.8,1.8481,0.001521,4.1426,3.1515,0.563,0.4961,0.003718,2.3,465.6,"Buried or cover-hidden fault (the brief's A-only reading): a deep potential-field fabric step (upward-continued TMI and isostatic gravity gradient) beneath thick sedimentary cover, with no DEM scarp and no radiometric lineament, i.e. structure that does not reach the surface and so is missing from a surface-mapped catalogue. HYPOTHESIS, not verified geology.","Non-fault basin-fill density boundary or volcanic lithologic contact; buried palaeo-channel or alluvial-fan margin; road/erosion lineament (the brief's B-only artifact reading, excluded here by the B-abstain gate but not eliminated); upward-continued flight-line artefact of the airborne survey.","Independent evidence of offset at this location: a displaced contact or marker bed, deflected or offset drainage, a facies termination, a published structural interpretation, or field observation. None is claimed here.","MEASURED CONTEXT + TEMPLATE HYPOTHESIS; no field observation, no geologist review"
366,514,294800.0,4471900.0,1788.9,0.999439,0.387074,0.612365,0.824552,1,1498.8,0.0914,0.003539,-5.8995,3.4537,0.2205,0.4252,0.015073,20.0,1756.9,"Buried or cover-hidden fault (the brief's A-only reading): a deep potential-field fabric step (upward-continued TMI and isostatic gravity gradient) beneath thick sedimentary cover, with no DEM scarp and no radiometric lineament, i.e. structure that does not reach the surface and so is missing from a surface-mapped catalogue. HYPOTHESIS, not verified geology.","Non-fault basin-fill density boundary or volcanic lithologic contact; buried palaeo-channel or alluvial-fan margin; road/erosion lineament (the brief's B-only artifact reading, excluded here by the B-abstain gate but not eliminated); upward-continued flight-line artefact of the airborne survey.","Independent evidence of offset at this location: a displaced contact or marker bed, deflected or offset drainage, a facies termination, a published structural interpretation, or field observation. None is claimed here.","MEASURED CONTEXT + TEMPLATE HYPOTHESIS; no field observation, no geologist review"
367,3146,558000.0,4471800.0,1513.3,0.957853,0.530708,0.427145,0.439563,1,48.3,1.4269,0.001248,4.2137,3.1515,0.5866,0.4331,0.002496,2.3,465.6,"Buried or cover-hidden fault (the brief's A-only reading): a deep potential-field fabric step (upward-continued TMI and isostatic gravity gradient) beneath thick sedimentary cover, with no DEM scarp and no radiometric lineament, i.e. structure that does not reach the surface and so is missing from a surface-mapped catalogue. HYPOTHESIS, not verified geology.","Non-fault basin-fill density boundary or volcanic lithologic contact; buried palaeo-channel or alluvial-fan margin; road/erosion lineament (the brief's B-only artifact reading, excluded here by the B-abstain gate but not eliminated); upward-continued flight-line artefact of the airborne survey.","Independent evidence of offset at this location: a displaced contact or marker bed, deflected or offset drainage, a facies termination, a published structural interpretation, or field observation. None is claimed here.","MEASURED CONTEXT + TEMPLATE HYPOTHESIS; no field observation, no geologist review"
369,508,294200.0,4471600.0,2408.3,0.999178,0.409539,0.589639,0.834948,1,1643.7,0.033,0.00336,-6.69,3.3576,0.185,0.4213,0.015743,20.0566,1776.8123,"Buried or cover-hidden fault (the brief's A-only reading): a deep potential-field fabric step (upward-continued TMI and isostatic gravity gradient) beneath thick sedimentary cover, with no DEM scarp and no radiometric lineament, i.e. structure that does not reach the surface and so is missing from a surface-mapped catalogue. HYPOTHESIS, not verified geology.","Non-fault basin-fill density boundary or volcanic lithologic contact; buried palaeo-channel or alluvial-fan margin; road/erosion lineament (the brief's B-only artifact reading, excluded here by the B-abstain gate but not eliminated); upward-continued flight-line artefact of the airborne survey.","Independent evidence of offset at this location: a displaced contact or marker bed, deflected or offset drainage, a facies termination, a published structural interpretation, or field observation. None is claimed here.","MEASURED CONTEXT + TEMPLATE HYPOTHESIS; no field observation, no geologist review"
372,3205,563900.0,4471300.0,2402.1,0.984893,0.398397,0.586496,0.369915,1,25.6,19.4415,0.001608,1.5293,3.0799,0.685,0.5315,0.01153,2.2,425.6225,"Buried or cover-hidden fault (the brief's A-only reading): a deep potential-field fabric step (upward-continued TMI and isostatic gravity gradient) beneath thick sedimentary cover, with no DEM scarp and no radiometric lineament, i.e. structure that does not reach the surface and so is missing from a surface-mapped catalogue. HYPOTHESIS, not verified geology.","Non-fault basin-fill density boundary or volcanic lithologic contact; buried palaeo-channel or alluvial-fan margin; road/erosion lineament (the brief's B-only artifact reading, excluded here by the B-abstain gate but not eliminated); upward-continued flight-line artefact of the airborne survey.","Independent evidence of offset at this location: a displaced contact or marker bed, deflected or offset drainage, a facies termination, a published structural interpretation, or field observation. None is claimed here.","MEASURED CONTEXT + TEMPLATE HYPOTHESIS; no field observation, no geologist review"
373,3197,563100.0,4471200.0,1802.8,0.967271,0.378773,0.588498,0.224332,1,6.3,16.8931,0.001066,2.6362,3.0799,0.6929,0.4685,0.006638,2.2,424.0267,"Buried or cover-hidden fault (the brief's A-only reading): a deep potential-field fabric step (upward-continued TMI and isostatic gravity gradient) beneath thick sedimentary cover, with no DEM scarp and no radiometric lineament, i.e. structure that does not reach the surface and so is missing from a surface-mapped catalogue. HYPOTHESIS, not verified geology.","Non-fault basin-fill density boundary or volcanic lithologic contact; buried palaeo-channel or alluvial-fan margin; road/erosion lineament (the brief's B-only artifact reading, excluded here by the B-abstain gate but not eliminated); upward-continued flight-line artefact of the airborne survey.","Independent evidence of offset at this location: a displaced contact or marker bed, deflected or offset drainage, a facies termination, a published structural interpretation, or field observation. None is claimed here.","MEASURED CONTEXT + TEMPLATE HYPOTHESIS; no field observation, no geologist review"
373,3202,563600.0,4471200.0,2280.4,0.975472,0.371898,0.603575,0.321711,1,16.3,16.0717,0.001457,1.9951,3.0799,0.6654,0.5984,0.009371,2.2,424.0919,"Buried or cover-hidden fault (the brief's A-only reading): a deep potential-field fabric step (upward-continued TMI and isostatic gravity gradient) beneath thick sedimentary cover, with no DEM scarp and no radiometric lineament, i.e. structure that does not reach the surface and so is missing from a surface-mapped catalogue. HYPOTHESIS, not verified geology.","Non-fault basin-fill density boundary or volcanic lithologic contact; buried palaeo-channel or alluvial-fan margin; road/erosion lineament (the brief's B-only artifact reading, excluded here by the B-abstain gate but not eliminated); upward-continued flight-line artefact of the airborne survey.","Independent evidence of offset at this location: a displaced contact or marker bed, deflected or offset drainage, a facies termination, a published structural interpretation, or field observation. None is claimed here.","MEASURED CONTEXT + TEMPLATE HYPOTHESIS; no field observation, no geologist review"
376,3205,563900.0,4470900.0,2332.4,0.958527,0.37194,0.586587,0.367409,1,25.0,20.1744,0.001683,1.5007,3.0799,0.7244,0.5197,0.007066,2.2,423.2,"Buried or cover-hidden fault (the brief's A-only reading): a deep potential-field fabric step (upward-continued TMI and isostatic gravity gradient) beneath thick sedimentary cover, with no DEM scarp and no radiometric lineament, i.e. structure that does not reach the surface and so is missing from a surface-mapped catalogue. HYPOTHESIS, not verified geology.","Non-fault basin-fill density boundary or volcanic lithologic contact; buried palaeo-channel or alluvial-fan margin; road/erosion lineament (the brief's B-only artifact reading, excluded here by the B-abstain gate but not eliminated); upward-continued flight-line artefact of the airborne survey.","Independent evidence of offset at this location: a displaced contact or marker bed, deflected or offset drainage, a facies termination, a published structural interpretation, or field observation. None is claimed here.","MEASURED CONTEXT + TEMPLATE HYPOTHESIS; no field observation, no geologist review"
381,3204,563800.0,4470400.0,2193.2,0.953199,0.397736,0.555463,0.349623,1,21.2,17.324,0.001711,1.6419,3.0799,0.6772,0.5276,0.010195,2.2283,423.2,"Buried or cover-hidden fault (the brief's A-only reading): a deep potential-field fabric step (upward-continued TMI and isostatic gravity gradient) beneath thick sedimentary cover, with no DEM scarp and no radiometric lineament, i.e. structure that does not reach the surface and so is missing from a surface-mapped catalogue. HYPOTHESIS, not verified geology.","Non-fault basin-fill density boundary or volcanic lithologic contact; buried palaeo-channel or alluvial-fan margin; road/erosion lineament (the brief's B-only artifact reading, excluded here by the B-abstain gate but not eliminated); upward-continued flight-line artefact of the airborne survey.","Independent evidence of offset at this location: a displaced contact or marker bed, deflected or offset drainage, a facies termination, a published structural interpretation, or field observation. None is claimed here.","MEASURED CONTEXT + TEMPLATE HYPOTHESIS; no field observation, no geologist review"
385,3203,563700.0,4470000.0,2147.1,0.993595,0.56912,0.424475,0.341174,1,19.6,26.6308,0.001713,1.8157,3.0799,0.7441,0.5079,0.011259,2.2767,423.2,"Buried or cover-hidden fault (the brief's A-only reading): a deep potential-field fabric step (upward-continued TMI and isostatic gravity gradient) beneath thick sedimentary cover, with no DEM scarp and no radiometric lineament, i.e. structure that does not reach the surface and so is missing from a surface-mapped catalogue. HYPOTHESIS, not verified geology.","Non-fault basin-fill density boundary or volcanic lithologic contact; buried palaeo-channel or alluvial-fan margin; road/erosion lineament (the brief's B-only artifact reading, excluded here by the B-abstain gate but not eliminated); upward-continued flight-line artefact of the airborne survey.","Independent evidence of offset at this location: a displaced contact or marker bed, deflected or offset drainage, a facies termination, a published structural interpretation, or field observation. None is claimed here.","MEASURED CONTEXT + TEMPLATE HYPOTHESIS; no field observation, no geologist review"
387,1817,425100.0,4469800.0,2256.1,0.973027,0.59602,0.377007,0.642366,1,297.1,1.44,0.00301,-7.5604,3.1288,0.3504,0.3937,0.011179,3.9,371.0101,"Buried or cover-hidden fault (the brief's A-only reading): a deep potential-field fabric step (upward-continued TMI and isostatic gravity gradient) beneath thick sedimentary cover, with no DEM scarp and no radiometric lineament, i.e. structure that does not reach the surface and so is missing from a surface-mapped catalogue. HYPOTHESIS, not verified geology.","Non-fault basin-fill density boundary or volcanic lithologic contact; buried palaeo-channel or alluvial-fan margin; road/erosion lineament (the brief's B-only artifact reading, excluded here by the B-abstain gate but not eliminated); upward-continued flight-line artefact of the airborne survey.","Independent evidence of offset at this location: a displaced contact or marker bed, deflected or offset drainage, a facies termination, a published structural interpretation, or field observation. None is claimed here.","MEASURED CONTEXT + TEMPLATE HYPOTHESIS; no field observation, no geologist review"
390,3200,563400.0,4469500.0,2140.1,0.984171,0.547329,0.436842,0.309856,1,14.6,15.614,0.001549,2.3892,3.0799,0.7283,0.5039,0.007374,2.3,419.6736,"Buried or cover-hidden fault (the brief's A-only reading): a deep potential-field fabric step (upward-continued TMI and isostatic gravity gradient) beneath thick sedimentary cover, with no DEM scarp and no radiometric lineament, i.e. structure that does not reach the surface and so is missing from a surface-mapped catalogue. HYPOTHESIS, not verified geology.","Non-fault basin-fill density boundary or volcanic lithologic contact; buried palaeo-channel or alluvial-fan margin; road/erosion lineament (the brief's B-only artifact reading, excluded here by the B-abstain gate but not eliminated); upward-continued flight-line artefact of the airborne survey.","Independent evidence of offset at this location: a displaced contact or marker bed, deflected or offset drainage, a facies termination, a published structural interpretation, or field observation. None is claimed here.","MEASURED CONTEXT + TEMPLATE HYPOTHESIS; no field observation, no geologist review"
392,3195,562900.0,4469300.0,2459.7,0.967732,0.612871,0.354861,0.252894,1,8.4,11.1223,0.001212,3.0334,3.0799,0.7323,0.3976,0.006301,2.3,412.8267,"Buried or cover-hidden fault (the brief's A-only reading): a deep potential-field fabric step (upward-continued TMI and isostatic gravity gradient) beneath thick sedimentary cover, with no DEM scarp and no radiometric lineament, i.e. structure that does not reach the surface and so is missing from a surface-mapped catalogue. HYPOTHESIS, not verified geology.","Non-fault basin-fill density boundary or volcanic lithologic contact; buried palaeo-channel or alluvial-fan margin; road/erosion lineament (the brief's B-only artifact reading, excluded here by the B-abstain gate but not eliminated); upward-continued flight-line artefact of the airborne survey.","Independent evidence of offset at this location: a displaced contact or marker bed, deflected or offset drainage, a facies termination, a published structural interpretation, or field observation. None is claimed here.","MEASURED CONTEXT + TEMPLATE HYPOTHESIS; no field observation, no geologist review"
407,679,311300.0,4467800.0,2915.5,0.975415,0.554101,0.421314,0.667482,1,371.4,1.5213,0.002253,-4.3921,3.8657,0.7913,0.5,0.024342,18.2,1263.2,"Buried or cover-hidden fault (the brief's A-only reading): a deep potential-field fabric step (upward-continued TMI and isostatic gravity gradient) beneath thick sedimentary cover, with no DEM scarp and no radiometric lineament, i.e. structure that does not reach the surface and so is missing from a surface-mapped catalogue. HYPOTHESIS, not verified geology.","Non-fault basin-fill density boundary or volcanic lithologic contact; buried palaeo-channel or alluvial-fan margin; road/erosion lineament (the brief's B-only artifact reading, excluded here by the B-abstain gate but not eliminated); upward-continued flight-line artefact of the airborne survey.","Independent evidence of offset at this location: a displaced contact or marker bed, deflected or offset drainage, a facies termination, a published structural interpretation, or field observation. None is claimed here.","MEASURED CONTEXT + TEMPLATE HYPOTHESIS; no field observation, no geologist review"
409,1236,367000.0,4467600.0,8401.2,0.959692,0.583993,0.375699,0.551412,1,132.0,11.1993,0.001266,-0.8033,1.8963,0.6181,0.4409,0.010745,9.455,282.9355,"Buried or cover-hidden fault (the brief's A-only reading): a deep potential-field fabric step (upward-continued TMI and isostatic gravity gradient) beneath thick sedimentary cover, with no DEM scarp and no radiometric lineament, i.e. structure that does not reach the surface and so is missing from a surface-mapped catalogue. HYPOTHESIS, not verified geology.","Non-fault basin-fill density boundary or volcanic lithologic contact; buried palaeo-channel or alluvial-fan margin; road/erosion lineament (the brief's B-only artifact reading, excluded here by the B-abstain gate but not eliminated); upward-continued flight-line artefact of the airborne survey.","Independent evidence of offset at this location: a displaced contact or marker bed, deflected or offset drainage, a facies termination, a published structural interpretation, or field observation. None is claimed here.","MEASURED CONTEXT + TEMPLATE HYPOTHESIS; no field observation, no geologist review"
409,2423,485700.0,4467600.0,2247.2,0.964176,0.502151,0.462025,0.602165,1,207.7,0.375,0.001684,-5.2698,2.9569,0.4488,0.7598,0.008314,5.0,548.3,"Buried or cover-hidden fault (the brief's A-only reading): a deep potential-field fabric step (upward-continued TMI and isostatic gravity gradient) beneath thick sedimentary cover, with no DEM scarp and no radiometric lineament, i.e. structure that does not reach the surface and so is missing from a surface-mapped catalogue. HYPOTHESIS, not verified geology.","Non-fault basin-fill density boundary or volcanic lithologic contact; buried palaeo-channel or alluvial-fan margin; road/erosion lineament (the brief's B-only artifact reading, excluded here by the B-abstain gate but not eliminated); upward-continued flight-line artefact of the airborne survey.","Independent evidence of offset at this location: a displaced contact or marker bed, deflected or offset drainage, a facies termination, a published structural interpretation, or field observation. None is claimed here.","MEASURED CONTEXT + TEMPLATE HYPOTHESIS; no field observation, no geologist review"
412,3185,561900.0,4467300.0,3324.2,0.960178,0.519937,0.440241,0.26318,1,9.3,23.6758,0.000982,4.5807,3.0799,0.6063,0.3504,0.00647,2.3,406.2178,"Buried or cover-hidden fault (the brief's A-only reading): a deep potential-field fabric step (upward-continued TMI and isostatic gravity gradient) beneath thick sedimentary cover, with no DEM scarp and no radiometric lineament, i.e. structure that does not reach the surface and so is missing from a surface-mapped catalogue. HYPOTHESIS, not verified geology.","Non-fault basin-fill density boundary or volcanic lithologic contact; buried palaeo-channel or alluvial-fan margin; road/erosion lineament (the brief's B-only artifact reading, excluded here by the B-abstain gate but not eliminated); upward-continued flight-line artefact of the airborne survey.","Independent evidence of offset at this location: a displaced contact or marker bed, deflected or offset drainage, a facies termination, a published structural interpretation, or field observation. None is claimed here.","MEASURED CONTEXT + TEMPLATE HYPOTHESIS; no field observation, no geologist review"
417,1493,392700.0,4466800.0,1800.0,0.96485,0.491708,0.473142,0.644446,1,302.6,0.9997,0.00289,-11.8995,2.8846,0.5906,0.4409,0.005561,7.1,328.2554,"Buried or cover-hidden fault (the brief's A-only reading): a deep potential-field fabric step (upward-continued TMI and isostatic gravity gradient) beneath thick sedimentary cover, with no DEM scarp and no radiometric lineament, i.e. structure that does not reach the surface and so is missing from a surface-mapped catalogue. HYPOTHESIS, not verified geology.","Non-fault basin-fill density boundary or volcanic lithologic contact; buried palaeo-channel or alluvial-fan margin; road/erosion lineament (the brief's B-only artifact reading, excluded here by the B-abstain gate but not eliminated); upward-continued flight-line artefact of the airborne survey.","Independent evidence of offset at this location: a displaced contact or marker bed, deflected or offset drainage, a facies termination, a published structural interpretation, or field observation. None is claimed here.","MEASURED CONTEXT + TEMPLATE HYPOTHESIS; no field observation, no geologist review"
425,3192,562600.0,4466000.0,3330.2,0.977499,0.35572,0.621779,0.431321,1,44.9,17.502,0.001779,4.3846,3.0519,0.563,0.2953,0.005281,2.4,405.3,"Buried or cover-hidden fault (the brief's A-only reading): a deep potential-field fabric step (upward-continued TMI and isostatic gravity gradient) beneath thick sedimentary cover, with no DEM scarp and no radiometric lineament, i.e. structure that does not reach the surface and so is missing from a surface-mapped catalogue. HYPOTHESIS, not verified geology.","Non-fault basin-fill density boundary or volcanic lithologic contact; buried palaeo-channel or alluvial-fan margin; road/erosion lineament (the brief's B-only artifact reading, excluded here by the B-abstain gate but not eliminated); upward-continued flight-line artefact of the airborne survey.","Independent evidence of offset at this location: a displaced contact or marker bed, deflected or offset drainage, a facies termination, a published structural interpretation, or field observation. None is claimed here.","MEASURED CONTEXT + TEMPLATE HYPOTHESIS; no field observation, no geologist review"
427,3180,561400.0,4465800.0,4410.2,0.955796,0.390651,0.565145,0.188784,1,4.3,21.8258,0.001399,6.2107,3.0519,0.5118,0.3268,0.006303,2.4,403.3116,"Buried or cover-hidden fault (the brief's A-only reading): a deep potential-field fabric step (upward-continued TMI and isostatic gravity gradient) beneath thick sedimentary cover, with no DEM scarp and no radiometric lineament, i.e. structure that does not reach the surface and so is missing from a surface-mapped catalogue. HYPOTHESIS, not verified geology.","Non-fault basin-fill density boundary or volcanic lithologic contact; buried palaeo-channel or alluvial-fan margin; road/erosion lineament (the brief's B-only artifact reading, excluded here by the B-abstain gate but not eliminated); upward-continued flight-line artefact of the airborne survey.","Independent evidence of offset at this location: a displaced contact or marker bed, deflected or offset drainage, a facies termination, a published structural interpretation, or field observation. None is claimed here.","MEASURED CONTEXT + TEMPLATE HYPOTHESIS; no field observation, no geologist review"
429,965,339900.0,4465600.0,3000.0,0.984341,0.365144,0.619197,0.62433,1,253.0,0.5848,0.004515,-2.1856,4.4639,0.5236,0.6693,0.004061,14.5,571.7624,"Buried or cover-hidden fault (the brief's A-only reading): a deep potential-field fabric step (upward-continued TMI and isostatic gravity gradient) beneath thick sedimentary cover, with no DEM scarp and no radiometric lineament, i.e. structure that does not reach the surface and so is missing from a surface-mapped catalogue. HYPOTHESIS, not verified geology.","Non-fault basin-fill density boundary or volcanic lithologic contact; buried palaeo-channel or alluvial-fan margin; road/erosion lineament (the brief's B-only artifact reading, excluded here by the B-abstain gate but not eliminated); upward-continued flight-line artefact of the airborne survey.","Independent evidence of offset at this location: a displaced contact or marker bed, deflected or offset drainage, a facies termination, a published structural interpretation, or field observation. None is claimed here.","MEASURED CONTEXT + TEMPLATE HYPOTHESIS; no field observation, no geologist review"
429,3194,562800.0,4465600.0,3471.3,0.977778,0.583981,0.393798,0.469063,1,63.1,20.0295,0.001958,4.2016,3.0519,0.5039,0.3465,0.004637,2.4,405.3,"Buried or cover-hidden fault (the brief's A-only reading): a deep potential-field fabric step (upward-continued TMI and isostatic gravity gradient) beneath thick sedimentary cover, with no DEM scarp and no radiometric lineament, i.e. structure that does not reach the surface and so is missing from a surface-mapped catalogue. HYPOTHESIS, not verified geology.","Non-fault basin-fill density boundary or volcanic lithologic contact; buried palaeo-channel or alluvial-fan margin; road/erosion lineament (the brief's B-only artifact reading, excluded here by the B-abstain gate but not eliminated); upward-continued flight-line artefact of the airborne survey.","Independent evidence of offset at this location: a displaced contact or marker bed, deflected or offset drainage, a facies termination, a published structural interpretation, or field observation. None is claimed here.","MEASURED CONTEXT + TEMPLATE HYPOTHESIS; no field observation, no geologist review"
430,968,340200.0,4465500.0,2832.0,0.963133,0.562979,0.400154,0.611766,1,226.2,0.8406,0.004111,-0.7572,4.4639,0.5197,0.6181,0.003442,14.5,568.8904,"Buried or cover-hidden fault (the brief's A-only reading): a deep potential-field fabric step (upward-continued TMI and isostatic gravity gradient) beneath thick sedimentary cover, with no DEM scarp and no radiometric lineament, i.e. structure that does not reach the surface and so is missing from a surface-mapped catalogue. HYPOTHESIS, not verified geology.","Non-fault basin-fill density boundary or volcanic lithologic contact; buried palaeo-channel or alluvial-fan margin; road/erosion lineament (the brief's B-only artifact reading, excluded here by the B-abstain gate but not eliminated); upward-continued flight-line artefact of the airborne survey.","Independent evidence of offset at this location: a displaced contact or marker bed, deflected or offset drainage, a facies termination, a published structural interpretation, or field observation. None is claimed here.","MEASURED CONTEXT + TEMPLATE HYPOTHESIS; no field observation, no geologist review"
431,3190,562400.0,4465400.0,3889.7,0.958752,0.391747,0.567005,0.418719,1,40.0,17.2825,0.001825,5.0833,3.0519,0.5433,0.3228,0.004595,2.4,405.3,"Buried or cover-hidden fault (the brief's A-only reading): a deep potential-field fabric step (upward-continued TMI and isostatic gravity gradient) beneath thick sedimentary cover, with no DEM scarp and no radiometric lineament, i.e. structure that does not reach the surface and so is missing from a surface-mapped catalogue. HYPOTHESIS, not verified geology.","Non-fault basin-fill density boundary or volcanic lithologic contact; buried palaeo-channel or alluvial-fan margin; road/erosion lineament (the brief's B-only artifact reading, excluded here by the B-abstain gate but not eliminated); upward-continued flight-line artefact of the airborne survey.","Independent evidence of offset at this location: a displaced contact or marker bed, deflected or offset drainage, a facies termination, a published structural interpretation, or field observation. None is claimed here.","MEASURED CONTEXT + TEMPLATE HYPOTHESIS; no field observation, no geologist review"
431,3197,563100.0,4465400.0,3440.9,0.98942,0.367098,0.622322,0.503749,1,86.2,19.6893,0.002106,3.698,3.0519,0.6339,0.4094,0.005548,2.4,405.3791,"Buried or cover-hidden fault (the brief's A-only reading): a deep potential-field fabric step (upward-continued TMI and isostatic gravity gradient) beneath thick sedimentary cover, with no DEM scarp and no radiometric lineament, i.e. structure that does not reach the surface and so is missing from a surface-mapped catalogue. HYPOTHESIS, not verified geology.","Non-fault basin-fill density boundary or volcanic lithologic contact; buried palaeo-channel or alluvial-fan margin; road/erosion lineament (the brief's B-only artifact reading, excluded here by the B-abstain gate but not eliminated); upward-continued flight-line artefact of the airborne survey.","Independent evidence of offset at this location: a displaced contact or marker bed, deflected or offset drainage, a facies termination, a published structural interpretation, or field observation. None is claimed here.","MEASURED CONTEXT + TEMPLATE HYPOTHESIS; no field observation, no geologist review"
434,3182,561600.0,4465100.0,4000.0,0.971134,0.615699,0.355435,0.294488,1,12.6,17.9763,0.001517,6.4976,3.0519,0.8307,0.3268,0.006362,2.4,405.3,"Buried or cover-hidden fault (the brief's A-only reading): a deep potential-field fabric step (upward-continued TMI and isostatic gravity gradient) beneath thick sedimentary cover, with no DEM scarp and no radiometric lineament, i.e. structure that does not reach the surface and so is missing from a surface-mapped catalogue. HYPOTHESIS, not verified geology.","Non-fault basin-fill density boundary or volcanic lithologic contact; buried palaeo-channel or alluvial-fan margin; road/erosion lineament (the brief's B-only artifact reading, excluded here by the B-abstain gate but not eliminated); upward-continued flight-line artefact of the airborne survey.","Independent evidence of offset at this location: a displaced contact or marker bed, deflected or offset drainage, a facies termination, a published structural interpretation, or field observation. None is claimed here.","MEASURED CONTEXT + TEMPLATE HYPOTHESIS; no field observation, no geologist review"
435,971,340500.0,4465000.0,2647.6,0.999681,0.552007,0.447674,0.595954,1,196.5,0.5412,0.003432,0.6894,4.2902,0.5039,0.6496,0.003409,14.5,523.4212,"Buried or cover-hidden fault (the brief's A-only reading): a deep potential-field fabric step (upward-continued TMI and isostatic gravity gradient) beneath thick sedimentary cover, with no DEM scarp and no radiometric lineament, i.e. structure that does not reach the surface and so is missing from a surface-mapped catalogue. HYPOTHESIS, not verified geology.","Non-fault basin-fill density boundary or volcanic lithologic contact; buried palaeo-channel or alluvial-fan margin; road/erosion lineament (the brief's B-only artifact reading, excluded here by the B-abstain gate but not eliminated); upward-continued flight-line artefact of the airborne survey.","Independent evidence of offset at this location: a displaced contact or marker bed, deflected or offset drainage, a facies termination, a published structural interpretation, or field observation. None is claimed here.","MEASURED CONTEXT + TEMPLATE HYPOTHESIS; no field observation, no geologist review"
435,3190,562400.0,4465000.0,3981.2,0.99209,0.363736,0.628354,0.426939,1,43.1,15.3362,0.001872,5.2246,3.0519,0.626,0.4252,0.005514,2.4,405.3,"Buried or cover-hidden fault (the brief's A-only reading): a deep potential-field fabric step (upward-continued TMI and isostatic gravity gradient) beneath thick sedimentary cover, with no DEM scarp and no radiometric lineament, i.e. structure that does not reach the surface and so is missing from a surface-mapped catalogue. HYPOTHESIS, not verified geology.","Non-fault basin-fill density boundary or volcanic lithologic contact; buried palaeo-channel or alluvial-fan margin; road/erosion lineament (the brief's B-only artifact reading, excluded here by the B-abstain gate but not eliminated); upward-continued flight-line artefact of the airborne survey.","Independent evidence of offset at this location: a displaced contact or marker bed, deflected or offset drainage, a facies termination, a published structural interpretation, or field observation. None is claimed here.","MEASURED CONTEXT + TEMPLATE HYPOTHESIS; no field observation, no geologist review"
436,956,339000.0,4464900.0,4140.0,0.952459,0.537774,0.414684,0.651473,1,322.1,0.9889,0.005549,-6.7793,4.1758,0.4488,0.6811,0.005103,14.6079,567.5,"Buried or cover-hidden fault (the brief's A-only reading): a deep potential-field fabric step (upward-continued TMI and isostatic gravity gradient) beneath thick sedimentary cover, with no DEM scarp and no radiometric lineament, i.e. structure that does not reach the surface and so is missing from a surface-mapped catalogue. HYPOTHESIS, not verified geology.","Non-fault basin-fill density boundary or volcanic lithologic contact; buried palaeo-channel or alluvial-fan margin; road/erosion lineament (the brief's B-only artifact reading, excluded here by the B-abstain gate but not eliminated); upward-continued flight-line artefact of the airborne survey.","Independent evidence of offset at this location: a displaced contact or marker bed, deflected or offset drainage, a facies termination, a published structural interpretation, or field observation. None is claimed here.","MEASURED CONTEXT + TEMPLATE HYPOTHESIS; no field observation, no geologist review"
436,968,340200.0,4464900.0,2961.4,0.999821,0.404769,0.595052,0.609973,1,222.6,0.4825,0.004352,-0.6063,4.1782,0.3622,0.6732,0.003245,14.5,566.1101,"Buried or cover-hidden fault (the brief's A-only reading): a deep potential-field fabric step (upward-continued TMI and isostatic gravity gradient) beneath thick sedimentary cover, with no DEM scarp and no radiometric lineament, i.e. structure that does not reach the surface and so is missing from a surface-mapped catalogue. HYPOTHESIS, not verified geology.","Non-fault basin-fill density boundary or volcanic lithologic contact; buried palaeo-channel or alluvial-fan margin; road/erosion lineament (the brief's B-only artifact reading, excluded here by the B-abstain gate but not eliminated); upward-continued flight-line artefact of the airborne survey.","Independent evidence of offset at this location: a displaced contact or marker bed, deflected or offset drainage, a facies termination, a published structural interpretation, or field observation. None is claimed here.","MEASURED CONTEXT + TEMPLATE HYPOTHESIS; no field observation, no geologist review"
436,3199,563300.0,4464900.0,3759.0,0.968819,0.446919,0.5219,0.529014,1,108.1,23.5212,0.002294,3.3737,3.0519,0.6496,0.5906,0.004318,2.4,406.1714,"Buried or cover-hidden fault (the brief's A-only reading): a deep potential-field fabric step (upward-continued TMI and isostatic gravity gradient) beneath thick sedimentary cover, with no DEM scarp and no radiometric lineament, i.e. structure that does not reach the surface and so is missing from a surface-mapped catalogue. HYPOTHESIS, not verified geology.","Non-fault basin-fill density boundary or volcanic lithologic contact; buried palaeo-channel or alluvial-fan margin; road/erosion lineament (the brief's B-only artifact reading, excluded here by the B-abstain gate but not eliminated); upward-continued flight-line artefact of the airborne survey.","Independent evidence of offset at this location: a displaced contact or marker bed, deflected or offset drainage, a facies termination, a published structural interpretation, or field observation. None is claimed here.","MEASURED CONTEXT + TEMPLATE HYPOTHESIS; no field observation, no geologist review"
437,3182,561600.0,4464800.0,3700.0,0.96363,0.595128,0.368502,0.291493,1,12.3,21.9593,0.001522,6.5662,3.0519,0.8189,0.3425,0.005088,2.4,405.3,"Buried or cover-hidden fault (the brief's A-only reading): a deep potential-field fabric step (upward-continued TMI and isostatic gravity gradient) beneath thick sedimentary cover, with no DEM scarp and no radiometric lineament, i.e. structure that does not reach the surface and so is missing from a surface-mapped catalogue. HYPOTHESIS, not verified geology.","Non-fault basin-fill density boundary or volcanic lithologic contact; buried palaeo-channel or alluvial-fan margin; road/erosion lineament (the brief's B-only artifact reading, excluded here by the B-abstain gate but not eliminated); upward-continued flight-line artefact of the airborne survey.","Independent evidence of offset at this location: a displaced contact or marker bed, deflected or offset drainage, a facies termination, a published structural interpretation, or field observation. None is claimed here.","MEASURED CONTEXT + TEMPLATE HYPOTHESIS; no field observation, no geologist review"
438,959,339300.0,4464700.0,3883.3,0.991823,0.416305,0.575519,0.643761,1,300.8,0.5346,0.0055,-5.1574,3.9535,0.4449,0.6929,0.003975,14.55,567.5,"Buried or cover-hidden fault (the brief's A-only reading): a deep potential-field fabric step (upward-continued TMI and isostatic gravity gradient) beneath thick sedimentary cover, with no DEM scarp and no radiometric lineament, i.e. structure that does not reach the surface and so is missing from a surface-mapped catalogue. HYPOTHESIS, not verified geology.","Non-fault basin-fill density boundary or volcanic lithologic contact; buried palaeo-channel or alluvial-fan margin; road/erosion lineament (the brief's B-only artifact reading, excluded here by the B-abstain gate but not eliminated); upward-continued flight-line artefact of the airborne survey.","Independent evidence of offset at this location: a displaced contact or marker bed, deflected or offset drainage, a facies termination, a published structural interpretation, or field observation. None is claimed here.","MEASURED CONTEXT + TEMPLATE HYPOTHESIS; no field observation, no geologist review"
438,974,340800.0,4464700.0,2435.2,0.999445,0.612465,0.38698,0.578458,1,168.1,1.3473,0.002805,1.5255,3.9565,0.3622,0.5827,0.00416,14.5019,495.7,"Buried or cover-hidden fault (the brief's A-only reading): a deep potential-field fabric step (upward-continued TMI and isostatic gravity gradient) beneath thick sedimentary cover, with no DEM scarp and no radiometric lineament, i.e. structure that does not reach the surface and so is missing from a surface-mapped catalogue. HYPOTHESIS, not verified geology.","Non-fault basin-fill density boundary or volcanic lithologic contact; buried palaeo-channel or alluvial-fan margin; road/erosion lineament (the brief's B-only artifact reading, excluded here by the B-abstain gate but not eliminated); upward-continued flight-line artefact of the airborne survey.","Independent evidence of offset at this location: a displaced contact or marker bed, deflected or offset drainage, a facies termination, a published structural interpretation, or field observation. None is claimed here.","MEASURED CONTEXT + TEMPLATE HYPOTHESIS; no field observation, no geologist review"
438,3185,561900.0,4464700.0,3612.5,0.97428,0.437828,0.536452,0.359044,1,23.2,16.2517,0.001641,6.1069,3.0519,0.6339,0.3307,0.005842,2.4,405.3,"Buried or cover-hidden fault (the brief's A-only reading): a deep potential-field fabric step (upward-continued TMI and isostatic gravity gradient) beneath thick sedimentary cover, with no DEM scarp and no radiometric lineament, i.e. structure that does not reach the surface and so is missing from a surface-mapped catalogue. HYPOTHESIS, not verified geology.","Non-fault basin-fill density boundary or volcanic lithologic contact; buried palaeo-channel or alluvial-fan margin; road/erosion lineament (the brief's B-only artifact reading, excluded here by the B-abstain gate but not eliminated); upward-continued flight-line artefact of the airborne survey.","Independent evidence of offset at this location: a displaced contact or marker bed, deflected or offset drainage, a facies termination, a published structural interpretation, or field observation. None is claimed here.","MEASURED CONTEXT + TEMPLATE HYPOTHESIS; no field observation, no geologist review"
441,957,339100.0,4464400.0,4148.5,0.975214,0.369416,0.605799,0.649252,1,315.8,0.5918,0.005828,-6.4482,3.6187,0.4173,0.7087,0.004607,14.7193,567.5,"Buried or cover-hidden fault (the brief's A-only reading): a deep potential-field fabric step (upward-continued TMI and isostatic gravity gradient) beneath thick sedimentary cover, with no DEM scarp and no radiometric lineament, i.e. structure that does not reach the surface and so is missing from a surface-mapped catalogue. HYPOTHESIS, not verified geology.","Non-fault basin-fill density boundary or volcanic lithologic contact; buried palaeo-channel or alluvial-fan margin; road/erosion lineament (the brief's B-only artifact reading, excluded here by the B-abstain gate but not eliminated); upward-continued flight-line artefact of the airborne survey.","Independent evidence of offset at this location: a displaced contact or marker bed, deflected or offset drainage, a facies termination, a published structural interpretation, or field observation. None is claimed here.","MEASURED CONTEXT + TEMPLATE HYPOTHESIS; no field observation, no geologist review"
441,962,339600.0,4464400.0,3668.8,0.981368,0.356879,0.624489,0.633659,1,274.9,0.2598,0.005328,-3.6121,3.6197,0.4252,0.7283,0.003766,14.6709,567.5,"Buried or cover-hidden fault (the brief's A-only reading): a deep potential-field fabric step (upward-continued TMI and isostatic gravity gradient) beneath thick sedimentary cover, with no DEM scarp and no radiometric lineament, i.e. structure that does not reach the surface and so is missing from a surface-mapped catalogue. HYPOTHESIS, not verified geology.","Non-fault basin-fill density boundary or volcanic lithologic contact; buried palaeo-channel or alluvial-fan margin; road/erosion lineament (the brief's B-only artifact reading, excluded here by the B-abstain gate but not eliminated); upward-continued flight-line artefact of the airborne survey.","Independent evidence of offset at this location: a displaced contact or marker bed, deflected or offset drainage, a facies termination, a published structural interpretation, or field observation. None is claimed here.","MEASURED CONTEXT + TEMPLATE HYPOTHESIS; no field observation, no geologist review"
441,2508,494200.0,4464400.0,1612.5,0.950117,0.628072,0.322044,0.618722,1,240.7,1.0926,0.002296,-6.7184,3.2122,0.5669,0.4685,0.002928,5.4,540.4067,"Buried or cover-hidden fault (the brief's A-only reading): a deep potential-field fabric step (upward-continued TMI and isostatic gravity gradient) beneath thick sedimentary cover, with no DEM scarp and no radiometric lineament, i.e. structure that does not reach the surface and so is missing from a surface-mapped catalogue. HYPOTHESIS, not verified geology.","Non-fault basin-fill density boundary or volcanic lithologic contact; buried palaeo-channel or alluvial-fan margin; road/erosion lineament (the brief's B-only artifact reading, excluded here by the B-abstain gate but not eliminated); upward-continued flight-line artefact of the airborne survey.","Independent evidence of offset at this location: a displaced contact or marker bed, deflected or offset drainage, a facies termination, a published structural interpretation, or field observation. None is claimed here.","MEASURED CONTEXT + TEMPLATE HYPOTHESIS; no field observation, no geologist review"
445,973,340700.0,4464000.0,2601.9,0.999706,0.386589,0.613117,0.583074,1,175.2,0.765,0.003498,1.0858,3.3593,0.5157,0.6299,0.002002,14.6962,495.7,"Buried or cover-hidden fault (the brief's A-only reading): a deep potential-field fabric step (upward-continued TMI and isostatic gravity gradient) beneath thick sedimentary cover, with no DEM scarp and no radiometric lineament, i.e. structure that does not reach the surface and so is missing from a surface-mapped catalogue. HYPOTHESIS, not verified geology.","Non-fault basin-fill density boundary or volcanic lithologic contact; buried palaeo-channel or alluvial-fan margin; road/erosion lineament (the brief's B-only artifact reading, excluded here by the B-abstain gate but not eliminated); upward-continued flight-line artefact of the airborne survey.","Independent evidence of offset at this location: a displaced contact or marker bed, deflected or offset drainage, a facies termination, a published structural interpretation, or field observation. None is claimed here.","MEASURED CONTEXT + TEMPLATE HYPOTHESIS; no field observation, no geologist review"
451,972,340600.0,4463400.0,2729.5,0.981525,0.36058,0.620945,0.589725,1,185.9,0.7232,0.003992,0.1434,3.3593,0.3976,0.6417,0.001425,14.7,515.763,"Buried or cover-hidden fault (the brief's A-only reading): a deep potential-field fabric step (upward-continued TMI and isostatic gravity gradient) beneath thick sedimentary cover, with no DEM scarp and no radiometric lineament, i.e. structure that does not reach the surface and so is missing from a surface-mapped catalogue. HYPOTHESIS, not verified geology.","Non-fault basin-fill density boundary or volcanic lithologic contact; buried palaeo-channel or alluvial-fan margin; road/erosion lineament (the brief's B-only artifact reading, excluded here by the B-abstain gate but not eliminated); upward-continued flight-line artefact of the airborne survey.","Independent evidence of offset at this location: a displaced contact or marker bed, deflected or offset drainage, a facies termination, a published structural interpretation, or field observation. None is claimed here.","MEASURED CONTEXT + TEMPLATE HYPOTHESIS; no field observation, no geologist review"
474,3200,563400.0,4461100.0,1800.0,0.959801,0.640639,0.319162,0.565238,1,149.4,2.2465,0.003347,-0.4542,3.0519,0.5157,0.5748,0.007083,2.5,398.2308,"Buried or cover-hidden fault (the brief's A-only reading): a deep potential-field fabric step (upward-continued TMI and isostatic gravity gradient) beneath thick sedimentary cover, with no DEM scarp and no radiometric lineament, i.e. structure that does not reach the surface and so is missing from a surface-mapped catalogue. HYPOTHESIS, not verified geology.","Non-fault basin-fill density boundary or volcanic lithologic contact; buried palaeo-channel or alluvial-fan margin; road/erosion lineament (the brief's B-only artifact reading, excluded here by the B-abstain gate but not eliminated); upward-continued flight-line artefact of the airborne survey.","Independent evidence of offset at this location: a displaced contact or marker bed, deflected or offset drainage, a facies termination, a published structural interpretation, or field observation. None is claimed here.","MEASURED CONTEXT + TEMPLATE HYPOTHESIS; no field observation, no geologist review"
475,981,341500.0,4461000.0,3328.7,0.967884,0.484608,0.483276,0.597091,1,198.5,0.8819,0.003868,-3.0169,3.3593,0.4764,0.7874,0.003942,14.4,513.8,"Buried or cover-hidden fault (the brief's A-only reading): a deep potential-field fabric step (upward-continued TMI and isostatic gravity gradient) beneath thick sedimentary cover, with no DEM scarp and no radiometric lineament, i.e. structure that does not reach the surface and so is missing from a surface-mapped catalogue. HYPOTHESIS, not verified geology.","Non-fault basin-fill density boundary or volcanic lithologic contact; buried palaeo-channel or alluvial-fan margin; road/erosion lineament (the brief's B-only artifact reading, excluded here by the B-abstain gate but not eliminated); upward-continued flight-line artefact of the airborne survey.","Independent evidence of offset at this location: a displaced contact or marker bed, deflected or offset drainage, a facies termination, a published structural interpretation, or field observation. None is claimed here.","MEASURED CONTEXT + TEMPLATE HYPOTHESIS; no field observation, no geologist review"
476,977,341100.0,4460900.0,3640.1,0.971094,0.560733,0.410361,0.620969,1,245.5,1.4313,0.004211,-4.4165,3.3593,0.3425,0.8189,0.004113,14.4563,513.8,"Buried or cover-hidden fault (the brief's A-only reading): a deep potential-field fabric step (upward-continued TMI and isostatic gravity gradient) beneath thick sedimentary cover, with no DEM scarp and no radiometric lineament, i.e. structure that does not reach the surface and so is missing from a surface-mapped catalogue. HYPOTHESIS, not verified geology.","Non-fault basin-fill density boundary or volcanic lithologic contact; buried palaeo-channel or alluvial-fan margin; road/erosion lineament (the brief's B-only artifact reading, excluded here by the B-abstain gate but not eliminated); upward-continued flight-line artefact of the airborne survey.","Independent evidence of offset at this location: a displaced contact or marker bed, deflected or offset drainage, a facies termination, a published structural interpretation, or field observation. None is claimed here.","MEASURED CONTEXT + TEMPLATE HYPOTHESIS; no field observation, no geologist review"
478,982,341600.0,4460700.0,3535.5,0.956179,0.362182,0.593996,0.604239,1,211.5,0.9337,0.003782,-3.7981,3.3593,0.4252,0.7756,0.006125,14.4627,513.8,"Buried or cover-hidden fault (the brief's A-only reading): a deep potential-field fabric step (upward-continued TMI and isostatic gravity gradient) beneath thick sedimentary cover, with no DEM scarp and no radiometric lineament, i.e. structure that does not reach the surface and so is missing from a surface-mapped catalogue. HYPOTHESIS, not verified geology.","Non-fault basin-fill density boundary or volcanic lithologic contact; buried palaeo-channel or alluvial-fan margin; road/erosion lineament (the brief's B-only artifact reading, excluded here by the B-abstain gate but not eliminated); upward-continued flight-line artefact of the airborne survey.","Independent evidence of offset at this location: a displaced contact or marker bed, deflected or offset drainage, a facies termination, a published structural interpretation, or field observation. None is claimed here.","MEASURED CONTEXT + TEMPLATE HYPOTHESIS; no field observation, no geologist review"
479,979,341300.0,4460600.0,3773.6,0.984074,0.358675,0.625399,0.621563,1,246.8,0.5948,0.00392,-4.856,3.3593,0.3701,0.7913,0.005826,14.5033,513.8,"Buried or cover-hidden fault (the brief's A-only reading): a deep potential-field fabric step (upward-continued TMI and isostatic gravity gradient) beneath thick sedimentary cover, with no DEM scarp and no radiometric lineament, i.e. structure that does not reach the surface and so is missing from a surface-mapped catalogue. HYPOTHESIS, not verified geology.","Non-fault basin-fill density boundary or volcanic lithologic contact; buried palaeo-channel or alluvial-fan margin; road/erosion lineament (the brief's B-only artifact reading, excluded here by the B-abstain gate but not eliminated); upward-continued flight-line artefact of the airborne survey.","Independent evidence of offset at this location: a displaced contact or marker bed, deflected or offset drainage, a facies termination, a published structural interpretation, or field observation. None is claimed here.","MEASURED CONTEXT + TEMPLATE HYPOTHESIS; no field observation, no geologist review"
481,982,341600.0,4460400.0,3801.3,0.974177,0.406195,0.567982,0.614935,1,232.7,0.8483,0.003584,-4.7619,3.3593,0.3661,0.8189,0.008158,14.5838,513.8,"Buried or cover-hidden fault (the brief's A-only reading): a deep potential-field fabric step (upward-continued TMI and isostatic gravity gradient) beneath thick sedimentary cover, with no DEM scarp and no radiometric lineament, i.e. structure that does not reach the surface and so is missing from a surface-mapped catalogue. HYPOTHESIS, not verified geology.","Non-fault basin-fill density boundary or volcanic lithologic contact; buried palaeo-channel or alluvial-fan margin; road/erosion lineament (the brief's B-only artifact reading, excluded here by the B-abstain gate but not eliminated); upward-continued flight-line artefact of the airborne survey.","Independent evidence of offset at this location: a displaced contact or marker bed, deflected or offset drainage, a facies termination, a published structural interpretation, or field observation. None is claimed here.","MEASURED CONTEXT + TEMPLATE HYPOTHESIS; no field observation, no geologist review"
490,2208,464200.0,4459500.0,1615.5,0.951354,0.585746,0.365608,0.575065,1,163.1,3.3539,0.002496,-3.927,2.1692,0.752,0.8661,0.009293,4.0,452.4338,"Buried or cover-hidden fault (the brief's A-only reading): a deep potential-field fabric step (upward-continued TMI and isostatic gravity gradient) beneath thick sedimentary cover, with no DEM scarp and no radiometric lineament, i.e. structure that does not reach the surface and so is missing from a surface-mapped catalogue. HYPOTHESIS, not verified geology.","Non-fault basin-fill density boundary or volcanic lithologic contact; buried palaeo-channel or alluvial-fan margin; road/erosion lineament (the brief's B-only artifact reading, excluded here by the B-abstain gate but not eliminated); upward-continued flight-line artefact of the airborne survey.","Independent evidence of offset at this location: a displaced contact or marker bed, deflected or offset drainage, a facies termination, a published structural interpretation, or field observation. None is claimed here.","MEASURED CONTEXT + TEMPLATE HYPOTHESIS; no field observation, no geologist review"
502,2274,470800.0,4458300.0,6546.0,0.965936,0.556419,0.409517,0.766741,1,897.2,4.3093,0.001136,-13.0958,2.7515,0.8976,0.8307,0.010004,4.8754,472.4,"Buried or cover-hidden fault (the brief's A-only reading): a deep potential-field fabric step (upward-continued TMI and isostatic gravity gradient) beneath thick sedimentary cover, with no DEM scarp and no radiometric lineament, i.e. structure that does not reach the surface and so is missing from a surface-mapped catalogue. HYPOTHESIS, not verified geology.","Non-fault basin-fill density boundary or volcanic lithologic contact; buried palaeo-channel or alluvial-fan margin; road/erosion lineament (the brief's B-only artifact reading, excluded here by the B-abstain gate but not eliminated); upward-continued flight-line artefact of the airborne survey.","Independent evidence of offset at this location: a displaced contact or marker bed, deflected or offset drainage, a facies termination, a published structural interpretation, or field observation. None is claimed here.","MEASURED CONTEXT + TEMPLATE HYPOTHESIS; no field observation, no geologist review"
520,599,303300.0,4456500.0,2300.0,0.977593,0.474462,0.503131,0.668881,1,376.1,0.1929,0.002007,-2.6863,2.9889,0.3425,0.374,0.013275,21.9,1546.8,"Buried or cover-hidden fault (the brief's A-only reading): a deep potential-field fabric step (upward-continued TMI and isostatic gravity gradient) beneath thick sedimentary cover, with no DEM scarp and no radiometric lineament, i.e. structure that does not reach the surface and so is missing from a surface-mapped catalogue. HYPOTHESIS, not verified geology.","Non-fault basin-fill density boundary or volcanic lithologic contact; buried palaeo-channel or alluvial-fan margin; road/erosion lineament (the brief's B-only artifact reading, excluded here by the B-abstain gate but not eliminated); upward-continued flight-line artefact of the airborne survey.","Independent evidence of offset at this location: a displaced contact or marker bed, deflected or offset drainage, a facies termination, a published structural interpretation, or field observation. None is claimed here.","MEASURED CONTEXT + TEMPLATE HYPOTHESIS; no field observation, no geologist review"
526,2298,473200.0,4455900.0,4080.4,0.975227,0.363712,0.611515,0.799965,1,1205.0,4.0194,0.001188,-16.3889,2.8448,1.0,0.6457,0.012887,5.0,477.3,"Buried or cover-hidden fault (the brief's A-only reading): a deep potential-field fabric step (upward-continued TMI and isostatic gravity gradient) beneath thick sedimentary cover, with no DEM scarp and no radiometric lineament, i.e. structure that does not reach the surface and so is missing from a surface-mapped catalogue. HYPOTHESIS, not verified geology.","Non-fault basin-fill density boundary or volcanic lithologic contact; buried palaeo-channel or alluvial-fan margin; road/erosion lineament (the brief's B-only artifact reading, excluded here by the B-abstain gate but not eliminated); upward-continued flight-line artefact of the airborne survey.","Independent evidence of offset at this location: a displaced contact or marker bed, deflected or offset drainage, a facies termination, a published structural interpretation, or field observation. None is claimed here.","MEASURED CONTEXT + TEMPLATE HYPOTHESIS; no field observation, no geologist review"
528,2303,473700.0,4455700.0,3544.0,0.97252,0.608011,0.36451,0.802859,1,1236.3,13.3271,0.000923,-16.3258,2.8448,1.0,0.6929,0.013431,5.0,476.5368,"Buried or cover-hidden fault (the brief's A-only reading): a deep potential-field fabric step (upward-continued TMI and isostatic gravity gradient) beneath thick sedimentary cover, with no DEM scarp and no radiometric lineament, i.e. structure that does not reach the surface and so is missing from a surface-mapped catalogue. HYPOTHESIS, not verified geology.","Non-fault basin-fill density boundary or volcanic lithologic contact; buried palaeo-channel or alluvial-fan margin; road/erosion lineament (the brief's B-only artifact reading, excluded here by the B-abstain gate but not eliminated); upward-continued flight-line artefact of the airborne survey.","Independent evidence of offset at this location: a displaced contact or marker bed, deflected or offset drainage, a facies termination, a published structural interpretation, or field observation. None is claimed here.","MEASURED CONTEXT + TEMPLATE HYPOTHESIS; no field observation, no geologist review"
536,2315,474900.0,4454900.0,2209.1,0.973248,0.597913,0.375335,0.81455,1,1371.5,5.8294,0.000972,-16.6405,2.8448,1.0,0.689,0.013977,5.1,473.4,"Buried or cover-hidden fault (the brief's A-only reading): a deep potential-field fabric step (upward-continued TMI and isostatic gravity gradient) beneath thick sedimentary cover, with no DEM scarp and no radiometric lineament, i.e. structure that does not reach the surface and so is missing from a surface-mapped catalogue. HYPOTHESIS, not verified geology.","Non-fault basin-fill density boundary or volcanic lithologic contact; buried palaeo-channel or alluvial-fan margin; road/erosion lineament (the brief's B-only artifact reading, excluded here by the B-abstain gate but not eliminated); upward-continued flight-line artefact of the airborne survey.","Independent evidence of offset at this location: a displaced contact or marker bed, deflected or offset drainage, a facies termination, a published structural interpretation, or field observation. None is claimed here.","MEASURED CONTEXT + TEMPLATE HYPOTHESIS; no field observation, no geologist review"
544,2072,450600.0,4454100.0,2600.0,0.959959,0.582002,0.377957,0.647634,1,311.3,22.2456,0.000659,-10.7433,2.7077,0.4331,0.2126,0.007796,4.1061,488.0,"Buried or cover-hidden fault (the brief's A-only reading): a deep potential-field fabric step (upward-continued TMI and isostatic gravity gradient) beneath thick sedimentary cover, with no DEM scarp and no radiometric lineament, i.e. structure that does not reach the surface and so is missing from a surface-mapped catalogue. HYPOTHESIS, not verified geology.","Non-fault basin-fill density boundary or volcanic lithologic contact; buried palaeo-channel or alluvial-fan margin; road/erosion lineament (the brief's B-only artifact reading, excluded here by the B-abstain gate but not eliminated); upward-continued flight-line artefact of the airborne survey.","Independent evidence of offset at this location: a displaced contact or marker bed, deflected or offset drainage, a facies termination, a published structural interpretation, or field observation. None is claimed here.","MEASURED CONTEXT + TEMPLATE HYPOTHESIS; no field observation, no geologist review"
548,2070,450400.0,4453700.0,2334.5,0.965211,0.457374,0.507837,0.638516,1,287.0,29.3032,0.000794,-10.7475,2.7077,0.4606,0.2008,0.007147,4.1457,489.603,"Buried or cover-hidden fault (the brief's A-only reading): a deep potential-field fabric step (upward-continued TMI and isostatic gravity gradient) beneath thick sedimentary cover, with no DEM scarp and no radiometric lineament, i.e. structure that does not reach the surface and so is missing from a surface-mapped catalogue. HYPOTHESIS, not verified geology.","Non-fault basin-fill density boundary or volcanic lithologic contact; buried palaeo-channel or alluvial-fan margin; road/erosion lineament (the brief's B-only artifact reading, excluded here by the B-abstain gate but not eliminated); upward-continued flight-line artefact of the airborne survey.","Independent evidence of offset at this location: a displaced contact or marker bed, deflected or offset drainage, a facies termination, a published structural interpretation, or field observation. None is claimed here.","MEASURED CONTEXT + TEMPLATE HYPOTHESIS; no field observation, no geologist review"
553,2072,450600.0,4453200.0,2500.0,0.991398,0.352461,0.638937,0.663296,1,357.8,28.25,0.000369,-10.8529,2.7077,0.4213,0.2953,0.00698,4.106,496.5,"Buried or cover-hidden fault (the brief's A-only reading): a deep potential-field fabric step (upward-continued TMI and isostatic gravity gradient) beneath thick sedimentary cover, with no DEM scarp and no radiometric lineament, i.e. structure that does not reach the surface and so is missing from a surface-mapped catalogue. HYPOTHESIS, not verified geology.","Non-fault basin-fill density boundary or volcanic lithologic contact; buried palaeo-channel or alluvial-fan margin; road/erosion lineament (the brief's B-only artifact reading, excluded here by the B-abstain gate but not eliminated); upward-continued flight-line artefact of the airborne survey.","Independent evidence of offset at this location: a displaced contact or marker bed, deflected or offset drainage, a facies termination, a published structural interpretation, or field observation. None is claimed here.","MEASURED CONTEXT + TEMPLATE HYPOTHESIS; no field observation, no geologist review"
556,1491,392500.0,4452900.0,2915.5,0.973697,0.632302,0.341396,0.167021,1,3.4,15.9034,0.000688,4.4472,2.4629,0.4882,0.4331,0.008562,7.8,411.1,"Buried or cover-hidden fault (the brief's A-only reading): a deep potential-field fabric step (upward-continued TMI and isostatic gravity gradient) beneath thick sedimentary cover, with no DEM scarp and no radiometric lineament, i.e. structure that does not reach the surface and so is missing from a surface-mapped catalogue. HYPOTHESIS, not verified geology.","Non-fault basin-fill density boundary or volcanic lithologic contact; buried palaeo-channel or alluvial-fan margin; road/erosion lineament (the brief's B-only artifact reading, excluded here by the B-abstain gate but not eliminated); upward-continued flight-line artefact of the airborne survey.","Independent evidence of offset at this location: a displaced contact or marker bed, deflected or offset drainage, a facies termination, a published structural interpretation, or field observation. None is claimed here.","MEASURED CONTEXT + TEMPLATE HYPOTHESIS; no field observation, no geologist review"
562,1493,392700.0,4452300.0,2549.5,0.986095,0.638625,0.34747,0.17842,1,3.9,12.3111,0.000557,4.7995,2.5242,0.5433,0.3583,0.005447,7.7,412.4456,"Buried or cover-hidden fault (the brief's A-only reading): a deep potential-field fabric step (upward-continued TMI and isostatic gravity gradient) beneath thick sedimentary cover, with no DEM scarp and no radiometric lineament, i.e. structure that does not reach the surface and so is missing from a surface-mapped catalogue. HYPOTHESIS, not verified geology.","Non-fault basin-fill density boundary or volcanic lithologic contact; buried palaeo-channel or alluvial-fan margin; road/erosion lineament (the brief's B-only artifact reading, excluded here by the B-abstain gate but not eliminated); upward-continued flight-line artefact of the airborne survey.","Independent evidence of offset at this location: a displaced contact or marker bed, deflected or offset drainage, a facies termination, a published structural interpretation, or field observation. None is claimed here.","MEASURED CONTEXT + TEMPLATE HYPOTHESIS; no field observation, no geologist review"
569,507,294100.0,4451600.0,2846.0,0.965026,0.48777,0.477256,0.614995,1,232.8,19.0668,0.000871,-3.2078,2.0107,0.4843,0.1417,0.008638,24.4657,1736.4036,"Buried or cover-hidden fault (the brief's A-only reading): a deep potential-field fabric step (upward-continued TMI and isostatic gravity gradient) beneath thick sedimentary cover, with no DEM scarp and no radiometric lineament, i.e. structure that does not reach the surface and so is missing from a surface-mapped catalogue. HYPOTHESIS, not verified geology.","Non-fault basin-fill density boundary or volcanic lithologic contact; buried palaeo-channel or alluvial-fan margin; road/erosion lineament (the brief's B-only artifact reading, excluded here by the B-abstain gate but not eliminated); upward-continued flight-line artefact of the airborne survey.","Independent evidence of offset at this location: a displaced contact or marker bed, deflected or offset drainage, a facies termination, a published structural interpretation, or field observation. None is claimed here.","MEASURED CONTEXT + TEMPLATE HYPOTHESIS; no field observation, no geologist review"
569,598,303200.0,4451600.0,2459.7,0.965002,0.357807,0.607194,0.524796,1,104.1,0.0288,0.001052,-4.1418,2.9889,0.1063,0.1969,0.011244,22.6,1470.0607,"Buried or cover-hidden fault (the brief's A-only reading): a deep potential-field fabric step (upward-continued TMI and isostatic gravity gradient) beneath thick sedimentary cover, with no DEM scarp and no radiometric lineament, i.e. structure that does not reach the surface and so is missing from a surface-mapped catalogue. HYPOTHESIS, not verified geology.","Non-fault basin-fill density boundary or volcanic lithologic contact; buried palaeo-channel or alluvial-fan margin; road/erosion lineament (the brief's B-only artifact reading, excluded here by the B-abstain gate but not eliminated); upward-continued flight-line artefact of the airborne survey.","Independent evidence of offset at this location: a displaced contact or marker bed, deflected or offset drainage, a facies termination, a published structural interpretation, or field observation. None is claimed here.","MEASURED CONTEXT + TEMPLATE HYPOTHESIS; no field observation, no geologist review"
573,597,303100.0,4451200.0,2745.9,0.97587,0.365441,0.610429,0.520454,1,100.1,0.032,0.00095,-4.4231,3.0624,0.0669,0.1732,0.005294,22.6,1466.8,"Buried or cover-hidden fault (the brief's A-only reading): a deep potential-field fabric step (upward-continued TMI and isostatic gravity gradient) beneath thick sedimentary cover, with no DEM scarp and no radiometric lineament, i.e. structure that does not reach the surface and so is missing from a surface-mapped catalogue. HYPOTHESIS, not verified geology.","Non-fault basin-fill density boundary or volcanic lithologic contact; buried palaeo-channel or alluvial-fan margin; road/erosion lineament (the brief's B-only artifact reading, excluded here by the B-abstain gate but not eliminated); upward-continued flight-line artefact of the airborne survey.","Independent evidence of offset at this location: a displaced contact or marker bed, deflected or offset drainage, a facies termination, a published structural interpretation, or field observation. None is claimed here.","MEASURED CONTEXT + TEMPLATE HYPOTHESIS; no field observation, no geologist review"
578,1533,396700.0,4450700.0,1992.5,0.964152,0.6071,0.357052,0.59001,1,186.3,2.1856,0.001697,-0.4325,3.2189,0.3937,0.4252,0.007914,7.2,449.3308,"Buried or cover-hidden fault (the brief's A-only reading): a deep potential-field fabric step (upward-continued TMI and isostatic gravity gradient) beneath thick sedimentary cover, with no DEM scarp and no radiometric lineament, i.e. structure that does not reach the surface and so is missing from a surface-mapped catalogue. HYPOTHESIS, not verified geology.","Non-fault basin-fill density boundary or volcanic lithologic contact; buried palaeo-channel or alluvial-fan margin; road/erosion lineament (the brief's B-only artifact reading, excluded here by the B-abstain gate but not eliminated); upward-continued flight-line artefact of the airborne survey.","Independent evidence of offset at this location: a displaced contact or marker bed, deflected or offset drainage, a facies termination, a published structural interpretation, or field observation. None is claimed here.","MEASURED CONTEXT + TEMPLATE HYPOTHESIS; no field observation, no geologist review"
595,1224,365800.0,4449000.0,3969.9,0.967411,0.418052,0.549359,0.454452,1,55.3,1.3565,0.002754,-3.7958,2.3704,0.3622,0.6732,0.015352,10.3,303.4,"Buried or cover-hidden fault (the brief's A-only reading): a deep potential-field fabric step (upward-continued TMI and isostatic gravity gradient) beneath thick sedimentary cover, with no DEM scarp and no radiometric lineament, i.e. structure that does not reach the surface and so is missing from a surface-mapped catalogue. HYPOTHESIS, not verified geology.","Non-fault basin-fill density boundary or volcanic lithologic contact; buried palaeo-channel or alluvial-fan margin; road/erosion lineament (the brief's B-only artifact reading, excluded here by the B-abstain gate but not eliminated); upward-continued flight-line artefact of the airborne survey.","Independent evidence of offset at this location: a displaced contact or marker bed, deflected or offset drainage, a facies termination, a published structural interpretation, or field observation. None is claimed here.","MEASURED CONTEXT + TEMPLATE HYPOTHESIS; no field observation, no geologist review"
595,1228,366200.0,4449000.0,4242.6,0.952817,0.488813,0.464004,0.437106,1,47.3,0.8972,0.003537,-2.5956,2.3704,0.3307,0.6299,0.015341,10.3,303.4,"Buried or cover-hidden fault (the brief's A-only reading): a deep potential-field fabric step (upward-continued TMI and isostatic gravity gradient) beneath thick sedimentary cover, with no DEM scarp and no radiometric lineament, i.e. structure that does not reach the surface and so is missing from a surface-mapped catalogue. HYPOTHESIS, not verified geology.","Non-fault basin-fill density boundary or volcanic lithologic contact; buried palaeo-channel or alluvial-fan margin; road/erosion lineament (the brief's B-only artifact reading, excluded here by the B-abstain gate but not eliminated); upward-continued flight-line artefact of the airborne survey.","Independent evidence of offset at this location: a displaced contact or marker bed, deflected or offset drainage, a facies termination, a published structural interpretation, or field observation. None is claimed here.","MEASURED CONTEXT + TEMPLATE HYPOTHESIS; no field observation, no geologist review"
599,1231,366500.0,4448600.0,4201.2,0.96417,0.579514,0.384656,0.408317,1,36.4,1.6966,0.00405,-0.6516,2.3704,0.4449,0.6693,0.003115,10.561,302.5733,"Buried or cover-hidden fault (the brief's A-only reading): a deep potential-field fabric step (upward-continued TMI and isostatic gravity gradient) beneath thick sedimentary cover, with no DEM scarp and no radiometric lineament, i.e. structure that does not reach the surface and so is missing from a surface-mapped catalogue. HYPOTHESIS, not verified geology.","Non-fault basin-fill density boundary or volcanic lithologic contact; buried palaeo-channel or alluvial-fan margin; road/erosion lineament (the brief's B-only artifact reading, excluded here by the B-abstain gate but not eliminated); upward-continued flight-line artefact of the airborne survey.","Independent evidence of offset at this location: a displaced contact or marker bed, deflected or offset drainage, a facies termination, a published structural interpretation, or field observation. None is claimed here.","MEASURED CONTEXT + TEMPLATE HYPOTHESIS; no field observation, no geologist review"
602,1233,366700.0,4448300.0,4188.1,0.952908,0.580764,0.372143,0.389427,1,30.6,1.2777,0.004426,0.7993,2.3704,0.4016,0.5748,0.005357,10.7,300.8661,"Buried or cover-hidden fault (the brief's A-only reading): a deep potential-field fabric step (upward-continued TMI and isostatic gravity gradient) beneath thick sedimentary cover, with no DEM scarp and no radiometric lineament, i.e. structure that does not reach the surface and so is missing from a surface-mapped catalogue. HYPOTHESIS, not verified geology.","Non-fault basin-fill density boundary or volcanic lithologic contact; buried palaeo-channel or alluvial-fan margin; road/erosion lineament (the brief's B-only artifact reading, excluded here by the B-abstain gate but not eliminated); upward-continued flight-line artefact of the airborne survey.","Independent evidence of offset at this location: a displaced contact or marker bed, deflected or offset drainage, a facies termination, a published structural interpretation, or field observation. None is claimed here.","MEASURED CONTEXT + TEMPLATE HYPOTHESIS; no field observation, no geologist review"
605,3120,555400.0,4448000.0,7085.9,0.965335,0.585552,0.379783,0.453102,1,54.6,2.013,0.002963,7.6581,2.828,0.5591,0.6339,0.008629,3.0487,386.9379,"Buried or cover-hidden fault (the brief's A-only reading): a deep potential-field fabric step (upward-continued TMI and isostatic gravity gradient) beneath thick sedimentary cover, with no DEM scarp and no radiometric lineament, i.e. structure that does not reach the surface and so is missing from a surface-mapped catalogue. HYPOTHESIS, not verified geology.","Non-fault basin-fill density boundary or volcanic lithologic contact; buried palaeo-channel or alluvial-fan margin; road/erosion lineament (the brief's B-only artifact reading, excluded here by the B-abstain gate but not eliminated); upward-continued flight-line artefact of the airborne survey.","Independent evidence of offset at this location: a displaced contact or marker bed, deflected or offset drainage, a facies termination, a published structural interpretation, or field observation. None is claimed here.","MEASURED CONTEXT + TEMPLATE HYPOTHESIS; no field observation, no geologist review"
605,3124,555800.0,4448000.0,7034.9,0.996465,0.61008,0.386385,0.485478,1,73.1,1.3687,0.003163,6.5249,2.828,0.5669,0.5472,0.005798,3.0,383.8,"Buried or cover-hidden fault (the brief's A-only reading): a deep potential-field fabric step (upward-continued TMI and isostatic gravity gradient) beneath thick sedimentary cover, with no DEM scarp and no radiometric lineament, i.e. structure that does not reach the surface and so is missing from a surface-mapped catalogue. HYPOTHESIS, not verified geology.","Non-fault basin-fill density boundary or volcanic lithologic contact; buried palaeo-channel or alluvial-fan margin; road/erosion lineament (the brief's B-only artifact reading, excluded here by the B-abstain gate but not eliminated); upward-continued flight-line artefact of the airborne survey.","Independent evidence of offset at this location: a displaced contact or marker bed, deflected or offset drainage, a facies termination, a published structural interpretation, or field observation. None is claimed here.","MEASURED CONTEXT + TEMPLATE HYPOTHESIS; no field observation, no geologist review"
606,593,302700.0,4447900.0,1838.5,0.980952,0.364907,0.616045,0.483261,1,71.7,0.146,0.001041,-5.0928,3.4629,0.1063,0.3465,0.0085,23.2,1454.6,"Buried or cover-hidden fault (the brief's A-only reading): a deep potential-field fabric step (upward-continued TMI and isostatic gravity gradient) beneath thick sedimentary cover, with no DEM scarp and no radiometric lineament, i.e. structure that does not reach the surface and so is missing from a surface-mapped catalogue. HYPOTHESIS, not verified geology.","Non-fault basin-fill density boundary or volcanic lithologic contact; buried palaeo-channel or alluvial-fan margin; road/erosion lineament (the brief's B-only artifact reading, excluded here by the B-abstain gate but not eliminated); upward-continued flight-line artefact of the airborne survey.","Independent evidence of offset at this location: a displaced contact or marker bed, deflected or offset drainage, a facies termination, a published structural interpretation, or field observation. None is claimed here.","MEASURED CONTEXT + TEMPLATE HYPOTHESIS; no field observation, no geologist review"
609,594,302800.0,4447600.0,1649.2,0.994326,0.632374,0.361952,0.479949,1,69.6,0.1639,0.001055,-4.8979,3.4629,0.2126,0.378,0.004209,23.2,1454.6,"Buried or cover-hidden fault (the brief's A-only reading): a deep potential-field fabric step (upward-continued TMI and isostatic gravity gradient) beneath thick sedimentary cover, with no DEM scarp and no radiometric lineament, i.e. structure that does not reach the surface and so is missing from a surface-mapped catalogue. HYPOTHESIS, not verified geology.","Non-fault basin-fill density boundary or volcanic lithologic contact; buried palaeo-channel or alluvial-fan margin; road/erosion lineament (the brief's B-only artifact reading, excluded here by the B-abstain gate but not eliminated); upward-continued flight-line artefact of the airborne survey.","Independent evidence of offset at this location: a displaced contact or marker bed, deflected or offset drainage, a facies termination, a published structural interpretation, or field observation. None is claimed here.","MEASURED CONTEXT + TEMPLATE HYPOTHESIS; no field observation, no geologist review"
610,590,302400.0,4447500.0,1969.8,0.994326,0.377814,0.616512,0.491403,1,77.1,0.1563,0.001071,-5.2933,3.3379,0.126,0.315,0.008058,23.2,1454.6,"Buried or cover-hidden fault (the brief's A-only reading): a deep potential-field fabric step (upward-continued TMI and isostatic gravity gradient) beneath thick sedimentary cover, with no DEM scarp and no radiometric lineament, i.e. structure that does not reach the surface and so is missing from a surface-mapped catalogue. HYPOTHESIS, not verified geology.","Non-fault basin-fill density boundary or volcanic lithologic contact; buried palaeo-channel or alluvial-fan margin; road/erosion lineament (the brief's B-only artifact reading, excluded here by the B-abstain gate but not eliminated); upward-continued flight-line artefact of the airborne survey.","Independent evidence of offset at this location: a displaced contact or marker bed, deflected or offset drainage, a facies termination, a published structural interpretation, or field observation. None is claimed here.","MEASURED CONTEXT + TEMPLATE HYPOTHESIS; no field observation, no geologist review"
612,1418,385200.0,4447300.0,2102.4,0.9784,0.365726,0.612674,0.313032,1,15.1,10.2756,0.000664,7.9529,2.5465,0.4685,0.5669,0.004585,8.2925,414.6,"Buried or cover-hidden fault (the brief's A-only reading): a deep potential-field fabric step (upward-continued TMI and isostatic gravity gradient) beneath thick sedimentary cover, with no DEM scarp and no radiometric lineament, i.e. structure that does not reach the surface and so is missing from a surface-mapped catalogue. HYPOTHESIS, not verified geology.","Non-fault basin-fill density boundary or volcanic lithologic contact; buried palaeo-channel or alluvial-fan margin; road/erosion lineament (the brief's B-only artifact reading, excluded here by the B-abstain gate but not eliminated); upward-continued flight-line artefact of the airborne survey.","Independent evidence of offset at this location: a displaced contact or marker bed, deflected or offset drainage, a facies termination, a published structural interpretation, or field observation. None is claimed here.","MEASURED CONTEXT + TEMPLATE HYPOTHESIS; no field observation, no geologist review"
619,3127,556100.0,4446600.0,8409.5,0.993462,0.631003,0.362459,0.589227,1,185.0,1.8545,0.003811,3.2636,2.828,0.5709,0.5157,0.005572,3.0,386.9,"Buried or cover-hidden fault (the brief's A-only reading): a deep potential-field fabric step (upward-continued TMI and isostatic gravity gradient) beneath thick sedimentary cover, with no DEM scarp and no radiometric lineament, i.e. structure that does not reach the surface and so is missing from a surface-mapped catalogue. HYPOTHESIS, not verified geology.","Non-fault basin-fill density boundary or volcanic lithologic contact; buried palaeo-channel or alluvial-fan margin; road/erosion lineament (the brief's B-only artifact reading, excluded here by the B-abstain gate but not eliminated); upward-continued flight-line artefact of the airborne survey.","Independent evidence of offset at this location: a displaced contact or marker bed, deflected or offset drainage, a facies termination, a published structural interpretation, or field observation. None is claimed here.","MEASURED CONTEXT + TEMPLATE HYPOTHESIS; no field observation, no geologist review"
623,1499,393300.0,4446200.0,2280.4,0.985524,0.642878,0.342646,0.514332,1,94.7,1.3233,0.000672,6.0849,3.2011,0.4134,0.5512,0.009894,7.367,468.9,"Buried or cover-hidden fault (the brief's A-only reading): a deep potential-field fabric step (upward-continued TMI and isostatic gravity gradient) beneath thick sedimentary cover, with no DEM scarp and no radiometric lineament, i.e. structure that does not reach the surface and so is missing from a surface-mapped catalogue. HYPOTHESIS, not verified geology.","Non-fault basin-fill density boundary or volcanic lithologic contact; buried palaeo-channel or alluvial-fan margin; road/erosion lineament (the brief's B-only artifact reading, excluded here by the B-abstain gate but not eliminated); upward-continued flight-line artefact of the airborne survey.","Independent evidence of offset at this location: a displaced contact or marker bed, deflected or offset drainage, a facies termination, a published structural interpretation, or field observation. None is claimed here.","MEASURED CONTEXT + TEMPLATE HYPOTHESIS; no field observation, no geologist review"
627,1511,394500.0,4445800.0,2647.6,0.975566,0.418811,0.556756,0.497901,1,81.8,1.0348,0.000303,5.7388,3.2189,0.3465,0.5472,0.005386,7.3,471.4401,"Buried or cover-hidden fault (the brief's A-only reading): a deep potential-field fabric step (upward-continued TMI and isostatic gravity gradient) beneath thick sedimentary cover, with no DEM scarp and no radiometric lineament, i.e. structure that does not reach the surface and so is missing from a surface-mapped catalogue. HYPOTHESIS, not verified geology.","Non-fault basin-fill density boundary or volcanic lithologic contact; buried palaeo-channel or alluvial-fan margin; road/erosion lineament (the brief's B-only artifact reading, excluded here by the B-abstain gate but not eliminated); upward-continued flight-line artefact of the airborne survey.","Independent evidence of offset at this location: a displaced contact or marker bed, deflected or offset drainage, a facies termination, a published structural interpretation, or field observation. None is claimed here.","MEASURED CONTEXT + TEMPLATE HYPOTHESIS; no field observation, no geologist review"
627,1523,395700.0,4445800.0,2690.7,0.960754,0.632884,0.32787,0.47379,1,65.8,0.9357,0.001547,7.0429,3.2189,0.4213,0.5197,0.004365,7.0,484.7682,"Buried or cover-hidden fault (the brief's A-only reading): a deep potential-field fabric step (upward-continued TMI and isostatic gravity gradient) beneath thick sedimentary cover, with no DEM scarp and no radiometric lineament, i.e. structure that does not reach the surface and so is missing from a surface-mapped catalogue. HYPOTHESIS, not verified geology.","Non-fault basin-fill density boundary or volcanic lithologic contact; buried palaeo-channel or alluvial-fan margin; road/erosion lineament (the brief's B-only artifact reading, excluded here by the B-abstain gate but not eliminated); upward-continued flight-line artefact of the airborne survey.","Independent evidence of offset at this location: a displaced contact or marker bed, deflected or offset drainage, a facies termination, a published structural interpretation, or field observation. None is claimed here.","MEASURED CONTEXT + TEMPLATE HYPOTHESIS; no field observation, no geologist review"
628,1504,393800.0,4445700.0,2701.9,0.97205,0.383803,0.588247,0.50976,1,90.9,0.5938,0.00054,5.9689,3.2189,0.5039,0.6811,0.009894,7.3,473.6783,"Buried or cover-hidden fault (the brief's A-only reading): a deep potential-field fabric step (upward-continued TMI and isostatic gravity gradient) beneath thick sedimentary cover, with no DEM scarp and no radiometric lineament, i.e. structure that does not reach the surface and so is missing from a surface-mapped catalogue. HYPOTHESIS, not verified geology.","Non-fault basin-fill density boundary or volcanic lithologic contact; buried palaeo-channel or alluvial-fan margin; road/erosion lineament (the brief's B-only artifact reading, excluded here by the B-abstain gate but not eliminated); upward-continued flight-line artefact of the airborne survey.","Independent evidence of offset at this location: a displaced contact or marker bed, deflected or offset drainage, a facies termination, a published structural interpretation, or field observation. None is claimed here.","MEASURED CONTEXT + TEMPLATE HYPOTHESIS; no field observation, no geologist review"
628,1507,394100.0,4445700.0,2701.9,0.979335,0.360374,0.618961,0.504366,1,86.6,0.4969,0.00048,5.8657,3.2189,0.3937,0.5787,0.008603,7.3,473.6707,"Buried or cover-hidden fault (the brief's A-only reading): a deep potential-field fabric step (upward-continued TMI and isostatic gravity gradient) beneath thick sedimentary cover, with no DEM scarp and no radiometric lineament, i.e. structure that does not reach the surface and so is missing from a surface-mapped catalogue. HYPOTHESIS, not verified geology.","Non-fault basin-fill density boundary or volcanic lithologic contact; buried palaeo-channel or alluvial-fan margin; road/erosion lineament (the brief's B-only artifact reading, excluded here by the B-abstain gate but not eliminated); upward-continued flight-line artefact of the airborne survey.","Independent evidence of offset at this location: a displaced contact or marker bed, deflected or offset drainage, a facies termination, a published structural interpretation, or field observation. None is claimed here.","MEASURED CONTEXT + TEMPLATE HYPOTHESIS; no field observation, no geologist review"
631,1495,392900.0,4445400.0,3162.3,0.978516,0.588629,0.389887,0.532659,1,111.6,0.9763,0.000527,6.4893,3.0367,0.3583,0.5472,0.007581,7.4,474.2628,"Buried or cover-hidden fault (the brief's A-only reading): a deep potential-field fabric step (upward-continued TMI and isostatic gravity gradient) beneath thick sedimentary cover, with no DEM scarp and no radiometric lineament, i.e. structure that does not reach the surface and so is missing from a surface-mapped catalogue. HYPOTHESIS, not verified geology.","Non-fault basin-fill density boundary or volcanic lithologic contact; buried palaeo-channel or alluvial-fan margin; road/erosion lineament (the brief's B-only artifact reading, excluded here by the B-abstain gate but not eliminated); upward-continued flight-line artefact of the airborne survey.","Independent evidence of offset at this location: a displaced contact or marker bed, deflected or offset drainage, a facies termination, a published structural interpretation, or field observation. None is claimed here.","MEASURED CONTEXT + TEMPLATE HYPOTHESIS; no field observation, no geologist review"
631,1498,393200.0,4445400.0,3080.6,0.976471,0.533141,0.443329,0.52605,1,105.2,0.341,0.000578,6.3478,3.1602,0.4173,0.6339,0.006641,7.3867,479.9,"Buried or cover-hidden fault (the brief's A-only reading): a deep potential-field fabric step (upward-continued TMI and isostatic gravity gradient) beneath thick sedimentary cover, with no DEM scarp and no radiometric lineament, i.e. structure that does not reach the surface and so is missing from a surface-mapped catalogue. HYPOTHESIS, not verified geology.","Non-fault basin-fill density boundary or volcanic lithologic contact; buried palaeo-channel or alluvial-fan margin; road/erosion lineament (the brief's B-only artifact reading, excluded here by the B-abstain gate but not eliminated); upward-continued flight-line artefact of the airborne survey.","Independent evidence of offset at this location: a displaced contact or marker bed, deflected or offset drainage, a facies termination, a published structural interpretation, or field observation. None is claimed here.","MEASURED CONTEXT + TEMPLATE HYPOTHESIS; no field observation, no geologist review"
631,1501,393500.0,4445400.0,3026.5,0.979614,0.378087,0.601527,0.51903,1,98.8,0.3449,0.000622,6.2063,3.2189,0.4803,0.7205,0.007556,7.3272,479.9,"Buried or cover-hidden fault (the brief's A-only reading): a deep potential-field fabric step (upward-continued TMI and isostatic gravity gradient) beneath thick sedimentary cover, with no DEM scarp and no radiometric lineament, i.e. structure that does not reach the surface and so is missing from a surface-mapped catalogue. HYPOTHESIS, not verified geology.","Non-fault basin-fill density boundary or volcanic lithologic contact; buried palaeo-channel or alluvial-fan margin; road/erosion lineament (the brief's B-only artifact reading, excluded here by the B-abstain gate but not eliminated); upward-continued flight-line artefact of the airborne survey.","Independent evidence of offset at this location: a displaced contact or marker bed, deflected or offset drainage, a facies termination, a published structural interpretation, or field observation. None is claimed here.","MEASURED CONTEXT + TEMPLATE HYPOTHESIS; no field observation, no geologist review"
631,1506,394000.0,4445400.0,3000.0,0.98621,0.450347,0.535863,0.507082,1,88.8,0.442,0.000662,5.9856,3.2189,0.5512,0.5276,0.007879,7.3,479.9,"Buried or cover-hidden fault (the brief's A-only reading): a deep potential-field fabric step (upward-continued TMI and isostatic gravity gradient) beneath thick sedimentary cover, with no DEM scarp and no radiometric lineament, i.e. structure that does not reach the surface and so is missing from a surface-mapped catalogue. HYPOTHESIS, not verified geology.","Non-fault basin-fill density boundary or volcanic lithologic contact; buried palaeo-channel or alluvial-fan margin; road/erosion lineament (the brief's B-only artifact reading, excluded here by the B-abstain gate but not eliminated); upward-continued flight-line artefact of the airborne survey.","Independent evidence of offset at this location: a displaced contact or marker bed, deflected or offset drainage, a facies termination, a published structural interpretation, or field observation. None is claimed here.","MEASURED CONTEXT + TEMPLATE HYPOTHESIS; no field observation, no geologist review"
633,2609,504300.0,4445200.0,4242.6,0.962848,0.604103,0.358745,0.712323,1,553.3,12.7379,0.000624,-16.7306,2.9122,0.7717,0.4921,0.00431,6.2,422.0887,"Buried or cover-hidden fault (the brief's A-only reading): a deep potential-field fabric step (upward-continued TMI and isostatic gravity gradient) beneath thick sedimentary cover, with no DEM scarp and no radiometric lineament, i.e. structure that does not reach the surface and so is missing from a surface-mapped catalogue. HYPOTHESIS, not verified geology.","Non-fault basin-fill density boundary or volcanic lithologic contact; buried palaeo-channel or alluvial-fan margin; road/erosion lineament (the brief's B-only artifact reading, excluded here by the B-abstain gate but not eliminated); upward-continued flight-line artefact of the airborne survey.","Independent evidence of offset at this location: a displaced contact or marker bed, deflected or offset drainage, a facies termination, a published structural interpretation, or field observation. None is claimed here.","MEASURED CONTEXT + TEMPLATE HYPOTHESIS; no field observation, no geologist review"
634,1506,394000.0,4445100.0,3300.0,0.984147,0.411596,0.572551,0.513925,1,94.4,0.7878,0.000825,6.2504,3.3889,0.5354,0.5,0.006496,7.3,479.9,"Buried or cover-hidden fault (the brief's A-only reading): a deep potential-field fabric step (upward-continued TMI and isostatic gravity gradient) beneath thick sedimentary cover, with no DEM scarp and no radiometric lineament, i.e. structure that does not reach the surface and so is missing from a surface-mapped catalogue. HYPOTHESIS, not verified geology.","Non-fault basin-fill density boundary or volcanic lithologic contact; buried palaeo-channel or alluvial-fan margin; road/erosion lineament (the brief's B-only artifact reading, excluded here by the B-abstain gate but not eliminated); upward-continued flight-line artefact of the airborne survey.","Independent evidence of offset at this location: a displaced contact or marker bed, deflected or offset drainage, a facies termination, a published structural interpretation, or field observation. None is claimed here.","MEASURED CONTEXT + TEMPLATE HYPOTHESIS; no field observation, no geologist review"
635,1511,394500.0,4445000.0,3436.6,0.955851,0.596426,0.359425,0.50521,1,87.3,1.1152,0.00111,6.307,3.4958,0.311,0.4843,0.002203,7.3,479.9,"Buried or cover-hidden fault (the brief's A-only reading): a deep potential-field fabric step (upward-continued TMI and isostatic gravity gradient) beneath thick sedimentary cover, with no DEM scarp and no radiometric lineament, i.e. structure that does not reach the surface and so is missing from a surface-mapped catalogue. HYPOTHESIS, not verified geology.","Non-fault basin-fill density boundary or volcanic lithologic contact; buried palaeo-channel or alluvial-fan margin; road/erosion lineament (the brief's B-only artifact reading, excluded here by the B-abstain gate but not eliminated); upward-continued flight-line artefact of the airborne survey.","Independent evidence of offset at this location: a displaced contact or marker bed, deflected or offset drainage, a facies termination, a published structural interpretation, or field observation. None is claimed here.","MEASURED CONTEXT + TEMPLATE HYPOTHESIS; no field observation, no geologist review"
636,2602,503600.0,4444900.0,4525.5,0.956925,0.626446,0.330479,0.708314,1,534.0,12.8703,0.001018,-16.2234,2.91,0.6969,0.5,0.006723,6.2,423.8,"Buried or cover-hidden fault (the brief's A-only reading): a deep potential-field fabric step (upward-continued TMI and isostatic gravity gradient) beneath thick sedimentary cover, with no DEM scarp and no radiometric lineament, i.e. structure that does not reach the surface and so is missing from a surface-mapped catalogue. HYPOTHESIS, not verified geology.","Non-fault basin-fill density boundary or volcanic lithologic contact; buried palaeo-channel or alluvial-fan margin; road/erosion lineament (the brief's B-only artifact reading, excluded here by the B-abstain gate but not eliminated); upward-continued flight-line artefact of the airborne survey.","Independent evidence of offset at this location: a displaced contact or marker bed, deflected or offset drainage, a facies termination, a published structural interpretation, or field observation. None is claimed here.","MEASURED CONTEXT + TEMPLATE HYPOTHESIS; no field observation, no geologist review"
637,2611,504500.0,4444800.0,3821.0,0.956427,0.615687,0.340741,0.711184,1,547.7,8.9952,0.000668,-16.6073,2.8684,0.6772,0.5827,0.002639,6.2257,420.5024,"Buried or cover-hidden fault (the brief's A-only reading): a deep potential-field fabric step (upward-continued TMI and isostatic gravity gradient) beneath thick sedimentary cover, with no DEM scarp and no radiometric lineament, i.e. structure that does not reach the surface and so is missing from a surface-mapped catalogue. HYPOTHESIS, not verified geology.","Non-fault basin-fill density boundary or volcanic lithologic contact; buried palaeo-channel or alluvial-fan margin; road/erosion lineament (the brief's B-only artifact reading, excluded here by the B-abstain gate but not eliminated); upward-continued flight-line artefact of the airborne survey.","Independent evidence of offset at this location: a displaced contact or marker bed, deflected or offset drainage, a facies termination, a published structural interpretation, or field observation. None is claimed here.","MEASURED CONTEXT + TEMPLATE HYPOTHESIS; no field observation, no geologist review"
639,2603,503700.0,4444600.0,4242.6,0.953314,0.491975,0.46134,0.707338,1,529.3,19.8754,0.0011,-16.0268,2.8564,0.6732,0.5315,0.007209,6.3064,423.8,"Buried or cover-hidden fault (the brief's A-only reading): a deep potential-field fabric step (upward-continued TMI and isostatic gravity gradient) beneath thick sedimentary cover, with no DEM scarp and no radiometric lineament, i.e. structure that does not reach the surface and so is missing from a surface-mapped catalogue. HYPOTHESIS, not verified geology.","Non-fault basin-fill density boundary or volcanic lithologic contact; buried palaeo-channel or alluvial-fan margin; road/erosion lineament (the brief's B-only artifact reading, excluded here by the B-abstain gate but not eliminated); upward-continued flight-line artefact of the airborne survey.","Independent evidence of offset at this location: a displaced contact or marker bed, deflected or offset drainage, a facies termination, a published structural interpretation, or field observation. None is claimed here.","MEASURED CONTEXT + TEMPLATE HYPOTHESIS; no field observation, no geologist review"
639,3077,551100.0,4444600.0,8041.1,0.980227,0.575546,0.404681,0.51866,1,98.5,1.047,0.002184,7.9948,2.7833,0.6575,0.4449,0.008196,3.6104,381.0433,"Buried or cover-hidden fault (the brief's A-only reading): a deep potential-field fabric step (upward-continued TMI and isostatic gravity gradient) beneath thick sedimentary cover, with no DEM scarp and no radiometric lineament, i.e. structure that does not reach the surface and so is missing from a surface-mapped catalogue. HYPOTHESIS, not verified geology.","Non-fault basin-fill density boundary or volcanic lithologic contact; buried palaeo-channel or alluvial-fan margin; road/erosion lineament (the brief's B-only artifact reading, excluded here by the B-abstain gate but not eliminated); upward-continued flight-line artefact of the airborne survey.","Independent evidence of offset at this location: a displaced contact or marker bed, deflected or offset drainage, a facies termination, a published structural interpretation, or field observation. None is claimed here.","MEASURED CONTEXT + TEMPLATE HYPOTHESIS; no field observation, no geologist review"
640,3074,550800.0,4444500.0,8022.5,0.997715,0.622392,0.375323,0.523832,1,103.2,1.4685,0.001961,7.9095,2.7374,0.4724,0.5669,0.008186,3.6762,376.3,"Buried or cover-hidden fault (the brief's A-only reading): a deep potential-field fabric step (upward-continued TMI and isostatic gravity gradient) beneath thick sedimentary cover, with no DEM scarp and no radiometric lineament, i.e. structure that does not reach the surface and so is missing from a surface-mapped catalogue. HYPOTHESIS, not verified geology.","Non-fault basin-fill density boundary or volcanic lithologic contact; buried palaeo-channel or alluvial-fan margin; road/erosion lineament (the brief's B-only artifact reading, excluded here by the B-abstain gate but not eliminated); upward-continued flight-line artefact of the airborne survey.","Independent evidence of offset at this location: a displaced contact or marker bed, deflected or offset drainage, a facies termination, a published structural interpretation, or field observation. None is claimed here.","MEASURED CONTEXT + TEMPLATE HYPOTHESIS; no field observation, no geologist review"
643,3080,551400.0,4444200.0,7561.1,0.951582,0.54941,0.402172,0.552051,1,132.8,1.2579,0.002347,6.9058,2.6091,0.5118,0.5472,0.007607,3.5355,393.411,"Buried or cover-hidden fault (the brief's A-only reading): a deep potential-field fabric step (upward-continued TMI and isostatic gravity gradient) beneath thick sedimentary cover, with no DEM scarp and no radiometric lineament, i.e. structure that does not reach the surface and so is missing from a surface-mapped catalogue. HYPOTHESIS, not verified geology.","Non-fault basin-fill density boundary or volcanic lithologic contact; buried palaeo-channel or alluvial-fan margin; road/erosion lineament (the brief's B-only artifact reading, excluded here by the B-abstain gate but not eliminated); upward-continued flight-line artefact of the airborne survey.","Independent evidence of offset at this location: a displaced contact or marker bed, deflected or offset drainage, a facies termination, a published structural interpretation, or field observation. None is claimed here.","MEASURED CONTEXT + TEMPLATE HYPOTHESIS; no field observation, no geologist review"
645,2603,503700.0,4444000.0,3841.9,0.964971,0.578762,0.386209,0.705018,1,518.5,20.403,0.001403,-15.4264,2.7919,0.6339,0.4685,0.001722,6.4,423.8,"Buried or cover-hidden fault (the brief's A-only reading): a deep potential-field fabric step (upward-continued TMI and isostatic gravity gradient) beneath thick sedimentary cover, with no DEM scarp and no radiometric lineament, i.e. structure that does not reach the surface and so is missing from a surface-mapped catalogue. HYPOTHESIS, not verified geology.","Non-fault basin-fill density boundary or volcanic lithologic contact; buried palaeo-channel or alluvial-fan margin; road/erosion lineament (the brief's B-only artifact reading, excluded here by the B-abstain gate but not eliminated); upward-continued flight-line artefact of the airborne survey.","Independent evidence of offset at this location: a displaced contact or marker bed, deflected or offset drainage, a facies termination, a published structural interpretation, or field observation. None is claimed here.","MEASURED CONTEXT + TEMPLATE HYPOTHESIS; no field observation, no geologist review"
645,2632,506600.0,4444000.0,1835.8,0.964653,0.617714,0.346939,0.701354,1,501.9,8.8456,0.000577,-16.5065,2.803,0.6811,0.3858,0.008686,6.4,429.685,"Buried or cover-hidden fault (the brief's A-only reading): a deep potential-field fabric step (upward-continued TMI and isostatic gravity gradient) beneath thick sedimentary cover, with no DEM scarp and no radiometric lineament, i.e. structure that does not reach the surface and so is missing from a surface-mapped catalogue. HYPOTHESIS, not verified geology.","Non-fault basin-fill density boundary or volcanic lithologic contact; buried palaeo-channel or alluvial-fan margin; road/erosion lineament (the brief's B-only artifact reading, excluded here by the B-abstain gate but not eliminated); upward-continued flight-line artefact of the airborne survey.","Independent evidence of offset at this location: a displaced contact or marker bed, deflected or offset drainage, a facies termination, a published structural interpretation, or field observation. None is claimed here.","MEASURED CONTEXT + TEMPLATE HYPOTHESIS; no field observation, no geologist review"
645,3076,551000.0,4444000.0,7510.7,0.952611,0.552699,0.399911,0.559899,1,142.4,1.531,0.002048,6.8642,2.6091,0.4567,0.5984,0.006739,3.6941,376.9109,"Buried or cover-hidden fault (the brief's A-only reading): a deep potential-field fabric step (upward-continued TMI and isostatic gravity gradient) beneath thick sedimentary cover, with no DEM scarp and no radiometric lineament, i.e. structure that does not reach the surface and so is missing from a surface-mapped catalogue. HYPOTHESIS, not verified geology.","Non-fault basin-fill density boundary or volcanic lithologic contact; buried palaeo-channel or alluvial-fan margin; road/erosion lineament (the brief's B-only artifact reading, excluded here by the B-abstain gate but not eliminated); upward-continued flight-line artefact of the airborne survey.","Independent evidence of offset at this location: a displaced contact or marker bed, deflected or offset drainage, a facies termination, a published structural interpretation, or field observation. None is claimed here.","MEASURED CONTEXT + TEMPLATE HYPOTHESIS; no field observation, no geologist review"
646,2573,500700.0,4443900.0,5508.2,0.954464,0.547159,0.407305,0.678276,1,408.8,15.7685,0.00192,-13.1206,2.7841,1.0,0.4094,0.008138,6.3,432.3,"Buried or cover-hidden fault (the brief's A-only reading): a deep potential-field fabric step (upward-continued TMI and isostatic gravity gradient) beneath thick sedimentary cover, with no DEM scarp and no radiometric lineament, i.e. structure that does not reach the surface and so is missing from a surface-mapped catalogue. HYPOTHESIS, not verified geology.","Non-fault basin-fill density boundary or volcanic lithologic contact; buried palaeo-channel or alluvial-fan margin; road/erosion lineament (the brief's B-only artifact reading, excluded here by the B-abstain gate but not eliminated); upward-continued flight-line artefact of the airborne survey.","Independent evidence of offset at this location: a displaced contact or marker bed, deflected or offset drainage, a facies termination, a published structural interpretation, or field observation. None is claimed here.","MEASURED CONTEXT + TEMPLATE HYPOTHESIS; no field observation, no geologist review"
646,2610,504400.0,4443900.0,3252.7,0.969207,0.621336,0.347871,0.709022,1,537.3,19.1794,0.0012,-15.9606,2.803,0.6457,0.6732,0.007583,6.4,421.2957,"Buried or cover-hidden fault (the brief's A-only reading): a deep potential-field fabric step (upward-continued TMI and isostatic gravity gradient) beneath thick sedimentary cover, with no DEM scarp and no radiometric lineament, i.e. structure that does not reach the surface and so is missing from a surface-mapped catalogue. HYPOTHESIS, not verified geology.","Non-fault basin-fill density boundary or volcanic lithologic contact; buried palaeo-channel or alluvial-fan margin; road/erosion lineament (the brief's B-only artifact reading, excluded here by the B-abstain gate but not eliminated); upward-continued flight-line artefact of the airborne survey.","Independent evidence of offset at this location: a displaced contact or marker bed, deflected or offset drainage, a facies termination, a published structural interpretation, or field observation. None is claimed here.","MEASURED CONTEXT + TEMPLATE HYPOTHESIS; no field observation, no geologist review"
648,2630,506400.0,4443700.0,1702.9,0.950878,0.612277,0.338602,0.706455,1,525.2,3.2826,0.000458,-16.6611,2.803,0.7402,0.3661,0.006591,6.4,423.9059,"Buried or cover-hidden fault (the brief's A-only reading): a deep potential-field fabric step (upward-continued TMI and isostatic gravity gradient) beneath thick sedimentary cover, with no DEM scarp and no radiometric lineament, i.e. structure that does not reach the surface and so is missing from a surface-mapped catalogue. HYPOTHESIS, not verified geology.","Non-fault basin-fill density boundary or volcanic lithologic contact; buried palaeo-channel or alluvial-fan margin; road/erosion lineament (the brief's B-only artifact reading, excluded here by the B-abstain gate but not eliminated); upward-continued flight-line artefact of the airborne survey.","Independent evidence of offset at this location: a displaced contact or marker bed, deflected or offset drainage, a facies termination, a published structural interpretation, or field observation. None is claimed here.","MEASURED CONTEXT + TEMPLATE HYPOTHESIS; no field observation, no geologist review"
650,2588,502200.0,4443500.0,4875.4,0.975752,0.528481,0.447271,0.687443,1,443.6,20.6925,0.001837,-13.361,2.7841,0.8661,0.3228,0.005663,6.3,417.9088,"Buried or cover-hidden fault (the brief's A-only reading): a deep potential-field fabric step (upward-continued TMI and isostatic gravity gradient) beneath thick sedimentary cover, with no DEM scarp and no radiometric lineament, i.e. structure that does not reach the surface and so is missing from a surface-mapped catalogue. HYPOTHESIS, not verified geology.","Non-fault basin-fill density boundary or volcanic lithologic contact; buried palaeo-channel or alluvial-fan margin; road/erosion lineament (the brief's B-only artifact reading, excluded here by the B-abstain gate but not eliminated); upward-continued flight-line artefact of the airborne survey.","Independent evidence of offset at this location: a displaced contact or marker bed, deflected or offset drainage, a facies termination, a published structural interpretation, or field observation. None is claimed here.","MEASURED CONTEXT + TEMPLATE HYPOTHESIS; no field observation, no geologist review"
651,3080,551400.0,4443400.0,6815.4,0.972872,0.63982,0.333052,0.599155,1,202.2,0.8616,0.002364,5.2515,2.6091,0.6417,0.563,0.005944,3.5356,370.9526,"Buried or cover-hidden fault (the brief's A-only reading): a deep potential-field fabric step (upward-continued TMI and isostatic gravity gradient) beneath thick sedimentary cover, with no DEM scarp and no radiometric lineament, i.e. structure that does not reach the surface and so is missing from a surface-mapped catalogue. HYPOTHESIS, not verified geology.","Non-fault basin-fill density boundary or volcanic lithologic contact; buried palaeo-channel or alluvial-fan margin; road/erosion lineament (the brief's B-only artifact reading, excluded here by the B-abstain gate but not eliminated); upward-continued flight-line artefact of the airborne survey.","Independent evidence of offset at this location: a displaced contact or marker bed, deflected or offset drainage, a facies termination, a published structural interpretation, or field observation. None is claimed here.","MEASURED CONTEXT + TEMPLATE HYPOTHESIS; no field observation, no geologist review"
652,2603,503700.0,4443300.0,3448.2,0.97408,0.486283,0.487797,0.703317,1,510.8,25.1032,0.001745,-14.6245,2.7919,0.752,0.5866,0.003938,6.4,410.9,"Buried or cover-hidden fault (the brief's A-only reading): a deep potential-field fabric step (upward-continued TMI and isostatic gravity gradient) beneath thick sedimentary cover, with no DEM scarp and no radiometric lineament, i.e. structure that does not reach the surface and so is missing from a surface-mapped catalogue. HYPOTHESIS, not verified geology.","Non-fault basin-fill density boundary or volcanic lithologic contact; buried palaeo-channel or alluvial-fan margin; road/erosion lineament (the brief's B-only artifact reading, excluded here by the B-abstain gate but not eliminated); upward-continued flight-line artefact of the airborne survey.","Independent evidence of offset at this location: a displaced contact or marker bed, deflected or offset drainage, a facies termination, a published structural interpretation, or field observation. None is claimed here.","MEASURED CONTEXT + TEMPLATE HYPOTHESIS; no field observation, no geologist review"
655,2578,501200.0,4443000.0,5124.5,0.955675,0.457046,0.498629,0.672883,1,389.7,22.9272,0.001895,-11.7628,2.7841,0.9449,0.2205,0.003688,6.3,415.0,"Buried or cover-hidden fault (the brief's A-only reading): a deep potential-field fabric step (upward-continued TMI and isostatic gravity gradient) beneath thick sedimentary cover, with no DEM scarp and no radiometric lineament, i.e. structure that does not reach the surface and so is missing from a surface-mapped catalogue. HYPOTHESIS, not verified geology.","Non-fault basin-fill density boundary or volcanic lithologic contact; buried palaeo-channel or alluvial-fan margin; road/erosion lineament (the brief's B-only artifact reading, excluded here by the B-abstain gate but not eliminated); upward-continued flight-line artefact of the airborne survey.","Independent evidence of offset at this location: a displaced contact or marker bed, deflected or offset drainage, a facies termination, a published structural interpretation, or field observation. None is claimed here.","MEASURED CONTEXT + TEMPLATE HYPOTHESIS; no field observation, no geologist review"
655,2607,504100.0,4443000.0,2953.0,0.986617,0.396334,0.590282,0.706741,1,526.5,19.8957,0.001807,-14.6595,2.7994,0.7087,0.5709,0.005762,6.4,411.2238,"Buried or cover-hidden fault (the brief's A-only reading): a deep potential-field fabric step (upward-continued TMI and isostatic gravity gradient) beneath thick sedimentary cover, with no DEM scarp and no radiometric lineament, i.e. structure that does not reach the surface and so is missing from a surface-mapped catalogue. HYPOTHESIS, not verified geology.","Non-fault basin-fill density boundary or volcanic lithologic contact; buried palaeo-channel or alluvial-fan margin; road/erosion lineament (the brief's B-only artifact reading, excluded here by the B-abstain gate but not eliminated); upward-continued flight-line artefact of the airborne survey.","Independent evidence of offset at this location: a displaced contact or marker bed, deflected or offset drainage, a facies termination, a published structural interpretation, or field observation. None is claimed here.","MEASURED CONTEXT + TEMPLATE HYPOTHESIS; no field observation, no geologist review"
656,2603,503700.0,4442900.0,3265.0,0.975293,0.513826,0.461467,0.702985,1,509.3,20.6354,0.001886,-14.0388,2.7919,0.7953,0.4213,0.005004,6.4,410.9,"Buried or cover-hidden fault (the brief's A-only reading): a deep potential-field fabric step (upward-continued TMI and isostatic gravity gradient) beneath thick sedimentary cover, with no DEM scarp and no radiometric lineament, i.e. structure that does not reach the surface and so is missing from a surface-mapped catalogue. HYPOTHESIS, not verified geology.","Non-fault basin-fill density boundary or volcanic lithologic contact; buried palaeo-channel or alluvial-fan margin; road/erosion lineament (the brief's B-only artifact reading, excluded here by the B-abstain gate but not eliminated); upward-continued flight-line artefact of the airborne survey.","Independent evidence of offset at this location: a displaced contact or marker bed, deflected or offset drainage, a facies termination, a published structural interpretation, or field observation. None is claimed here.","MEASURED CONTEXT + TEMPLATE HYPOTHESIS; no field observation, no geologist review"
669,2615,504900.0,4441600.0,1676.3,0.964871,0.462963,0.501908,0.71424,1,562.8,23.2857,0.001706,-13.8376,2.803,0.7126,0.3583,0.001781,6.6,411.4664,"Buried or cover-hidden fault (the brief's A-only reading): a deep potential-field fabric step (upward-continued TMI and isostatic gravity gradient) beneath thick sedimentary cover, with no DEM scarp and no radiometric lineament, i.e. structure that does not reach the surface and so is missing from a surface-mapped catalogue. HYPOTHESIS, not verified geology.","Non-fault basin-fill density boundary or volcanic lithologic contact; buried palaeo-channel or alluvial-fan margin; road/erosion lineament (the brief's B-only artifact reading, excluded here by the B-abstain gate but not eliminated); upward-continued flight-line artefact of the airborne survey.","Independent evidence of offset at this location: a displaced contact or marker bed, deflected or offset drainage, a facies termination, a published structural interpretation, or field observation. None is claimed here.","MEASURED CONTEXT + TEMPLATE HYPOTHESIS; no field observation, no geologist review"
670,2532,496600.0,4441500.0,1969.8,0.957028,0.374264,0.582764,0.625432,1,255.5,17.8779,0.003092,-4.7382,2.7943,0.8504,0.2559,0.002435,6.5,396.3988,"Buried or cover-hidden fault (the brief's A-only reading): a deep potential-field fabric step (upward-continued TMI and isostatic gravity gradient) beneath thick sedimentary cover, with no DEM scarp and no radiometric lineament, i.e. structure that does not reach the surface and so is missing from a surface-mapped catalogue. HYPOTHESIS, not verified geology.","Non-fault basin-fill density boundary or volcanic lithologic contact; buried palaeo-channel or alluvial-fan margin; road/erosion lineament (the brief's B-only artifact reading, excluded here by the B-abstain gate but not eliminated); upward-continued flight-line artefact of the airborne survey.","Independent evidence of offset at this location: a displaced contact or marker bed, deflected or offset drainage, a facies termination, a published structural interpretation, or field observation. None is claimed here.","MEASURED CONTEXT + TEMPLATE HYPOTHESIS; no field observation, no geologist review"
684,3112,554600.0,4440100.0,2640.1,0.958764,0.353426,0.605338,0.760349,1,847.7,0.5982,0.001116,-4.4065,2.4875,0.3701,0.7047,0.002006,3.4,373.9,"Buried or cover-hidden fault (the brief's A-only reading): a deep potential-field fabric step (upward-continued TMI and isostatic gravity gradient) beneath thick sedimentary cover, with no DEM scarp and no radiometric lineament, i.e. structure that does not reach the surface and so is missing from a surface-mapped catalogue. HYPOTHESIS, not verified geology.","Non-fault basin-fill density boundary or volcanic lithologic contact; buried palaeo-channel or alluvial-fan margin; road/erosion lineament (the brief's B-only artifact reading, excluded here by the B-abstain gate but not eliminated); upward-continued flight-line artefact of the airborne survey.","Independent evidence of offset at this location: a displaced contact or marker bed, deflected or offset drainage, a facies termination, a published structural interpretation, or field observation. None is claimed here.","MEASURED CONTEXT + TEMPLATE HYPOTHESIS; no field observation, no geologist review"
685,2423,485700.0,4440000.0,3794.7,0.951649,0.452107,0.499542,0.779157,1,1001.7,0.2875,0.003512,-15.4054,2.8304,0.563,0.7598,0.009693,6.1,440.7,"Buried or cover-hidden fault (the brief's A-only reading): a deep potential-field fabric step (upward-continued TMI and isostatic gravity gradient) beneath thick sedimentary cover, with no DEM scarp and no radiometric lineament, i.e. structure that does not reach the surface and so is missing from a surface-mapped catalogue. HYPOTHESIS, not verified geology.","Non-fault basin-fill density boundary or volcanic lithologic contact; buried palaeo-channel or alluvial-fan margin; road/erosion lineament (the brief's B-only artifact reading, excluded here by the B-abstain gate but not eliminated); upward-continued flight-line artefact of the airborne survey.","Independent evidence of offset at this location: a displaced contact or marker bed, deflected or offset drainage, a facies termination, a published structural interpretation, or field observation. None is claimed here.","MEASURED CONTEXT + TEMPLATE HYPOTHESIS; no field observation, no geologist review"
687,3109,554300.0,4439800.0,2523.9,0.961543,0.523948,0.437595,0.757236,1,824.6,1.1392,0.001329,-3.9589,2.4875,0.5,0.7087,0.001803,3.4,374.9426,"Buried or cover-hidden fault (the brief's A-only reading): a deep potential-field fabric step (upward-continued TMI and isostatic gravity gradient) beneath thick sedimentary cover, with no DEM scarp and no radiometric lineament, i.e. structure that does not reach the surface and so is missing from a surface-mapped catalogue. HYPOTHESIS, not verified geology.","Non-fault basin-fill density boundary or volcanic lithologic contact; buried palaeo-channel or alluvial-fan margin; road/erosion lineament (the brief's B-only artifact reading, excluded here by the B-abstain gate but not eliminated); upward-continued flight-line artefact of the airborne survey.","Independent evidence of offset at this location: a displaced contact or marker bed, deflected or offset drainage, a facies termination, a published structural interpretation, or field observation. None is claimed here.","MEASURED CONTEXT + TEMPLATE HYPOTHESIS; no field observation, no geologist review"
701,2376,481000.0,4438400.0,3008.3,0.959989,0.526709,0.43328,0.758174,1,831.5,1.2909,0.001258,-11.23,2.8873,0.6929,0.8031,0.004843,5.8,468.9,"Buried or cover-hidden fault (the brief's A-only reading): a deep potential-field fabric step (upward-continued TMI and isostatic gravity gradient) beneath thick sedimentary cover, with no DEM scarp and no radiometric lineament, i.e. structure that does not reach the surface and so is missing from a surface-mapped catalogue. HYPOTHESIS, not verified geology.","Non-fault basin-fill density boundary or volcanic lithologic contact; buried palaeo-channel or alluvial-fan margin; road/erosion lineament (the brief's B-only artifact reading, excluded here by the B-abstain gate but not eliminated); upward-continued flight-line artefact of the airborne survey.","Independent evidence of offset at this location: a displaced contact or marker bed, deflected or offset drainage, a facies termination, a published structural interpretation, or field observation. None is claimed here.","MEASURED CONTEXT + TEMPLATE HYPOTHESIS; no field observation, no geologist review"
702,2379,481300.0,4438300.0,3008.3,0.960338,0.570503,0.389835,0.753405,1,797.0,0.6555,0.001363,-10.825,2.8873,0.6457,0.7283,0.007667,5.8,468.9,"Buried or cover-hidden fault (the brief's A-only reading): a deep potential-field fabric step (upward-continued TMI and isostatic gravity gradient) beneath thick sedimentary cover, with no DEM scarp and no radiometric lineament, i.e. structure that does not reach the surface and so is missing from a surface-mapped catalogue. HYPOTHESIS, not verified geology.","Non-fault basin-fill density boundary or volcanic lithologic contact; buried palaeo-channel or alluvial-fan margin; road/erosion lineament (the brief's B-only artifact reading, excluded here by the B-abstain gate but not eliminated); upward-continued flight-line artefact of the airborne survey.","Independent evidence of offset at this location: a displaced contact or marker bed, deflected or offset drainage, a facies termination, a published structural interpretation, or field observation. None is claimed here.","MEASURED CONTEXT + TEMPLATE HYPOTHESIS; no field observation, no geologist review"
704,2383,481700.0,4438100.0,3125.7,0.96546,0.363524,0.601936,0.74576,1,744.7,0.3255,0.001546,-10.2066,2.8279,0.685,0.7283,0.005644,5.8,468.9,"Buried or cover-hidden fault (the brief's A-only reading): a deep potential-field fabric step (upward-continued TMI and isostatic gravity gradient) beneath thick sedimentary cover, with no DEM scarp and no radiometric lineament, i.e. structure that does not reach the surface and so is missing from a surface-mapped catalogue. HYPOTHESIS, not verified geology.","Non-fault basin-fill density boundary or volcanic lithologic contact; buried palaeo-channel or alluvial-fan margin; road/erosion lineament (the brief's B-only artifact reading, excluded here by the B-abstain gate but not eliminated); upward-continued flight-line artefact of the airborne survey.","Independent evidence of offset at this location: a displaced contact or marker bed, deflected or offset drainage, a facies termination, a published structural interpretation, or field observation. None is claimed here.","MEASURED CONTEXT + TEMPLATE HYPOTHESIS; no field observation, no geologist review"
705,2378,481200.0,4438000.0,3324.2,0.980306,0.422889,0.557417,0.749057,1,766.8,0.8188,0.001374,-10.7856,2.7918,0.626,0.7441,0.006316,5.8,468.9,"Buried or cover-hidden fault (the brief's A-only reading): a deep potential-field fabric step (upward-continued TMI and isostatic gravity gradient) beneath thick sedimentary cover, with no DEM scarp and no radiometric lineament, i.e. structure that does not reach the surface and so is missing from a surface-mapped catalogue. HYPOTHESIS, not verified geology.","Non-fault basin-fill density boundary or volcanic lithologic contact; buried palaeo-channel or alluvial-fan margin; road/erosion lineament (the brief's B-only artifact reading, excluded here by the B-abstain gate but not eliminated); upward-continued flight-line artefact of the airborne survey.","Independent evidence of offset at this location: a displaced contact or marker bed, deflected or offset drainage, a facies termination, a published structural interpretation, or field observation. None is claimed here.","MEASURED CONTEXT + TEMPLATE HYPOTHESIS; no field observation, no geologist review"
706,1710,414400.0,4437900.0,2195.4,0.954513,0.571395,0.383118,0.689797,1,452.9,1.5564,0.003553,-3.5599,2.7388,0.5315,0.4488,0.007988,5.9,567.7632,"Buried or cover-hidden fault (the brief's A-only reading): a deep potential-field fabric step (upward-continued TMI and isostatic gravity gradient) beneath thick sedimentary cover, with no DEM scarp and no radiometric lineament, i.e. structure that does not reach the surface and so is missing from a surface-mapped catalogue. HYPOTHESIS, not verified geology.","Non-fault basin-fill density boundary or volcanic lithologic contact; buried palaeo-channel or alluvial-fan margin; road/erosion lineament (the brief's B-only artifact reading, excluded here by the B-abstain gate but not eliminated); upward-continued flight-line artefact of the airborne survey.","Independent evidence of offset at this location: a displaced contact or marker bed, deflected or offset drainage, a facies termination, a published structural interpretation, or field observation. None is claimed here.","MEASURED CONTEXT + TEMPLATE HYPOTHESIS; no field observation, no geologist review"
706,2372,480600.0,4437900.0,3624.9,0.988085,0.622532,0.365553,0.753117,1,795.0,0.9687,0.00111,-11.4865,2.7557,0.6772,0.874,0.007127,5.6302,467.9688,"Buried or cover-hidden fault (the brief's A-only reading): a deep potential-field fabric step (upward-continued TMI and isostatic gravity gradient) beneath thick sedimentary cover, with no DEM scarp and no radiometric lineament, i.e. structure that does not reach the surface and so is missing from a surface-mapped catalogue. HYPOTHESIS, not verified geology.","Non-fault basin-fill density boundary or volcanic lithologic contact; buried palaeo-channel or alluvial-fan margin; road/erosion lineament (the brief's B-only artifact reading, excluded here by the B-abstain gate but not eliminated); upward-continued flight-line artefact of the airborne survey.","Independent evidence of offset at this location: a displaced contact or marker bed, deflected or offset drainage, a facies termination, a published structural interpretation, or field observation. None is claimed here.","MEASURED CONTEXT + TEMPLATE HYPOTHESIS; no field observation, no geologist review"
706,2375,480900.0,4437900.0,3511.4,0.989669,0.4294,0.560269,0.750131,1,774.1,0.5438,0.00128,-11.1172,2.7557,0.7087,0.7126,0.003806,5.8,467.9706,"Buried or cover-hidden fault (the brief's A-only reading): a deep potential-field fabric step (upward-continued TMI and isostatic gravity gradient) beneath thick sedimentary cover, with no DEM scarp and no radiometric lineament, i.e. structure that does not reach the surface and so is missing from a surface-mapped catalogue. HYPOTHESIS, not verified geology.","Non-fault basin-fill density boundary or volcanic lithologic contact; buried palaeo-channel or alluvial-fan margin; road/erosion lineament (the brief's B-only artifact reading, excluded here by the B-abstain gate but not eliminated); upward-continued flight-line artefact of the airborne survey.","Independent evidence of offset at this location: a displaced contact or marker bed, deflected or offset drainage, a facies termination, a published structural interpretation, or field observation. None is claimed here.","MEASURED CONTEXT + TEMPLATE HYPOTHESIS; no field observation, no geologist review"
706,2386,482000.0,4437900.0,3301.5,0.972945,0.458709,0.514236,0.738878,1,700.5,0.3531,0.001707,-9.6064,2.7558,0.563,0.7953,0.00695,5.8,464.519,"Buried or cover-hidden fault (the brief's A-only reading): a deep potential-field fabric step (upward-continued TMI and isostatic gravity gradient) beneath thick sedimentary cover, with no DEM scarp and no radiometric lineament, i.e. structure that does not reach the surface and so is missing from a surface-mapped catalogue. HYPOTHESIS, not verified geology.","Non-fault basin-fill density boundary or volcanic lithologic contact; buried palaeo-channel or alluvial-fan margin; road/erosion lineament (the brief's B-only artifact reading, excluded here by the B-abstain gate but not eliminated); upward-continued flight-line artefact of the airborne survey.","Independent evidence of offset at this location: a displaced contact or marker bed, deflected or offset drainage, a facies termination, a published structural interpretation, or field observation. None is claimed here.","MEASURED CONTEXT + TEMPLATE HYPOTHESIS; no field observation, no geologist review"
706,2389,482300.0,4437900.0,3306.1,0.972945,0.457241,0.515705,0.735516,1,679.9,0.261,0.001744,-9.1371,2.7558,0.6102,0.752,0.00681,5.8,454.7199,"Buried or cover-hidden fault (the brief's A-only reading): a deep potential-field fabric step (upward-continued TMI and isostatic gravity gradient) beneath thick sedimentary cover, with no DEM scarp and no radiometric lineament, i.e. structure that does not reach the surface and so is missing from a surface-mapped catalogue. HYPOTHESIS, not verified geology.","Non-fault basin-fill density boundary or volcanic lithologic contact; buried palaeo-channel or alluvial-fan margin; road/erosion lineament (the brief's B-only artifact reading, excluded here by the B-abstain gate but not eliminated); upward-continued flight-line artefact of the airborne survey.","Independent evidence of offset at this location: a displaced contact or marker bed, deflected or offset drainage, a facies termination, a published structural interpretation, or field observation. None is claimed here.","MEASURED CONTEXT + TEMPLATE HYPOTHESIS; no field observation, no geologist review"
706,2394,482800.0,4437900.0,3373.4,0.972199,0.448824,0.523375,0.730142,1,648.2,0.3255,0.001648,-8.4342,2.7559,0.6772,0.6969,0.011668,5.9592,451.5041,"Buried or cover-hidden fault (the brief's A-only reading): a deep potential-field fabric step (upward-continued TMI and isostatic gravity gradient) beneath thick sedimentary cover, with no DEM scarp and no radiometric lineament, i.e. structure that does not reach the surface and so is missing from a surface-mapped catalogue. HYPOTHESIS, not verified geology.","Non-fault basin-fill density boundary or volcanic lithologic contact; buried palaeo-channel or alluvial-fan margin; road/erosion lineament (the brief's B-only artifact reading, excluded here by the B-abstain gate but not eliminated); upward-continued flight-line artefact of the airborne survey.","Independent evidence of offset at this location: a displaced contact or marker bed, deflected or offset drainage, a facies termination, a published structural interpretation, or field observation. None is claimed here.","MEASURED CONTEXT + TEMPLATE HYPOTHESIS; no field observation, no geologist review"
729,1341,377500.0,4435600.0,1843.9,0.990409,0.492539,0.49787,0.676278,1,401.6,0.4783,0.005533,4.3886,3.0185,0.5118,0.4803,0.01164,10.4,451.6556,"Buried or cover-hidden fault (the brief's A-only reading): a deep potential-field fabric step (upward-continued TMI and isostatic gravity gradient) beneath thick sedimentary cover, with no DEM scarp and no radiometric lineament, i.e. structure that does not reach the surface and so is missing from a surface-mapped catalogue. HYPOTHESIS, not verified geology.","Non-fault basin-fill density boundary or volcanic lithologic contact; buried palaeo-channel or alluvial-fan margin; road/erosion lineament (the brief's B-only artifact reading, excluded here by the B-abstain gate but not eliminated); upward-continued flight-line artefact of the airborne survey.","Independent evidence of offset at this location: a displaced contact or marker bed, deflected or offset drainage, a facies termination, a published structural interpretation, or field observation. None is claimed here.","MEASURED CONTEXT + TEMPLATE HYPOTHESIS; no field observation, no geologist review"
729,1344,377800.0,4435600.0,1627.9,0.998322,0.621931,0.376391,0.65295,1,326.4,0.4244,0.004674,5.8074,3.0185,0.5551,0.4409,0.01544,10.4,451.6349,"Buried or cover-hidden fault (the brief's A-only reading): a deep potential-field fabric step (upward-continued TMI and isostatic gravity gradient) beneath thick sedimentary cover, with no DEM scarp and no radiometric lineament, i.e. structure that does not reach the surface and so is missing from a surface-mapped catalogue. HYPOTHESIS, not verified geology.","Non-fault basin-fill density boundary or volcanic lithologic contact; buried palaeo-channel or alluvial-fan margin; road/erosion lineament (the brief's B-only artifact reading, excluded here by the B-abstain gate but not eliminated); upward-continued flight-line artefact of the airborne survey.","Independent evidence of offset at this location: a displaced contact or marker bed, deflected or offset drainage, a facies termination, a published structural interpretation, or field observation. None is claimed here.","MEASURED CONTEXT + TEMPLATE HYPOTHESIS; no field observation, no geologist review"
731,2218,465200.0,4435400.0,3231.1,0.95684,0.615074,0.341766,0.75334,1,796.5,2.1635,0.000774,-15.2503,2.1952,0.7756,0.7598,0.00711,5.3,535.5,"Buried or cover-hidden fault (the brief's A-only reading): a deep potential-field fabric step (upward-continued TMI and isostatic gravity gradient) beneath thick sedimentary cover, with no DEM scarp and no radiometric lineament, i.e. structure that does not reach the surface and so is missing from a surface-mapped catalogue. HYPOTHESIS, not verified geology.","Non-fault basin-fill density boundary or volcanic lithologic contact; buried palaeo-channel or alluvial-fan margin; road/erosion lineament (the brief's B-only artifact reading, excluded here by the B-abstain gate but not eliminated); upward-continued flight-line artefact of the airborne survey.","Independent evidence of offset at this location: a displaced contact or marker bed, deflected or offset drainage, a facies termination, a published structural interpretation, or field observation. None is claimed here.","MEASURED CONTEXT + TEMPLATE HYPOTHESIS; no field observation, no geologist review"
732,1342,377600.0,4435300.0,1984.9,0.998692,0.560915,0.437777,0.650111,1,318.2,0.4579,0.005049,5.7645,3.0185,0.5748,0.4094,0.01287,10.4,455.3,"Buried or cover-hidden fault (the brief's A-only reading): a deep potential-field fabric step (upward-continued TMI and isostatic gravity gradient) beneath thick sedimentary cover, with no DEM scarp and no radiometric lineament, i.e. structure that does not reach the surface and so is missing from a surface-mapped catalogue. HYPOTHESIS, not verified geology.","Non-fault basin-fill density boundary or volcanic lithologic contact; buried palaeo-channel or alluvial-fan margin; road/erosion lineament (the brief's B-only artifact reading, excluded here by the B-abstain gate but not eliminated); upward-continued flight-line artefact of the airborne survey.","Independent evidence of offset at this location: a displaced contact or marker bed, deflected or offset drainage, a facies termination, a published structural interpretation, or field observation. None is claimed here.","MEASURED CONTEXT + TEMPLATE HYPOTHESIS; no field observation, no geologist review"
732,2686,512000.0,4435300.0,2640.1,0.97993,0.520404,0.459525,0.460403,1,58.3,24.5388,0.001415,-11.9524,2.8622,0.5,0.1535,0.001437,6.8,383.3,"Buried or cover-hidden fault (the brief's A-only reading): a deep potential-field fabric step (upward-continued TMI and isostatic gravity gradient) beneath thick sedimentary cover, with no DEM scarp and no radiometric lineament, i.e. structure that does not reach the surface and so is missing from a surface-mapped catalogue. HYPOTHESIS, not verified geology.","Non-fault basin-fill density boundary or volcanic lithologic contact; buried palaeo-channel or alluvial-fan margin; road/erosion lineament (the brief's B-only artifact reading, excluded here by the B-abstain gate but not eliminated); upward-continued flight-line artefact of the airborne survey.","Independent evidence of offset at this location: a displaced contact or marker bed, deflected or offset drainage, a facies termination, a published structural interpretation, or field observation. None is claimed here.","MEASURED CONTEXT + TEMPLATE HYPOTHESIS; no field observation, no geologist review"
734,2016,445000.0,4435100.0,1500.0,0.952401,0.493789,0.458612,0.826367,1,1523.2,0.1702,0.004423,-8.9979,2.1015,0.4685,0.5118,0.006467,4.3,543.4,"Buried or cover-hidden fault (the brief's A-only reading): a deep potential-field fabric step (upward-continued TMI and isostatic gravity gradient) beneath thick sedimentary cover, with no DEM scarp and no radiometric lineament, i.e. structure that does not reach the surface and so is missing from a surface-mapped catalogue. HYPOTHESIS, not verified geology.","Non-fault basin-fill density boundary or volcanic lithologic contact; buried palaeo-channel or alluvial-fan margin; road/erosion lineament (the brief's B-only artifact reading, excluded here by the B-abstain gate but not eliminated); upward-continued flight-line artefact of the airborne survey.","Independent evidence of offset at this location: a displaced contact or marker bed, deflected or offset drainage, a facies termination, a published structural interpretation, or field observation. None is claimed here.","MEASURED CONTEXT + TEMPLATE HYPOTHESIS; no field observation, no geologist review"
735,1338,377200.0,4435000.0,2475.9,0.98462,0.449473,0.535147,0.661275,1,351.5,0.4156,0.005526,4.9062,3.0185,0.4843,0.4606,0.009079,10.5295,455.3,"Buried or cover-hidden fault (the brief's A-only reading): a deep potential-field fabric step (upward-continued TMI and isostatic gravity gradient) beneath thick sedimentary cover, with no DEM scarp and no radiometric lineament, i.e. structure that does not reach the surface and so is missing from a surface-mapped catalogue. HYPOTHESIS, not verified geology.","Non-fault basin-fill density boundary or volcanic lithologic contact; buried palaeo-channel or alluvial-fan margin; road/erosion lineament (the brief's B-only artifact reading, excluded here by the B-abstain gate but not eliminated); upward-continued flight-line artefact of the airborne survey.","Independent evidence of offset at this location: a displaced contact or marker bed, deflected or offset drainage, a facies termination, a published structural interpretation, or field observation. None is claimed here.","MEASURED CONTEXT + TEMPLATE HYPOTHESIS; no field observation, no geologist review"
736,582,301600.0,4434900.0,2022.4,0.955736,0.400333,0.555403,0.644032,1,301.5,0.2806,0.004472,-10.7914,2.5931,0.2874,0.2205,0.011264,25.5601,1097.9144,"Buried or cover-hidden fault (the brief's A-only reading): a deep potential-field fabric step (upward-continued TMI and isostatic gravity gradient) beneath thick sedimentary cover, with no DEM scarp and no radiometric lineament, i.e. structure that does not reach the surface and so is missing from a surface-mapped catalogue. HYPOTHESIS, not verified geology.","Non-fault basin-fill density boundary or volcanic lithologic contact; buried palaeo-channel or alluvial-fan margin; road/erosion lineament (the brief's B-only artifact reading, excluded here by the B-abstain gate but not eliminated); upward-continued flight-line artefact of the airborne survey.","Independent evidence of offset at this location: a displaced contact or marker bed, deflected or offset drainage, a facies termination, a published structural interpretation, or field observation. None is claimed here.","MEASURED CONTEXT + TEMPLATE HYPOTHESIS; no field observation, no geologist review"
736,2218,465200.0,4434900.0,3300.0,0.961403,0.425832,0.535572,0.761948,1,859.8,2.011,0.001,-15.6657,2.1952,0.8189,0.6457,0.005898,5.3,535.5,"Buried or cover-hidden fault (the brief's A-only reading): a deep potential-field fabric step (upward-continued TMI and isostatic gravity gradient) beneath thick sedimentary cover, with no DEM scarp and no radiometric lineament, i.e. structure that does not reach the surface and so is missing from a surface-mapped catalogue. HYPOTHESIS, not verified geology.","Non-fault basin-fill density boundary or volcanic lithologic contact; buried palaeo-channel or alluvial-fan margin; road/erosion lineament (the brief's B-only artifact reading, excluded here by the B-abstain gate but not eliminated); upward-continued flight-line artefact of the airborne survey.","Independent evidence of offset at this location: a displaced contact or marker bed, deflected or offset drainage, a facies termination, a published structural interpretation, or field observation. None is claimed here.","MEASURED CONTEXT + TEMPLATE HYPOTHESIS; no field observation, no geologist review"
738,1335,376900.0,4434700.0,2900.0,0.951694,0.62843,0.323264,0.659117,1,344.8,0.4743,0.005667,4.785,3.0185,0.6417,0.4921,0.008785,10.736,450.94,"Buried or cover-hidden fault (the brief's A-only reading): a deep potential-field fabric step (upward-continued TMI and isostatic gravity gradient) beneath thick sedimentary cover, with no DEM scarp and no radiometric lineament, i.e. structure that does not reach the surface and so is missing from a surface-mapped catalogue. HYPOTHESIS, not verified geology.","Non-fault basin-fill density boundary or volcanic lithologic contact; buried palaeo-channel or alluvial-fan margin; road/erosion lineament (the brief's B-only artifact reading, excluded here by the B-abstain gate but not eliminated); upward-continued flight-line artefact of the airborne survey.","Independent evidence of offset at this location: a displaced contact or marker bed, deflected or offset drainage, a facies termination, a published structural interpretation, or field observation. None is claimed here.","MEASURED CONTEXT + TEMPLATE HYPOTHESIS; no field observation, no geologist review"
770,1296,373000.0,4431500.0,7931.0,0.9542,0.639419,0.314781,0.673674,1,392.4,0.3906,0.006256,3.6124,3.0185,0.4291,0.6496,0.016642,11.8471,464.9,"Buried or cover-hidden fault (the brief's A-only reading): a deep potential-field fabric step (upward-continued TMI and isostatic gravity gradient) beneath thick sedimentary cover, with no DEM scarp and no radiometric lineament, i.e. structure that does not reach the surface and so is missing from a surface-mapped catalogue. HYPOTHESIS, not verified geology.","Non-fault basin-fill density boundary or volcanic lithologic contact; buried palaeo-channel or alluvial-fan margin; road/erosion lineament (the brief's B-only artifact reading, excluded here by the B-abstain gate but not eliminated); upward-continued flight-line artefact of the airborne survey.","Independent evidence of offset at this location: a displaced contact or marker bed, deflected or offset drainage, a facies termination, a published structural interpretation, or field observation. None is claimed here.","MEASURED CONTEXT + TEMPLATE HYPOTHESIS; no field observation, no geologist review"
793,583,301700.0,4429200.0,2886.2,0.998802,0.352419,0.646383,0.665199,1,364.0,0.3284,0.006007,-18.971,2.6578,0.1181,0.3386,0.00588,26.1036,1076.3773,"Buried or cover-hidden fault (the brief's A-only reading): a deep potential-field fabric step (upward-continued TMI and isostatic gravity gradient) beneath thick sedimentary cover, with no DEM scarp and no radiometric lineament, i.e. structure that does not reach the surface and so is missing from a surface-mapped catalogue. HYPOTHESIS, not verified geology.","Non-fault basin-fill density boundary or volcanic lithologic contact; buried palaeo-channel or alluvial-fan margin; road/erosion lineament (the brief's B-only artifact reading, excluded here by the B-abstain gate but not eliminated); upward-continued flight-line artefact of the airborne survey.","Independent evidence of offset at this location: a displaced contact or marker bed, deflected or offset drainage, a facies termination, a published structural interpretation, or field observation. None is claimed here.","MEASURED CONTEXT + TEMPLATE HYPOTHESIS; no field observation, no geologist review"
793,587,302100.0,4429200.0,2500.0,0.997351,0.383142,0.614209,0.650819,1,320.3,0.7512,0.006378,-16.6309,2.7193,0.2165,0.374,0.003039,25.8138,1066.9,"Buried or cover-hidden fault (the brief's A-only reading): a deep potential-field fabric step (upward-continued TMI and isostatic gravity gradient) beneath thick sedimentary cover, with no DEM scarp and no radiometric lineament, i.e. structure that does not reach the surface and so is missing from a surface-mapped catalogue. HYPOTHESIS, not verified geology.","Non-fault basin-fill density boundary or volcanic lithologic contact; buried palaeo-channel or alluvial-fan margin; road/erosion lineament (the brief's B-only artifact reading, excluded here by the B-abstain gate but not eliminated); upward-continued flight-line artefact of the airborne survey.","Independent evidence of offset at this location: a displaced contact or marker bed, deflected or offset drainage, a facies termination, a published structural interpretation, or field observation. None is claimed here.","MEASURED CONTEXT + TEMPLATE HYPOTHESIS; no field observation, no geologist review"
794,591,302500.0,4429100.0,2154.1,0.995355,0.478813,0.516542,0.636472,1,281.9,0.861,0.006509,-13.91,2.7808,0.2992,0.3858,0.005662,25.6235,1066.9,"Buried or cover-hidden fault (the brief's A-only reading): a deep potential-field fabric step (upward-continued TMI and isostatic gravity gradient) beneath thick sedimentary cover, with no DEM scarp and no radiometric lineament, i.e. structure that does not reach the surface and so is missing from a surface-mapped catalogue. HYPOTHESIS, not verified geology.","Non-fault basin-fill density boundary or volcanic lithologic contact; buried palaeo-channel or alluvial-fan margin; road/erosion lineament (the brief's B-only artifact reading, excluded here by the B-abstain gate but not eliminated); upward-continued flight-line artefact of the airborne survey.","Independent evidence of offset at this location: a displaced contact or marker bed, deflected or offset drainage, a facies termination, a published structural interpretation, or field observation. None is claimed here.","MEASURED CONTEXT + TEMPLATE HYPOTHESIS; no field observation, no geologist review"
796,583,301700.0,4428900.0,2973.2,0.993829,0.392712,0.601117,0.669036,1,376.6,0.5803,0.005792,-18.5524,2.6578,0.1693,0.3228,0.005738,26.1641,1076.3464,"Buried or cover-hidden fault (the brief's A-only reading): a deep potential-field fabric step (upward-continued TMI and isostatic gravity gradient) beneath thick sedimentary cover, with no DEM scarp and no radiometric lineament, i.e. structure that does not reach the surface and so is missing from a surface-mapped catalogue. HYPOTHESIS, not verified geology.","Non-fault basin-fill density boundary or volcanic lithologic contact; buried palaeo-channel or alluvial-fan margin; road/erosion lineament (the brief's B-only artifact reading, excluded here by the B-abstain gate but not eliminated); upward-continued flight-line artefact of the airborne survey.","Independent evidence of offset at this location: a displaced contact or marker bed, deflected or offset drainage, a facies termination, a published structural interpretation, or field observation. None is claimed here.","MEASURED CONTEXT + TEMPLATE HYPOTHESIS; no field observation, no geologist review"
803,1358,379200.0,4428200.0,8602.3,0.981495,0.596317,0.385178,0.544462,1,124.1,0.8874,0.004699,14.227,2.7187,0.374,0.685,0.005807,11.0395,520.9,"Buried or cover-hidden fault (the brief's A-only reading): a deep potential-field fabric step (upward-continued TMI and isostatic gravity gradient) beneath thick sedimentary cover, with no DEM scarp and no radiometric lineament, i.e. structure that does not reach the surface and so is missing from a surface-mapped catalogue. HYPOTHESIS, not verified geology.","Non-fault basin-fill density boundary or volcanic lithologic contact; buried palaeo-channel or alluvial-fan margin; road/erosion lineament (the brief's B-only artifact reading, excluded here by the B-abstain gate but not eliminated); upward-continued flight-line artefact of the airborne survey.","Independent evidence of offset at this location: a displaced contact or marker bed, deflected or offset drainage, a facies termination, a published structural interpretation, or field observation. None is claimed here.","MEASURED CONTEXT + TEMPLATE HYPOTHESIS; no field observation, no geologist review"
804,1353,378700.0,4428100.0,8683.3,0.986322,0.597209,0.389113,0.551961,1,132.7,1.1621,0.00459,14.0193,2.7943,0.3622,0.6102,0.005192,11.2,514.3533,"Buried or cover-hidden fault (the brief's A-only reading): a deep potential-field fabric step (upward-continued TMI and isostatic gravity gradient) beneath thick sedimentary cover, with no DEM scarp and no radiometric lineament, i.e. structure that does not reach the surface and so is missing from a surface-mapped catalogue. HYPOTHESIS, not verified geology.","Non-fault basin-fill density boundary or volcanic lithologic contact; buried palaeo-channel or alluvial-fan margin; road/erosion lineament (the brief's B-only artifact reading, excluded here by the B-abstain gate but not eliminated); upward-continued flight-line artefact of the airborne survey.","Independent evidence of offset at this location: a displaced contact or marker bed, deflected or offset drainage, a facies termination, a published structural interpretation, or field observation. None is claimed here.","MEASURED CONTEXT + TEMPLATE HYPOTHESIS; no field observation, no geologist review"
806,1357,379100.0,4427900.0,8713.2,0.993771,0.484584,0.509187,0.565499,1,149.7,0.7073,0.004932,12.8231,2.7338,0.4449,0.5984,0.007377,11.1186,532.2545,"Buried or cover-hidden fault (the brief's A-only reading): a deep potential-field fabric step (upward-continued TMI and isostatic gravity gradient) beneath thick sedimentary cover, with no DEM scarp and no radiometric lineament, i.e. structure that does not reach the surface and so is missing from a surface-mapped catalogue. HYPOTHESIS, not verified geology.","Non-fault basin-fill density boundary or volcanic lithologic contact; buried palaeo-channel or alluvial-fan margin; road/erosion lineament (the brief's B-only artifact reading, excluded here by the B-abstain gate but not eliminated); upward-continued flight-line artefact of the airborne survey.","Independent evidence of offset at this location: a displaced contact or marker bed, deflected or offset drainage, a facies termination, a published structural interpretation, or field observation. None is claimed here.","MEASURED CONTEXT + TEMPLATE HYPOTHESIS; no field observation, no geologist review"
809,1354,378800.0,4427600.0,8300.6,0.989463,0.470712,0.518751,0.583734,1,176.2,0.7212,0.004943,11.6583,2.7791,0.3661,0.6929,0.00622,11.2,537.9827,"Buried or cover-hidden fault (the brief's A-only reading): a deep potential-field fabric step (upward-continued TMI and isostatic gravity gradient) beneath thick sedimentary cover, with no DEM scarp and no radiometric lineament, i.e. structure that does not reach the surface and so is missing from a surface-mapped catalogue. HYPOTHESIS, not verified geology.","Non-fault basin-fill density boundary or volcanic lithologic contact; buried palaeo-channel or alluvial-fan margin; road/erosion lineament (the brief's B-only artifact reading, excluded here by the B-abstain gate but not eliminated); upward-continued flight-line artefact of the airborne survey.","Independent evidence of offset at this location: a displaced contact or marker bed, deflected or offset drainage, a facies termination, a published structural interpretation, or field observation. None is claimed here.","MEASURED CONTEXT + TEMPLATE HYPOTHESIS; no field observation, no geologist review"
809,1357,379100.0,4427600.0,8459.9,0.987102,0.366327,0.620775,0.58321,1,175.4,0.5303,0.005098,11.3699,2.7338,0.4724,0.6024,0.008215,11.1185,549.2,"Buried or cover-hidden fault (the brief's A-only reading): a deep potential-field fabric step (upward-continued TMI and isostatic gravity gradient) beneath thick sedimentary cover, with no DEM scarp and no radiometric lineament, i.e. structure that does not reach the surface and so is missing from a surface-mapped catalogue. HYPOTHESIS, not verified geology.","Non-fault basin-fill density boundary or volcanic lithologic contact; buried palaeo-channel or alluvial-fan margin; road/erosion lineament (the brief's B-only artifact reading, excluded here by the B-abstain gate but not eliminated); upward-continued flight-line artefact of the airborne survey.","Independent evidence of offset at this location: a displaced contact or marker bed, deflected or offset drainage, a facies termination, a published structural interpretation, or field observation. None is claimed here.","MEASURED CONTEXT + TEMPLATE HYPOTHESIS; no field observation, no geologist review"
812,1347,378100.0,4427300.0,7694.2,0.967047,0.631944,0.335103,0.595175,1,195.1,0.7487,0.004595,10.7078,2.8702,0.5276,0.685,0.006333,11.2,520.5,"Buried or cover-hidden fault (the brief's A-only reading): a deep potential-field fabric step (upward-continued TMI and isostatic gravity gradient) beneath thick sedimentary cover, with no DEM scarp and no radiometric lineament, i.e. structure that does not reach the surface and so is missing from a surface-mapped catalogue. HYPOTHESIS, not verified geology.","Non-fault basin-fill density boundary or volcanic lithologic contact; buried palaeo-channel or alluvial-fan margin; road/erosion lineament (the brief's B-only artifact reading, excluded here by the B-abstain gate but not eliminated); upward-continued flight-line artefact of the airborne survey.","Independent evidence of offset at this location: a displaced contact or marker bed, deflected or offset drainage, a facies termination, a published structural interpretation, or field observation. None is claimed here.","MEASURED CONTEXT + TEMPLATE HYPOTHESIS; no field observation, no geologist review"
813,1350,378400.0,4427200.0,7752.4,0.965997,0.553955,0.412042,0.604365,1,211.8,0.6471,0.004833,9.9833,2.8395,0.4803,0.752,0.00941,11.2,520.5,"Buried or cover-hidden fault (the brief's A-only reading): a deep potential-field fabric step (upward-continued TMI and isostatic gravity gradient) beneath thick sedimentary cover, with no DEM scarp and no radiometric lineament, i.e. structure that does not reach the surface and so is missing from a surface-mapped catalogue. HYPOTHESIS, not verified geology.","Non-fault basin-fill density boundary or volcanic lithologic contact; buried palaeo-channel or alluvial-fan margin; road/erosion lineament (the brief's B-only artifact reading, excluded here by the B-abstain gate but not eliminated); upward-continued flight-line artefact of the airborne survey.","Independent evidence of offset at this location: a displaced contact or marker bed, deflected or offset drainage, a facies termination, a published structural interpretation, or field observation. None is claimed here.","MEASURED CONTEXT + TEMPLATE HYPOTHESIS; no field observation, no geologist review"
824,1215,364900.0,4426100.0,2983.3,0.965857,0.380775,0.585082,0.717348,1,578.6,0.1834,0.001628,-0.8799,2.9414,0.1457,0.2795,0.004627,13.5943,451.7126,"Buried or cover-hidden fault (the brief's A-only reading): a deep potential-field fabric step (upward-continued TMI and isostatic gravity gradient) beneath thick sedimentary cover, with no DEM scarp and no radiometric lineament, i.e. structure that does not reach the surface and so is missing from a surface-mapped catalogue. HYPOTHESIS, not verified geology.","Non-fault basin-fill density boundary or volcanic lithologic contact; buried palaeo-channel or alluvial-fan margin; road/erosion lineament (the brief's B-only artifact reading, excluded here by the B-abstain gate but not eliminated); upward-continued flight-line artefact of the airborne survey.","Independent evidence of offset at this location: a displaced contact or marker bed, deflected or offset drainage, a facies termination, a published structural interpretation, or field observation. None is claimed here.","MEASURED CONTEXT + TEMPLATE HYPOTHESIS; no field observation, no geologist review"
825,1218,365200.0,4426000.0,2828.4,0.971064,0.486768,0.484296,0.715979,1,571.6,0.6452,0.001618,-0.8215,2.9505,0.1772,0.4291,0.005583,13.5348,455.8938,"Buried or cover-hidden fault (the brief's A-only reading): a deep potential-field fabric step (upward-continued TMI and isostatic gravity gradient) beneath thick sedimentary cover, with no DEM scarp and no radiometric lineament, i.e. structure that does not reach the surface and so is missing from a surface-mapped catalogue. HYPOTHESIS, not verified geology.","Non-fault basin-fill density boundary or volcanic lithologic contact; buried palaeo-channel or alluvial-fan margin; road/erosion lineament (the brief's B-only artifact reading, excluded here by the B-abstain gate but not eliminated); upward-continued flight-line artefact of the airborne survey.","Independent evidence of offset at this location: a displaced contact or marker bed, deflected or offset drainage, a facies termination, a published structural interpretation, or field observation. None is claimed here.","MEASURED CONTEXT + TEMPLATE HYPOTHESIS; no field observation, no geologist review"
829,1219,365300.0,4425600.0,2418.7,0.963797,0.636913,0.326884,0.709597,1,540.1,1.372,0.001522,-0.2019,2.9505,0.4134,0.5236,0.007207,13.5149,471.0,"Buried or cover-hidden fault (the brief's A-only reading): a deep potential-field fabric step (upward-continued TMI and isostatic gravity gradient) beneath thick sedimentary cover, with no DEM scarp and no radiometric lineament, i.e. structure that does not reach the surface and so is missing from a surface-mapped catalogue. HYPOTHESIS, not verified geology.","Non-fault basin-fill density boundary or volcanic lithologic contact; buried palaeo-channel or alluvial-fan margin; road/erosion lineament (the brief's B-only artifact reading, excluded here by the B-abstain gate but not eliminated); upward-continued flight-line artefact of the airborne survey.","Independent evidence of offset at this location: a displaced contact or marker bed, deflected or offset drainage, a facies termination, a published structural interpretation, or field observation. None is claimed here.","MEASURED CONTEXT + TEMPLATE HYPOTHESIS; no field observation, no geologist review"
831,1196,363000.0,4425400.0,3046.3,0.956209,0.524895,0.431314,0.694952,1,474.2,0.4708,0.001031,0.7305,2.8995,0.1299,0.2205,0.004765,13.8124,470.3,"Buried or cover-hidden fault (the brief's A-only reading): a deep potential-field fabric step (upward-continued TMI and isostatic gravity gradient) beneath thick sedimentary cover, with no DEM scarp and no radiometric lineament, i.e. structure that does not reach the surface and so is missing from a surface-mapped catalogue. HYPOTHESIS, not verified geology.","Non-fault basin-fill density boundary or volcanic lithologic contact; buried palaeo-channel or alluvial-fan margin; road/erosion lineament (the brief's B-only artifact reading, excluded here by the B-abstain gate but not eliminated); upward-continued flight-line artefact of the airborne survey.","Independent evidence of offset at this location: a displaced contact or marker bed, deflected or offset drainage, a facies termination, a published structural interpretation, or field observation. None is claimed here.","MEASURED CONTEXT + TEMPLATE HYPOTHESIS; no field observation, no geologist review"
834,1187,362100.0,4425100.0,3220.2,0.99016,0.41784,0.572321,0.686109,1,438.3,0.1983,0.000764,0.8544,2.8995,0.1575,0.2402,0.001238,13.9397,459.7,"Buried or cover-hidden fault (the brief's A-only reading): a deep potential-field fabric step (upward-continued TMI and isostatic gravity gradient) beneath thick sedimentary cover, with no DEM scarp and no radiometric lineament, i.e. structure that does not reach the surface and so is missing from a surface-mapped catalogue. HYPOTHESIS, not verified geology.","Non-fault basin-fill density boundary or volcanic lithologic contact; buried palaeo-channel or alluvial-fan margin; road/erosion lineament (the brief's B-only artifact reading, excluded here by the B-abstain gate but not eliminated); upward-continued flight-line artefact of the airborne survey.","Independent evidence of offset at this location: a displaced contact or marker bed, deflected or offset drainage, a facies termination, a published structural interpretation, or field observation. None is claimed here.","MEASURED CONTEXT + TEMPLATE HYPOTHESIS; no field observation, no geologist review"
835,1168,360200.0,4425000.0,4220.2,0.95677,0.605923,0.350847,0.680285,1,416.2,0.2558,0.00038,0.2463,2.8995,0.3031,0.2598,0.005758,14.592,454.2,"Buried or cover-hidden fault (the brief's A-only reading): a deep potential-field fabric step (upward-continued TMI and isostatic gravity gradient) beneath thick sedimentary cover, with no DEM scarp and no radiometric lineament, i.e. structure that does not reach the surface and so is missing from a surface-mapped catalogue. HYPOTHESIS, not verified geology.","Non-fault basin-fill density boundary or volcanic lithologic contact; buried palaeo-channel or alluvial-fan margin; road/erosion lineament (the brief's B-only artifact reading, excluded here by the B-abstain gate but not eliminated); upward-continued flight-line artefact of the airborne survey.","Independent evidence of offset at this location: a displaced contact or marker bed, deflected or offset drainage, a facies termination, a published structural interpretation, or field observation. None is claimed here.","MEASURED CONTEXT + TEMPLATE HYPOTHESIS; no field observation, no geologist review"
835,1172,360600.0,4425000.0,4000.0,0.968021,0.466622,0.501399,0.68174,1,421.6,0.4382,0.000392,0.3973,2.8995,0.3386,0.2047,0.007565,14.5916,457.1443,"Buried or cover-hidden fault (the brief's A-only reading): a deep potential-field fabric step (upward-continued TMI and isostatic gravity gradient) beneath thick sedimentary cover, with no DEM scarp and no radiometric lineament, i.e. structure that does not reach the surface and so is missing from a surface-mapped catalogue. HYPOTHESIS, not verified geology.","Non-fault basin-fill density boundary or volcanic lithologic contact; buried palaeo-channel or alluvial-fan margin; road/erosion lineament (the brief's B-only artifact reading, excluded here by the B-abstain gate but not eliminated); upward-continued flight-line artefact of the airborne survey.","Independent evidence of offset at this location: a displaced contact or marker bed, deflected or offset drainage, a facies termination, a published structural interpretation, or field observation. None is claimed here.","MEASURED CONTEXT + TEMPLATE HYPOTHESIS; no field observation, no geologist review"
835,1175,360900.0,4425000.0,3827.5,0.994293,0.405078,0.589214,0.682295,1,423.7,0.3091,0.000447,0.5069,2.8995,0.1457,0.2402,0.008811,14.5173,459.7,"Buried or cover-hidden fault (the brief's A-only reading): a deep potential-field fabric step (upward-continued TMI and isostatic gravity gradient) beneath thick sedimentary cover, with no DEM scarp and no radiometric lineament, i.e. structure that does not reach the surface and so is missing from a surface-mapped catalogue. HYPOTHESIS, not verified geology.","Non-fault basin-fill density boundary or volcanic lithologic contact; buried palaeo-channel or alluvial-fan margin; road/erosion lineament (the brief's B-only artifact reading, excluded here by the B-abstain gate but not eliminated); upward-continued flight-line artefact of the airborne survey.","Independent evidence of offset at this location: a displaced contact or marker bed, deflected or offset drainage, a facies termination, a published structural interpretation, or field observation. None is claimed here.","MEASURED CONTEXT + TEMPLATE HYPOTHESIS; no field observation, no geologist review"
836,1164,359800.0,4424900.0,4044.7,0.985394,0.444837,0.540557,0.679434,1,413.1,0.3007,0.000486,0.0674,2.8995,0.0709,0.311,0.005884,14.6529,454.2,"Buried or cover-hidden fault (the brief's A-only reading): a deep potential-field fabric step (upward-continued TMI and isostatic gravity gradient) beneath thick sedimentary cover, with no DEM scarp and no radiometric lineament, i.e. structure that does not reach the surface and so is missing from a surface-mapped catalogue. HYPOTHESIS, not verified geology.","Non-fault basin-fill density boundary or volcanic lithologic contact; buried palaeo-channel or alluvial-fan margin; road/erosion lineament (the brief's B-only artifact reading, excluded here by the B-abstain gate but not eliminated); upward-continued flight-line artefact of the airborne survey.","Independent evidence of offset at this location: a displaced contact or marker bed, deflected or offset drainage, a facies termination, a published structural interpretation, or field observation. None is claimed here.","MEASURED CONTEXT + TEMPLATE HYPOTHESIS; no field observation, no geologist review"
836,1180,361400.0,4424900.0,3467.0,0.996602,0.406935,0.589666,0.682356,1,423.9,0.2099,0.000608,0.7349,2.8995,0.1457,0.1772,0.007176,14.102,459.7,"Buried or cover-hidden fault (the brief's A-only reading): a deep potential-field fabric step (upward-continued TMI and isostatic gravity gradient) beneath thick sedimentary cover, with no DEM scarp and no radiometric lineament, i.e. structure that does not reach the surface and so is missing from a surface-mapped catalogue. HYPOTHESIS, not verified geology.","Non-fault basin-fill density boundary or volcanic lithologic contact; buried palaeo-channel or alluvial-fan margin; road/erosion lineament (the brief's B-only artifact reading, excluded here by the B-abstain gate but not eliminated); upward-continued flight-line artefact of the airborne survey.","Independent evidence of offset at this location: a displaced contact or marker bed, deflected or offset drainage, a facies termination, a published structural interpretation, or field observation. None is claimed here.","MEASURED CONTEXT + TEMPLATE HYPOTHESIS; no field observation, no geologist review"
836,1183,361700.0,4424900.0,3301.5,0.996037,0.413932,0.582106,0.682653,1,425.1,0.2038,0.000686,0.8516,2.8995,0.1063,0.2165,0.004385,14.1017,459.7,"Buried or cover-hidden fault (the brief's A-only reading): a deep potential-field fabric step (upward-continued TMI and isostatic gravity gradient) beneath thick sedimentary cover, with no DEM scarp and no radiometric lineament, i.e. structure that does not reach the surface and so is missing from a surface-mapped catalogue. HYPOTHESIS, not verified geology.","Non-fault basin-fill density boundary or volcanic lithologic contact; buried palaeo-channel or alluvial-fan margin; road/erosion lineament (the brief's B-only artifact reading, excluded here by the B-abstain gate but not eliminated); upward-continued flight-line artefact of the airborne survey.","Independent evidence of offset at this location: a displaced contact or marker bed, deflected or offset drainage, a facies termination, a published structural interpretation, or field observation. None is claimed here.","MEASURED CONTEXT + TEMPLATE HYPOTHESIS; no field observation, no geologist review"
838,1157,359100.0,4424700.0,3800.0,0.96309,0.581432,0.381658,0.678171,1,408.5,0.1892,0.000748,-0.352,2.8995,0.2323,0.3307,0.009047,14.9897,454.2,"Buried or cover-hidden fault (the brief's A-only reading): a deep potential-field fabric step (upward-continued TMI and isostatic gravity gradient) beneath thick sedimentary cover, with no DEM scarp and no radiometric lineament, i.e. structure that does not reach the surface and so is missing from a surface-mapped catalogue. HYPOTHESIS, not verified geology.","Non-fault basin-fill density boundary or volcanic lithologic contact; buried palaeo-channel or alluvial-fan margin; road/erosion lineament (the brief's B-only artifact reading, excluded here by the B-abstain gate but not eliminated); upward-continued flight-line artefact of the airborne survey.","Independent evidence of offset at this location: a displaced contact or marker bed, deflected or offset drainage, a facies termination, a published structural interpretation, or field observation. None is claimed here.","MEASURED CONTEXT + TEMPLATE HYPOTHESIS; no field observation, no geologist review"
838,1171,360500.0,4424700.0,3828.8,0.980333,0.350975,0.629358,0.681371,1,420.2,0.1547,0.000519,0.3818,2.8995,0.185,0.2638,0.005797,14.7734,456.0568,"Buried or cover-hidden fault (the brief's A-only reading): a deep potential-field fabric step (upward-continued TMI and isostatic gravity gradient) beneath thick sedimentary cover, with no DEM scarp and no radiometric lineament, i.e. structure that does not reach the surface and so is missing from a surface-mapped catalogue. HYPOTHESIS, not verified geology.","Non-fault basin-fill density boundary or volcanic lithologic contact; buried palaeo-channel or alluvial-fan margin; road/erosion lineament (the brief's B-only artifact reading, excluded here by the B-abstain gate but not eliminated); upward-continued flight-line artefact of the airborne survey.","Independent evidence of offset at this location: a displaced contact or marker bed, deflected or offset drainage, a facies termination, a published structural interpretation, or field observation. None is claimed here.","MEASURED CONTEXT + TEMPLATE HYPOTHESIS; no field observation, no geologist review"
838,1174,360800.0,4424700.0,3640.1,0.989214,0.385654,0.60356,0.681223,1,419.7,0.1678,0.000549,0.5319,2.8995,0.1811,0.2638,0.007779,14.7731,459.3274,"Buried or cover-hidden fault (the brief's A-only reading): a deep potential-field fabric step (upward-continued TMI and isostatic gravity gradient) beneath thick sedimentary cover, with no DEM scarp and no radiometric lineament, i.e. structure that does not reach the surface and so is missing from a surface-mapped catalogue. HYPOTHESIS, not verified geology.","Non-fault basin-fill density boundary or volcanic lithologic contact; buried palaeo-channel or alluvial-fan margin; road/erosion lineament (the brief's B-only artifact reading, excluded here by the B-abstain gate but not eliminated); upward-continued flight-line artefact of the airborne survey.","Independent evidence of offset at this location: a displaced contact or marker bed, deflected or offset drainage, a facies termination, a published structural interpretation, or field observation. None is claimed here.","MEASURED CONTEXT + TEMPLATE HYPOTHESIS; no field observation, no geologist review"
838,1193,362700.0,4424700.0,2555.4,0.98439,0.35257,0.631819,0.679673,1,413.9,0.3339,0.000936,1.3673,2.8995,0.0,0.2362,0.003599,14.262,467.1039,"Buried or cover-hidden fault (the brief's A-only reading): a deep potential-field fabric step (upward-continued TMI and isostatic gravity gradient) beneath thick sedimentary cover, with no DEM scarp and no radiometric lineament, i.e. structure that does not reach the surface and so is missing from a surface-mapped catalogue. HYPOTHESIS, not verified geology.","Non-fault basin-fill density boundary or volcanic lithologic contact; buried palaeo-channel or alluvial-fan margin; road/erosion lineament (the brief's B-only artifact reading, excluded here by the B-abstain gate but not eliminated); upward-continued flight-line artefact of the airborne survey.","Independent evidence of offset at this location: a displaced contact or marker bed, deflected or offset drainage, a facies termination, a published structural interpretation, or field observation. None is claimed here.","MEASURED CONTEXT + TEMPLATE HYPOTHESIS; no field observation, no geologist review"
838,1197,363100.0,4424700.0,2370.7,0.972429,0.482114,0.490315,0.679819,1,414.5,0.1976,0.001022,1.4463,2.8995,0.0551,0.189,0.002418,14.0697,470.3,"Buried or cover-hidden fault (the brief's A-only reading): a deep potential-field fabric step (upward-continued TMI and isostatic gravity gradient) beneath thick sedimentary cover, with no DEM scarp and no radiometric lineament, i.e. structure that does not reach the surface and so is missing from a surface-mapped catalogue. HYPOTHESIS, not verified geology.","Non-fault basin-fill density boundary or volcanic lithologic contact; buried palaeo-channel or alluvial-fan margin; road/erosion lineament (the brief's B-only artifact reading, excluded here by the B-abstain gate but not eliminated); upward-continued flight-line artefact of the airborne survey.","Independent evidence of offset at this location: a displaced contact or marker bed, deflected or offset drainage, a facies termination, a published structural interpretation, or field observation. None is claimed here.","MEASURED CONTEXT + TEMPLATE HYPOTHESIS; no field observation, no geologist review"
839,581,301500.0,4424600.0,5044.8,0.995027,0.361873,0.633154,0.646567,1,308.4,0.0744,0.00594,-5.5641,2.6289,0.2323,0.3858,0.027389,27.3,1060.8713,"Buried or cover-hidden fault (the brief's A-only reading): a deep potential-field fabric step (upward-continued TMI and isostatic gravity gradient) beneath thick sedimentary cover, with no DEM scarp and no radiometric lineament, i.e. structure that does not reach the surface and so is missing from a surface-mapped catalogue. HYPOTHESIS, not verified geology.","Non-fault basin-fill density boundary or volcanic lithologic contact; buried palaeo-channel or alluvial-fan margin; road/erosion lineament (the brief's B-only artifact reading, excluded here by the B-abstain gate but not eliminated); upward-continued flight-line artefact of the airborne survey.","Independent evidence of offset at this location: a displaced contact or marker bed, deflected or offset drainage, a facies termination, a published structural interpretation, or field observation. None is claimed here.","MEASURED CONTEXT + TEMPLATE HYPOTHESIS; no field observation, no geologist review"
839,1154,358800.0,4424600.0,3700.0,0.976665,0.496435,0.48023,0.677854,1,407.3,0.214,0.000873,-0.5737,2.8995,0.3976,0.3346,0.009666,15.3,454.0784,"Buried or cover-hidden fault (the brief's A-only reading): a deep potential-field fabric step (upward-continued TMI and isostatic gravity gradient) beneath thick sedimentary cover, with no DEM scarp and no radiometric lineament, i.e. structure that does not reach the surface and so is missing from a surface-mapped catalogue. HYPOTHESIS, not verified geology.","Non-fault basin-fill density boundary or volcanic lithologic contact; buried palaeo-channel or alluvial-fan margin; road/erosion lineament (the brief's B-only artifact reading, excluded here by the B-abstain gate but not eliminated); upward-continued flight-line artefact of the airborne survey.","Independent evidence of offset at this location: a displaced contact or marker bed, deflected or offset drainage, a facies termination, a published structural interpretation, or field observation. None is claimed here.","MEASURED CONTEXT + TEMPLATE HYPOTHESIS; no field observation, no geologist review"
839,1178,361200.0,4424600.0,3328.7,0.977102,0.377747,0.599354,0.679914,1,414.8,0.1992,0.00066,0.7688,2.8995,0.1102,0.2087,0.007989,14.4373,459.7,"Buried or cover-hidden fault (the brief's A-only reading): a deep potential-field fabric step (upward-continued TMI and isostatic gravity gradient) beneath thick sedimentary cover, with no DEM scarp and no radiometric lineament, i.e. structure that does not reach the surface and so is missing from a surface-mapped catalogue. HYPOTHESIS, not verified geology.","Non-fault basin-fill density boundary or volcanic lithologic contact; buried palaeo-channel or alluvial-fan margin; road/erosion lineament (the brief's B-only artifact reading, excluded here by the B-abstain gate but not eliminated); upward-continued flight-line artefact of the airborne survey.","Independent evidence of offset at this location: a displaced contact or marker bed, deflected or offset drainage, a facies termination, a published structural interpretation, or field observation. None is claimed here.","MEASURED CONTEXT + TEMPLATE HYPOTHESIS; no field observation, no geologist review"
839,1183,361700.0,4424600.0,3052.9,0.993628,0.359773,0.633855,0.678913,1,411.2,0.2037,0.000759,1.0253,2.8995,0.122,0.189,0.005559,14.3,459.7,"Buried or cover-hidden fault (the brief's A-only reading): a deep potential-field fabric step (upward-continued TMI and isostatic gravity gradient) beneath thick sedimentary cover, with no DEM scarp and no radiometric lineament, i.e. structure that does not reach the surface and so is missing from a surface-mapped catalogue. HYPOTHESIS, not verified geology.","Non-fault basin-fill density boundary or volcanic lithologic contact; buried palaeo-channel or alluvial-fan margin; road/erosion lineament (the brief's B-only artifact reading, excluded here by the B-abstain gate but not eliminated); upward-continued flight-line artefact of the airborne survey.","Independent evidence of offset at this location: a displaced contact or marker bed, deflected or offset drainage, a facies termination, a published structural interpretation, or field observation. None is claimed here.","MEASURED CONTEXT + TEMPLATE HYPOTHESIS; no field observation, no geologist review"
840,1133,356700.0,4424500.0,3764.3,0.950735,0.468066,0.482669,0.676176,1,401.3,0.4974,0.00181,-2.0935,2.772,0.3386,0.4961,0.00493,15.7,449.6805,"Buried or cover-hidden fault (the brief's A-only reading): a deep potential-field fabric step (upward-continued TMI and isostatic gravity gradient) beneath thick sedimentary cover, with no DEM scarp and no radiometric lineament, i.e. structure that does not reach the surface and so is missing from a surface-mapped catalogue. HYPOTHESIS, not verified geology.","Non-fault basin-fill density boundary or volcanic lithologic contact; buried palaeo-channel or alluvial-fan margin; road/erosion lineament (the brief's B-only artifact reading, excluded here by the B-abstain gate but not eliminated); upward-continued flight-line artefact of the airborne survey.","Independent evidence of offset at this location: a displaced contact or marker bed, deflected or offset drainage, a facies termination, a published structural interpretation, or field observation. None is claimed here.","MEASURED CONTEXT + TEMPLATE HYPOTHESIS; no field observation, no geologist review"
840,1160,359400.0,4424500.0,3605.6,0.98695,0.523796,0.463154,0.681263,1,419.8,0.1763,0.000701,-0.2641,2.8995,0.1811,0.3031,0.00737,14.8,454.2,"Buried or cover-hidden fault (the brief's A-only reading): a deep potential-field fabric step (upward-continued TMI and isostatic gravity gradient) beneath thick sedimentary cover, with no DEM scarp and no radiometric lineament, i.e. structure that does not reach the surface and so is missing from a surface-mapped catalogue. HYPOTHESIS, not verified geology.","Non-fault basin-fill density boundary or volcanic lithologic contact; buried palaeo-channel or alluvial-fan margin; road/erosion lineament (the brief's B-only artifact reading, excluded here by the B-abstain gate but not eliminated); upward-continued flight-line artefact of the airborne survey.","Independent evidence of offset at this location: a displaced contact or marker bed, deflected or offset drainage, a facies termination, a published structural interpretation, or field observation. None is claimed here.","MEASURED CONTEXT + TEMPLATE HYPOTHESIS; no field observation, no geologist review"
840,1190,362400.0,4424500.0,2561.2,0.983482,0.432707,0.550776,0.675283,1,398.1,0.0984,0.000913,1.4255,2.8995,0.0984,0.2087,0.003839,14.3,460.8038,"Buried or cover-hidden fault (the brief's A-only reading): a deep potential-field fabric step (upward-continued TMI and isostatic gravity gradient) beneath thick sedimentary cover, with no DEM scarp and no radiometric lineament, i.e. structure that does not reach the surface and so is missing from a surface-mapped catalogue. HYPOTHESIS, not verified geology.","Non-fault basin-fill density boundary or volcanic lithologic contact; buried palaeo-channel or alluvial-fan margin; road/erosion lineament (the brief's B-only artifact reading, excluded here by the B-abstain gate but not eliminated); upward-continued flight-line artefact of the airborne survey.","Independent evidence of offset at this location: a displaced contact or marker bed, deflected or offset drainage, a facies termination, a published structural interpretation, or field observation. None is claimed here.","MEASURED CONTEXT + TEMPLATE HYPOTHESIS; no field observation, no geologist review"
841,1151,358500.0,4424400.0,3500.0,0.963779,0.42903,0.534749,0.679012,1,411.5,0.4055,0.001006,-0.884,2.8995,0.2087,0.4528,0.009362,15.3,451.8199,"Buried or cover-hidden fault (the brief's A-only reading): a deep potential-field fabric step (upward-continued TMI and isostatic gravity gradient) beneath thick sedimentary cover, with no DEM scarp and no radiometric lineament, i.e. structure that does not reach the surface and so is missing from a surface-mapped catalogue. HYPOTHESIS, not verified geology.","Non-fault basin-fill density boundary or volcanic lithologic contact; buried palaeo-channel or alluvial-fan margin; road/erosion lineament (the brief's B-only artifact reading, excluded here by the B-abstain gate but not eliminated); upward-continued flight-line artefact of the airborne survey.","Independent evidence of offset at this location: a displaced contact or marker bed, deflected or offset drainage, a facies termination, a published structural interpretation, or field observation. None is claimed here.","MEASURED CONTEXT + TEMPLATE HYPOTHESIS; no field observation, no geologist review"
842,1168,360200.0,4424300.0,3544.0,0.953651,0.387857,0.565794,0.681234,1,419.7,0.5914,0.000694,0.2362,2.8995,0.2874,0.2795,0.002805,14.8,454.2,"Buried or cover-hidden fault (the brief's A-only reading): a deep potential-field fabric step (upward-continued TMI and isostatic gravity gradient) beneath thick sedimentary cover, with no DEM scarp and no radiometric lineament, i.e. structure that does not reach the surface and so is missing from a surface-mapped catalogue. HYPOTHESIS, not verified geology.","Non-fault basin-fill density boundary or volcanic lithologic contact; buried palaeo-channel or alluvial-fan margin; road/erosion lineament (the brief's B-only artifact reading, excluded here by the B-abstain gate but not eliminated); upward-continued flight-line artefact of the airborne survey.","Independent evidence of offset at this location: a displaced contact or marker bed, deflected or offset drainage, a facies termination, a published structural interpretation, or field observation. None is claimed here.","MEASURED CONTEXT + TEMPLATE HYPOTHESIS; no field observation, no geologist review"
842,1172,360600.0,4424300.0,3465.5,0.993152,0.419308,0.573844,0.679896,1,414.8,0.6674,0.000698,0.5154,2.8995,0.2323,0.2717,0.004721,14.8,457.1505,"Buried or cover-hidden fault (the brief's A-only reading): a deep potential-field fabric step (upward-continued TMI and isostatic gravity gradient) beneath thick sedimentary cover, with no DEM scarp and no radiometric lineament, i.e. structure that does not reach the surface and so is missing from a surface-mapped catalogue. HYPOTHESIS, not verified geology.","Non-fault basin-fill density boundary or volcanic lithologic contact; buried palaeo-channel or alluvial-fan margin; road/erosion lineament (the brief's B-only artifact reading, excluded here by the B-abstain gate but not eliminated); upward-continued flight-line artefact of the airborne survey.","Independent evidence of offset at this location: a displaced contact or marker bed, deflected or offset drainage, a facies termination, a published structural interpretation, or field observation. None is claimed here.","MEASURED CONTEXT + TEMPLATE HYPOTHESIS; no field observation, no geologist review"
842,1178,361200.0,4424300.0,3080.6,0.983886,0.414254,0.569632,0.676626,1,402.9,0.2209,0.000765,0.9002,2.8995,0.1496,0.2126,0.006886,14.4371,459.7,"Buried or cover-hidden fault (the brief's A-only reading): a deep potential-field fabric step (upward-continued TMI and isostatic gravity gradient) beneath thick sedimentary cover, with no DEM scarp and no radiometric lineament, i.e. structure that does not reach the surface and so is missing from a surface-mapped catalogue. HYPOTHESIS, not verified geology.","Non-fault basin-fill density boundary or volcanic lithologic contact; buried palaeo-channel or alluvial-fan margin; road/erosion lineament (the brief's B-only artifact reading, excluded here by the B-abstain gate but not eliminated); upward-continued flight-line artefact of the airborne survey.","Independent evidence of offset at this location: a displaced contact or marker bed, deflected or offset drainage, a facies termination, a published structural interpretation, or field observation. None is claimed here.","MEASURED CONTEXT + TEMPLATE HYPOTHESIS; no field observation, no geologist review"
842,1198,363200.0,4424300.0,1969.8,0.979584,0.424958,0.554626,0.667835,1,372.6,0.1975,0.001041,1.8703,2.8995,0.189,0.189,0.005446,14.0239,470.3,"Buried or cover-hidden fault (the brief's A-only reading): a deep potential-field fabric step (upward-continued TMI and isostatic gravity gradient) beneath thick sedimentary cover, with no DEM scarp and no radiometric lineament, i.e. structure that does not reach the surface and so is missing from a surface-mapped catalogue. HYPOTHESIS, not verified geology.","Non-fault basin-fill density boundary or volcanic lithologic contact; buried palaeo-channel or alluvial-fan margin; road/erosion lineament (the brief's B-only artifact reading, excluded here by the B-abstain gate but not eliminated); upward-continued flight-line artefact of the airborne survey.","Independent evidence of offset at this location: a displaced contact or marker bed, deflected or offset drainage, a facies termination, a published structural interpretation, or field observation. None is claimed here.","MEASURED CONTEXT + TEMPLATE HYPOTHESIS; no field observation, no geologist review"
842,1203,363700.0,4424300.0,1749.3,0.953612,0.353293,0.600319,0.667418,1,371.2,0.1971,0.001104,1.9692,2.8995,0.1417,0.2047,0.008849,13.9,470.3,"Buried or cover-hidden fault (the brief's A-only reading): a deep potential-field fabric step (upward-continued TMI and isostatic gravity gradient) beneath thick sedimentary cover, with no DEM scarp and no radiometric lineament, i.e. structure that does not reach the surface and so is missing from a surface-mapped catalogue. HYPOTHESIS, not verified geology.","Non-fault basin-fill density boundary or volcanic lithologic contact; buried palaeo-channel or alluvial-fan margin; road/erosion lineament (the brief's B-only artifact reading, excluded here by the B-abstain gate but not eliminated); upward-continued flight-line artefact of the airborne survey.","Independent evidence of offset at this location: a displaced contact or marker bed, deflected or offset drainage, a facies termination, a published structural interpretation, or field observation. None is claimed here.","MEASURED CONTEXT + TEMPLATE HYPOTHESIS; no field observation, no geologist review"
843,1135,356900.0,4424200.0,3420.5,0.980433,0.383682,0.596751,0.681872,1,422.1,0.2553,0.001635,-2.3523,2.772,0.2283,0.6142,0.005452,15.619,450.4,"Buried or cover-hidden fault (the brief's A-only reading): a deep potential-field fabric step (upward-continued TMI and isostatic gravity gradient) beneath thick sedimentary cover, with no DEM scarp and no radiometric lineament, i.e. structure that does not reach the surface and so is missing from a surface-mapped catalogue. HYPOTHESIS, not verified geology.","Non-fault basin-fill density boundary or volcanic lithologic contact; buried palaeo-channel or alluvial-fan margin; road/erosion lineament (the brief's B-only artifact reading, excluded here by the B-abstain gate but not eliminated); upward-continued flight-line artefact of the airborne survey.","Independent evidence of offset at this location: a displaced contact or marker bed, deflected or offset drainage, a facies termination, a published structural interpretation, or field observation. None is claimed here.","MEASURED CONTEXT + TEMPLATE HYPOTHESIS; no field observation, no geologist review"
843,1159,359300.0,4424200.0,3301.5,0.988079,0.639765,0.348314,0.683246,1,427.3,0.2686,0.000813,-0.4272,2.8995,0.2087,0.2835,0.007129,14.8201,454.2,"Buried or cover-hidden fault (the brief's A-only reading): a deep potential-field fabric step (upward-continued TMI and isostatic gravity gradient) beneath thick sedimentary cover, with no DEM scarp and no radiometric lineament, i.e. structure that does not reach the surface and so is missing from a surface-mapped catalogue. HYPOTHESIS, not verified geology.","Non-fault basin-fill density boundary or volcanic lithologic contact; buried palaeo-channel or alluvial-fan margin; road/erosion lineament (the brief's B-only artifact reading, excluded here by the B-abstain gate but not eliminated); upward-continued flight-line artefact of the airborne survey.","Independent evidence of offset at this location: a displaced contact or marker bed, deflected or offset drainage, a facies termination, a published structural interpretation, or field observation. None is claimed here.","MEASURED CONTEXT + TEMPLATE HYPOTHESIS; no field observation, no geologist review"
844,1155,358900.0,4424100.0,3200.0,0.974201,0.428113,0.546088,0.683247,1,427.3,0.2106,0.000928,-0.7736,2.8995,0.2126,0.374,0.008297,15.2165,455.5095,"Buried or cover-hidden fault (the brief's A-only reading): a deep potential-field fabric step (upward-continued TMI and isostatic gravity gradient) beneath thick sedimentary cover, with no DEM scarp and no radiometric lineament, i.e. structure that does not reach the surface and so is missing from a surface-mapped catalogue. HYPOTHESIS, not verified geology.","Non-fault basin-fill density boundary or volcanic lithologic contact; buried palaeo-channel or alluvial-fan margin; road/erosion lineament (the brief's B-only artifact reading, excluded here by the B-abstain gate but not eliminated); upward-continued flight-line artefact of the airborne survey.","Independent evidence of offset at this location: a displaced contact or marker bed, deflected or offset drainage, a facies termination, a published structural interpretation, or field observation. None is claimed here.","MEASURED CONTEXT + TEMPLATE HYPOTHESIS; no field observation, no geologist review"
844,1186,362000.0,4424100.0,2469.8,0.987663,0.357959,0.629704,0.668224,1,373.9,0.1747,0.000932,1.5127,2.8995,0.0945,0.2362,0.005351,14.3,462.1696,"Buried or cover-hidden fault (the brief's A-only reading): a deep potential-field fabric step (upward-continued TMI and isostatic gravity gradient) beneath thick sedimentary cover, with no DEM scarp and no radiometric lineament, i.e. structure that does not reach the surface and so is missing from a surface-mapped catalogue. HYPOTHESIS, not verified geology.","Non-fault basin-fill density boundary or volcanic lithologic contact; buried palaeo-channel or alluvial-fan margin; road/erosion lineament (the brief's B-only artifact reading, excluded here by the B-abstain gate but not eliminated); upward-continued flight-line artefact of the airborne survey.","Independent evidence of offset at this location: a displaced contact or marker bed, deflected or offset drainage, a facies termination, a published structural interpretation, or field observation. None is claimed here.","MEASURED CONTEXT + TEMPLATE HYPOTHESIS; no field observation, no geologist review"
844,1189,362300.0,4424100.0,2302.2,0.984089,0.350962,0.633127,0.665969,1,366.5,0.5391,0.000972,1.6926,2.8995,0.0551,0.2323,0.003337,14.3,462.1517,"Buried or cover-hidden fault (the brief's A-only reading): a deep potential-field fabric step (upward-continued TMI and isostatic gravity gradient) beneath thick sedimentary cover, with no DEM scarp and no radiometric lineament, i.e. structure that does not reach the surface and so is missing from a surface-mapped catalogue. HYPOTHESIS, not verified geology.","Non-fault basin-fill density boundary or volcanic lithologic contact; buried palaeo-channel or alluvial-fan margin; road/erosion lineament (the brief's B-only artifact reading, excluded here by the B-abstain gate but not eliminated); upward-continued flight-line artefact of the airborne survey.","Independent evidence of offset at this location: a displaced contact or marker bed, deflected or offset drainage, a facies termination, a published structural interpretation, or field observation. None is claimed here.","MEASURED CONTEXT + TEMPLATE HYPOTHESIS; no field observation, no geologist review"
844,1193,362700.0,4424100.0,2061.6,0.980615,0.410394,0.570221,0.66326,1,357.7,0.1977,0.000998,1.9054,2.8995,0.0551,0.2441,0.002505,14.3,469.1354,"Buried or cover-hidden fault (the brief's A-only reading): a deep potential-field fabric step (upward-continued TMI and isostatic gravity gradient) beneath thick sedimentary cover, with no DEM scarp and no radiometric lineament, i.e. structure that does not reach the surface and so is missing from a surface-mapped catalogue. HYPOTHESIS, not verified geology.","Non-fault basin-fill density boundary or volcanic lithologic contact; buried palaeo-channel or alluvial-fan margin; road/erosion lineament (the brief's B-only artifact reading, excluded here by the B-abstain gate but not eliminated); upward-continued flight-line artefact of the airborne survey.","Independent evidence of offset at this location: a displaced contact or marker bed, deflected or offset drainage, a facies termination, a published structural interpretation, or field observation. None is claimed here.","MEASURED CONTEXT + TEMPLATE HYPOTHESIS; no field observation, no geologist review"
845,1149,358300.0,4424000.0,3100.0,0.968382,0.498607,0.469774,0.683716,1,429.1,0.2107,0.001126,-1.335,2.8995,0.2362,0.4055,0.007558,15.3,455.6258,"Buried or cover-hidden fault (the brief's A-only reading): a deep potential-field fabric step (upward-continued TMI and isostatic gravity gradient) beneath thick sedimentary cover, with no DEM scarp and no radiometric lineament, i.e. structure that does not reach the surface and so is missing from a surface-mapped catalogue. HYPOTHESIS, not verified geology.","Non-fault basin-fill density boundary or volcanic lithologic contact; buried palaeo-channel or alluvial-fan margin; road/erosion lineament (the brief's B-only artifact reading, excluded here by the B-abstain gate but not eliminated); upward-continued flight-line artefact of the airborne survey.","Independent evidence of offset at this location: a displaced contact or marker bed, deflected or offset drainage, a facies termination, a published structural interpretation, or field observation. None is claimed here.","MEASURED CONTEXT + TEMPLATE HYPOTHESIS; no field observation, no geologist review"
845,1179,361300.0,4424000.0,2780.3,0.982951,0.396431,0.58652,0.672315,1,387.7,0.1988,0.000883,1.1069,2.8995,0.1378,0.2677,0.005748,14.3378,466.4304,"Buried or cover-hidden fault (the brief's A-only reading): a deep potential-field fabric step (upward-continued TMI and isostatic gravity gradient) beneath thick sedimentary cover, with no DEM scarp and no radiometric lineament, i.e. structure that does not reach the surface and so is missing from a surface-mapped catalogue. HYPOTHESIS, not verified geology.","Non-fault basin-fill density boundary or volcanic lithologic contact; buried palaeo-channel or alluvial-fan margin; road/erosion lineament (the brief's B-only artifact reading, excluded here by the B-abstain gate but not eliminated); upward-continued flight-line artefact of the airborne survey.","Independent evidence of offset at this location: a displaced contact or marker bed, deflected or offset drainage, a facies termination, a published structural interpretation, or field observation. None is claimed here.","MEASURED CONTEXT + TEMPLATE HYPOTHESIS; no field observation, no geologist review"
846,1162,359600.0,4423900.0,3026.5,0.969122,0.443071,0.526051,0.685643,1,436.5,0.2105,0.000877,-0.2692,2.8995,0.2559,0.3307,0.004955,14.8,459.6467,"Buried or cover-hidden fault (the brief's A-only reading): a deep potential-field fabric step (upward-continued TMI and isostatic gravity gradient) beneath thick sedimentary cover, with no DEM scarp and no radiometric lineament, i.e. structure that does not reach the surface and so is missing from a surface-mapped catalogue. HYPOTHESIS, not verified geology.","Non-fault basin-fill density boundary or volcanic lithologic contact; buried palaeo-channel or alluvial-fan margin; road/erosion lineament (the brief's B-only artifact reading, excluded here by the B-abstain gate but not eliminated); upward-continued flight-line artefact of the airborne survey.","Independent evidence of offset at this location: a displaced contact or marker bed, deflected or offset drainage, a facies termination, a published structural interpretation, or field observation. None is claimed here.","MEASURED CONTEXT + TEMPLATE HYPOTHESIS; no field observation, no geologist review"
846,1183,361700.0,4423900.0,2469.8,0.987663,0.35399,0.633673,0.66686,1,369.4,0.2039,0.000953,1.4559,2.8995,0.1535,0.1811,0.005878,14.3,470.6253,"Buried or cover-hidden fault (the brief's A-only reading): a deep potential-field fabric step (upward-continued TMI and isostatic gravity gradient) beneath thick sedimentary cover, with no DEM scarp and no radiometric lineament, i.e. structure that does not reach the surface and so is missing from a surface-mapped catalogue. HYPOTHESIS, not verified geology.","Non-fault basin-fill density boundary or volcanic lithologic contact; buried palaeo-channel or alluvial-fan margin; road/erosion lineament (the brief's B-only artifact reading, excluded here by the B-abstain gate but not eliminated); upward-continued flight-line artefact of the airborne survey.","Independent evidence of offset at this location: a displaced contact or marker bed, deflected or offset drainage, a facies termination, a published structural interpretation, or field observation. None is claimed here.","MEASURED CONTEXT + TEMPLATE HYPOTHESIS; no field observation, no geologist review"
846,1199,363300.0,4423900.0,1565.2,0.977539,0.551388,0.42615,0.653491,1,328.0,0.1827,0.001082,2.3096,2.8995,0.2165,0.189,0.00869,13.9444,478.5391,"Buried or cover-hidden fault (the brief's A-only reading): a deep potential-field fabric step (upward-continued TMI and isostatic gravity gradient) beneath thick sedimentary cover, with no DEM scarp and no radiometric lineament, i.e. structure that does not reach the surface and so is missing from a surface-mapped catalogue. HYPOTHESIS, not verified geology.","Non-fault basin-fill density boundary or volcanic lithologic contact; buried palaeo-channel or alluvial-fan margin; road/erosion lineament (the brief's B-only artifact reading, excluded here by the B-abstain gate but not eliminated); upward-continued flight-line artefact of the airborne survey.","Independent evidence of offset at this location: a displaced contact or marker bed, deflected or offset drainage, a facies termination, a published structural interpretation, or field observation. None is claimed here.","MEASURED CONTEXT + TEMPLATE HYPOTHESIS; no field observation, no geologist review"
847,1156,359000.0,4423800.0,2900.0,0.995664,0.350665,0.644999,0.686167,1,438.5,0.2105,0.00097,-0.8363,2.8995,0.248,0.3504,0.005715,15.1171,461.7439,"Buried or cover-hidden fault (the brief's A-only reading): a deep potential-field fabric step (upward-continued TMI and isostatic gravity gradient) beneath thick sedimentary cover, with no DEM scarp and no radiometric lineament, i.e. structure that does not reach the surface and so is missing from a surface-mapped catalogue. HYPOTHESIS, not verified geology.","Non-fault basin-fill density boundary or volcanic lithologic contact; buried palaeo-channel or alluvial-fan margin; road/erosion lineament (the brief's B-only artifact reading, excluded here by the B-abstain gate but not eliminated); upward-continued flight-line artefact of the airborne survey.","Independent evidence of offset at this location: a displaced contact or marker bed, deflected or offset drainage, a facies termination, a published structural interpretation, or field observation. None is claimed here.","MEASURED CONTEXT + TEMPLATE HYPOTHESIS; no field observation, no geologist review"
847,1159,359300.0,4423800.0,2901.7,0.998707,0.603757,0.394951,0.686331,1,439.2,0.2105,0.000932,-0.5634,2.8995,0.1535,0.3268,0.004784,14.8198,461.7349,"Buried or cover-hidden fault (the brief's A-only reading): a deep potential-field fabric step (upward-continued TMI and isostatic gravity gradient) beneath thick sedimentary cover, with no DEM scarp and no radiometric lineament, i.e. structure that does not reach the surface and so is missing from a surface-mapped catalogue. HYPOTHESIS, not verified geology.","Non-fault basin-fill density boundary or volcanic lithologic contact; buried palaeo-channel or alluvial-fan margin; road/erosion lineament (the brief's B-only artifact reading, excluded here by the B-abstain gate but not eliminated); upward-continued flight-line artefact of the airborne survey.","Independent evidence of offset at this location: a displaced contact or marker bed, deflected or offset drainage, a facies termination, a published structural interpretation, or field observation. None is claimed here.","MEASURED CONTEXT + TEMPLATE HYPOTHESIS; no field observation, no geologist review"
847,1166,360000.0,4423800.0,3008.3,0.966294,0.399726,0.566568,0.68295,1,426.2,0.46,0.000906,0.0756,2.8995,0.2402,0.2953,0.003459,14.8,461.7138,"Buried or cover-hidden fault (the brief's A-only reading): a deep potential-field fabric step (upward-continued TMI and isostatic gravity gradient) beneath thick sedimentary cover, with no DEM scarp and no radiometric lineament, i.e. structure that does not reach the surface and so is missing from a surface-mapped catalogue. HYPOTHESIS, not verified geology.","Non-fault basin-fill density boundary or volcanic lithologic contact; buried palaeo-channel or alluvial-fan margin; road/erosion lineament (the brief's B-only artifact reading, excluded here by the B-abstain gate but not eliminated); upward-continued flight-line artefact of the airborne survey.","Independent evidence of offset at this location: a displaced contact or marker bed, deflected or offset drainage, a facies termination, a published structural interpretation, or field observation. None is claimed here.","MEASURED CONTEXT + TEMPLATE HYPOTHESIS; no field observation, no geologist review"
848,1147,358100.0,4423700.0,2800.0,0.98726,0.393579,0.593681,0.687711,1,444.6,0.241,0.001185,-1.7705,2.8995,0.2283,0.4331,0.006172,15.3,465.2032,"Buried or cover-hidden fault (the brief's A-only reading): a deep potential-field fabric step (upward-continued TMI and isostatic gravity gradient) beneath thick sedimentary cover, with no DEM scarp and no radiometric lineament, i.e. structure that does not reach the surface and so is missing from a surface-mapped catalogue. HYPOTHESIS, not verified geology.","Non-fault basin-fill density boundary or volcanic lithologic contact; buried palaeo-channel or alluvial-fan margin; road/erosion lineament (the brief's B-only artifact reading, excluded here by the B-abstain gate but not eliminated); upward-continued flight-line artefact of the airborne survey.","Independent evidence of offset at this location: a displaced contact or marker bed, deflected or offset drainage, a facies termination, a published structural interpretation, or field observation. None is claimed here.","MEASURED CONTEXT + TEMPLATE HYPOTHESIS; no field observation, no geologist review"
850,1143,357700.0,4423500.0,2601.9,0.950602,0.427294,0.523308,0.690216,1,454.6,1.6917,0.001271,-2.2921,2.8594,0.2756,0.4961,0.007371,15.3,466.2,"Buried or cover-hidden fault (the brief's A-only reading): a deep potential-field fabric step (upward-continued TMI and isostatic gravity gradient) beneath thick sedimentary cover, with no DEM scarp and no radiometric lineament, i.e. structure that does not reach the surface and so is missing from a surface-mapped catalogue. HYPOTHESIS, not verified geology.","Non-fault basin-fill density boundary or volcanic lithologic contact; buried palaeo-channel or alluvial-fan margin; road/erosion lineament (the brief's B-only artifact reading, excluded here by the B-abstain gate but not eliminated); upward-continued flight-line artefact of the airborne survey.","Independent evidence of offset at this location: a displaced contact or marker bed, deflected or offset drainage, a facies termination, a published structural interpretation, or field observation. None is claimed here.","MEASURED CONTEXT + TEMPLATE HYPOTHESIS; no field observation, no geologist review"
850,1152,358600.0,4423500.0,2600.0,0.982399,0.589685,0.392715,0.688057,1,446.0,0.196,0.001094,-1.3219,2.8992,0.2244,0.3701,0.004949,15.3,465.2253,"Buried or cover-hidden fault (the brief's A-only reading): a deep potential-field fabric step (upward-continued TMI and isostatic gravity gradient) beneath thick sedimentary cover, with no DEM scarp and no radiometric lineament, i.e. structure that does not reach the surface and so is missing from a surface-mapped catalogue. HYPOTHESIS, not verified geology.","Non-fault basin-fill density boundary or volcanic lithologic contact; buried palaeo-channel or alluvial-fan margin; road/erosion lineament (the brief's B-only artifact reading, excluded here by the B-abstain gate but not eliminated); upward-continued flight-line artefact of the airborne survey.","Independent evidence of offset at this location: a displaced contact or marker bed, deflected or offset drainage, a facies termination, a published structural interpretation, or field observation. None is claimed here.","MEASURED CONTEXT + TEMPLATE HYPOTHESIS; no field observation, no geologist review"
851,1146,358000.0,4423400.0,2500.0,0.986356,0.53251,0.453845,0.690188,1,454.5,0.0884,0.001213,-2.0079,2.893,0.1654,0.4055,0.005189,15.3,466.2,"Buried or cover-hidden fault (the brief's A-only reading): a deep potential-field fabric step (upward-continued TMI and isostatic gravity gradient) beneath thick sedimentary cover, with no DEM scarp and no radiometric lineament, i.e. structure that does not reach the surface and so is missing from a surface-mapped catalogue. HYPOTHESIS, not verified geology.","Non-fault basin-fill density boundary or volcanic lithologic contact; buried palaeo-channel or alluvial-fan margin; road/erosion lineament (the brief's B-only artifact reading, excluded here by the B-abstain gate but not eliminated); upward-continued flight-line artefact of the airborne survey.","Independent evidence of offset at this location: a displaced contact or marker bed, deflected or offset drainage, a facies termination, a published structural interpretation, or field observation. None is claimed here.","MEASURED CONTEXT + TEMPLATE HYPOTHESIS; no field observation, no geologist review"
852,1157,359100.0,4423300.0,2400.0,0.979022,0.355987,0.623035,0.687738,1,444.7,0.1958,0.001086,-0.8254,2.8907,0.3622,0.3307,0.000744,15.0176,464.5,"Buried or cover-hidden fault (the brief's A-only reading): a deep potential-field fabric step (upward-continued TMI and isostatic gravity gradient) beneath thick sedimentary cover, with no DEM scarp and no radiometric lineament, i.e. structure that does not reach the surface and so is missing from a surface-mapped catalogue. HYPOTHESIS, not verified geology.","Non-fault basin-fill density boundary or volcanic lithologic contact; buried palaeo-channel or alluvial-fan margin; road/erosion lineament (the brief's B-only artifact reading, excluded here by the B-abstain gate but not eliminated); upward-continued flight-line artefact of the airborne survey.","Independent evidence of offset at this location: a displaced contact or marker bed, deflected or offset drainage, a facies termination, a published structural interpretation, or field observation. None is claimed here.","MEASURED CONTEXT + TEMPLATE HYPOTHESIS; no field observation, no geologist review"
853,1149,358300.0,4423200.0,2300.0,0.952319,0.418647,0.533672,0.690417,1,455.4,0.1961,0.001202,-1.7366,2.8864,0.2165,0.3031,0.003769,15.3,466.2,"Buried or cover-hidden fault (the brief's A-only reading): a deep potential-field fabric step (upward-continued TMI and isostatic gravity gradient) beneath thick sedimentary cover, with no DEM scarp and no radiometric lineament, i.e. structure that does not reach the surface and so is missing from a surface-mapped catalogue. HYPOTHESIS, not verified geology.","Non-fault basin-fill density boundary or volcanic lithologic contact; buried palaeo-channel or alluvial-fan margin; road/erosion lineament (the brief's B-only artifact reading, excluded here by the B-abstain gate but not eliminated); upward-continued flight-line artefact of the airborne survey.","Independent evidence of offset at this location: a displaced contact or marker bed, deflected or offset drainage, a facies termination, a published structural interpretation, or field observation. None is claimed here.","MEASURED CONTEXT + TEMPLATE HYPOTHESIS; no field observation, no geologist review"
853,1153,358700.0,4423200.0,2300.0,0.997785,0.388518,0.609267,0.688991,1,449.7,0.1958,0.001147,-1.2764,2.8864,0.3268,0.3031,0.002716,15.3,464.8875,"Buried or cover-hidden fault (the brief's A-only reading): a deep potential-field fabric step (upward-continued TMI and isostatic gravity gradient) beneath thick sedimentary cover, with no DEM scarp and no radiometric lineament, i.e. structure that does not reach the surface and so is missing from a surface-mapped catalogue. HYPOTHESIS, not verified geology.","Non-fault basin-fill density boundary or volcanic lithologic contact; buried palaeo-channel or alluvial-fan margin; road/erosion lineament (the brief's B-only artifact reading, excluded here by the B-abstain gate but not eliminated); upward-continued flight-line artefact of the airborne survey.","Independent evidence of offset at this location: a displaced contact or marker bed, deflected or offset drainage, a facies termination, a published structural interpretation, or field observation. None is claimed here.","MEASURED CONTEXT + TEMPLATE HYPOTHESIS; no field observation, no geologist review"
853,1166,360000.0,4423200.0,2435.2,0.951002,0.436172,0.514831,0.680546,1,417.2,0.213,0.001134,0.1716,2.8865,0.2047,0.252,0.001158,14.8,464.5,"Buried or cover-hidden fault (the brief's A-only reading): a deep potential-field fabric step (upward-continued TMI and isostatic gravity gradient) beneath thick sedimentary cover, with no DEM scarp and no radiometric lineament, i.e. structure that does not reach the surface and so is missing from a surface-mapped catalogue. HYPOTHESIS, not verified geology.","Non-fault basin-fill density boundary or volcanic lithologic contact; buried palaeo-channel or alluvial-fan margin; road/erosion lineament (the brief's B-only artifact reading, excluded here by the B-abstain gate but not eliminated); upward-continued flight-line artefact of the airborne survey.","Independent evidence of offset at this location: a displaced contact or marker bed, deflected or offset drainage, a facies termination, a published structural interpretation, or field observation. None is claimed here.","MEASURED CONTEXT + TEMPLATE HYPOTHESIS; no field observation, no geologist review"
853,1173,360700.0,4423200.0,2549.5,0.958348,0.414484,0.543864,0.669797,1,379.1,0.1891,0.001148,0.9442,2.8865,0.1969,0.1969,0.002004,14.8,476.3565,"Buried or cover-hidden fault (the brief's A-only reading): a deep potential-field fabric step (upward-continued TMI and isostatic gravity gradient) beneath thick sedimentary cover, with no DEM scarp and no radiometric lineament, i.e. structure that does not reach the surface and so is missing from a surface-mapped catalogue. HYPOTHESIS, not verified geology.","Non-fault basin-fill density boundary or volcanic lithologic contact; buried palaeo-channel or alluvial-fan margin; road/erosion lineament (the brief's B-only artifact reading, excluded here by the B-abstain gate but not eliminated); upward-continued flight-line artefact of the airborne survey.","Independent evidence of offset at this location: a displaced contact or marker bed, deflected or offset drainage, a facies termination, a published structural interpretation, or field observation. None is claimed here.","MEASURED CONTEXT + TEMPLATE HYPOTHESIS; no field observation, no geologist review"
854,1170,360400.0,4423100.0,2506.0,0.951002,0.3643,0.586702,0.673707,1,392.6,0.1883,0.00118,0.6534,2.8822,0.1654,0.2323,0.002226,14.8848,466.785,"Buried or cover-hidden fault (the brief's A-only reading): a deep potential-field fabric step (upward-continued TMI and isostatic gravity gradient) beneath thick sedimentary cover, with no DEM scarp and no radiometric lineament, i.e. structure that does not reach the surface and so is missing from a surface-mapped catalogue. HYPOTHESIS, not verified geology.","Non-fault basin-fill density boundary or volcanic lithologic contact; buried palaeo-channel or alluvial-fan margin; road/erosion lineament (the brief's B-only artifact reading, excluded here by the B-abstain gate but not eliminated); upward-continued flight-line artefact of the airborne survey.","Independent evidence of offset at this location: a displaced contact or marker bed, deflected or offset drainage, a facies termination, a published structural interpretation, or field observation. None is claimed here.","MEASURED CONTEXT + TEMPLATE HYPOTHESIS; no field observation, no geologist review"
854,1182,361600.0,4423100.0,1910.5,0.977514,0.35768,0.619834,0.649176,1,315.6,0.1557,0.001219,1.9447,2.8823,0.0079,0.1811,0.006164,14.3552,480.6,"Buried or cover-hidden fault (the brief's A-only reading): a deep potential-field fabric step (upward-continued TMI and isostatic gravity gradient) beneath thick sedimentary cover, with no DEM scarp and no radiometric lineament, i.e. structure that does not reach the surface and so is missing from a surface-mapped catalogue. HYPOTHESIS, not verified geology.","Non-fault basin-fill density boundary or volcanic lithologic contact; buried palaeo-channel or alluvial-fan margin; road/erosion lineament (the brief's B-only artifact reading, excluded here by the B-abstain gate but not eliminated); upward-continued flight-line artefact of the airborne survey.","Independent evidence of offset at this location: a displaced contact or marker bed, deflected or offset drainage, a facies termination, a published structural interpretation, or field observation. None is claimed here.","MEASURED CONTEXT + TEMPLATE HYPOTHESIS; no field observation, no geologist review"
855,1179,361300.0,4423000.0,2024.8,0.974268,0.428156,0.546112,0.653667,1,328.5,0.2311,0.001255,1.6912,2.878,0.0787,0.2087,0.00395,14.4783,480.6,"Buried or cover-hidden fault (the brief's A-only reading): a deep potential-field fabric step (upward-continued TMI and isostatic gravity gradient) beneath thick sedimentary cover, with no DEM scarp and no radiometric lineament, i.e. structure that does not reach the surface and so is missing from a surface-mapped catalogue. HYPOTHESIS, not verified geology.","Non-fault basin-fill density boundary or volcanic lithologic contact; buried palaeo-channel or alluvial-fan margin; road/erosion lineament (the brief's B-only artifact reading, excluded here by the B-abstain gate but not eliminated); upward-continued flight-line artefact of the airborne survey.","Independent evidence of offset at this location: a displaced contact or marker bed, deflected or offset drainage, a facies termination, a published structural interpretation, or field observation. None is claimed here.","MEASURED CONTEXT + TEMPLATE HYPOTHESIS; no field observation, no geologist review"
856,1154,358800.0,4422900.0,2000.0,0.972496,0.563525,0.408971,0.689559,1,452.0,0.1959,0.001215,-1.2123,2.8735,0.2913,0.3071,0.002253,15.5749,464.5497,"Buried or cover-hidden fault (the brief's A-only reading): a deep potential-field fabric step (upward-continued TMI and isostatic gravity gradient) beneath thick sedimentary cover, with no DEM scarp and no radiometric lineament, i.e. structure that does not reach the surface and so is missing from a surface-mapped catalogue. HYPOTHESIS, not verified geology.","Non-fault basin-fill density boundary or volcanic lithologic contact; buried palaeo-channel or alluvial-fan margin; road/erosion lineament (the brief's B-only artifact reading, excluded here by the B-abstain gate but not eliminated); upward-continued flight-line artefact of the airborne survey.","Independent evidence of offset at this location: a displaced contact or marker bed, deflected or offset drainage, a facies termination, a published structural interpretation, or field observation. None is claimed here.","MEASURED CONTEXT + TEMPLATE HYPOTHESIS; no field observation, no geologist review"
857,1150,358400.0,4422800.0,1900.0,0.951797,0.355811,0.595986,0.692026,1,462.0,0.196,0.001276,-1.7312,2.8692,0.2402,0.3386,0.003199,15.6764,465.8973,"Buried or cover-hidden fault (the brief's A-only reading): a deep potential-field fabric step (upward-continued TMI and isostatic gravity gradient) beneath thick sedimentary cover, with no DEM scarp and no radiometric lineament, i.e. structure that does not reach the surface and so is missing from a surface-mapped catalogue. HYPOTHESIS, not verified geology.","Non-fault basin-fill density boundary or volcanic lithologic contact; buried palaeo-channel or alluvial-fan margin; road/erosion lineament (the brief's B-only artifact reading, excluded here by the B-abstain gate but not eliminated); upward-continued flight-line artefact of the airborne survey.","Independent evidence of offset at this location: a displaced contact or marker bed, deflected or offset drainage, a facies termination, a published structural interpretation, or field observation. None is claimed here.","MEASURED CONTEXT + TEMPLATE HYPOTHESIS; no field observation, no geologist review"
898,1105,353900.0,4418700.0,1878.8,0.958818,0.604643,0.354176,0.718344,1,583.7,0.9031,0.00405,-2.3802,2.7797,0.3346,0.5276,0.018705,17.6,471.9,"Buried or cover-hidden fault (the brief's A-only reading): a deep potential-field fabric step (upward-continued TMI and isostatic gravity gradient) beneath thick sedimentary cover, with no DEM scarp and no radiometric lineament, i.e. structure that does not reach the surface and so is missing from a surface-mapped catalogue. HYPOTHESIS, not verified geology.","Non-fault basin-fill density boundary or volcanic lithologic contact; buried palaeo-channel or alluvial-fan margin; road/erosion lineament (the brief's B-only artifact reading, excluded here by the B-abstain gate but not eliminated); upward-continued flight-line artefact of the airborne survey.","Independent evidence of offset at this location: a displaced contact or marker bed, deflected or offset drainage, a facies termination, a published structural interpretation, or field observation. None is claimed here.","MEASURED CONTEXT + TEMPLATE HYPOTHESIS; no field observation, no geologist review"
938,1149,358300.0,4414700.0,2140.1,0.999997,0.636346,0.363651,0.388166,1,30.3,0.1506,0.006394,6.9319,2.9653,0.4528,0.2165,0.008017,18.4,477.5,"Buried or cover-hidden fault (the brief's A-only reading): a deep potential-field fabric step (upward-continued TMI and isostatic gravity gradient) beneath thick sedimentary cover, with no DEM scarp and no radiometric lineament, i.e. structure that does not reach the surface and so is missing from a surface-mapped catalogue. HYPOTHESIS, not verified geology.","Non-fault basin-fill density boundary or volcanic lithologic contact; buried palaeo-channel or alluvial-fan margin; road/erosion lineament (the brief's B-only artifact reading, excluded here by the B-abstain gate but not eliminated); upward-continued flight-line artefact of the airborne survey.","Independent evidence of offset at this location: a displaced contact or marker bed, deflected or offset drainage, a facies termination, a published structural interpretation, or field observation. None is claimed here.","MEASURED CONTEXT + TEMPLATE HYPOTHESIS; no field observation, no geologist review"
941,1149,358300.0,4414400.0,2302.2,0.99851,0.534149,0.464362,0.420324,1,40.6,0.1139,0.006483,5.7301,2.9653,0.3937,0.3976,0.002801,18.4,477.5,"Buried or cover-hidden fault (the brief's A-only reading): a deep potential-field fabric step (upward-continued TMI and isostatic gravity gradient) beneath thick sedimentary cover, with no DEM scarp and no radiometric lineament, i.e. structure that does not reach the surface and so is missing from a surface-mapped catalogue. HYPOTHESIS, not verified geology.","Non-fault basin-fill density boundary or volcanic lithologic contact; buried palaeo-channel or alluvial-fan margin; road/erosion lineament (the brief's B-only artifact reading, excluded here by the B-abstain gate but not eliminated); upward-continued flight-line artefact of the airborne survey.","Independent evidence of offset at this location: a displaced contact or marker bed, deflected or offset drainage, a facies termination, a published structural interpretation, or field observation. None is claimed here.","MEASURED CONTEXT + TEMPLATE HYPOTHESIS; no field observation, no geologist review"
944,1165,359900.0,4414100.0,2692.6,0.973752,0.436099,0.537653,0.532659,1,111.6,0.4857,0.005797,-4.4338,2.9653,0.3071,0.5276,0.004368,17.7,482.29,"Buried or cover-hidden fault (the brief's A-only reading): a deep potential-field fabric step (upward-continued TMI and isostatic gravity gradient) beneath thick sedimentary cover, with no DEM scarp and no radiometric lineament, i.e. structure that does not reach the surface and so is missing from a surface-mapped catalogue. HYPOTHESIS, not verified geology.","Non-fault basin-fill density boundary or volcanic lithologic contact; buried palaeo-channel or alluvial-fan margin; road/erosion lineament (the brief's B-only artifact reading, excluded here by the B-abstain gate but not eliminated); upward-continued flight-line artefact of the airborne survey.","Independent evidence of offset at this location: a displaced contact or marker bed, deflected or offset drainage, a facies termination, a published structural interpretation, or field observation. None is claimed here.","MEASURED CONTEXT + TEMPLATE HYPOTHESIS; no field observation, no geologist review"
947,1167,360100.0,4413800.0,2353.7,0.985512,0.407208,0.578304,0.555986,1,137.5,0.1954,0.005063,-6.0848,2.9653,0.4016,0.5157,0.004184,17.7,477.2076,"Buried or cover-hidden fault (the brief's A-only reading): a deep potential-field fabric step (upward-continued TMI and isostatic gravity gradient) beneath thick sedimentary cover, with no DEM scarp and no radiometric lineament, i.e. structure that does not reach the surface and so is missing from a surface-mapped catalogue. HYPOTHESIS, not verified geology.","Non-fault basin-fill density boundary or volcanic lithologic contact; buried palaeo-channel or alluvial-fan margin; road/erosion lineament (the brief's B-only artifact reading, excluded here by the B-abstain gate but not eliminated); upward-continued flight-line artefact of the airborne survey.","Independent evidence of offset at this location: a displaced contact or marker bed, deflected or offset drainage, a facies termination, a published structural interpretation, or field observation. None is claimed here.","MEASURED CONTEXT + TEMPLATE HYPOTHESIS; no field observation, no geologist review"
949,1138,357200.0,4413600.0,2247.2,0.999329,0.368251,0.631079,0.464445,1,60.5,0.1145,0.005476,6.937,2.9769,0.3268,0.4803,0.008637,18.4372,473.8,"Buried or cover-hidden fault (the brief's A-only reading): a deep potential-field fabric step (upward-continued TMI and isostatic gravity gradient) beneath thick sedimentary cover, with no DEM scarp and no radiometric lineament, i.e. structure that does not reach the surface and so is missing from a surface-mapped catalogue. HYPOTHESIS, not verified geology.","Non-fault basin-fill density boundary or volcanic lithologic contact; buried palaeo-channel or alluvial-fan margin; road/erosion lineament (the brief's B-only artifact reading, excluded here by the B-abstain gate but not eliminated); upward-continued flight-line artefact of the airborne survey.","Independent evidence of offset at this location: a displaced contact or marker bed, deflected or offset drainage, a facies termination, a published structural interpretation, or field observation. None is claimed here.","MEASURED CONTEXT + TEMPLATE HYPOTHESIS; no field observation, no geologist review"
949,1141,357500.0,4413600.0,2370.7,0.99334,0.393494,0.599846,0.463282,1,59.9,0.1022,0.005782,6.0977,2.9726,0.4016,0.4961,0.013768,18.4,473.8,"Buried or cover-hidden fault (the brief's A-only reading): a deep potential-field fabric step (upward-continued TMI and isostatic gravity gradient) beneath thick sedimentary cover, with no DEM scarp and no radiometric lineament, i.e. structure that does not reach the surface and so is missing from a surface-mapped catalogue. HYPOTHESIS, not verified geology.","Non-fault basin-fill density boundary or volcanic lithologic contact; buried palaeo-channel or alluvial-fan margin; road/erosion lineament (the brief's B-only artifact reading, excluded here by the B-abstain gate but not eliminated); upward-continued flight-line artefact of the airborne survey.","Independent evidence of offset at this location: a displaced contact or marker bed, deflected or offset drainage, a facies termination, a published structural interpretation, or field observation. None is claimed here.","MEASURED CONTEXT + TEMPLATE HYPOTHESIS; no field observation, no geologist review"
950,1168,360200.0,4413500.0,2039.6,0.965778,0.472235,0.493543,0.568917,1,154.4,0.2857,0.004464,-6.9927,2.9653,0.4016,0.5236,0.004639,17.7,476.5,"Buried or cover-hidden fault (the brief's A-only reading): a deep potential-field fabric step (upward-continued TMI and isostatic gravity gradient) beneath thick sedimentary cover, with no DEM scarp and no radiometric lineament, i.e. structure that does not reach the surface and so is missing from a surface-mapped catalogue. HYPOTHESIS, not verified geology.","Non-fault basin-fill density boundary or volcanic lithologic contact; buried palaeo-channel or alluvial-fan margin; road/erosion lineament (the brief's B-only artifact reading, excluded here by the B-abstain gate but not eliminated); upward-continued flight-line artefact of the airborne survey.","Independent evidence of offset at this location: a displaced contact or marker bed, deflected or offset drainage, a facies termination, a published structural interpretation, or field observation. None is claimed here.","MEASURED CONTEXT + TEMPLATE HYPOTHESIS; no field observation, no geologist review"
952,1139,357300.0,4413300.0,2563.2,0.994029,0.414945,0.579084,0.484207,1,72.3,0.1533,0.005665,5.1692,2.9755,0.311,0.4449,0.009813,18.4,473.8,"Buried or cover-hidden fault (the brief's A-only reading): a deep potential-field fabric step (upward-continued TMI and isostatic gravity gradient) beneath thick sedimentary cover, with no DEM scarp and no radiometric lineament, i.e. structure that does not reach the surface and so is missing from a surface-mapped catalogue. HYPOTHESIS, not verified geology.","Non-fault basin-fill density boundary or volcanic lithologic contact; buried palaeo-channel or alluvial-fan margin; road/erosion lineament (the brief's B-only artifact reading, excluded here by the B-abstain gate but not eliminated); upward-continued flight-line artefact of the airborne survey.","Independent evidence of offset at this location: a displaced contact or marker bed, deflected or offset drainage, a facies termination, a published structural interpretation, or field observation. None is claimed here.","MEASURED CONTEXT + TEMPLATE HYPOTHESIS; no field observation, no geologist review"
963,1550,398400.0,4412200.0,1769.2,0.963248,0.367565,0.595683,0.570691,1,156.8,14.4195,0.000842,4.3794,2.4431,0.6181,0.2283,0.003194,11.6,729.1541,"Buried or cover-hidden fault (the brief's A-only reading): a deep potential-field fabric step (upward-continued TMI and isostatic gravity gradient) beneath thick sedimentary cover, with no DEM scarp and no radiometric lineament, i.e. structure that does not reach the surface and so is missing from a surface-mapped catalogue. HYPOTHESIS, not verified geology.","Non-fault basin-fill density boundary or volcanic lithologic contact; buried palaeo-channel or alluvial-fan margin; road/erosion lineament (the brief's B-only artifact reading, excluded here by the B-abstain gate but not eliminated); upward-continued flight-line artefact of the airborne survey.","Independent evidence of offset at this location: a displaced contact or marker bed, deflected or offset drainage, a facies termination, a published structural interpretation, or field observation. None is claimed here.","MEASURED CONTEXT + TEMPLATE HYPOTHESIS; no field observation, no geologist review"
997,1167,360100.0,4408800.0,1811.1,0.973898,0.500276,0.473622,0.626271,1,257.4,0.1511,0.002131,-11.3531,3.091,0.1969,0.4409,0.010944,18.8,515.6,"Buried or cover-hidden fault (the brief's A-only reading): a deep potential-field fabric step (upward-continued TMI and isostatic gravity gradient) beneath thick sedimentary cover, with no DEM scarp and no radiometric lineament, i.e. structure that does not reach the surface and so is missing from a surface-mapped catalogue. HYPOTHESIS, not verified geology.","Non-fault basin-fill density boundary or volcanic lithologic contact; buried palaeo-channel or alluvial-fan margin; road/erosion lineament (the brief's B-only artifact reading, excluded here by the B-abstain gate but not eliminated); upward-continued flight-line artefact of the airborne survey.","Independent evidence of offset at this location: a displaced contact or marker bed, deflected or offset drainage, a facies termination, a published structural interpretation, or field observation. None is claimed here.","MEASURED CONTEXT + TEMPLATE HYPOTHESIS; no field observation, no geologist review"
1123,1636,407000.0,4396200.0,4001.2,0.951986,0.621027,0.330959,0.923653,1,3611.1,0.4671,0.000652,-31.5934,3.3086,0.4449,0.5433,0.004968,14.9,1064.5637,"Buried or cover-hidden fault (the brief's A-only reading): a deep potential-field fabric step (upward-continued TMI and isostatic gravity gradient) beneath thick sedimentary cover, with no DEM scarp and no radiometric lineament, i.e. structure that does not reach the surface and so is missing from a surface-mapped catalogue. HYPOTHESIS, not verified geology.","Non-fault basin-fill density boundary or volcanic lithologic contact; buried palaeo-channel or alluvial-fan margin; road/erosion lineament (the brief's B-only artifact reading, excluded here by the B-abstain gate but not eliminated); upward-continued flight-line artefact of the airborne survey.","Independent evidence of offset at this location: a displaced contact or marker bed, deflected or offset drainage, a facies termination, a published structural interpretation, or field observation. None is claimed here.","MEASURED CONTEXT + TEMPLATE HYPOTHESIS; no field observation, no geologist review"
1169,1683,411700.0,4391600.0,8532.9,0.961622,0.350859,0.610762,0.724934,1,618.9,0.381,0.003492,-20.1663,4.3205,0.4291,0.7559,0.02062,13.9206,1251.3215,"Buried or cover-hidden fault (the brief's A-only reading): a deep potential-field fabric step (upward-continued TMI and isostatic gravity gradient) beneath thick sedimentary cover, with no DEM scarp and no radiometric lineament, i.e. structure that does not reach the surface and so is missing from a surface-mapped catalogue. HYPOTHESIS, not verified geology.","Non-fault basin-fill density boundary or volcanic lithologic contact; buried palaeo-channel or alluvial-fan margin; road/erosion lineament (the brief's B-only artifact reading, excluded here by the B-abstain gate but not eliminated); upward-continued flight-line artefact of the airborne survey.","Independent evidence of offset at this location: a displaced contact or marker bed, deflected or offset drainage, a facies termination, a published structural interpretation, or field observation. None is claimed here.","MEASURED CONTEXT + TEMPLATE HYPOTHESIS; no field observation, no geologist review"
1170,1678,411200.0,4391500.0,8316.9,0.997485,0.360186,0.637299,0.753067,1,794.6,0.2992,0.00347,-21.6878,4.3205,0.5079,0.7047,0.018598,14.7,1263.8645,"Buried or cover-hidden fault (the brief's A-only reading): a deep potential-field fabric step (upward-continued TMI and isostatic gravity gradient) beneath thick sedimentary cover, with no DEM scarp and no radiometric lineament, i.e. structure that does not reach the surface and so is missing from a surface-mapped catalogue. HYPOTHESIS, not verified geology.","Non-fault basin-fill density boundary or volcanic lithologic contact; buried palaeo-channel or alluvial-fan margin; road/erosion lineament (the brief's B-only artifact reading, excluded here by the B-abstain gate but not eliminated); upward-continued flight-line artefact of the airborne survey.","Independent evidence of offset at this location: a displaced contact or marker bed, deflected or offset drainage, a facies termination, a published structural interpretation, or field observation. None is claimed here.","MEASURED CONTEXT + TEMPLATE HYPOTHESIS; no field observation, no geologist review"
1171,1675,410900.0,4391400.0,8065.4,0.997864,0.545478,0.452386,0.767993,1,907.2,0.1993,0.003368,-22.5616,4.3205,0.5197,0.6929,0.017027,14.7,1266.5095,"Buried or cover-hidden fault (the brief's A-only reading): a deep potential-field fabric step (upward-continued TMI and isostatic gravity gradient) beneath thick sedimentary cover, with no DEM scarp and no radiometric lineament, i.e. structure that does not reach the surface and so is missing from a surface-mapped catalogue. HYPOTHESIS, not verified geology.","Non-fault basin-fill density boundary or volcanic lithologic contact; buried palaeo-channel or alluvial-fan margin; road/erosion lineament (the brief's B-only artifact reading, excluded here by the B-abstain gate but not eliminated); upward-continued flight-line artefact of the airborne survey.","Independent evidence of offset at this location: a displaced contact or marker bed, deflected or offset drainage, a facies termination, a published structural interpretation, or field observation. None is claimed here.","MEASURED CONTEXT + TEMPLATE HYPOTHESIS; no field observation, no geologist review"
1172,1682,411600.0,4391300.0,8256.5,0.996562,0.445213,0.551349,0.725878,1,624.1,1.4983,0.003676,-20.0631,4.3205,0.378,0.7953,0.01808,14.0987,1275.0,"Buried or cover-hidden fault (the brief's A-only reading): a deep potential-field fabric step (upward-continued TMI and isostatic gravity gradient) beneath thick sedimentary cover, with no DEM scarp and no radiometric lineament, i.e. structure that does not reach the surface and so is missing from a surface-mapped catalogue. HYPOTHESIS, not verified geology.","Non-fault basin-fill density boundary or volcanic lithologic contact; buried palaeo-channel or alluvial-fan margin; road/erosion lineament (the brief's B-only artifact reading, excluded here by the B-abstain gate but not eliminated); upward-continued flight-line artefact of the airborne survey.","Independent evidence of offset at this location: a displaced contact or marker bed, deflected or offset drainage, a facies termination, a published structural interpretation, or field observation. None is claimed here.","MEASURED CONTEXT + TEMPLATE HYPOTHESIS; no field observation, no geologist review"
1173,1679,411300.0,4391200.0,8222.5,0.998237,0.381728,0.616509,0.742141,1,721.1,0.7605,0.003668,-20.9823,4.3205,0.4016,0.7992,0.017769,14.6339,1275.0,"Buried or cover-hidden fault (the brief's A-only reading): a deep potential-field fabric step (upward-continued TMI and isostatic gravity gradient) beneath thick sedimentary cover, with no DEM scarp and no radiometric lineament, i.e. structure that does not reach the surface and so is missing from a surface-mapped catalogue. HYPOTHESIS, not verified geology.","Non-fault basin-fill density boundary or volcanic lithologic contact; buried palaeo-channel or alluvial-fan margin; road/erosion lineament (the brief's B-only artifact reading, excluded here by the B-abstain gate but not eliminated); upward-continued flight-line artefact of the airborne survey.","Independent evidence of offset at this location: a displaced contact or marker bed, deflected or offset drainage, a facies termination, a published structural interpretation, or field observation. None is claimed here.","MEASURED CONTEXT + TEMPLATE HYPOTHESIS; no field observation, no geologist review"
1174,1673,410700.0,4391100.0,7985.0,0.997727,0.433878,0.563849,0.774475,1,961.0,0.6404,0.003378,-22.9093,4.3205,0.3622,0.8031,0.016986,14.7,1263.2,"Buried or cover-hidden fault (the brief's A-only reading): a deep potential-field fabric step (upward-continued TMI and isostatic gravity gradient) beneath thick sedimentary cover, with no DEM scarp and no radiometric lineament, i.e. structure that does not reach the surface and so is missing from a surface-mapped catalogue. HYPOTHESIS, not verified geology.","Non-fault basin-fill density boundary or volcanic lithologic contact; buried palaeo-channel or alluvial-fan margin; road/erosion lineament (the brief's B-only artifact reading, excluded here by the B-abstain gate but not eliminated); upward-continued flight-line artefact of the airborne survey.","Independent evidence of offset at this location: a displaced contact or marker bed, deflected or offset drainage, a facies termination, a published structural interpretation, or field observation. None is claimed here.","MEASURED CONTEXT + TEMPLATE HYPOTHESIS; no field observation, no geologist review"
1176,1679,411300.0,4390900.0,7931.0,0.995324,0.483194,0.51213,0.736465,1,685.7,1.7981,0.003812,-20.6197,4.3205,0.3858,0.8701,0.016154,14.6727,1275.0,"Buried or cover-hidden fault (the brief's A-only reading): a deep potential-field fabric step (upward-continued TMI and isostatic gravity gradient) beneath thick sedimentary cover, with no DEM scarp and no radiometric lineament, i.e. structure that does not reach the surface and so is missing from a surface-mapped catalogue. HYPOTHESIS, not verified geology.","Non-fault basin-fill density boundary or volcanic lithologic contact; buried palaeo-channel or alluvial-fan margin; road/erosion lineament (the brief's B-only artifact reading, excluded here by the B-abstain gate but not eliminated); upward-continued flight-line artefact of the airborne survey.","Independent evidence of offset at this location: a displaced contact or marker bed, deflected or offset drainage, a facies termination, a published structural interpretation, or field observation. None is claimed here.","MEASURED CONTEXT + TEMPLATE HYPOTHESIS; no field observation, no geologist review"
1176,1682,411600.0,4390900.0,7864.5,0.996511,0.352892,0.643619,0.717945,1,581.7,0.8268,0.003884,-19.496,4.3205,0.4685,0.8425,0.014883,14.139,1275.0,"Buried or cover-hidden fault (the brief's A-only reading): a deep potential-field fabric step (upward-continued TMI and isostatic gravity gradient) beneath thick sedimentary cover, with no DEM scarp and no radiometric lineament, i.e. structure that does not reach the surface and so is missing from a surface-mapped catalogue. HYPOTHESIS, not verified geology.","Non-fault basin-fill density boundary or volcanic lithologic contact; buried palaeo-channel or alluvial-fan margin; road/erosion lineament (the brief's B-only artifact reading, excluded here by the B-abstain gate but not eliminated); upward-continued flight-line artefact of the airborne survey.","Independent evidence of offset at this location: a displaced contact or marker bed, deflected or offset drainage, a facies termination, a published structural interpretation, or field observation. None is claimed here.","MEASURED CONTEXT + TEMPLATE HYPOTHESIS; no field observation, no geologist review"
1176,1685,411900.0,4390900.0,7809.0,0.960032,0.356842,0.603189,0.695772,1,477.6,0.9632,0.003796,-18.3724,4.3205,0.4921,0.811,0.014335,13.8411,1275.0,"Buried or cover-hidden fault (the brief's A-only reading): a deep potential-field fabric step (upward-continued TMI and isostatic gravity gradient) beneath thick sedimentary cover, with no DEM scarp and no radiometric lineament, i.e. structure that does not reach the surface and so is missing from a surface-mapped catalogue. HYPOTHESIS, not verified geology.","Non-fault basin-fill density boundary or volcanic lithologic contact; buried palaeo-channel or alluvial-fan margin; road/erosion lineament (the brief's B-only artifact reading, excluded here by the B-abstain gate but not eliminated); upward-continued flight-line artefact of the airborne survey.","Independent evidence of offset at this location: a displaced contact or marker bed, deflected or offset drainage, a facies termination, a published structural interpretation, or field observation. None is claimed here.","MEASURED CONTEXT + TEMPLATE HYPOTHESIS; no field observation, no geologist review"
1179,1684,411800.0,4390600.0,7531.3,0.994684,0.545533,0.449152,0.699895,1,495.5,1.0163,0.004042,-18.3973,4.3205,0.5,0.874,0.013728,14.5683,1275.0,"Buried or cover-hidden fault (the brief's A-only reading): a deep potential-field fabric step (upward-continued TMI and isostatic gravity gradient) beneath thick sedimentary cover, with no DEM scarp and no radiometric lineament, i.e. structure that does not reach the surface and so is missing from a surface-mapped catalogue. HYPOTHESIS, not verified geology.","Non-fault basin-fill density boundary or volcanic lithologic contact; buried palaeo-channel or alluvial-fan margin; road/erosion lineament (the brief's B-only artifact reading, excluded here by the B-abstain gate but not eliminated); upward-continued flight-line artefact of the airborne survey.","Independent evidence of offset at this location: a displaced contact or marker bed, deflected or offset drainage, a facies termination, a published structural interpretation, or field observation. None is claimed here.","MEASURED CONTEXT + TEMPLATE HYPOTHESIS; no field observation, no geologist review"
1181,1373,380700.0,4390400.0,4554.1,0.950456,0.381461,0.568995,0.848691,1,1856.9,0.3236,0.003925,-20.3208,2.5225,0.2677,0.5394,0.005696,19.7,844.4604,"Buried or cover-hidden fault (the brief's A-only reading): a deep potential-field fabric step (upward-continued TMI and isostatic gravity gradient) beneath thick sedimentary cover, with no DEM scarp and no radiometric lineament, i.e. structure that does not reach the surface and so is missing from a surface-mapped catalogue. HYPOTHESIS, not verified geology.","Non-fault basin-fill density boundary or volcanic lithologic contact; buried palaeo-channel or alluvial-fan margin; road/erosion lineament (the brief's B-only artifact reading, excluded here by the B-abstain gate but not eliminated); upward-continued flight-line artefact of the airborne survey.","Independent evidence of offset at this location: a displaced contact or marker bed, deflected or offset drainage, a facies termination, a published structural interpretation, or field observation. None is claimed here.","MEASURED CONTEXT + TEMPLATE HYPOTHESIS; no field observation, no geologist review"
1182,1378,381200.0,4390300.0,4044.7,0.975221,0.409751,0.56547,0.833789,1,1626.9,0.3258,0.00406,-18.4128,2.5225,0.248,0.4961,0.006235,19.3273,866.5,"Buried or cover-hidden fault (the brief's A-only reading): a deep potential-field fabric step (upward-continued TMI and isostatic gravity gradient) beneath thick sedimentary cover, with no DEM scarp and no radiometric lineament, i.e. structure that does not reach the surface and so is missing from a surface-mapped catalogue. HYPOTHESIS, not verified geology.","Non-fault basin-fill density boundary or volcanic lithologic contact; buried palaeo-channel or alluvial-fan margin; road/erosion lineament (the brief's B-only artifact reading, excluded here by the B-abstain gate but not eliminated); upward-continued flight-line artefact of the airborne survey.","Independent evidence of offset at this location: a displaced contact or marker bed, deflected or offset drainage, a facies termination, a published structural interpretation, or field observation. None is claimed here.","MEASURED CONTEXT + TEMPLATE HYPOTHESIS; no field observation, no geologist review"
1187,1363,379700.0,4389800.0,4588.0,0.974438,0.380023,0.594415,0.856187,1,1984.6,0.3138,0.002691,-22.0491,2.5225,0.2047,0.5709,0.00808,19.7,838.0399,"Buried or cover-hidden fault (the brief's A-only reading): a deep potential-field fabric step (upward-continued TMI and isostatic gravity gradient) beneath thick sedimentary cover, with no DEM scarp and no radiometric lineament, i.e. structure that does not reach the surface and so is missing from a surface-mapped catalogue. HYPOTHESIS, not verified geology.","Non-fault basin-fill density boundary or volcanic lithologic contact; buried palaeo-channel or alluvial-fan margin; road/erosion lineament (the brief's B-only artifact reading, excluded here by the B-abstain gate but not eliminated); upward-continued flight-line artefact of the airborne survey.","Independent evidence of offset at this location: a displaced contact or marker bed, deflected or offset drainage, a facies termination, a published structural interpretation, or field observation. None is claimed here.","MEASURED CONTEXT + TEMPLATE HYPOTHESIS; no field observation, no geologist review"
1198,1648,408200.0,4388700.0,6389.1,0.992448,0.583325,0.409123,0.864207,1,2131.0,1.3353,0.00191,-29.7316,4.2883,0.5906,0.8661,0.011452,16.7864,1345.4,"Buried or cover-hidden fault (the brief's A-only reading): a deep potential-field fabric step (upward-continued TMI and isostatic gravity gradient) beneath thick sedimentary cover, with no DEM scarp and no radiometric lineament, i.e. structure that does not reach the surface and so is missing from a surface-mapped catalogue. HYPOTHESIS, not verified geology.","Non-fault basin-fill density boundary or volcanic lithologic contact; buried palaeo-channel or alluvial-fan margin; road/erosion lineament (the brief's B-only artifact reading, excluded here by the B-abstain gate but not eliminated); upward-continued flight-line artefact of the airborne survey.","Independent evidence of offset at this location: a displaced contact or marker bed, deflected or offset drainage, a facies termination, a published structural interpretation, or field observation. None is claimed here.","MEASURED CONTEXT + TEMPLATE HYPOTHESIS; no field observation, no geologist review"
1199,1665,409900.0,4388600.0,6328.5,0.998453,0.357941,0.640512,0.795157,1,1154.6,0.6378,0.002791,-25.7683,4.2476,0.5709,0.8425,0.008498,16.2774,1292.2,"Buried or cover-hidden fault (the brief's A-only reading): a deep potential-field fabric step (upward-continued TMI and isostatic gravity gradient) beneath thick sedimentary cover, with no DEM scarp and no radiometric lineament, i.e. structure that does not reach the surface and so is missing from a surface-mapped catalogue. HYPOTHESIS, not verified geology.","Non-fault basin-fill density boundary or volcanic lithologic contact; buried palaeo-channel or alluvial-fan margin; road/erosion lineament (the brief's B-only artifact reading, excluded here by the B-abstain gate but not eliminated); upward-continued flight-line artefact of the airborne survey.","Independent evidence of offset at this location: a displaced contact or marker bed, deflected or offset drainage, a facies termination, a published structural interpretation, or field observation. None is claimed here.","MEASURED CONTEXT + TEMPLATE HYPOTHESIS; no field observation, no geologist review"
1203,1343,377700.0,4388200.0,2220.4,0.950201,0.64624,0.303961,0.840357,1,1724.5,0.2929,0.001823,-20.9497,3.0015,0.1654,0.3661,0.004996,22.4,845.5,"Buried or cover-hidden fault (the brief's A-only reading): a deep potential-field fabric step (upward-continued TMI and isostatic gravity gradient) beneath thick sedimentary cover, with no DEM scarp and no radiometric lineament, i.e. structure that does not reach the surface and so is missing from a surface-mapped catalogue. HYPOTHESIS, not verified geology.","Non-fault basin-fill density boundary or volcanic lithologic contact; buried palaeo-channel or alluvial-fan margin; road/erosion lineament (the brief's B-only artifact reading, excluded here by the B-abstain gate but not eliminated); upward-continued flight-line artefact of the airborne survey.","Independent evidence of offset at this location: a displaced contact or marker bed, deflected or offset drainage, a facies termination, a published structural interpretation, or field observation. None is claimed here.","MEASURED CONTEXT + TEMPLATE HYPOTHESIS; no field observation, no geologist review"
1206,1340,377400.0,4387900.0,1900.0,0.955226,0.439837,0.515389,0.833604,1,1624.2,0.2992,0.002734,-20.0074,3.0676,0.0,0.0591,0.008391,22.4802,845.2264,"Buried or cover-hidden fault (the brief's A-only reading): a deep potential-field fabric step (upward-continued TMI and isostatic gravity gradient) beneath thick sedimentary cover, with no DEM scarp and no radiometric lineament, i.e. structure that does not reach the surface and so is missing from a surface-mapped catalogue. HYPOTHESIS, not verified geology.","Non-fault basin-fill density boundary or volcanic lithologic contact; buried palaeo-channel or alluvial-fan margin; road/erosion lineament (the brief's B-only artifact reading, excluded here by the B-abstain gate but not eliminated); upward-continued flight-line artefact of the airborne survey.","Independent evidence of offset at this location: a displaced contact or marker bed, deflected or offset drainage, a facies termination, a published structural interpretation, or field observation. None is claimed here.","MEASURED CONTEXT + TEMPLATE HYPOTHESIS; no field observation, no geologist review"
1212,1349,378300.0,4387300.0,2816.0,0.954825,0.351557,0.603268,0.826392,1,1523.5,0.2956,0.000421,-21.0633,3.0427,0.0748,0.2008,0.009882,22.4,843.8,"Buried or cover-hidden fault (the brief's A-only reading): a deep potential-field fabric step (upward-continued TMI and isostatic gravity gradient) beneath thick sedimentary cover, with no DEM scarp and no radiometric lineament, i.e. structure that does not reach the surface and so is missing from a surface-mapped catalogue. HYPOTHESIS, not verified geology.","Non-fault basin-fill density boundary or volcanic lithologic contact; buried palaeo-channel or alluvial-fan margin; road/erosion lineament (the brief's B-only artifact reading, excluded here by the B-abstain gate but not eliminated); upward-continued flight-line artefact of the airborne survey.","Independent evidence of offset at this location: a displaced contact or marker bed, deflected or offset drainage, a facies termination, a published structural interpretation, or field observation. None is claimed here.","MEASURED CONTEXT + TEMPLATE HYPOTHESIS; no field observation, no geologist review"
1214,1666,410000.0,4387100.0,5044.8,0.987888,0.398464,0.589424,0.79246,1,1127.3,0.6031,0.002752,-25.8421,3.9115,0.6024,0.7323,0.006546,16.5,1338.7,"Buried or cover-hidden fault (the brief's A-only reading): a deep potential-field fabric step (upward-continued TMI and isostatic gravity gradient) beneath thick sedimentary cover, with no DEM scarp and no radiometric lineament, i.e. structure that does not reach the surface and so is missing from a surface-mapped catalogue. HYPOTHESIS, not verified geology.","Non-fault basin-fill density boundary or volcanic lithologic contact; buried palaeo-channel or alluvial-fan margin; road/erosion lineament (the brief's B-only artifact reading, excluded here by the B-abstain gate but not eliminated); upward-continued flight-line artefact of the airborne survey.","Independent evidence of offset at this location: a displaced contact or marker bed, deflected or offset drainage, a facies termination, a published structural interpretation, or field observation. None is claimed here.","MEASURED CONTEXT + TEMPLATE HYPOTHESIS; no field observation, no geologist review"
1217,1668,410200.0,4386800.0,4686.1,0.98993,0.419594,0.570336,0.785773,1,1062.3,1.8841,0.002933,-25.3133,3.9115,0.752,0.6929,0.013984,16.7845,1338.7,"Buried or cover-hidden fault (the brief's A-only reading): a deep potential-field fabric step (upward-continued TMI and isostatic gravity gradient) beneath thick sedimentary cover, with no DEM scarp and no radiometric lineament, i.e. structure that does not reach the surface and so is missing from a surface-mapped catalogue. HYPOTHESIS, not verified geology.","Non-fault basin-fill density boundary or volcanic lithologic contact; buried palaeo-channel or alluvial-fan margin; road/erosion lineament (the brief's B-only artifact reading, excluded here by the B-abstain gate but not eliminated); upward-continued flight-line artefact of the airborne survey.","Independent evidence of offset at this location: a displaced contact or marker bed, deflected or offset drainage, a facies termination, a published structural interpretation, or field observation. None is claimed here.","MEASURED CONTEXT + TEMPLATE HYPOTHESIS; no field observation, no geologist review"
1219,1665,409900.0,4386600.0,4738.1,0.969304,0.350738,0.618566,0.801328,1,1219.6,1.4903,0.002791,-26.2614,3.9115,0.6693,0.689,0.011321,17.1484,1338.7,"Buried or cover-hidden fault (the brief's A-only reading): a deep potential-field fabric step (upward-continued TMI and isostatic gravity gradient) beneath thick sedimentary cover, with no DEM scarp and no radiometric lineament, i.e. structure that does not reach the surface and so is missing from a surface-mapped catalogue. HYPOTHESIS, not verified geology.","Non-fault basin-fill density boundary or volcanic lithologic contact; buried palaeo-channel or alluvial-fan margin; road/erosion lineament (the brief's B-only artifact reading, excluded here by the B-abstain gate but not eliminated); upward-continued flight-line artefact of the airborne survey.","Independent evidence of offset at this location: a displaced contact or marker bed, deflected or offset drainage, a facies termination, a published structural interpretation, or field observation. None is claimed here.","MEASURED CONTEXT + TEMPLATE HYPOTHESIS; no field observation, no geologist review"
1220,1659,409300.0,4386500.0,5108.8,0.987997,0.368081,0.619916,0.830516,1,1580.3,0.9007,0.002617,-27.8506,3.9115,0.6063,0.874,0.007226,17.9518,1338.7,"Buried or cover-hidden fault (the brief's A-only reading): a deep potential-field fabric step (upward-continued TMI and isostatic gravity gradient) beneath thick sedimentary cover, with no DEM scarp and no radiometric lineament, i.e. structure that does not reach the surface and so is missing from a surface-mapped catalogue. HYPOTHESIS, not verified geology.","Non-fault basin-fill density boundary or volcanic lithologic contact; buried palaeo-channel or alluvial-fan margin; road/erosion lineament (the brief's B-only artifact reading, excluded here by the B-abstain gate but not eliminated); upward-continued flight-line artefact of the airborne survey.","Independent evidence of offset at this location: a displaced contact or marker bed, deflected or offset drainage, a facies termination, a published structural interpretation, or field observation. None is claimed here.","MEASURED CONTEXT + TEMPLATE HYPOTHESIS; no field observation, no geologist review"
1231,1659,409300.0,4385400.0,4477.7,0.969031,0.433902,0.535129,0.840796,1,1731.3,1.6252,0.002854,-28.7534,3.9115,0.8307,0.7087,0.01148,18.02,1338.7,"Buried or cover-hidden fault (the brief's A-only reading): a deep potential-field fabric step (upward-continued TMI and isostatic gravity gradient) beneath thick sedimentary cover, with no DEM scarp and no radiometric lineament, i.e. structure that does not reach the surface and so is missing from a surface-mapped catalogue. HYPOTHESIS, not verified geology.","Non-fault basin-fill density boundary or volcanic lithologic contact; buried palaeo-channel or alluvial-fan margin; road/erosion lineament (the brief's B-only artifact reading, excluded here by the B-abstain gate but not eliminated); upward-continued flight-line artefact of the airborne survey.","Independent evidence of offset at this location: a displaced contact or marker bed, deflected or offset drainage, a facies termination, a published structural interpretation, or field observation. None is claimed here.","MEASURED CONTEXT + TEMPLATE HYPOTHESIS; no field observation, no geologist review"
1265,1349,378300.0,4382000.0,2184.0,0.955247,0.515307,0.43994,0.74724,1,754.5,0.4987,0.001485,-15.5198,3.0417,0.3976,0.7244,0.010174,24.6,918.7,"Buried or cover-hidden fault (the brief's A-only reading): a deep potential-field fabric step (upward-continued TMI and isostatic gravity gradient) beneath thick sedimentary cover, with no DEM scarp and no radiometric lineament, i.e. structure that does not reach the surface and so is missing from a surface-mapped catalogue. HYPOTHESIS, not verified geology.","Non-fault basin-fill density boundary or volcanic lithologic contact; buried palaeo-channel or alluvial-fan margin; road/erosion lineament (the brief's B-only artifact reading, excluded here by the B-abstain gate but not eliminated); upward-continued flight-line artefact of the airborne survey.","Independent evidence of offset at this location: a displaced contact or marker bed, deflected or offset drainage, a facies termination, a published structural interpretation, or field observation. None is claimed here.","MEASURED CONTEXT + TEMPLATE HYPOTHESIS; no field observation, no geologist review"
1465,1630,406400.0,4362000.0,1676.3,0.976119,0.40915,0.566968,0.717555,1,579.6,15.2815,0.001026,-11.4251,2.5177,0.6535,0.6772,0.019479,21.7,1761.6409,"Buried or cover-hidden fault (the brief's A-only reading): a deep potential-field fabric step (upward-continued TMI and isostatic gravity gradient) beneath thick sedimentary cover, with no DEM scarp and no radiometric lineament, i.e. structure that does not reach the surface and so is missing from a surface-mapped catalogue. HYPOTHESIS, not verified geology.","Non-fault basin-fill density boundary or volcanic lithologic contact; buried palaeo-channel or alluvial-fan margin; road/erosion lineament (the brief's B-only artifact reading, excluded here by the B-abstain gate but not eliminated); upward-continued flight-line artefact of the airborne survey.","Independent evidence of offset at this location: a displaced contact or marker bed, deflected or offset drainage, a facies termination, a published structural interpretation, or field observation. None is claimed here.","MEASURED CONTEXT + TEMPLATE HYPOTHESIS; no field observation, no geologist review"
1470,1628,406200.0,4361500.0,1800.0,0.964522,0.454589,0.509934,0.703982,1,513.8,12.5702,0.00089,-11.132,2.5177,0.7205,0.6732,0.018913,21.7,1807.0,"Buried or cover-hidden fault (the brief's A-only reading): a deep potential-field fabric step (upward-continued TMI and isostatic gravity gradient) beneath thick sedimentary cover, with no DEM scarp and no radiometric lineament, i.e. structure that does not reach the surface and so is missing from a surface-mapped catalogue. HYPOTHESIS, not verified geology.","Non-fault basin-fill density boundary or volcanic lithologic contact; buried palaeo-channel or alluvial-fan margin; road/erosion lineament (the brief's B-only artifact reading, excluded here by the B-abstain gate but not eliminated); upward-continued flight-line artefact of the airborne survey.","Independent evidence of offset at this location: a displaced contact or marker bed, deflected or offset drainage, a facies termination, a published structural interpretation, or field observation. None is claimed here.","MEASURED CONTEXT + TEMPLATE HYPOTHESIS; no field observation, no geologist review"
1535,1659,409300.0,4355000.0,1581.1,0.955311,0.532917,0.422394,0.666311,1,367.6,20.2542,0.002114,-12.0838,2.2325,0.6063,0.6772,0.014944,30.1165,1939.4,"Buried or cover-hidden fault (the brief's A-only reading): a deep potential-field fabric step (upward-continued TMI and isostatic gravity gradient) beneath thick sedimentary cover, with no DEM scarp and no radiometric lineament, i.e. structure that does not reach the surface and so is missing from a surface-mapped catalogue. HYPOTHESIS, not verified geology.","Non-fault basin-fill density boundary or volcanic lithologic contact; buried palaeo-channel or alluvial-fan margin; road/erosion lineament (the brief's B-only artifact reading, excluded here by the B-abstain gate but not eliminated); upward-continued flight-line artefact of the airborne survey.","Independent evidence of offset at this location: a displaced contact or marker bed, deflected or offset drainage, a facies termination, a published structural interpretation, or field observation. None is claimed here.","MEASURED CONTEXT + TEMPLATE HYPOTHESIS; no field observation, no geologist review"
1544,1661,409500.0,4354100.0,2202.3,0.975518,0.452155,0.523363,0.662967,1,356.8,15.1395,0.002523,-11.2508,2.2291,0.5827,0.7992,0.008003,33.7632,1914.5551,"Buried or cover-hidden fault (the brief's A-only reading): a deep potential-field fabric step (upward-continued TMI and isostatic gravity gradient) beneath thick sedimentary cover, with no DEM scarp and no radiometric lineament, i.e. structure that does not reach the surface and so is missing from a surface-mapped catalogue. HYPOTHESIS, not verified geology.","Non-fault basin-fill density boundary or volcanic lithologic contact; buried palaeo-channel or alluvial-fan margin; road/erosion lineament (the brief's B-only artifact reading, excluded here by the B-abstain gate but not eliminated); upward-continued flight-line artefact of the airborne survey.","Independent evidence of offset at this location: a displaced contact or marker bed, deflected or offset drainage, a facies termination, a published structural interpretation, or field observation. None is claimed here.","MEASURED CONTEXT + TEMPLATE HYPOTHESIS; no field observation, no geologist review"
1616,1304,373800.0,4346900.0,1711.7,0.974068,0.365059,0.609009,0.770517,1,927.8,0.5921,0.000775,-16.2387,3.4313,0.0551,0.2402,0.015335,48.3206,2210.2,"Buried or cover-hidden fault (the brief's A-only reading): a deep potential-field fabric step (upward-continued TMI and isostatic gravity gradient) beneath thick sedimentary cover, with no DEM scarp and no radiometric lineament, i.e. structure that does not reach the surface and so is missing from a surface-mapped catalogue. HYPOTHESIS, not verified geology.","Non-fault basin-fill density boundary or volcanic lithologic contact; buried palaeo-channel or alluvial-fan margin; road/erosion lineament (the brief's B-only artifact reading, excluded here by the B-abstain gate but not eliminated); upward-continued flight-line artefact of the airborne survey.","Independent evidence of offset at this location: a displaced contact or marker bed, deflected or offset drainage, a facies termination, a published structural interpretation, or field observation. None is claimed here.","MEASURED CONTEXT + TEMPLATE HYPOTHESIS; no field observation, no geologist review"
1619,1307,374100.0,4346600.0,2061.6,0.958418,0.48766,0.470757,0.76672,1,897.0,0.594,0.000743,-16.0487,3.5438,0.0276,0.1693,0.011629,48.3,2210.2,"Buried or cover-hidden fault (the brief's A-only reading): a deep potential-field fabric step (upward-continued TMI and isostatic gravity gradient) beneath thick sedimentary cover, with no DEM scarp and no radiometric lineament, i.e. structure that does not reach the surface and so is missing from a surface-mapped catalogue. HYPOTHESIS, not verified geology.","Non-fault basin-fill density boundary or volcanic lithologic contact; buried palaeo-channel or alluvial-fan margin; road/erosion lineament (the brief's B-only artifact reading, excluded here by the B-abstain gate but not eliminated); upward-continued flight-line artefact of the airborne survey.","Independent evidence of offset at this location: a displaced contact or marker bed, deflected or offset drainage, a facies termination, a published structural interpretation, or field observation. None is claimed here.","MEASURED CONTEXT + TEMPLATE HYPOTHESIS; no field observation, no geologist review"
1638,1339,377300.0,4344700.0,3689.2,0.999876,0.4711,0.528775,0.628556,1,262.7,0.7403,0.002473,-7.2661,3.6853,0.1614,0.6929,0.017935,45.8824,2395.3999,"Buried or cover-hidden fault (the brief's A-only reading): a deep potential-field fabric step (upward-continued TMI and isostatic gravity gradient) beneath thick sedimentary cover, with no DEM scarp and no radiometric lineament, i.e. structure that does not reach the surface and so is missing from a surface-mapped catalogue. HYPOTHESIS, not verified geology.","Non-fault basin-fill density boundary or volcanic lithologic contact; buried palaeo-channel or alluvial-fan margin; road/erosion lineament (the brief's B-only artifact reading, excluded here by the B-abstain gate but not eliminated); upward-continued flight-line artefact of the airborne survey.","Independent evidence of offset at this location: a displaced contact or marker bed, deflected or offset drainage, a facies termination, a published structural interpretation, or field observation. None is claimed here.","MEASURED CONTEXT + TEMPLATE HYPOTHESIS; no field observation, no geologist review"
1654,1348,378200.0,4343100.0,2236.1,0.953011,0.596775,0.356236,0.583517,1,175.9,1.3247,0.000902,-6.0877,3.6492,0.4606,0.6811,0.026111,45.7118,2395.3999,"Buried or cover-hidden fault (the brief's A-only reading): a deep potential-field fabric step (upward-continued TMI and isostatic gravity gradient) beneath thick sedimentary cover, with no DEM scarp and no radiometric lineament, i.e. structure that does not reach the surface and so is missing from a surface-mapped catalogue. HYPOTHESIS, not verified geology.","Non-fault basin-fill density boundary or volcanic lithologic contact; buried palaeo-channel or alluvial-fan margin; road/erosion lineament (the brief's B-only artifact reading, excluded here by the B-abstain gate but not eliminated); upward-continued flight-line artefact of the airborne survey.","Independent evidence of offset at this location: a displaced contact or marker bed, deflected or offset drainage, a facies termination, a published structural interpretation, or field observation. None is claimed here.","MEASURED CONTEXT + TEMPLATE HYPOTHESIS; no field observation, no geologist review"
1735,794,322800.0,4335000.0,4237.9,0.999794,0.461834,0.53796,0.457008,1,56.6,0.3637,0.003362,-1.2942,3.1099,0.6063,0.7283,0.013038,46.5,849.9,"Buried or cover-hidden fault (the brief's A-only reading): a deep potential-field fabric step (upward-continued TMI and isostatic gravity gradient) beneath thick sedimentary cover, with no DEM scarp and no radiometric lineament, i.e. structure that does not reach the surface and so is missing from a surface-mapped catalogue. HYPOTHESIS, not verified geology.","Non-fault basin-fill density boundary or volcanic lithologic contact; buried palaeo-channel or alluvial-fan margin; road/erosion lineament (the brief's B-only artifact reading, excluded here by the B-abstain gate but not eliminated); upward-continued flight-line artefact of the airborne survey.","Independent evidence of offset at this location: a displaced contact or marker bed, deflected or offset drainage, a facies termination, a published structural interpretation, or field observation. None is claimed here.","MEASURED CONTEXT + TEMPLATE HYPOTHESIS; no field observation, no geologist review"
1741,801,323500.0,4334400.0,3395.6,0.999135,0.638188,0.360948,0.497974,1,81.8,1.0645,0.003073,-1.9914,3.0837,0.5118,0.7283,0.010381,46.5,845.1405,"Buried or cover-hidden fault (the brief's A-only reading): a deep potential-field fabric step (upward-continued TMI and isostatic gravity gradient) beneath thick sedimentary cover, with no DEM scarp and no radiometric lineament, i.e. structure that does not reach the surface and so is missing from a surface-mapped catalogue. HYPOTHESIS, not verified geology.","Non-fault basin-fill density boundary or volcanic lithologic contact; buried palaeo-channel or alluvial-fan margin; road/erosion lineament (the brief's B-only artifact reading, excluded here by the B-abstain gate but not eliminated); upward-continued flight-line artefact of the airborne survey.","Independent evidence of offset at this location: a displaced contact or marker bed, deflected or offset drainage, a facies termination, a published structural interpretation, or field observation. None is claimed here.","MEASURED CONTEXT + TEMPLATE HYPOTHESIS; no field observation, no geologist review"
1759,766,320000.0,4332600.0,5131.3,0.985409,0.581687,0.403722,0.507108,1,88.8,0.6778,0.002565,0.2956,3.1164,0.4528,0.622,0.016476,46.9786,832.4,"Buried or cover-hidden fault (the brief's A-only reading): a deep potential-field fabric step (upward-continued TMI and isostatic gravity gradient) beneath thick sedimentary cover, with no DEM scarp and no radiometric lineament, i.e. structure that does not reach the surface and so is missing from a surface-mapped catalogue. HYPOTHESIS, not verified geology.","Non-fault basin-fill density boundary or volcanic lithologic contact; buried palaeo-channel or alluvial-fan margin; road/erosion lineament (the brief's B-only artifact reading, excluded here by the B-abstain gate but not eliminated); upward-continued flight-line artefact of the airborne survey.","Independent evidence of offset at this location: a displaced contact or marker bed, deflected or offset drainage, a facies termination, a published structural interpretation, or field observation. None is claimed here.","MEASURED CONTEXT + TEMPLATE HYPOTHESIS; no field observation, no geologist review"
1763,767,320100.0,4332200.0,5522.7,0.971343,0.531254,0.440089,0.540268,1,119.5,0.2707,0.002876,-0.6384,3.1304,0.4094,0.7677,0.010802,46.9587,829.9108,"Buried or cover-hidden fault (the brief's A-only reading): a deep potential-field fabric step (upward-continued TMI and isostatic gravity gradient) beneath thick sedimentary cover, with no DEM scarp and no radiometric lineament, i.e. structure that does not reach the surface and so is missing from a surface-mapped catalogue. HYPOTHESIS, not verified geology.","Non-fault basin-fill density boundary or volcanic lithologic contact; buried palaeo-channel or alluvial-fan margin; road/erosion lineament (the brief's B-only artifact reading, excluded here by the B-abstain gate but not eliminated); upward-continued flight-line artefact of the airborne survey.","Independent evidence of offset at this location: a displaced contact or marker bed, deflected or offset drainage, a facies termination, a published structural interpretation, or field observation. None is claimed here.","MEASURED CONTEXT + TEMPLATE HYPOTHESIS; no field observation, no geologist review"
1766,768,320200.0,4331900.0,5831.0,0.972799,0.450699,0.5221,0.558612,1,140.8,0.3232,0.003001,-1.3288,3.1493,0.4252,0.748,0.006594,46.9389,829.2,"Buried or cover-hidden fault (the brief's A-only reading): a deep potential-field fabric step (upward-continued TMI and isostatic gravity gradient) beneath thick sedimentary cover, with no DEM scarp and no radiometric lineament, i.e. structure that does not reach the surface and so is missing from a surface-mapped catalogue. HYPOTHESIS, not verified geology.","Non-fault basin-fill density boundary or volcanic lithologic contact; buried palaeo-channel or alluvial-fan margin; road/erosion lineament (the brief's B-only artifact reading, excluded here by the B-abstain gate but not eliminated); upward-continued flight-line artefact of the airborne survey.","Independent evidence of offset at this location: a displaced contact or marker bed, deflected or offset drainage, a facies termination, a published structural interpretation, or field observation. None is claimed here.","MEASURED CONTEXT + TEMPLATE HYPOTHESIS; no field observation, no geologist review"
1949,1523,395700.0,4313600.0,3436.6,0.976968,0.491477,0.485491,0.819132,1,1428.4,0.8268,0.001049,-15.0985,3.425,0.3031,0.8543,0.016597,30.7487,2342.1001,"Buried or cover-hidden fault (the brief's A-only reading): a deep potential-field fabric step (upward-continued TMI and isostatic gravity gradient) beneath thick sedimentary cover, with no DEM scarp and no radiometric lineament, i.e. structure that does not reach the surface and so is missing from a surface-mapped catalogue. HYPOTHESIS, not verified geology.","Non-fault basin-fill density boundary or volcanic lithologic contact; buried palaeo-channel or alluvial-fan margin; road/erosion lineament (the brief's B-only artifact reading, excluded here by the B-abstain gate but not eliminated); upward-continued flight-line artefact of the airborne survey.","Independent evidence of offset at this location: a displaced contact or marker bed, deflected or offset drainage, a facies termination, a published structural interpretation, or field observation. None is claimed here.","MEASURED CONTEXT + TEMPLATE HYPOTHESIS; no field observation, no geologist review"
2031,1422,385600.0,4305400.0,2600.0,0.962896,0.38671,0.576186,0.854456,1,1954.4,0.1419,0.000266,-22.3652,2.9931,0.4134,0.563,0.00098,31.9751,2304.8999,"Buried or cover-hidden fault (the brief's A-only reading): a deep potential-field fabric step (upward-continued TMI and isostatic gravity gradient) beneath thick sedimentary cover, with no DEM scarp and no radiometric lineament, i.e. structure that does not reach the surface and so is missing from a surface-mapped catalogue. HYPOTHESIS, not verified geology.","Non-fault basin-fill density boundary or volcanic lithologic contact; buried palaeo-channel or alluvial-fan margin; road/erosion lineament (the brief's B-only artifact reading, excluded here by the B-abstain gate but not eliminated); upward-continued flight-line artefact of the airborne survey.","Independent evidence of offset at this location: a displaced contact or marker bed, deflected or offset drainage, a facies termination, a published structural interpretation, or field observation. None is claimed here.","MEASURED CONTEXT + TEMPLATE HYPOTHESIS; no field observation, no geologist review"
2067,1437,387100.0,4301800.0,2531.8,0.961594,0.407724,0.55387,0.794258,1,1145.4,0.0345,0.002628,-17.3831,3.3069,0.4803,0.685,0.008804,31.58,2619.6001,"Buried or cover-hidden fault (the brief's A-only reading): a deep potential-field fabric step (upward-continued TMI and isostatic gravity gradient) beneath thick sedimentary cover, with no DEM scarp and no radiometric lineament, i.e. structure that does not reach the surface and so is missing from a surface-mapped catalogue. HYPOTHESIS, not verified geology.","Non-fault basin-fill density boundary or volcanic lithologic contact; buried palaeo-channel or alluvial-fan margin; road/erosion lineament (the brief's B-only artifact reading, excluded here by the B-abstain gate but not eliminated); upward-continued flight-line artefact of the airborne survey.","Independent evidence of offset at this location: a displaced contact or marker bed, deflected or offset drainage, a facies termination, a published structural interpretation, or field observation. None is claimed here.","MEASURED CONTEXT + TEMPLATE HYPOTHESIS; no field observation, no geologist review"
2068,1442,387600.0,4301700.0,2061.6,0.955165,0.372104,0.583061,0.780686,1,1015.4,0.2018,0.003032,-16.288,3.3563,0.4291,0.7126,0.008075,31.478,2619.6001,"Buried or cover-hidden fault (the brief's A-only reading): a deep potential-field fabric step (upward-continued TMI and isostatic gravity gradient) beneath thick sedimentary cover, with no DEM scarp and no radiometric lineament, i.e. structure that does not reach the surface and so is missing from a surface-mapped catalogue. HYPOTHESIS, not verified geology.","Non-fault basin-fill density boundary or volcanic lithologic contact; buried palaeo-channel or alluvial-fan margin; road/erosion lineament (the brief's B-only artifact reading, excluded here by the B-abstain gate but not eliminated); upward-continued flight-line artefact of the airborne survey.","Independent evidence of offset at this location: a displaced contact or marker bed, deflected or offset drainage, a facies termination, a published structural interpretation, or field observation. None is claimed here.","MEASURED CONTEXT + TEMPLATE HYPOTHESIS; no field observation, no geologist review"
2074,1446,388000.0,4301100.0,1941.6,0.966692,0.375126,0.591566,0.769728,1,921.3,0.6402,0.003244,-13.8986,3.3563,0.4646,0.6457,0.010406,31.4,2619.6001,"Buried or cover-hidden fault (the brief's A-only reading): a deep potential-field fabric step (upward-continued TMI and isostatic gravity gradient) beneath thick sedimentary cover, with no DEM scarp and no radiometric lineament, i.e. structure that does not reach the surface and so is missing from a surface-mapped catalogue. HYPOTHESIS, not verified geology.","Non-fault basin-fill density boundary or volcanic lithologic contact; buried palaeo-channel or alluvial-fan margin; road/erosion lineament (the brief's B-only artifact reading, excluded here by the B-abstain gate but not eliminated); upward-continued flight-line artefact of the airborne survey.","Independent evidence of offset at this location: a displaced contact or marker bed, deflected or offset drainage, a facies termination, a published structural interpretation, or field observation. None is claimed here.","MEASURED CONTEXT + TEMPLATE HYPOTHESIS; no field observation, no geologist review"
2137,1544,397800.0,4294800.0,2340.9,0.987739,0.397208,0.590531,0.76401,1,875.7,0.4094,0.001268,-12.5147,2.2279,0.5551,0.6339,0.016617,31.8,2428.8999,"Buried or cover-hidden fault (the brief's A-only reading): a deep potential-field fabric step (upward-continued TMI and isostatic gravity gradient) beneath thick sedimentary cover, with no DEM scarp and no radiometric lineament, i.e. structure that does not reach the surface and so is missing from a surface-mapped catalogue. HYPOTHESIS, not verified geology.","Non-fault basin-fill density boundary or volcanic lithologic contact; buried palaeo-channel or alluvial-fan margin; road/erosion lineament (the brief's B-only artifact reading, excluded here by the B-abstain gate but not eliminated); upward-continued flight-line artefact of the airborne survey.","Independent evidence of offset at this location: a displaced contact or marker bed, deflected or offset drainage, a facies termination, a published structural interpretation, or field observation. None is claimed here.","MEASURED CONTEXT + TEMPLATE HYPOTHESIS; no field observation, no geologist review"
2140,1542,397600.0,4294500.0,2061.6,0.994172,0.500446,0.493725,0.763213,1,869.5,0.8434,0.001368,-11.9384,2.2279,0.3701,0.8031,0.018995,31.802,2428.8999,"Buried or cover-hidden fault (the brief's A-only reading): a deep potential-field fabric step (upward-continued TMI and isostatic gravity gradient) beneath thick sedimentary cover, with no DEM scarp and no radiometric lineament, i.e. structure that does not reach the surface and so is missing from a surface-mapped catalogue. HYPOTHESIS, not verified geology.","Non-fault basin-fill density boundary or volcanic lithologic contact; buried palaeo-channel or alluvial-fan margin; road/erosion lineament (the brief's B-only artifact reading, excluded here by the B-abstain gate but not eliminated); upward-continued flight-line artefact of the airborne survey.","Independent evidence of offset at this location: a displaced contact or marker bed, deflected or offset drainage, a facies termination, a published structural interpretation, or field observation. None is claimed here.","MEASURED CONTEXT + TEMPLATE HYPOTHESIS; no field observation, no geologist review"
2337,1184,361800.0,4274800.0,6530.7,0.952556,0.581614,0.370942,0.772791,1,946.7,2.1767,0.002324,-20.6139,3.5871,0.5512,0.748,0.011461,39.9,3497.2,"Buried or cover-hidden fault (the brief's A-only reading): a deep potential-field fabric step (upward-continued TMI and isostatic gravity gradient) beneath thick sedimentary cover, with no DEM scarp and no radiometric lineament, i.e. structure that does not reach the surface and so is missing from a surface-mapped catalogue. HYPOTHESIS, not verified geology.","Non-fault basin-fill density boundary or volcanic lithologic contact; buried palaeo-channel or alluvial-fan margin; road/erosion lineament (the brief's B-only artifact reading, excluded here by the B-abstain gate but not eliminated); upward-continued flight-line artefact of the airborne survey.","Independent evidence of offset at this location: a displaced contact or marker bed, deflected or offset drainage, a facies termination, a published structural interpretation, or field observation. None is claimed here.","MEASURED CONTEXT + TEMPLATE HYPOTHESIS; no field observation, no geologist review"
2340,1187,362100.0,4274500.0,6306.3,0.966422,0.571432,0.39499,0.786858,1,1072.6,2.5568,0.002363,-21.3695,3.5871,0.5787,0.7008,0.009118,39.9,3589.9226,"Buried or cover-hidden fault (the brief's A-only reading): a deep potential-field fabric step (upward-continued TMI and isostatic gravity gradient) beneath thick sedimentary cover, with no DEM scarp and no radiometric lineament, i.e. structure that does not reach the surface and so is missing from a surface-mapped catalogue. HYPOTHESIS, not verified geology.","Non-fault basin-fill density boundary or volcanic lithologic contact; buried palaeo-channel or alluvial-fan margin; road/erosion lineament (the brief's B-only artifact reading, excluded here by the B-abstain gate but not eliminated); upward-continued flight-line artefact of the airborne survey.","Independent evidence of offset at this location: a displaced contact or marker bed, deflected or offset drainage, a facies termination, a published structural interpretation, or field observation. None is claimed here.","MEASURED CONTEXT + TEMPLATE HYPOTHESIS; no field observation, no geologist review"
2362,1247,368100.0,4272300.0,3801.3,0.971786,0.533129,0.438657,0.78147,1,1022.5,2.2974,0.003176,-16.9877,3.8828,0.7441,0.7756,0.00409,40.0,4878.0908,"Buried or cover-hidden fault (the brief's A-only reading): a deep potential-field fabric step (upward-continued TMI and isostatic gravity gradient) beneath thick sedimentary cover, with no DEM scarp and no radiometric lineament, i.e. structure that does not reach the surface and so is missing from a surface-mapped catalogue. HYPOTHESIS, not verified geology.","Non-fault basin-fill density boundary or volcanic lithologic contact; buried palaeo-channel or alluvial-fan margin; road/erosion lineament (the brief's B-only artifact reading, excluded here by the B-abstain gate but not eliminated); upward-continued flight-line artefact of the airborne survey.","Independent evidence of offset at this location: a displaced contact or marker bed, deflected or offset drainage, a facies termination, a published structural interpretation, or field observation. None is claimed here.","MEASURED CONTEXT + TEMPLATE HYPOTHESIS; no field observation, no geologist review"
2368,1241,367500.0,4271700.0,4455.3,0.986174,0.563476,0.422697,0.812574,1,1347.7,2.4787,0.002554,-19.2368,3.8828,0.6575,0.8071,0.010026,40.0,5183.3999,"Buried or cover-hidden fault (the brief's A-only reading): a deep potential-field fabric step (upward-continued TMI and isostatic gravity gradient) beneath thick sedimentary cover, with no DEM scarp and no radiometric lineament, i.e. structure that does not reach the surface and so is missing from a surface-mapped catalogue. HYPOTHESIS, not verified geology.","Non-fault basin-fill density boundary or volcanic lithologic contact; buried palaeo-channel or alluvial-fan margin; road/erosion lineament (the brief's B-only artifact reading, excluded here by the B-abstain gate but not eliminated); upward-continued flight-line artefact of the airborne survey.","Independent evidence of offset at this location: a displaced contact or marker bed, deflected or offset drainage, a facies termination, a published structural interpretation, or field observation. None is claimed here.","MEASURED CONTEXT + TEMPLATE HYPOTHESIS; no field observation, no geologist review"
2371,1240,367400.0,4271400.0,4767.6,0.980582,0.57486,0.405722,0.818813,1,1424.4,1.8875,0.002377,-19.6497,3.8828,0.6535,0.8071,0.011837,40.1362,5183.3999,"Buried or cover-hidden fault (the brief's A-only reading): a deep potential-field fabric step (upward-continued TMI and isostatic gravity gradient) beneath thick sedimentary cover, with no DEM scarp and no radiometric lineament, i.e. structure that does not reach the surface and so is missing from a surface-mapped catalogue. HYPOTHESIS, not verified geology.","Non-fault basin-fill density boundary or volcanic lithologic contact; buried palaeo-channel or alluvial-fan margin; road/erosion lineament (the brief's B-only artifact reading, excluded here by the B-abstain gate but not eliminated); upward-continued flight-line artefact of the airborne survey.","Independent evidence of offset at this location: a displaced contact or marker bed, deflected or offset drainage, a facies termination, a published structural interpretation, or field observation. None is claimed here.","MEASURED CONTEXT + TEMPLATE HYPOTHESIS; no field observation, no geologist review"
2372,1243,367700.0,4271300.0,4826.0,0.980582,0.55725,0.423332,0.812312,1,1344.5,2.0256,0.002532,-18.9784,3.8828,0.685,0.815,0.010973,40.1966,5183.3999,"Buried or cover-hidden fault (the brief's A-only reading): a deep potential-field fabric step (upward-continued TMI and isostatic gravity gradient) beneath thick sedimentary cover, with no DEM scarp and no radiometric lineament, i.e. structure that does not reach the surface and so is missing from a surface-mapped catalogue. HYPOTHESIS, not verified geology.","Non-fault basin-fill density boundary or volcanic lithologic contact; buried palaeo-channel or alluvial-fan margin; road/erosion lineament (the brief's B-only artifact reading, excluded here by the B-abstain gate but not eliminated); upward-continued flight-line artefact of the airborne survey.","Independent evidence of offset at this location: a displaced contact or marker bed, deflected or offset drainage, a facies termination, a published structural interpretation, or field observation. None is claimed here.","MEASURED CONTEXT + TEMPLATE HYPOTHESIS; no field observation, no geologist review"
2380,1236,367000.0,4270500.0,5727.1,0.954492,0.359027,0.595465,0.824879,1,1503.2,1.5014,0.002748,-19.6014,3.8828,0.6457,0.7913,0.010708,39.9878,5345.6924,"Buried or cover-hidden fault (the brief's A-only reading): a deep potential-field fabric step (upward-continued TMI and isostatic gravity gradient) beneath thick sedimentary cover, with no DEM scarp and no radiometric lineament, i.e. structure that does not reach the surface and so is missing from a surface-mapped catalogue. HYPOTHESIS, not verified geology.","Non-fault basin-fill density boundary or volcanic lithologic contact; buried palaeo-channel or alluvial-fan margin; road/erosion lineament (the brief's B-only artifact reading, excluded here by the B-abstain gate but not eliminated); upward-continued flight-line artefact of the airborne survey.","Independent evidence of offset at this location: a displaced contact or marker bed, deflected or offset drainage, a facies termination, a published structural interpretation, or field observation. None is claimed here.","MEASURED CONTEXT + TEMPLATE HYPOTHESIS; no field observation, no geologist review"
2384,1240,367400.0,4270100.0,6053.1,0.980967,0.426214,0.554753,0.812153,1,1342.7,1.4335,0.003418,-18.0617,3.8828,0.5709,0.8031,0.012931,40.3,5779.1001,"Buried or cover-hidden fault (the brief's A-only reading): a deep potential-field fabric step (upward-continued TMI and isostatic gravity gradient) beneath thick sedimentary cover, with no DEM scarp and no radiometric lineament, i.e. structure that does not reach the surface and so is missing from a surface-mapped catalogue. HYPOTHESIS, not verified geology.","Non-fault basin-fill density boundary or volcanic lithologic contact; buried palaeo-channel or alluvial-fan margin; road/erosion lineament (the brief's B-only artifact reading, excluded here by the B-abstain gate but not eliminated); upward-continued flight-line artefact of the airborne survey.","Independent evidence of offset at this location: a displaced contact or marker bed, deflected or offset drainage, a facies termination, a published structural interpretation, or field observation. None is claimed here.","MEASURED CONTEXT + TEMPLATE HYPOTHESIS; no field observation, no geologist review"
2387,1241,367500.0,4269800.0,6338.8,0.977854,0.498055,0.479799,0.802282,1,1230.0,1.0852,0.004053,-16.7374,3.7074,0.5,0.8858,0.012943,40.3,5779.1001,"Buried or cover-hidden fault (the brief's A-only reading): a deep potential-field fabric step (upward-continued TMI and isostatic gravity gradient) beneath thick sedimentary cover, with no DEM scarp and no radiometric lineament, i.e. structure that does not reach the surface and so is missing from a surface-mapped catalogue. HYPOTHESIS, not verified geology.","Non-fault basin-fill density boundary or volcanic lithologic contact; buried palaeo-channel or alluvial-fan margin; road/erosion lineament (the brief's B-only artifact reading, excluded here by the B-abstain gate but not eliminated); upward-continued flight-line artefact of the airborne survey.","Independent evidence of offset at this location: a displaced contact or marker bed, deflected or offset drainage, a facies termination, a published structural interpretation, or field observation. None is claimed here.","MEASURED CONTEXT + TEMPLATE HYPOTHESIS; no field observation, no geologist review"
2486,1194,362800.0,4259900.0,4964.9,0.968097,0.418034,0.550063,0.772748,1,946.3,1.0665,0.002083,-20.0187,2.5976,0.6299,0.7795,0.016882,46.394,5620.5,"Buried or cover-hidden fault (the brief's A-only reading): a deep potential-field fabric step (upward-continued TMI and isostatic gravity gradient) beneath thick sedimentary cover, with no DEM scarp and no radiometric lineament, i.e. structure that does not reach the surface and so is missing from a surface-mapped catalogue. HYPOTHESIS, not verified geology.","Non-fault basin-fill density boundary or volcanic lithologic contact; buried palaeo-channel or alluvial-fan margin; road/erosion lineament (the brief's B-only artifact reading, excluded here by the B-abstain gate but not eliminated); upward-continued flight-line artefact of the airborne survey.","Independent evidence of offset at this location: a displaced contact or marker bed, deflected or offset drainage, a facies termination, a published structural interpretation, or field observation. None is claimed here.","MEASURED CONTEXT + TEMPLATE HYPOTHESIS; no field observation, no geologist review"
2596,2031,446500.0,4248900.0,15028.3,0.977156,0.561431,0.415725,0.708267,1,533.7,0.6654,0.001024,-12.1724,2.6473,0.5276,0.7598,0.001876,15.3319,949.4,"Buried or cover-hidden fault (the brief's A-only reading): a deep potential-field fabric step (upward-continued TMI and isostatic gravity gradient) beneath thick sedimentary cover, with no DEM scarp and no radiometric lineament, i.e. structure that does not reach the surface and so is missing from a surface-mapped catalogue. HYPOTHESIS, not verified geology.","Non-fault basin-fill density boundary or volcanic lithologic contact; buried palaeo-channel or alluvial-fan margin; road/erosion lineament (the brief's B-only artifact reading, excluded here by the B-abstain gate but not eliminated); upward-continued flight-line artefact of the airborne survey.","Independent evidence of offset at this location: a displaced contact or marker bed, deflected or offset drainage, a facies termination, a published structural interpretation, or field observation. None is claimed here.","MEASURED CONTEXT + TEMPLATE HYPOTHESIS; no field observation, no geologist review"
2599,2030,446400.0,4248600.0,14832.7,0.993298,0.511387,0.481911,0.70966,1,540.4,0.7633,0.001182,-12.2779,2.6473,0.4331,0.8228,0.001258,15.3913,956.2608,"Buried or cover-hidden fault (the brief's A-only reading): a deep potential-field fabric step (upward-continued TMI and isostatic gravity gradient) beneath thick sedimentary cover, with no DEM scarp and no radiometric lineament, i.e. structure that does not reach the surface and so is missing from a surface-mapped catalogue. HYPOTHESIS, not verified geology.","Non-fault basin-fill density boundary or volcanic lithologic contact; buried palaeo-channel or alluvial-fan margin; road/erosion lineament (the brief's B-only artifact reading, excluded here by the B-abstain gate but not eliminated); upward-continued flight-line artefact of the airborne survey.","Independent evidence of offset at this location: a displaced contact or marker bed, deflected or offset drainage, a facies termination, a published structural interpretation, or field observation. None is claimed here.","MEASURED CONTEXT + TEMPLATE HYPOTHESIS; no field observation, no geologist review"
2602,2029,446300.0,4248300.0,14641.4,0.985779,0.605753,0.380026,0.710523,1,544.5,0.8763,0.001394,-12.3421,2.6473,0.6929,0.5945,0.003517,15.4508,965.8,"Buried or cover-hidden fault (the brief's A-only reading): a deep potential-field fabric step (upward-continued TMI and isostatic gravity gradient) beneath thick sedimentary cover, with no DEM scarp and no radiometric lineament, i.e. structure that does not reach the surface and so is missing from a surface-mapped catalogue. HYPOTHESIS, not verified geology.","Non-fault basin-fill density boundary or volcanic lithologic contact; buried palaeo-channel or alluvial-fan margin; road/erosion lineament (the brief's B-only artifact reading, excluded here by the B-abstain gate but not eliminated); upward-continued flight-line artefact of the airborne survey.","Independent evidence of offset at this location: a displaced contact or marker bed, deflected or offset drainage, a facies termination, a published structural interpretation, or field observation. None is claimed here.","MEASURED CONTEXT + TEMPLATE HYPOTHESIS; no field observation, no geologist review"
2602,2034,446800.0,4248300.0,15116.9,0.981192,0.469777,0.511414,0.709143,1,537.9,0.517,0.000972,-12.8019,2.6473,0.5472,0.8031,0.002644,15.3,965.8,"Buried or cover-hidden fault (the brief's A-only reading): a deep potential-field fabric step (upward-continued TMI and isostatic gravity gradient) beneath thick sedimentary cover, with no DEM scarp and no radiometric lineament, i.e. structure that does not reach the surface and so is missing from a surface-mapped catalogue. HYPOTHESIS, not verified geology.","Non-fault basin-fill density boundary or volcanic lithologic contact; buried palaeo-channel or alluvial-fan margin; road/erosion lineament (the brief's B-only artifact reading, excluded here by the B-abstain gate but not eliminated); upward-continued flight-line artefact of the airborne survey.","Independent evidence of offset at this location: a displaced contact or marker bed, deflected or offset drainage, a facies termination, a published structural interpretation, or field observation. None is claimed here.","MEASURED CONTEXT + TEMPLATE HYPOTHESIS; no field observation, no geologist review"
2602,2037,447100.0,4248300.0,15402.9,0.975682,0.582894,0.392787,0.708293,1,533.9,0.4481,0.000705,-13.0769,2.6473,0.4449,0.874,0.002552,15.3,965.8,"Buried or cover-hidden fault (the brief's A-only reading): a deep potential-field fabric step (upward-continued TMI and isostatic gravity gradient) beneath thick sedimentary cover, with no DEM scarp and no radiometric lineament, i.e. structure that does not reach the surface and so is missing from a surface-mapped catalogue. HYPOTHESIS, not verified geology.","Non-fault basin-fill density boundary or volcanic lithologic contact; buried palaeo-channel or alluvial-fan margin; road/erosion lineament (the brief's B-only artifact reading, excluded here by the B-abstain gate but not eliminated); upward-continued flight-line artefact of the airborne survey.","Independent evidence of offset at this location: a displaced contact or marker bed, deflected or offset drainage, a facies termination, a published structural interpretation, or field observation. None is claimed here.","MEASURED CONTEXT + TEMPLATE HYPOTHESIS; no field observation, no geologist review"
2611,2026,446000.0,4247400.0,14094.3,0.981119,0.568143,0.412976,0.702252,1,505.9,1.2865,0.002296,-11.4311,2.6473,0.4685,0.8386,0.008226,15.8529,976.123,"Buried or cover-hidden fault (the brief's A-only reading): a deep potential-field fabric step (upward-continued TMI and isostatic gravity gradient) beneath thick sedimentary cover, with no DEM scarp and no radiometric lineament, i.e. structure that does not reach the surface and so is missing from a surface-mapped catalogue. HYPOTHESIS, not verified geology.","Non-fault basin-fill density boundary or volcanic lithologic contact; buried palaeo-channel or alluvial-fan margin; road/erosion lineament (the brief's B-only artifact reading, excluded here by the B-abstain gate but not eliminated); upward-continued flight-line artefact of the airborne survey.","Independent evidence of offset at this location: a displaced contact or marker bed, deflected or offset drainage, a facies termination, a published structural interpretation, or field observation. None is claimed here.","MEASURED CONTEXT + TEMPLATE HYPOTHESIS; no field observation, no geologist review"
2641,2023,445700.0,4244400.0,13168.5,0.980324,0.593162,0.387162,0.64617,1,307.3,1.786,0.002162,-6.8798,2.6473,0.6457,0.8386,0.001303,16.0,976.7673,"Buried or cover-hidden fault (the brief's A-only reading): a deep potential-field fabric step (upward-continued TMI and isostatic gravity gradient) beneath thick sedimentary cover, with no DEM scarp and no radiometric lineament, i.e. structure that does not reach the surface and so is missing from a surface-mapped catalogue. HYPOTHESIS, not verified geology.","Non-fault basin-fill density boundary or volcanic lithologic contact; buried palaeo-channel or alluvial-fan margin; road/erosion lineament (the brief's B-only artifact reading, excluded here by the B-abstain gate but not eliminated); upward-continued flight-line artefact of the airborne survey.","Independent evidence of offset at this location: a displaced contact or marker bed, deflected or offset drainage, a facies termination, a published structural interpretation, or field observation. None is claimed here.","MEASURED CONTEXT + TEMPLATE HYPOTHESIS; no field observation, no geologist review"
3016,1915,434900.0,4206900.0,4100.0,0.951233,0.374106,0.577127,0.885095,1,2564.9,1.0399,0.000379,-25.7987,3.22,0.5039,0.7913,0.011589,31.8,907.5601,"Buried or cover-hidden fault (the brief's A-only reading): a deep potential-field fabric step (upward-continued TMI and isostatic gravity gradient) beneath thick sedimentary cover, with no DEM scarp and no radiometric lineament, i.e. structure that does not reach the surface and so is missing from a surface-mapped catalogue. HYPOTHESIS, not verified geology.","Non-fault basin-fill density boundary or volcanic lithologic contact; buried palaeo-channel or alluvial-fan margin; road/erosion lineament (the brief's B-only artifact reading, excluded here by the B-abstain gate but not eliminated); upward-continued flight-line artefact of the airborne survey.","Independent evidence of offset at this location: a displaced contact or marker bed, deflected or offset drainage, a facies termination, a published structural interpretation, or field observation. None is claimed here.","MEASURED CONTEXT + TEMPLATE HYPOTHESIS; no field observation, no geologist review"
3017,1911,434500.0,4206800.0,4501.1,0.960584,0.399702,0.560882,0.889822,1,2674.8,0.6989,0.000154,-25.6693,3.2292,0.5472,0.7795,0.01165,31.8,895.9085,"Buried or cover-hidden fault (the brief's A-only reading): a deep potential-field fabric step (upward-continued TMI and isostatic gravity gradient) beneath thick sedimentary cover, with no DEM scarp and no radiometric lineament, i.e. structure that does not reach the surface and so is missing from a surface-mapped catalogue. HYPOTHESIS, not verified geology.","Non-fault basin-fill density boundary or volcanic lithologic contact; buried palaeo-channel or alluvial-fan margin; road/erosion lineament (the brief's B-only artifact reading, excluded here by the B-abstain gate but not eliminated); upward-continued flight-line artefact of the airborne survey.","Independent evidence of offset at this location: a displaced contact or marker bed, deflected or offset drainage, a facies termination, a published structural interpretation, or field observation. None is claimed here.","MEASURED CONTEXT + TEMPLATE HYPOTHESIS; no field observation, no geologist review"
3018,1925,435900.0,4206700.0,3106.4,0.951555,0.567147,0.384407,0.877108,1,2389.5,1.1424,0.000715,-26.1303,3.2153,0.4803,0.7677,0.01436,31.5316,866.9453,"Buried or cover-hidden fault (the brief's A-only reading): a deep potential-field fabric step (upward-continued TMI and isostatic gravity gradient) beneath thick sedimentary cover, with no DEM scarp and no radiometric lineament, i.e. structure that does not reach the surface and so is missing from a surface-mapped catalogue. HYPOTHESIS, not verified geology.","Non-fault basin-fill density boundary or volcanic lithologic contact; buried palaeo-channel or alluvial-fan margin; road/erosion lineament (the brief's B-only artifact reading, excluded here by the B-abstain gate but not eliminated); upward-continued flight-line artefact of the airborne survey.","Independent evidence of offset at this location: a displaced contact or marker bed, deflected or offset drainage, a facies termination, a published structural interpretation, or field observation. None is claimed here.","MEASURED CONTEXT + TEMPLATE HYPOTHESIS; no field observation, no geologist review"
3020,1911,434500.0,4206500.0,4517.7,0.965296,0.358887,0.606409,0.88866,1,2647.4,0.5424,2.8e-05,-25.67,3.2496,0.4724,0.8031,0.013429,31.8,888.6,"Buried or cover-hidden fault (the brief's A-only reading): a deep potential-field fabric step (upward-continued TMI and isostatic gravity gradient) beneath thick sedimentary cover, with no DEM scarp and no radiometric lineament, i.e. structure that does not reach the surface and so is missing from a surface-mapped catalogue. HYPOTHESIS, not verified geology.","Non-fault basin-fill density boundary or volcanic lithologic contact; buried palaeo-channel or alluvial-fan margin; road/erosion lineament (the brief's B-only artifact reading, excluded here by the B-abstain gate but not eliminated); upward-continued flight-line artefact of the airborne survey.","Independent evidence of offset at this location: a displaced contact or marker bed, deflected or offset drainage, a facies termination, a published structural interpretation, or field observation. None is claimed here.","MEASURED CONTEXT + TEMPLATE HYPOTHESIS; no field observation, no geologist review"
3021,1919,435300.0,4206400.0,3733.6,0.981064,0.500768,0.480297,0.878499,1,2419.1,0.4448,0.000398,-25.7556,3.2496,0.4252,0.7638,0.01199,31.8,888.6,"Buried or cover-hidden fault (the brief's A-only reading): a deep potential-field fabric step (upward-continued TMI and isostatic gravity gradient) beneath thick sedimentary cover, with no DEM scarp and no radiometric lineament, i.e. structure that does not reach the surface and so is missing from a surface-mapped catalogue. HYPOTHESIS, not verified geology.","Non-fault basin-fill density boundary or volcanic lithologic contact; buried palaeo-channel or alluvial-fan margin; road/erosion lineament (the brief's B-only artifact reading, excluded here by the B-abstain gate but not eliminated); upward-continued flight-line artefact of the airborne survey.","Independent evidence of offset at this location: a displaced contact or marker bed, deflected or offset drainage, a facies termination, a published structural interpretation, or field observation. None is claimed here.","MEASURED CONTEXT + TEMPLATE HYPOTHESIS; no field observation, no geologist review"
3022,1923,435700.0,4206300.0,3354.1,0.978194,0.430625,0.547569,0.874918,1,2343.5,0.5903,0.000588,-25.8263,3.2456,0.4646,0.6614,0.01512,31.6504,876.5346,"Buried or cover-hidden fault (the brief's A-only reading): a deep potential-field fabric step (upward-continued TMI and isostatic gravity gradient) beneath thick sedimentary cover, with no DEM scarp and no radiometric lineament, i.e. structure that does not reach the surface and so is missing from a surface-mapped catalogue. HYPOTHESIS, not verified geology.","Non-fault basin-fill density boundary or volcanic lithologic contact; buried palaeo-channel or alluvial-fan margin; road/erosion lineament (the brief's B-only artifact reading, excluded here by the B-abstain gate but not eliminated); upward-continued flight-line artefact of the airborne survey.","Independent evidence of offset at this location: a displaced contact or marker bed, deflected or offset drainage, a facies termination, a published structural interpretation, or field observation. None is claimed here.","MEASURED CONTEXT + TEMPLATE HYPOTHESIS; no field observation, no geologist review"
3023,1907,434100.0,4206200.0,4949.7,0.966137,0.455566,0.510571,0.89148,1,2714.4,0.6958,0.00052,-25.7753,3.2496,0.5157,0.7874,0.013872,31.8,888.6,"Buried or cover-hidden fault (the brief's A-only reading): a deep potential-field fabric step (upward-continued TMI and isostatic gravity gradient) beneath thick sedimentary cover, with no DEM scarp and no radiometric lineament, i.e. structure that does not reach the surface and so is missing from a surface-mapped catalogue. HYPOTHESIS, not verified geology.","Non-fault basin-fill density boundary or volcanic lithologic contact; buried palaeo-channel or alluvial-fan margin; road/erosion lineament (the brief's B-only artifact reading, excluded here by the B-abstain gate but not eliminated); upward-continued flight-line artefact of the airborne survey.","Independent evidence of offset at this location: a displaced contact or marker bed, deflected or offset drainage, a facies termination, a published structural interpretation, or field observation. None is claimed here.","MEASURED CONTEXT + TEMPLATE HYPOTHESIS; no field observation, no geologist review"
3023,1926,436000.0,4206200.0,3080.6,0.968439,0.569836,0.398604,0.871827,1,2280.1,0.8695,0.000734,-25.8346,3.2164,0.5394,0.7441,0.01573,31.5,864.4,"Buried or cover-hidden fault (the brief's A-only reading): a deep potential-field fabric step (upward-continued TMI and isostatic gravity gradient) beneath thick sedimentary cover, with no DEM scarp and no radiometric lineament, i.e. structure that does not reach the surface and so is missing from a surface-mapped catalogue. HYPOTHESIS, not verified geology.","Non-fault basin-fill density boundary or volcanic lithologic contact; buried palaeo-channel or alluvial-fan margin; road/erosion lineament (the brief's B-only artifact reading, excluded here by the B-abstain gate but not eliminated); upward-continued flight-line artefact of the airborne survey.","Independent evidence of offset at this location: a displaced contact or marker bed, deflected or offset drainage, a facies termination, a published structural interpretation, or field observation. None is claimed here.","MEASURED CONTEXT + TEMPLATE HYPOTHESIS; no field observation, no geologist review"
3024,1904,433800.0,4206100.0,5261.2,0.950848,0.351442,0.599406,0.893102,1,2753.8,0.332,0.000738,-26.0495,3.2496,0.5079,0.8898,0.011312,31.8532,912.1599,"Buried or cover-hidden fault (the brief's A-only reading): a deep potential-field fabric step (upward-continued TMI and isostatic gravity gradient) beneath thick sedimentary cover, with no DEM scarp and no radiometric lineament, i.e. structure that does not reach the surface and so is missing from a surface-mapped catalogue. HYPOTHESIS, not verified geology.","Non-fault basin-fill density boundary or volcanic lithologic contact; buried palaeo-channel or alluvial-fan margin; road/erosion lineament (the brief's B-only artifact reading, excluded here by the B-abstain gate but not eliminated); upward-continued flight-line artefact of the airborne survey.","Independent evidence of offset at this location: a displaced contact or marker bed, deflected or offset drainage, a facies termination, a published structural interpretation, or field observation. None is claimed here.","MEASURED CONTEXT + TEMPLATE HYPOTHESIS; no field observation, no geologist review"
3024,1916,435000.0,4206100.0,4079.2,0.966012,0.394926,0.571086,0.879644,1,2443.8,0.69,0.00025,-25.6611,3.2496,0.5157,0.7953,0.008252,31.8,888.6,"Buried or cover-hidden fault (the brief's A-only reading): a deep potential-field fabric step (upward-continued TMI and isostatic gravity gradient) beneath thick sedimentary cover, with no DEM scarp and no radiometric lineament, i.e. structure that does not reach the surface and so is missing from a surface-mapped catalogue. HYPOTHESIS, not verified geology.","Non-fault basin-fill density boundary or volcanic lithologic contact; buried palaeo-channel or alluvial-fan margin; road/erosion lineament (the brief's B-only artifact reading, excluded here by the B-abstain gate but not eliminated); upward-continued flight-line artefact of the airborne survey.","Independent evidence of offset at this location: a displaced contact or marker bed, deflected or offset drainage, a facies termination, a published structural interpretation, or field observation. None is claimed here.","MEASURED CONTEXT + TEMPLATE HYPOTHESIS; no field observation, no geologist review"
3027,1901,433500.0,4205800.0,5608.9,0.950848,0.424302,0.526545,0.894048,1,2777.0,0.7383,0.000816,-26.4,3.2496,0.5591,0.8307,0.010058,31.9721,964.8224,"Buried or cover-hidden fault (the brief's A-only reading): a deep potential-field fabric step (upward-continued TMI and isostatic gravity gradient) beneath thick sedimentary cover, with no DEM scarp and no radiometric lineament, i.e. structure that does not reach the surface and so is missing from a surface-mapped catalogue. HYPOTHESIS, not verified geology.","Non-fault basin-fill density boundary or volcanic lithologic contact; buried palaeo-channel or alluvial-fan margin; road/erosion lineament (the brief's B-only artifact reading, excluded here by the B-abstain gate but not eliminated); upward-continued flight-line artefact of the airborne survey.","Independent evidence of offset at this location: a displaced contact or marker bed, deflected or offset drainage, a facies termination, a published structural interpretation, or field observation. None is claimed here.","MEASURED CONTEXT + TEMPLATE HYPOTHESIS; no field observation, no geologist review"
3027,1909,434300.0,4205800.0,4827.0,0.965156,0.41733,0.547826,0.887339,1,2616.5,0.653,0.000499,-25.7726,3.2496,0.4961,0.8346,0.00871,31.8,888.6,"Buried or cover-hidden fault (the brief's A-only reading): a deep potential-field fabric step (upward-continued TMI and isostatic gravity gradient) beneath thick sedimentary cover, with no DEM scarp and no radiometric lineament, i.e. structure that does not reach the surface and so is missing from a surface-mapped catalogue. HYPOTHESIS, not verified geology.","Non-fault basin-fill density boundary or volcanic lithologic contact; buried palaeo-channel or alluvial-fan margin; road/erosion lineament (the brief's B-only artifact reading, excluded here by the B-abstain gate but not eliminated); upward-continued flight-line artefact of the airborne survey.","Independent evidence of offset at this location: a displaced contact or marker bed, deflected or offset drainage, a facies termination, a published structural interpretation, or field observation. None is claimed here.","MEASURED CONTEXT + TEMPLATE HYPOTHESIS; no field observation, no geologist review"
3028,1930,436400.0,4205700.0,2863.6,0.963239,0.598259,0.36498,0.86529,1,2151.6,0.4128,0.001024,-25.472,3.1776,0.3937,0.7205,0.016835,31.5,864.4,"Buried or cover-hidden fault (the brief's A-only reading): a deep potential-field fabric step (upward-continued TMI and isostatic gravity gradient) beneath thick sedimentary cover, with no DEM scarp and no radiometric lineament, i.e. structure that does not reach the surface and so is missing from a surface-mapped catalogue. HYPOTHESIS, not verified geology.","Non-fault basin-fill density boundary or volcanic lithologic contact; buried palaeo-channel or alluvial-fan margin; road/erosion lineament (the brief's B-only artifact reading, excluded here by the B-abstain gate but not eliminated); upward-continued flight-line artefact of the airborne survey.","Independent evidence of offset at this location: a displaced contact or marker bed, deflected or offset drainage, a facies termination, a published structural interpretation, or field observation. None is claimed here.","MEASURED CONTEXT + TEMPLATE HYPOTHESIS; no field observation, no geologist review"
3029,1922,435600.0,4205600.0,3640.1,0.981095,0.350246,0.630848,0.8687,1,2217.7,0.5723,0.00075,-25.4112,3.2496,0.5118,0.7598,0.01054,31.7099,881.329,"Buried or cover-hidden fault (the brief's A-only reading): a deep potential-field fabric step (upward-continued TMI and isostatic gravity gradient) beneath thick sedimentary cover, with no DEM scarp and no radiometric lineament, i.e. structure that does not reach the surface and so is missing from a surface-mapped catalogue. HYPOTHESIS, not verified geology.","Non-fault basin-fill density boundary or volcanic lithologic contact; buried palaeo-channel or alluvial-fan margin; road/erosion lineament (the brief's B-only artifact reading, excluded here by the B-abstain gate but not eliminated); upward-continued flight-line artefact of the airborne survey.","Independent evidence of offset at this location: a displaced contact or marker bed, deflected or offset drainage, a facies termination, a published structural interpretation, or field observation. None is claimed here.","MEASURED CONTEXT + TEMPLATE HYPOTHESIS; no field observation, no geologist review"
3029,1927,436100.0,4205600.0,3178.0,0.962993,0.388761,0.574232,0.864452,1,2135.6,0.4528,0.000926,-25.3745,3.2067,0.4843,0.7165,0.015255,31.5,864.4,"Buried or cover-hidden fault (the brief's A-only reading): a deep potential-field fabric step (upward-continued TMI and isostatic gravity gradient) beneath thick sedimentary cover, with no DEM scarp and no radiometric lineament, i.e. structure that does not reach the surface and so is missing from a surface-mapped catalogue. HYPOTHESIS, not verified geology.","Non-fault basin-fill density boundary or volcanic lithologic contact; buried palaeo-channel or alluvial-fan margin; road/erosion lineament (the brief's B-only artifact reading, excluded here by the B-abstain gate but not eliminated); upward-continued flight-line artefact of the airborne survey.","Independent evidence of offset at this location: a displaced contact or marker bed, deflected or offset drainage, a facies termination, a published structural interpretation, or field observation. None is claimed here.","MEASURED CONTEXT + TEMPLATE HYPOTHESIS; no field observation, no geologist review"
3031,1919,435300.0,4205400.0,3992.5,0.976483,0.403683,0.5728,0.868232,1,2208.5,0.466,0.000775,-25.2757,3.2496,0.5197,0.7559,0.005541,31.8,888.6,"Buried or cover-hidden fault (the brief's A-only reading): a deep potential-field fabric step (upward-continued TMI and isostatic gravity gradient) beneath thick sedimentary cover, with no DEM scarp and no radiometric lineament, i.e. structure that does not reach the surface and so is missing from a surface-mapped catalogue. HYPOTHESIS, not verified geology.","Non-fault basin-fill density boundary or volcanic lithologic contact; buried palaeo-channel or alluvial-fan margin; road/erosion lineament (the brief's B-only artifact reading, excluded here by the B-abstain gate but not eliminated); upward-continued flight-line artefact of the airborne survey.","Independent evidence of offset at this location: a displaced contact or marker bed, deflected or offset drainage, a facies termination, a published structural interpretation, or field observation. None is claimed here.","MEASURED CONTEXT + TEMPLATE HYPOTHESIS; no field observation, no geologist review"
3031,1930,436400.0,4205400.0,3001.7,0.963873,0.422197,0.541676,0.860807,1,2067.7,0.2668,0.0011,-25.139,3.1776,0.4921,0.7047,0.015126,31.5,864.4,"Buried or cover-hidden fault (the brief's A-only reading): a deep potential-field fabric step (upward-continued TMI and isostatic gravity gradient) beneath thick sedimentary cover, with no DEM scarp and no radiometric lineament, i.e. structure that does not reach the surface and so is missing from a surface-mapped catalogue. HYPOTHESIS, not verified geology.","Non-fault basin-fill density boundary or volcanic lithologic contact; buried palaeo-channel or alluvial-fan margin; road/erosion lineament (the brief's B-only artifact reading, excluded here by the B-abstain gate but not eliminated); upward-continued flight-line artefact of the airborne survey.","Independent evidence of offset at this location: a displaced contact or marker bed, deflected or offset drainage, a facies termination, a published structural interpretation, or field observation. None is claimed here.","MEASURED CONTEXT + TEMPLATE HYPOTHESIS; no field observation, no geologist review"
3033,1925,435900.0,4205200.0,3535.5,0.986101,0.359082,0.627019,0.860175,1,2056.1,0.2748,0.000976,-25.0116,3.2261,0.5433,0.7126,0.00945,31.5315,862.6102,"Buried or cover-hidden fault (the brief's A-only reading): a deep potential-field fabric step (upward-continued TMI and isostatic gravity gradient) beneath thick sedimentary cover, with no DEM scarp and no radiometric lineament, i.e. structure that does not reach the surface and so is missing from a surface-mapped catalogue. HYPOTHESIS, not verified geology.","Non-fault basin-fill density boundary or volcanic lithologic contact; buried palaeo-channel or alluvial-fan margin; road/erosion lineament (the brief's B-only artifact reading, excluded here by the B-abstain gate but not eliminated); upward-continued flight-line artefact of the airborne survey.","Independent evidence of offset at this location: a displaced contact or marker bed, deflected or offset drainage, a facies termination, a published structural interpretation, or field observation. None is claimed here.","MEASURED CONTEXT + TEMPLATE HYPOTHESIS; no field observation, no geologist review"
3034,1919,435300.0,4205100.0,4114.6,0.964359,0.352661,0.611697,0.863669,1,2120.9,0.1913,0.000891,-25.0394,3.2496,0.6063,0.752,0.005596,31.8,878.9888,"Buried or cover-hidden fault (the brief's A-only reading): a deep potential-field fabric step (upward-continued TMI and isostatic gravity gradient) beneath thick sedimentary cover, with no DEM scarp and no radiometric lineament, i.e. structure that does not reach the surface and so is missing from a surface-mapped catalogue. HYPOTHESIS, not verified geology.","Non-fault basin-fill density boundary or volcanic lithologic contact; buried palaeo-channel or alluvial-fan margin; road/erosion lineament (the brief's B-only artifact reading, excluded here by the B-abstain gate but not eliminated); upward-continued flight-line artefact of the airborne survey.","Independent evidence of offset at this location: a displaced contact or marker bed, deflected or offset drainage, a facies termination, a published structural interpretation, or field observation. None is claimed here.","MEASURED CONTEXT + TEMPLATE HYPOTHESIS; no field observation, no geologist review"
3034,1928,436200.0,4205100.0,3328.7,0.951488,0.357079,0.594409,0.856016,1,1981.6,0.1993,0.001091,-24.8562,3.197,0.5276,0.6575,0.011466,31.5,851.343,"Buried or cover-hidden fault (the brief's A-only reading): a deep potential-field fabric step (upward-continued TMI and isostatic gravity gradient) beneath thick sedimentary cover, with no DEM scarp and no radiometric lineament, i.e. structure that does not reach the surface and so is missing from a surface-mapped catalogue. HYPOTHESIS, not verified geology.","Non-fault basin-fill density boundary or volcanic lithologic contact; buried palaeo-channel or alluvial-fan margin; road/erosion lineament (the brief's B-only artifact reading, excluded here by the B-abstain gate but not eliminated); upward-continued flight-line artefact of the airborne survey.","Independent evidence of offset at this location: a displaced contact or marker bed, deflected or offset drainage, a facies termination, a published structural interpretation, or field observation. None is claimed here.","MEASURED CONTEXT + TEMPLATE HYPOTHESIS; no field observation, no geologist review"
3034,1934,436800.0,4205100.0,2842.5,0.955784,0.416559,0.539225,0.856486,1,1989.9,0.2052,0.001314,-24.705,3.1516,0.5197,0.7323,0.016079,31.5,851.3589,"Buried or cover-hidden fault (the brief's A-only reading): a deep potential-field fabric step (upward-continued TMI and isostatic gravity gradient) beneath thick sedimentary cover, with no DEM scarp and no radiometric lineament, i.e. structure that does not reach the surface and so is missing from a surface-mapped catalogue. HYPOTHESIS, not verified geology.","Non-fault basin-fill density boundary or volcanic lithologic contact; buried palaeo-channel or alluvial-fan margin; road/erosion lineament (the brief's B-only artifact reading, excluded here by the B-abstain gate but not eliminated); upward-continued flight-line artefact of the airborne survey.","Independent evidence of offset at this location: a displaced contact or marker bed, deflected or offset drainage, a facies termination, a published structural interpretation, or field observation. None is claimed here.","MEASURED CONTEXT + TEMPLATE HYPOTHESIS; no field observation, no geologist review"
3034,1941,437500.0,4205100.0,2343.1,0.955903,0.433186,0.522716,0.858033,1,2017.4,0.1565,0.001577,-24.6056,3.1516,0.4803,0.7441,0.018611,31.435,850.3635,"Buried or cover-hidden fault (the brief's A-only reading): a deep potential-field fabric step (upward-continued TMI and isostatic gravity gradient) beneath thick sedimentary cover, with no DEM scarp and no radiometric lineament, i.e. structure that does not reach the surface and so is missing from a surface-mapped catalogue. HYPOTHESIS, not verified geology.","Non-fault basin-fill density boundary or volcanic lithologic contact; buried palaeo-channel or alluvial-fan margin; road/erosion lineament (the brief's B-only artifact reading, excluded here by the B-abstain gate but not eliminated); upward-continued flight-line artefact of the airborne survey.","Independent evidence of offset at this location: a displaced contact or marker bed, deflected or offset drainage, a facies termination, a published structural interpretation, or field observation. None is claimed here.","MEASURED CONTEXT + TEMPLATE HYPOTHESIS; no field observation, no geologist review"
3035,1922,435600.0,4205000.0,3894.9,0.972733,0.422822,0.549911,0.859608,1,2045.8,0.1642,0.000977,-24.8918,3.2496,0.5118,0.7126,0.007514,31.7099,863.6721,"Buried or cover-hidden fault (the brief's A-only reading): a deep potential-field fabric step (upward-continued TMI and isostatic gravity gradient) beneath thick sedimentary cover, with no DEM scarp and no radiometric lineament, i.e. structure that does not reach the surface and so is missing from a surface-mapped catalogue. HYPOTHESIS, not verified geology.","Non-fault basin-fill density boundary or volcanic lithologic contact; buried palaeo-channel or alluvial-fan margin; road/erosion lineament (the brief's B-only artifact reading, excluded here by the B-abstain gate but not eliminated); upward-continued flight-line artefact of the airborne survey.","Independent evidence of offset at this location: a displaced contact or marker bed, deflected or offset drainage, a facies termination, a published structural interpretation, or field observation. None is claimed here.","MEASURED CONTEXT + TEMPLATE HYPOTHESIS; no field observation, no geologist review"
3036,1915,434900.0,4204900.0,4561.8,0.95414,0.460566,0.493574,0.865663,1,2158.7,0.1127,0.001009,-24.9534,3.2496,0.4921,0.8031,0.001652,31.8,866.334,"Buried or cover-hidden fault (the brief's A-only reading): a deep potential-field fabric step (upward-continued TMI and isostatic gravity gradient) beneath thick sedimentary cover, with no DEM scarp and no radiometric lineament, i.e. structure that does not reach the surface and so is missing from a surface-mapped catalogue. HYPOTHESIS, not verified geology.","Non-fault basin-fill density boundary or volcanic lithologic contact; buried palaeo-channel or alluvial-fan margin; road/erosion lineament (the brief's B-only artifact reading, excluded here by the B-abstain gate but not eliminated); upward-continued flight-line artefact of the airborne survey.","Independent evidence of offset at this location: a displaced contact or marker bed, deflected or offset drainage, a facies termination, a published structural interpretation, or field observation. None is claimed here.","MEASURED CONTEXT + TEMPLATE HYPOTHESIS; no field observation, no geologist review"
3037,1934,436800.0,4204800.0,3041.4,0.955299,0.362771,0.592528,0.851463,1,1903.1,0.1587,0.001363,-24.3185,3.1516,0.5709,0.7283,0.01407,31.5,825.5397,"Buried or cover-hidden fault (the brief's A-only reading): a deep potential-field fabric step (upward-continued TMI and isostatic gravity gradient) beneath thick sedimentary cover, with no DEM scarp and no radiometric lineament, i.e. structure that does not reach the surface and so is missing from a surface-mapped catalogue. HYPOTHESIS, not verified geology.","Non-fault basin-fill density boundary or volcanic lithologic contact; buried palaeo-channel or alluvial-fan margin; road/erosion lineament (the brief's B-only artifact reading, excluded here by the B-abstain gate but not eliminated); upward-continued flight-line artefact of the airborne survey.","Independent evidence of offset at this location: a displaced contact or marker bed, deflected or offset drainage, a facies termination, a published structural interpretation, or field observation. None is claimed here.","MEASURED CONTEXT + TEMPLATE HYPOTHESIS; no field observation, no geologist review"
3038,1930,436400.0,4204700.0,3405.9,0.962926,0.368748,0.594178,0.849541,1,1871.0,0.1473,0.001268,-24.3524,3.1776,0.5394,0.7677,0.011517,31.5,821.8,"Buried or cover-hidden fault (the brief's A-only reading): a deep potential-field fabric step (upward-continued TMI and isostatic gravity gradient) beneath thick sedimentary cover, with no DEM scarp and no radiometric lineament, i.e. structure that does not reach the surface and so is missing from a surface-mapped catalogue. HYPOTHESIS, not verified geology.","Non-fault basin-fill density boundary or volcanic lithologic contact; buried palaeo-channel or alluvial-fan margin; road/erosion lineament (the brief's B-only artifact reading, excluded here by the B-abstain gate but not eliminated); upward-continued flight-line artefact of the airborne survey.","Independent evidence of offset at this location: a displaced contact or marker bed, deflected or offset drainage, a facies termination, a published structural interpretation, or field observation. None is claimed here.","MEASURED CONTEXT + TEMPLATE HYPOTHESIS; no field observation, no geologist review"
3038,1940,437400.0,4204700.0,2720.3,0.957289,0.479505,0.477784,0.850452,1,1886.1,0.129,0.001519,-23.9875,3.1516,0.5669,0.7402,0.01789,31.5,821.8,"Buried or cover-hidden fault (the brief's A-only reading): a deep potential-field fabric step (upward-continued TMI and isostatic gravity gradient) beneath thick sedimentary cover, with no DEM scarp and no radiometric lineament, i.e. structure that does not reach the surface and so is missing from a surface-mapped catalogue. HYPOTHESIS, not verified geology.","Non-fault basin-fill density boundary or volcanic lithologic contact; buried palaeo-channel or alluvial-fan margin; road/erosion lineament (the brief's B-only artifact reading, excluded here by the B-abstain gate but not eliminated); upward-continued flight-line artefact of the airborne survey.","Independent evidence of offset at this location: a displaced contact or marker bed, deflected or offset drainage, a facies termination, a published structural interpretation, or field observation. None is claimed here.","MEASURED CONTEXT + TEMPLATE HYPOTHESIS; no field observation, no geologist review"
3039,1926,436000.0,4204600.0,3780.2,0.965105,0.350993,0.614112,0.849384,1,1868.4,0.1739,0.001211,-24.3688,3.2164,0.4803,0.7913,0.009287,31.5,821.8,"Buried or cover-hidden fault (the brief's A-only reading): a deep potential-field fabric step (upward-continued TMI and isostatic gravity gradient) beneath thick sedimentary cover, with no DEM scarp and no radiometric lineament, i.e. structure that does not reach the surface and so is missing from a surface-mapped catalogue. HYPOTHESIS, not verified geology.","Non-fault basin-fill density boundary or volcanic lithologic contact; buried palaeo-channel or alluvial-fan margin; road/erosion lineament (the brief's B-only artifact reading, excluded here by the B-abstain gate but not eliminated); upward-continued flight-line artefact of the airborne survey.","Independent evidence of offset at this location: a displaced contact or marker bed, deflected or offset drainage, a facies termination, a published structural interpretation, or field observation. None is claimed here.","MEASURED CONTEXT + TEMPLATE HYPOTHESIS; no field observation, no geologist review"
3040,1917,435100.0,4204500.0,4579.3,0.951081,0.394174,0.556907,0.855228,1,1967.8,0.0896,0.001244,-24.473,3.2496,0.5197,0.8268,0.007902,31.8,857.3,"Buried or cover-hidden fault (the brief's A-only reading): a deep potential-field fabric step (upward-continued TMI and isostatic gravity gradient) beneath thick sedimentary cover, with no DEM scarp and no radiometric lineament, i.e. structure that does not reach the surface and so is missing from a surface-mapped catalogue. HYPOTHESIS, not verified geology.","Non-fault basin-fill density boundary or volcanic lithologic contact; buried palaeo-channel or alluvial-fan margin; road/erosion lineament (the brief's B-only artifact reading, excluded here by the B-abstain gate but not eliminated); upward-continued flight-line artefact of the airborne survey.","Independent evidence of offset at this location: a displaced contact or marker bed, deflected or offset drainage, a facies termination, a published structural interpretation, or field observation. None is claimed here.","MEASURED CONTEXT + TEMPLATE HYPOTHESIS; no field observation, no geologist review"
3040,1920,435400.0,4204500.0,4326.7,0.971234,0.44545,0.525784,0.8523,1,1917.3,0.0517,0.001216,-24.4123,3.2496,0.5591,0.748,0.00947,31.8,857.3,"Buried or cover-hidden fault (the brief's A-only reading): a deep potential-field fabric step (upward-continued TMI and isostatic gravity gradient) beneath thick sedimentary cover, with no DEM scarp and no radiometric lineament, i.e. structure that does not reach the surface and so is missing from a surface-mapped catalogue. HYPOTHESIS, not verified geology.","Non-fault basin-fill density boundary or volcanic lithologic contact; buried palaeo-channel or alluvial-fan margin; road/erosion lineament (the brief's B-only artifact reading, excluded here by the B-abstain gate but not eliminated); upward-continued flight-line artefact of the airborne survey.","Independent evidence of offset at this location: a displaced contact or marker bed, deflected or offset drainage, a facies termination, a published structural interpretation, or field observation. None is claimed here.","MEASURED CONTEXT + TEMPLATE HYPOTHESIS; no field observation, no geologist review"
3040,1934,436800.0,4204500.0,3255.8,0.95322,0.529476,0.423744,0.846137,1,1815.3,0.1971,0.001412,-23.9128,3.1516,0.5866,0.7205,0.012133,31.5,821.8,"Buried or cover-hidden fault (the brief's A-only reading): a deep potential-field fabric step (upward-continued TMI and isostatic gravity gradient) beneath thick sedimentary cover, with no DEM scarp and no radiometric lineament, i.e. structure that does not reach the surface and so is missing from a surface-mapped catalogue. HYPOTHESIS, not verified geology.","Non-fault basin-fill density boundary or volcanic lithologic contact; buried palaeo-channel or alluvial-fan margin; road/erosion lineament (the brief's B-only artifact reading, excluded here by the B-abstain gate but not eliminated); upward-continued flight-line artefact of the airborne survey.","Independent evidence of offset at this location: a displaced contact or marker bed, deflected or offset drainage, a facies termination, a published structural interpretation, or field observation. None is claimed here.","MEASURED CONTEXT + TEMPLATE HYPOTHESIS; no field observation, no geologist review"
3040,1937,437100.0,4204500.0,3061.0,0.95312,0.469638,0.483482,0.846299,1,1817.9,0.1492,0.001463,-23.7746,3.1516,0.5394,0.7559,0.014179,31.5,821.8,"Buried or cover-hidden fault (the brief's A-only reading): a deep potential-field fabric step (upward-continued TMI and isostatic gravity gradient) beneath thick sedimentary cover, with no DEM scarp and no radiometric lineament, i.e. structure that does not reach the surface and so is missing from a surface-mapped catalogue. HYPOTHESIS, not verified geology.","Non-fault basin-fill density boundary or volcanic lithologic contact; buried palaeo-channel or alluvial-fan margin; road/erosion lineament (the brief's B-only artifact reading, excluded here by the B-abstain gate but not eliminated); upward-continued flight-line artefact of the airborne survey.","Independent evidence of offset at this location: a displaced contact or marker bed, deflected or offset drainage, a facies termination, a published structural interpretation, or field observation. None is claimed here.","MEASURED CONTEXT + TEMPLATE HYPOTHESIS; no field observation, no geologist review"
3042,1923,435700.0,4204300.0,4201.2,0.981483,0.425935,0.555548,0.845937,1,1812.1,0.0389,0.001268,-24.0763,3.2456,0.5787,0.7795,0.008077,31.6504,839.5992,"Buried or cover-hidden fault (the brief's A-only reading): a deep potential-field fabric step (upward-continued TMI and isostatic gravity gradient) beneath thick sedimentary cover, with no DEM scarp and no radiometric lineament, i.e. structure that does not reach the surface and so is missing from a surface-mapped catalogue. HYPOTHESIS, not verified geology.","Non-fault basin-fill density boundary or volcanic lithologic contact; buried palaeo-channel or alluvial-fan margin; road/erosion lineament (the brief's B-only artifact reading, excluded here by the B-abstain gate but not eliminated); upward-continued flight-line artefact of the airborne survey.","Independent evidence of offset at this location: a displaced contact or marker bed, deflected or offset drainage, a facies termination, a published structural interpretation, or field observation. None is claimed here.","MEASURED CONTEXT + TEMPLATE HYPOTHESIS; no field observation, no geologist review"
3043,1932,436600.0,4204200.0,3612.5,0.953639,0.400849,0.55279,0.840399,1,1725.2,0.1645,0.0014,-23.6091,3.1582,0.5157,0.8071,0.011094,31.5374,821.8,"Buried or cover-hidden fault (the brief's A-only reading): a deep potential-field fabric step (upward-continued TMI and isostatic gravity gradient) beneath thick sedimentary cover, with no DEM scarp and no radiometric lineament, i.e. structure that does not reach the surface and so is missing from a surface-mapped catalogue. HYPOTHESIS, not verified geology.","Non-fault basin-fill density boundary or volcanic lithologic contact; buried palaeo-channel or alluvial-fan margin; road/erosion lineament (the brief's B-only artifact reading, excluded here by the B-abstain gate but not eliminated); upward-continued flight-line artefact of the airborne survey.","Independent evidence of offset at this location: a displaced contact or marker bed, deflected or offset drainage, a facies termination, a published structural interpretation, or field observation. None is claimed here.","MEASURED CONTEXT + TEMPLATE HYPOTHESIS; no field observation, no geologist review"
3045,1854,428800.0,4204000.0,7912.0,0.961834,0.438447,0.523387,0.755538,1,812.2,0.6682,0.003223,-12.9655,3.2878,0.7953,0.7441,0.011642,32.6,1104.0,"Buried or cover-hidden fault (the brief's A-only reading): a deep potential-field fabric step (upward-continued TMI and isostatic gravity gradient) beneath thick sedimentary cover, with no DEM scarp and no radiometric lineament, i.e. structure that does not reach the surface and so is missing from a surface-mapped catalogue. HYPOTHESIS, not verified geology.","Non-fault basin-fill density boundary or volcanic lithologic contact; buried palaeo-channel or alluvial-fan margin; road/erosion lineament (the brief's B-only artifact reading, excluded here by the B-abstain gate but not eliminated); upward-continued flight-line artefact of the airborne survey.","Independent evidence of offset at this location: a displaced contact or marker bed, deflected or offset drainage, a facies termination, a published structural interpretation, or field observation. None is claimed here.","MEASURED CONTEXT + TEMPLATE HYPOTHESIS; no field observation, no geologist review"
3045,1925,435900.0,4204000.0,4245.0,0.985436,0.546176,0.439261,0.838302,1,1693.4,0.1055,0.001294,-23.6473,3.2261,0.5433,0.7953,0.00617,31.6958,825.5317,"Buried or cover-hidden fault (the brief's A-only reading): a deep potential-field fabric step (upward-continued TMI and isostatic gravity gradient) beneath thick sedimentary cover, with no DEM scarp and no radiometric lineament, i.e. structure that does not reach the surface and so is missing from a surface-mapped catalogue. HYPOTHESIS, not verified geology.","Non-fault basin-fill density boundary or volcanic lithologic contact; buried palaeo-channel or alluvial-fan margin; road/erosion lineament (the brief's B-only artifact reading, excluded here by the B-abstain gate but not eliminated); upward-continued flight-line artefact of the airborne survey.","Independent evidence of offset at this location: a displaced contact or marker bed, deflected or offset drainage, a facies termination, a published structural interpretation, or field observation. None is claimed here.","MEASURED CONTEXT + TEMPLATE HYPOTHESIS; no field observation, no geologist review"
3046,1920,435400.0,4203900.0,4686.1,0.971798,0.411656,0.560142,0.839452,1,1710.7,0.0187,0.001335,-23.6472,3.2496,0.5197,0.7756,0.012243,32.0925,857.3,"Buried or cover-hidden fault (the brief's A-only reading): a deep potential-field fabric step (upward-continued TMI and isostatic gravity gradient) beneath thick sedimentary cover, with no DEM scarp and no radiometric lineament, i.e. structure that does not reach the surface and so is missing from a surface-mapped catalogue. HYPOTHESIS, not verified geology.","Non-fault basin-fill density boundary or volcanic lithologic contact; buried palaeo-channel or alluvial-fan margin; road/erosion lineament (the brief's B-only artifact reading, excluded here by the B-abstain gate but not eliminated); upward-continued flight-line artefact of the airborne survey.","Independent evidence of offset at this location: a displaced contact or marker bed, deflected or offset drainage, a facies termination, a published structural interpretation, or field observation. None is claimed here.","MEASURED CONTEXT + TEMPLATE HYPOTHESIS; no field observation, no geologist review"
3047,1928,436200.0,4203800.0,4177.3,0.965821,0.359245,0.606575,0.832112,1,1602.9,0.1206,0.001317,-23.324,3.197,0.5236,0.8031,0.006823,31.7799,821.8,"Buried or cover-hidden fault (the brief's A-only reading): a deep potential-field fabric step (upward-continued TMI and isostatic gravity gradient) beneath thick sedimentary cover, with no DEM scarp and no radiometric lineament, i.e. structure that does not reach the surface and so is missing from a surface-mapped catalogue. HYPOTHESIS, not verified geology.","Non-fault basin-fill density boundary or volcanic lithologic contact; buried palaeo-channel or alluvial-fan margin; road/erosion lineament (the brief's B-only artifact reading, excluded here by the B-abstain gate but not eliminated); upward-continued flight-line artefact of the airborne survey.","Independent evidence of offset at this location: a displaced contact or marker bed, deflected or offset drainage, a facies termination, a published structural interpretation, or field observation. None is claimed here.","MEASURED CONTEXT + TEMPLATE HYPOTHESIS; no field observation, no geologist review"
3047,1938,437200.0,4203800.0,3584.7,0.950126,0.446014,0.504111,0.832955,1,1614.9,0.0055,0.001432,-22.7141,3.1516,0.4882,0.8386,0.012743,31.7797,821.8,"Buried or cover-hidden fault (the brief's A-only reading): a deep potential-field fabric step (upward-continued TMI and isostatic gravity gradient) beneath thick sedimentary cover, with no DEM scarp and no radiometric lineament, i.e. structure that does not reach the surface and so is missing from a surface-mapped catalogue. HYPOTHESIS, not verified geology.","Non-fault basin-fill density boundary or volcanic lithologic contact; buried palaeo-channel or alluvial-fan margin; road/erosion lineament (the brief's B-only artifact reading, excluded here by the B-abstain gate but not eliminated); upward-continued flight-line artefact of the airborne survey.","Independent evidence of offset at this location: a displaced contact or marker bed, deflected or offset drainage, a facies termination, a published structural interpretation, or field observation. None is claimed here.","MEASURED CONTEXT + TEMPLATE HYPOTHESIS; no field observation, no geologist review"
3047,1944,437800.0,4203800.0,3324.2,0.957677,0.466021,0.491656,0.833497,1,1622.7,0.0982,0.001465,-22.5485,3.1516,0.5787,0.811,0.012915,31.1202,812.1071,"Buried or cover-hidden fault (the brief's A-only reading): a deep potential-field fabric step (upward-continued TMI and isostatic gravity gradient) beneath thick sedimentary cover, with no DEM scarp and no radiometric lineament, i.e. structure that does not reach the surface and so is missing from a surface-mapped catalogue. HYPOTHESIS, not verified geology.","Non-fault basin-fill density boundary or volcanic lithologic contact; buried palaeo-channel or alluvial-fan margin; road/erosion lineament (the brief's B-only artifact reading, excluded here by the B-abstain gate but not eliminated); upward-continued flight-line artefact of the airborne survey.","Independent evidence of offset at this location: a displaced contact or marker bed, deflected or offset drainage, a facies termination, a published structural interpretation, or field observation. None is claimed here.","MEASURED CONTEXT + TEMPLATE HYPOTHESIS; no field observation, no geologist review"
3049,1912,434600.0,4203600.0,5500.0,0.951348,0.36944,0.581908,0.840919,1,1733.2,0.1956,0.001738,-23.0865,3.2496,0.4921,0.8661,0.009687,32.2,857.3,"Buried or cover-hidden fault (the brief's A-only reading): a deep potential-field fabric step (upward-continued TMI and isostatic gravity gradient) beneath thick sedimentary cover, with no DEM scarp and no radiometric lineament, i.e. structure that does not reach the surface and so is missing from a surface-mapped catalogue. HYPOTHESIS, not verified geology.","Non-fault basin-fill density boundary or volcanic lithologic contact; buried palaeo-channel or alluvial-fan margin; road/erosion lineament (the brief's B-only artifact reading, excluded here by the B-abstain gate but not eliminated); upward-continued flight-line artefact of the airborne survey.","Independent evidence of offset at this location: a displaced contact or marker bed, deflected or offset drainage, a facies termination, a published structural interpretation, or field observation. None is claimed here.","MEASURED CONTEXT + TEMPLATE HYPOTHESIS; no field observation, no geologist review"
3049,1917,435100.0,4203600.0,5108.8,0.978243,0.36748,0.610762,0.835518,1,1652.0,0.1183,0.001479,-23.2535,3.2496,0.4803,0.7913,0.015085,32.2,857.3,"Buried or cover-hidden fault (the brief's A-only reading): a deep potential-field fabric step (upward-continued TMI and isostatic gravity gradient) beneath thick sedimentary cover, with no DEM scarp and no radiometric lineament, i.e. structure that does not reach the surface and so is missing from a surface-mapped catalogue. HYPOTHESIS, not verified geology.","Non-fault basin-fill density boundary or volcanic lithologic contact; buried palaeo-channel or alluvial-fan margin; road/erosion lineament (the brief's B-only artifact reading, excluded here by the B-abstain gate but not eliminated); upward-continued flight-line artefact of the airborne survey.","Independent evidence of offset at this location: a displaced contact or marker bed, deflected or offset drainage, a facies termination, a published structural interpretation, or field observation. None is claimed here.","MEASURED CONTEXT + TEMPLATE HYPOTHESIS; no field observation, no geologist review"
3050,1934,436800.0,4203500.0,4049.7,0.9591,0.544246,0.414854,0.827538,1,1539.1,0.0529,0.001394,-22.5825,3.1516,0.5472,0.7283,0.008238,31.8,821.8,"Buried or cover-hidden fault (the brief's A-only reading): a deep potential-field fabric step (upward-continued TMI and isostatic gravity gradient) beneath thick sedimentary cover, with no DEM scarp and no radiometric lineament, i.e. structure that does not reach the surface and so is missing from a surface-mapped catalogue. HYPOTHESIS, not verified geology.","Non-fault basin-fill density boundary or volcanic lithologic contact; buried palaeo-channel or alluvial-fan margin; road/erosion lineament (the brief's B-only artifact reading, excluded here by the B-abstain gate but not eliminated); upward-continued flight-line artefact of the airborne survey.","Independent evidence of offset at this location: a displaced contact or marker bed, deflected or offset drainage, a facies termination, a published structural interpretation, or field observation. None is claimed here.","MEASURED CONTEXT + TEMPLATE HYPOTHESIS; no field observation, no geologist review"
3050,1939,437300.0,4203500.0,3801.3,0.955918,0.553676,0.402242,0.827891,1,1543.9,0.1252,0.001382,-22.2924,3.1516,0.5512,0.8189,0.009802,31.8,821.8,"Buried or cover-hidden fault (the brief's A-only reading): a deep potential-field fabric step (upward-continued TMI and isostatic gravity gradient) beneath thick sedimentary cover, with no DEM scarp and no radiometric lineament, i.e. structure that does not reach the surface and so is missing from a surface-mapped catalogue. HYPOTHESIS, not verified geology.","Non-fault basin-fill density boundary or volcanic lithologic contact; buried palaeo-channel or alluvial-fan margin; road/erosion lineament (the brief's B-only artifact reading, excluded here by the B-abstain gate but not eliminated); upward-continued flight-line artefact of the airborne survey.","Independent evidence of offset at this location: a displaced contact or marker bed, deflected or offset drainage, a facies termination, a published structural interpretation, or field observation. None is claimed here.","MEASURED CONTEXT + TEMPLATE HYPOTHESIS; no field observation, no geologist review"
3050,1942,437600.0,4203500.0,3677.0,0.956852,0.368414,0.588438,0.828002,1,1545.4,0.0654,0.001387,-22.2019,3.1516,0.4764,0.8583,0.009602,31.5369,817.9321,"Buried or cover-hidden fault (the brief's A-only reading): a deep potential-field fabric step (upward-continued TMI and isostatic gravity gradient) beneath thick sedimentary cover, with no DEM scarp and no radiometric lineament, i.e. structure that does not reach the surface and so is missing from a surface-mapped catalogue. HYPOTHESIS, not verified geology.","Non-fault basin-fill density boundary or volcanic lithologic contact; buried palaeo-channel or alluvial-fan margin; road/erosion lineament (the brief's B-only artifact reading, excluded here by the B-abstain gate but not eliminated); upward-continued flight-line artefact of the airborne survey.","Independent evidence of offset at this location: a displaced contact or marker bed, deflected or offset drainage, a facies termination, a published structural interpretation, or field observation. None is claimed here.","MEASURED CONTEXT + TEMPLATE HYPOTHESIS; no field observation, no geologist review"
3052,1911,434500.0,4203300.0,5762.8,0.955681,0.493959,0.461722,0.834871,1,1642.6,0.2301,0.001866,-22.4993,3.2496,0.5827,0.8504,0.007673,32.2,857.3,"Buried or cover-hidden fault (the brief's A-only reading): a deep potential-field fabric step (upward-continued TMI and isostatic gravity gradient) beneath thick sedimentary cover, with no DEM scarp and no radiometric lineament, i.e. structure that does not reach the surface and so is missing from a surface-mapped catalogue. HYPOTHESIS, not verified geology.","Non-fault basin-fill density boundary or volcanic lithologic contact; buried palaeo-channel or alluvial-fan margin; road/erosion lineament (the brief's B-only artifact reading, excluded here by the B-abstain gate but not eliminated); upward-continued flight-line artefact of the airborne survey.","Independent evidence of offset at this location: a displaced contact or marker bed, deflected or offset drainage, a facies termination, a published structural interpretation, or field observation. None is claimed here.","MEASURED CONTEXT + TEMPLATE HYPOTHESIS; no field observation, no geologist review"
3052,1918,435200.0,4203300.0,5234.5,0.972083,0.392214,0.579869,0.82849,1,1552.1,0.1849,0.001464,-22.8511,3.2496,0.5315,0.8031,0.010068,32.2,857.3,"Buried or cover-hidden fault (the brief's A-only reading): a deep potential-field fabric step (upward-continued TMI and isostatic gravity gradient) beneath thick sedimentary cover, with no DEM scarp and no radiometric lineament, i.e. structure that does not reach the surface and so is missing from a surface-mapped catalogue. HYPOTHESIS, not verified geology.","Non-fault basin-fill density boundary or volcanic lithologic contact; buried palaeo-channel or alluvial-fan margin; road/erosion lineament (the brief's B-only artifact reading, excluded here by the B-abstain gate but not eliminated); upward-continued flight-line artefact of the airborne survey.","Independent evidence of offset at this location: a displaced contact or marker bed, deflected or offset drainage, a facies termination, a published structural interpretation, or field observation. None is claimed here.","MEASURED CONTEXT + TEMPLATE HYPOTHESIS; no field observation, no geologist review"
3052,1922,435600.0,4203300.0,4951.8,0.967402,0.351072,0.61633,0.826624,1,1526.6,0.0966,0.001331,-22.7995,3.2496,0.5118,0.7756,0.006272,32.0798,846.6323,"Buried or cover-hidden fault (the brief's A-only reading): a deep potential-field fabric step (upward-continued TMI and isostatic gravity gradient) beneath thick sedimentary cover, with no DEM scarp and no radiometric lineament, i.e. structure that does not reach the surface and so is missing from a surface-mapped catalogue. HYPOTHESIS, not verified geology.","Non-fault basin-fill density boundary or volcanic lithologic contact; buried palaeo-channel or alluvial-fan margin; road/erosion lineament (the brief's B-only artifact reading, excluded here by the B-abstain gate but not eliminated); upward-continued flight-line artefact of the airborne survey.","Independent evidence of offset at this location: a displaced contact or marker bed, deflected or offset drainage, a facies termination, a published structural interpretation, or field observation. None is claimed here.","MEASURED CONTEXT + TEMPLATE HYPOTHESIS; no field observation, no geologist review"
3054,1862,429600.0,4203100.0,8996.1,0.957538,0.38847,0.569068,0.770612,1,928.6,0.2567,0.003397,-14.4307,3.2497,0.6024,0.7559,0.008071,32.5175,1008.6072,"Buried or cover-hidden fault (the brief's A-only reading): a deep potential-field fabric step (upward-continued TMI and isostatic gravity gradient) beneath thick sedimentary cover, with no DEM scarp and no radiometric lineament, i.e. structure that does not reach the surface and so is missing from a surface-mapped catalogue. HYPOTHESIS, not verified geology.","Non-fault basin-fill density boundary or volcanic lithologic contact; buried palaeo-channel or alluvial-fan margin; road/erosion lineament (the brief's B-only artifact reading, excluded here by the B-abstain gate but not eliminated); upward-continued flight-line artefact of the airborne survey.","Independent evidence of offset at this location: a displaced contact or marker bed, deflected or offset drainage, a facies termination, a published structural interpretation, or field observation. None is claimed here.","MEASURED CONTEXT + TEMPLATE HYPOTHESIS; no field observation, no geologist review"
3055,1926,436000.0,4203000.0,4920.4,0.965584,0.395497,0.570087,0.8193,1,1430.6,0.0158,0.00119,-22.3727,3.2164,0.4882,0.8661,0.017434,31.8,802.3582,"Buried or cover-hidden fault (the brief's A-only reading): a deep potential-field fabric step (upward-continued TMI and isostatic gravity gradient) beneath thick sedimentary cover, with no DEM scarp and no radiometric lineament, i.e. structure that does not reach the surface and so is missing from a surface-mapped catalogue. HYPOTHESIS, not verified geology.","Non-fault basin-fill density boundary or volcanic lithologic contact; buried palaeo-channel or alluvial-fan margin; road/erosion lineament (the brief's B-only artifact reading, excluded here by the B-abstain gate but not eliminated); upward-continued flight-line artefact of the airborne survey.","Independent evidence of offset at this location: a displaced contact or marker bed, deflected or offset drainage, a facies termination, a published structural interpretation, or field observation. None is claimed here.","MEASURED CONTEXT + TEMPLATE HYPOTHESIS; no field observation, no geologist review"
3056,1910,434400.0,4202900.0,6095.9,0.957993,0.353135,0.604858,0.825298,1,1508.8,0.121,0.001777,-21.6874,3.2496,0.6929,0.9094,0.009516,32.2,840.3748,"Buried or cover-hidden fault (the brief's A-only reading): a deep potential-field fabric step (upward-continued TMI and isostatic gravity gradient) beneath thick sedimentary cover, with no DEM scarp and no radiometric lineament, i.e. structure that does not reach the surface and so is missing from a surface-mapped catalogue. HYPOTHESIS, not verified geology.","Non-fault basin-fill density boundary or volcanic lithologic contact; buried palaeo-channel or alluvial-fan margin; road/erosion lineament (the brief's B-only artifact reading, excluded here by the B-abstain gate but not eliminated); upward-continued flight-line artefact of the airborne survey.","Independent evidence of offset at this location: a displaced contact or marker bed, deflected or offset drainage, a facies termination, a published structural interpretation, or field observation. None is claimed here.","MEASURED CONTEXT + TEMPLATE HYPOTHESIS; no field observation, no geologist review"
3056,1922,435600.0,4202900.0,5249.8,0.959571,0.414369,0.545202,0.81875,1,1423.6,0.1278,0.001206,-22.2603,3.2496,0.4882,0.7992,0.018549,32.0798,826.8108,"Buried or cover-hidden fault (the brief's A-only reading): a deep potential-field fabric step (upward-continued TMI and isostatic gravity gradient) beneath thick sedimentary cover, with no DEM scarp and no radiometric lineament, i.e. structure that does not reach the surface and so is missing from a surface-mapped catalogue. HYPOTHESIS, not verified geology.","Non-fault basin-fill density boundary or volcanic lithologic contact; buried palaeo-channel or alluvial-fan margin; road/erosion lineament (the brief's B-only artifact reading, excluded here by the B-abstain gate but not eliminated); upward-continued flight-line artefact of the airborne survey.","Independent evidence of offset at this location: a displaced contact or marker bed, deflected or offset drainage, a facies termination, a published structural interpretation, or field observation. None is claimed here.","MEASURED CONTEXT + TEMPLATE HYPOTHESIS; no field observation, no geologist review"
3060,1892,432600.0,4202500.0,7766.6,0.951591,0.382887,0.568704,0.817998,1,1414.1,1.5658,0.001531,-20.0226,3.2496,0.5315,0.9331,0.010421,32.3,891.1,"Buried or cover-hidden fault (the brief's A-only reading): a deep potential-field fabric step (upward-continued TMI and isostatic gravity gradient) beneath thick sedimentary cover, with no DEM scarp and no radiometric lineament, i.e. structure that does not reach the surface and so is missing from a surface-mapped catalogue. HYPOTHESIS, not verified geology.","Non-fault basin-fill density boundary or volcanic lithologic contact; buried palaeo-channel or alluvial-fan margin; road/erosion lineament (the brief's B-only artifact reading, excluded here by the B-abstain gate but not eliminated); upward-continued flight-line artefact of the airborne survey.","Independent evidence of offset at this location: a displaced contact or marker bed, deflected or offset drainage, a facies termination, a published structural interpretation, or field observation. None is claimed here.","MEASURED CONTEXT + TEMPLATE HYPOTHESIS; no field observation, no geologist review"
3064,1872,430600.0,4202100.0,9674.7,0.978795,0.372571,0.606224,0.77874,1,998.0,0.7364,0.002742,-16.3781,3.2496,0.5512,0.9134,0.009341,32.4742,958.4,"Buried or cover-hidden fault (the brief's A-only reading): a deep potential-field fabric step (upward-continued TMI and isostatic gravity gradient) beneath thick sedimentary cover, with no DEM scarp and no radiometric lineament, i.e. structure that does not reach the surface and so is missing from a surface-mapped catalogue. HYPOTHESIS, not verified geology.","Non-fault basin-fill density boundary or volcanic lithologic contact; buried palaeo-channel or alluvial-fan margin; road/erosion lineament (the brief's B-only artifact reading, excluded here by the B-abstain gate but not eliminated); upward-continued flight-line artefact of the airborne survey.","Independent evidence of offset at this location: a displaced contact or marker bed, deflected or offset drainage, a facies termination, a published structural interpretation, or field observation. None is claimed here.","MEASURED CONTEXT + TEMPLATE HYPOTHESIS; no field observation, no geologist review"
3066,1876,431000.0,4201900.0,9434.0,0.959322,0.373348,0.585974,0.782859,1,1035.2,1.7061,0.002386,-17.1981,3.2496,0.4803,1.0,0.006447,32.5549,945.8474,"Buried or cover-hidden fault (the brief's A-only reading): a deep potential-field fabric step (upward-continued TMI and isostatic gravity gradient) beneath thick sedimentary cover, with no DEM scarp and no radiometric lineament, i.e. structure that does not reach the surface and so is missing from a surface-mapped catalogue. HYPOTHESIS, not verified geology.","Non-fault basin-fill density boundary or volcanic lithologic contact; buried palaeo-channel or alluvial-fan margin; road/erosion lineament (the brief's B-only artifact reading, excluded here by the B-abstain gate but not eliminated); upward-continued flight-line artefact of the airborne survey.","Independent evidence of offset at this location: a displaced contact or marker bed, deflected or offset drainage, a facies termination, a published structural interpretation, or field observation. None is claimed here.","MEASURED CONTEXT + TEMPLATE HYPOTHESIS; no field observation, no geologist review"
3066,1887,432100.0,4201900.0,8521.2,0.966179,0.375071,0.591108,0.799934,1,1204.6,1.0263,0.001302,-19.0531,3.2496,0.563,1.0,0.003066,32.3774,891.1,"Buried or cover-hidden fault (the brief's A-only reading): a deep potential-field fabric step (upward-continued TMI and isostatic gravity gradient) beneath thick sedimentary cover, with no DEM scarp and no radiometric lineament, i.e. structure that does not reach the surface and so is missing from a surface-mapped catalogue. HYPOTHESIS, not verified geology.","Non-fault basin-fill density boundary or volcanic lithologic contact; buried palaeo-channel or alluvial-fan margin; road/erosion lineament (the brief's B-only artifact reading, excluded here by the B-abstain gate but not eliminated); upward-continued flight-line artefact of the airborne survey.","Independent evidence of offset at this location: a displaced contact or marker bed, deflected or offset drainage, a facies termination, a published structural interpretation, or field observation. None is claimed here.","MEASURED CONTEXT + TEMPLATE HYPOTHESIS; no field observation, no geologist review"
3066,1917,435100.0,4201900.0,5859.2,0.952538,0.379331,0.573207,0.809451,1,1310.8,0.1118,0.000974,-21.1342,3.2496,0.5669,0.9646,0.007468,32.2772,834.8,"Buried or cover-hidden fault (the brief's A-only reading): a deep potential-field fabric step (upward-continued TMI and isostatic gravity gradient) beneath thick sedimentary cover, with no DEM scarp and no radiometric lineament, i.e. structure that does not reach the surface and so is missing from a surface-mapped catalogue. HYPOTHESIS, not verified geology.","Non-fault basin-fill density boundary or volcanic lithologic contact; buried palaeo-channel or alluvial-fan margin; road/erosion lineament (the brief's B-only artifact reading, excluded here by the B-abstain gate but not eliminated); upward-continued flight-line artefact of the airborne survey.","Independent evidence of offset at this location: a displaced contact or marker bed, deflected or offset drainage, a facies termination, a published structural interpretation, or field observation. None is claimed here.","MEASURED CONTEXT + TEMPLATE HYPOTHESIS; no field observation, no geologist review"
3067,1912,434600.0,4201800.0,6261.0,0.951409,0.478922,0.472487,0.808204,1,1296.4,0.187,0.001056,-20.5714,3.2496,0.4724,1.0,0.007924,32.2974,834.8,"Buried or cover-hidden fault (the brief's A-only reading): a deep potential-field fabric step (upward-continued TMI and isostatic gravity gradient) beneath thick sedimentary cover, with no DEM scarp and no radiometric lineament, i.e. structure that does not reach the surface and so is missing from a surface-mapped catalogue. HYPOTHESIS, not verified geology.","Non-fault basin-fill density boundary or volcanic lithologic contact; buried palaeo-channel or alluvial-fan margin; road/erosion lineament (the brief's B-only artifact reading, excluded here by the B-abstain gate but not eliminated); upward-continued flight-line artefact of the airborne survey.","Independent evidence of offset at this location: a displaced contact or marker bed, deflected or offset drainage, a facies termination, a published structural interpretation, or field observation. None is claimed here.","MEASURED CONTEXT + TEMPLATE HYPOTHESIS; no field observation, no geologist review"
3073,1868,430200.0,4201200.0,9560.3,0.953709,0.404824,0.548885,0.767561,1,903.7,0.977,0.002387,-15.1155,3.2496,0.563,1.0,0.010156,32.6,952.8314,"Buried or cover-hidden fault (the brief's A-only reading): a deep potential-field fabric step (upward-continued TMI and isostatic gravity gradient) beneath thick sedimentary cover, with no DEM scarp and no radiometric lineament, i.e. structure that does not reach the surface and so is missing from a surface-mapped catalogue. HYPOTHESIS, not verified geology.","Non-fault basin-fill density boundary or volcanic lithologic contact; buried palaeo-channel or alluvial-fan margin; road/erosion lineament (the brief's B-only artifact reading, excluded here by the B-abstain gate but not eliminated); upward-continued flight-line artefact of the airborne survey.","Independent evidence of offset at this location: a displaced contact or marker bed, deflected or offset drainage, a facies termination, a published structural interpretation, or field observation. None is claimed here.","MEASURED CONTEXT + TEMPLATE HYPOTHESIS; no field observation, no geologist review"
3079,1913,434700.0,4200600.0,5728.0,0.970927,0.509008,0.461919,0.82244,1,1471.0,1.4858,0.000566,-20.5595,3.2515,0.4843,1.0,0.00587,32.3,794.4,"Buried or cover-hidden fault (the brief's A-only reading): a deep potential-field fabric step (upward-continued TMI and isostatic gravity gradient) beneath thick sedimentary cover, with no DEM scarp and no radiometric lineament, i.e. structure that does not reach the surface and so is missing from a surface-mapped catalogue. HYPOTHESIS, not verified geology.","Non-fault basin-fill density boundary or volcanic lithologic contact; buried palaeo-channel or alluvial-fan margin; road/erosion lineament (the brief's B-only artifact reading, excluded here by the B-abstain gate but not eliminated); upward-continued flight-line artefact of the airborne survey.","Independent evidence of offset at this location: a displaced contact or marker bed, deflected or offset drainage, a facies termination, a published structural interpretation, or field observation. None is claimed here.","MEASURED CONTEXT + TEMPLATE HYPOTHESIS; no field observation, no geologist review"
3081,1908,434200.0,4200400.0,6161.2,0.952231,0.42213,0.530101,0.824765,1,1501.7,0.5812,0.000891,-20.5749,3.2616,0.5276,1.0,0.007878,32.3,794.4,"Buried or cover-hidden fault (the brief's A-only reading): a deep potential-field fabric step (upward-continued TMI and isostatic gravity gradient) beneath thick sedimentary cover, with no DEM scarp and no radiometric lineament, i.e. structure that does not reach the surface and so is missing from a surface-mapped catalogue. HYPOTHESIS, not verified geology.","Non-fault basin-fill density boundary or volcanic lithologic contact; buried palaeo-channel or alluvial-fan margin; road/erosion lineament (the brief's B-only artifact reading, excluded here by the B-abstain gate but not eliminated); upward-continued flight-line artefact of the airborne survey.","Independent evidence of offset at this location: a displaced contact or marker bed, deflected or offset drainage, a facies termination, a published structural interpretation, or field observation. None is claimed here.","MEASURED CONTEXT + TEMPLATE HYPOTHESIS; no field observation, no geologist review"
3084,1869,430300.0,4200100.0,9021.1,0.975063,0.364816,0.610247,0.785722,1,1061.9,1.4072,0.002314,-15.6884,3.277,0.6457,1.0,0.009226,32.7235,929.0,"Buried or cover-hidden fault (the brief's A-only reading): a deep potential-field fabric step (upward-continued TMI and isostatic gravity gradient) beneath thick sedimentary cover, with no DEM scarp and no radiometric lineament, i.e. structure that does not reach the surface and so is missing from a surface-mapped catalogue. HYPOTHESIS, not verified geology.","Non-fault basin-fill density boundary or volcanic lithologic contact; buried palaeo-channel or alluvial-fan margin; road/erosion lineament (the brief's B-only artifact reading, excluded here by the B-abstain gate but not eliminated); upward-continued flight-line artefact of the airborne survey.","Independent evidence of offset at this location: a displaced contact or marker bed, deflected or offset drainage, a facies termination, a published structural interpretation, or field observation. None is claimed here.","MEASURED CONTEXT + TEMPLATE HYPOTHESIS; no field observation, no geologist review"
3087,1867,430100.0,4199800.0,8695.4,0.958836,0.402451,0.556386,0.787941,1,1083.0,1.2826,0.002299,-15.3634,3.2922,0.5945,1.0,0.009214,32.9,929.0,"Buried or cover-hidden fault (the brief's A-only reading): a deep potential-field fabric step (upward-continued TMI and isostatic gravity gradient) beneath thick sedimentary cover, with no DEM scarp and no radiometric lineament, i.e. structure that does not reach the surface and so is missing from a surface-mapped catalogue. HYPOTHESIS, not verified geology.","Non-fault basin-fill density boundary or volcanic lithologic contact; buried palaeo-channel or alluvial-fan margin; road/erosion lineament (the brief's B-only artifact reading, excluded here by the B-abstain gate but not eliminated); upward-continued flight-line artefact of the airborne survey.","Independent evidence of offset at this location: a displaced contact or marker bed, deflected or offset drainage, a facies termination, a published structural interpretation, or field observation. None is claimed here.","MEASURED CONTEXT + TEMPLATE HYPOTHESIS; no field observation, no geologist review"
3088,1871,430500.0,4199700.0,8994.4,0.959619,0.37725,0.58237,0.796749,1,1171.1,1.2964,0.002338,-16.3086,3.2973,0.5236,1.0,0.005372,32.9,929.0,"Buried or cover-hidden fault (the brief's A-only reading): a deep potential-field fabric step (upward-continued TMI and isostatic gravity gradient) beneath thick sedimentary cover, with no DEM scarp and no radiometric lineament, i.e. structure that does not reach the surface and so is missing from a surface-mapped catalogue. HYPOTHESIS, not verified geology.","Non-fault basin-fill density boundary or volcanic lithologic contact; buried palaeo-channel or alluvial-fan margin; road/erosion lineament (the brief's B-only artifact reading, excluded here by the B-abstain gate but not eliminated); upward-continued flight-line artefact of the airborne survey.","Independent evidence of offset at this location: a displaced contact or marker bed, deflected or offset drainage, a facies termination, a published structural interpretation, or field observation. None is claimed here.","MEASURED CONTEXT + TEMPLATE HYPOTHESIS; no field observation, no geologist review"
3089,1881,431500.0,4199600.0,8720.7,0.959619,0.360216,0.599403,0.813653,1,1360.6,0.8278,0.002131,-18.5701,3.2999,0.5984,1.0,0.007372,32.8291,824.6,"Buried or cover-hidden fault (the brief's A-only reading): a deep potential-field fabric step (upward-continued TMI and isostatic gravity gradient) beneath thick sedimentary cover, with no DEM scarp and no radiometric lineament, i.e. structure that does not reach the surface and so is missing from a surface-mapped catalogue. HYPOTHESIS, not verified geology.","Non-fault basin-fill density boundary or volcanic lithologic contact; buried palaeo-channel or alluvial-fan margin; road/erosion lineament (the brief's B-only artifact reading, excluded here by the B-abstain gate but not eliminated); upward-continued flight-line artefact of the airborne survey.","Independent evidence of offset at this location: a displaced contact or marker bed, deflected or offset drainage, a facies termination, a published structural interpretation, or field observation. None is claimed here.","MEASURED CONTEXT + TEMPLATE HYPOTHESIS; no field observation, no geologist review"
3090,1877,431100.0,4199500.0,9113.7,0.959929,0.372219,0.587709,0.810475,1,1322.8,1.1293,0.002265,-17.7774,3.2999,0.5039,1.0,0.006085,32.9,888.8412,"Buried or cover-hidden fault (the brief's A-only reading): a deep potential-field fabric step (upward-continued TMI and isostatic gravity gradient) beneath thick sedimentary cover, with no DEM scarp and no radiometric lineament, i.e. structure that does not reach the surface and so is missing from a surface-mapped catalogue. HYPOTHESIS, not verified geology.","Non-fault basin-fill density boundary or volcanic lithologic contact; buried palaeo-channel or alluvial-fan margin; road/erosion lineament (the brief's B-only artifact reading, excluded here by the B-abstain gate but not eliminated); upward-continued flight-line artefact of the airborne survey.","Independent evidence of offset at this location: a displaced contact or marker bed, deflected or offset drainage, a facies termination, a published structural interpretation, or field observation. None is claimed here.","MEASURED CONTEXT + TEMPLATE HYPOTHESIS; no field observation, no geologist review"
3091,1871,430500.0,4199400.0,8854.9,0.964856,0.367104,0.597752,0.803447,1,1242.8,1.1519,0.002372,-16.4055,3.2999,0.5157,1.0,0.0084,32.9,929.0,"Buried or cover-hidden fault (the brief's A-only reading): a deep potential-field fabric step (upward-continued TMI and isostatic gravity gradient) beneath thick sedimentary cover, with no DEM scarp and no radiometric lineament, i.e. structure that does not reach the surface and so is missing from a surface-mapped catalogue. HYPOTHESIS, not verified geology.","Non-fault basin-fill density boundary or volcanic lithologic contact; buried palaeo-channel or alluvial-fan margin; road/erosion lineament (the brief's B-only artifact reading, excluded here by the B-abstain gate but not eliminated); upward-continued flight-line artefact of the airborne survey.","Independent evidence of offset at this location: a displaced contact or marker bed, deflected or offset drainage, a facies termination, a published structural interpretation, or field observation. None is claimed here.","MEASURED CONTEXT + TEMPLATE HYPOTHESIS; no field observation, no geologist review"
3092,1860,429400.0,4199300.0,7839.0,0.970226,0.40574,0.564487,0.783742,1,1043.4,0.7778,0.002306,-13.8496,3.3185,0.5512,1.0,0.014279,33.5885,927.1238,"Buried or cover-hidden fault (the brief's A-only reading): a deep potential-field fabric step (upward-continued TMI and isostatic gravity gradient) beneath thick sedimentary cover, with no DEM scarp and no radiometric lineament, i.e. structure that does not reach the surface and so is missing from a surface-mapped catalogue. HYPOTHESIS, not verified geology.","Non-fault basin-fill density boundary or volcanic lithologic contact; buried palaeo-channel or alluvial-fan margin; road/erosion lineament (the brief's B-only artifact reading, excluded here by the B-abstain gate but not eliminated); upward-continued flight-line artefact of the airborne survey.","Independent evidence of offset at this location: a displaced contact or marker bed, deflected or offset drainage, a facies termination, a published structural interpretation, or field observation. None is claimed here.","MEASURED CONTEXT + TEMPLATE HYPOTHESIS; no field observation, no geologist review"
3095,1867,430100.0,4199000.0,8319.3,0.960087,0.383251,0.576835,0.80476,1,1257.4,2.0092,0.002427,-15.5662,3.2999,0.6417,1.0,0.010337,32.9,887.1536,"Buried or cover-hidden fault (the brief's A-only reading): a deep potential-field fabric step (upward-continued TMI and isostatic gravity gradient) beneath thick sedimentary cover, with no DEM scarp and no radiometric lineament, i.e. structure that does not reach the surface and so is missing from a surface-mapped catalogue. HYPOTHESIS, not verified geology.","Non-fault basin-fill density boundary or volcanic lithologic contact; buried palaeo-channel or alluvial-fan margin; road/erosion lineament (the brief's B-only artifact reading, excluded here by the B-abstain gate but not eliminated); upward-continued flight-line artefact of the airborne survey.","Independent evidence of offset at this location: a displaced contact or marker bed, deflected or offset drainage, a facies termination, a published structural interpretation, or field observation. None is claimed here.","MEASURED CONTEXT + TEMPLATE HYPOTHESIS; no field observation, no geologist review"
3095,1872,430600.0,4199000.0,8772.7,0.954349,0.374786,0.579563,0.813458,1,1358.3,0.9737,0.002425,-16.7768,3.2999,0.626,1.0,0.00848,32.9,887.1752,"Buried or cover-hidden fault (the brief's A-only reading): a deep potential-field fabric step (upward-continued TMI and isostatic gravity gradient) beneath thick sedimentary cover, with no DEM scarp and no radiometric lineament, i.e. structure that does not reach the surface and so is missing from a surface-mapped catalogue. HYPOTHESIS, not verified geology.","Non-fault basin-fill density boundary or volcanic lithologic contact; buried palaeo-channel or alluvial-fan margin; road/erosion lineament (the brief's B-only artifact reading, excluded here by the B-abstain gate but not eliminated); upward-continued flight-line artefact of the airborne survey.","Independent evidence of offset at this location: a displaced contact or marker bed, deflected or offset drainage, a facies termination, a published structural interpretation, or field observation. None is claimed here.","MEASURED CONTEXT + TEMPLATE HYPOTHESIS; no field observation, no geologist review"
3099,1867,430100.0,4198600.0,8154.1,0.953572,0.352303,0.601269,0.810395,1,1321.9,1.6977,0.002513,-15.6006,3.2999,0.6181,1.0,0.003038,32.9,863.0,"Buried or cover-hidden fault (the brief's A-only reading): a deep potential-field fabric step (upward-continued TMI and isostatic gravity gradient) beneath thick sedimentary cover, with no DEM scarp and no radiometric lineament, i.e. structure that does not reach the surface and so is missing from a surface-mapped catalogue. HYPOTHESIS, not verified geology.","Non-fault basin-fill density boundary or volcanic lithologic contact; buried palaeo-channel or alluvial-fan margin; road/erosion lineament (the brief's B-only artifact reading, excluded here by the B-abstain gate but not eliminated); upward-continued flight-line artefact of the airborne survey.","Independent evidence of offset at this location: a displaced contact or marker bed, deflected or offset drainage, a facies termination, a published structural interpretation, or field observation. None is claimed here.","MEASURED CONTEXT + TEMPLATE HYPOTHESIS; no field observation, no geologist review"
3102,1867,430100.0,4198300.0,8041.1,0.980627,0.638722,0.341906,0.813281,1,1356.2,2.6304,0.002585,-15.5848,3.2999,0.6339,1.0,0.008624,32.8904,863.0,"Buried or cover-hidden fault (the brief's A-only reading): a deep potential-field fabric step (upward-continued TMI and isostatic gravity gradient) beneath thick sedimentary cover, with no DEM scarp and no radiometric lineament, i.e. structure that does not reach the surface and so is missing from a surface-mapped catalogue. HYPOTHESIS, not verified geology.","Non-fault basin-fill density boundary or volcanic lithologic contact; buried palaeo-channel or alluvial-fan margin; road/erosion lineament (the brief's B-only artifact reading, excluded here by the B-abstain gate but not eliminated); upward-continued flight-line artefact of the airborne survey.","Independent evidence of offset at this location: a displaced contact or marker bed, deflected or offset drainage, a facies termination, a published structural interpretation, or field observation. None is claimed here.","MEASURED CONTEXT + TEMPLATE HYPOTHESIS; no field observation, no geologist review"
3104,1871,430500.0,4198100.0,8348.7,0.97164,0.446263,0.525377,0.822878,1,1476.7,1.862,0.002566,-16.6023,3.2999,0.5945,1.0,0.009538,32.8096,863.0,"Buried or cover-hidden fault (the brief's A-only reading): a deep potential-field fabric step (upward-continued TMI and isostatic gravity gradient) beneath thick sedimentary cover, with no DEM scarp and no radiometric lineament, i.e. structure that does not reach the surface and so is missing from a surface-mapped catalogue. HYPOTHESIS, not verified geology.","Non-fault basin-fill density boundary or volcanic lithologic contact; buried palaeo-channel or alluvial-fan margin; road/erosion lineament (the brief's B-only artifact reading, excluded here by the B-abstain gate but not eliminated); upward-continued flight-line artefact of the airborne survey.","Independent evidence of offset at this location: a displaced contact or marker bed, deflected or offset drainage, a facies termination, a published structural interpretation, or field observation. None is claimed here.","MEASURED CONTEXT + TEMPLATE HYPOTHESIS; no field observation, no geologist review"
3105,1874,430800.0,4198000.0,8602.3,0.975275,0.355416,0.619859,0.829271,1,1562.9,2.2427,0.002533,-17.3736,3.2999,0.622,1.0,0.0083,32.7692,863.0,"Buried or cover-hidden fault (the brief's A-only reading): a deep potential-field fabric step (upward-continued TMI and isostatic gravity gradient) beneath thick sedimentary cover, with no DEM scarp and no radiometric lineament, i.e. structure that does not reach the surface and so is missing from a surface-mapped catalogue. HYPOTHESIS, not verified geology.","Non-fault basin-fill density boundary or volcanic lithologic contact; buried palaeo-channel or alluvial-fan margin; road/erosion lineament (the brief's B-only artifact reading, excluded here by the B-abstain gate but not eliminated); upward-continued flight-line artefact of the airborne survey.","Independent evidence of offset at this location: a displaced contact or marker bed, deflected or offset drainage, a facies termination, a published structural interpretation, or field observation. None is claimed here.","MEASURED CONTEXT + TEMPLATE HYPOTHESIS; no field observation, no geologist review"
3110,1876,431000.0,4197500.0,8658.5,0.963169,0.372098,0.591071,0.833085,1,1616.8,1.0471,0.002534,-17.8128,3.2999,0.6024,1.0,0.01539,32.7,848.6929,"Buried or cover-hidden fault (the brief's A-only reading): a deep potential-field fabric step (upward-continued TMI and isostatic gravity gradient) beneath thick sedimentary cover, with no DEM scarp and no radiometric lineament, i.e. structure that does not reach the surface and so is missing from a surface-mapped catalogue. HYPOTHESIS, not verified geology.","Non-fault basin-fill density boundary or volcanic lithologic contact; buried palaeo-channel or alluvial-fan margin; road/erosion lineament (the brief's B-only artifact reading, excluded here by the B-abstain gate but not eliminated); upward-continued flight-line artefact of the airborne survey.","Independent evidence of offset at this location: a displaced contact or marker bed, deflected or offset drainage, a facies termination, a published structural interpretation, or field observation. None is claimed here.","MEASURED CONTEXT + TEMPLATE HYPOTHESIS; no field observation, no geologist review"
3111,1869,430300.0,4197400.0,7955.5,0.967471,0.625214,0.342258,0.818516,1,1420.7,1.8898,0.002751,-15.9251,3.2999,0.6378,0.9646,0.008287,32.7,863.0,"Buried or cover-hidden fault (the brief's A-only reading): a deep potential-field fabric step (upward-continued TMI and isostatic gravity gradient) beneath thick sedimentary cover, with no DEM scarp and no radiometric lineament, i.e. structure that does not reach the surface and so is missing from a surface-mapped catalogue. HYPOTHESIS, not verified geology.","Non-fault basin-fill density boundary or volcanic lithologic contact; buried palaeo-channel or alluvial-fan margin; road/erosion lineament (the brief's B-only artifact reading, excluded here by the B-abstain gate but not eliminated); upward-continued flight-line artefact of the airborne survey.","Independent evidence of offset at this location: a displaced contact or marker bed, deflected or offset drainage, a facies termination, a published structural interpretation, or field observation. None is claimed here.","MEASURED CONTEXT + TEMPLATE HYPOTHESIS; no field observation, no geologist review"
3117,1879,431300.0,4196800.0,8728.1,0.974213,0.41764,0.556574,0.835348,1,1649.5,2.1793,0.002416,-18.3491,3.2999,0.6181,0.9331,0.008249,32.7,759.8499,"Buried or cover-hidden fault (the brief's A-only reading): a deep potential-field fabric step (upward-continued TMI and isostatic gravity gradient) beneath thick sedimentary cover, with no DEM scarp and no radiometric lineament, i.e. structure that does not reach the surface and so is missing from a surface-mapped catalogue. HYPOTHESIS, not verified geology.","Non-fault basin-fill density boundary or volcanic lithologic contact; buried palaeo-channel or alluvial-fan margin; road/erosion lineament (the brief's B-only artifact reading, excluded here by the B-abstain gate but not eliminated); upward-continued flight-line artefact of the airborne survey.","Independent evidence of offset at this location: a displaced contact or marker bed, deflected or offset drainage, a facies termination, a published structural interpretation, or field observation. None is claimed here.","MEASURED CONTEXT + TEMPLATE HYPOTHESIS; no field observation, no geologist review"
3121,1881,431500.0,4196400.0,8805.7,0.974938,0.417864,0.557074,0.833654,1,1624.9,1.682,0.002313,-18.4674,3.2999,0.5669,0.7717,0.009292,32.5937,745.5,"Buried or cover-hidden fault (the brief's A-only reading): a deep potential-field fabric step (upward-continued TMI and isostatic gravity gradient) beneath thick sedimentary cover, with no DEM scarp and no radiometric lineament, i.e. structure that does not reach the surface and so is missing from a surface-mapped catalogue. HYPOTHESIS, not verified geology.","Non-fault basin-fill density boundary or volcanic lithologic contact; buried palaeo-channel or alluvial-fan margin; road/erosion lineament (the brief's B-only artifact reading, excluded here by the B-abstain gate but not eliminated); upward-continued flight-line artefact of the airborne survey.","Independent evidence of offset at this location: a displaced contact or marker bed, deflected or offset drainage, a facies termination, a published structural interpretation, or field observation. None is claimed here.","MEASURED CONTEXT + TEMPLATE HYPOTHESIS; no field observation, no geologist review"
3227,1893,432700.0,4185800.0,6723.1,0.973124,0.422373,0.550751,0.352402,1,21.8,17.1494,0.001014,3.3998,2.5668,0.5157,0.752,0.002524,33.5,724.1,"Buried or cover-hidden fault (the brief's A-only reading): a deep potential-field fabric step (upward-continued TMI and isostatic gravity gradient) beneath thick sedimentary cover, with no DEM scarp and no radiometric lineament, i.e. structure that does not reach the surface and so is missing from a surface-mapped catalogue. HYPOTHESIS, not verified geology.","Non-fault basin-fill density boundary or volcanic lithologic contact; buried palaeo-channel or alluvial-fan margin; road/erosion lineament (the brief's B-only artifact reading, excluded here by the B-abstain gate but not eliminated); upward-continued flight-line artefact of the airborne survey.","Independent evidence of offset at this location: a displaced contact or marker bed, deflected or offset drainage, a facies termination, a published structural interpretation, or field observation. None is claimed here.","MEASURED CONTEXT + TEMPLATE HYPOTHESIS; no field observation, no geologist review"
3229,1888,432200.0,4185600.0,6306.3,0.980069,0.572123,0.407946,0.317761,1,15.7,8.8688,0.000891,3.8374,2.5593,0.5984,0.7283,0.000977,33.5,724.1,"Buried or cover-hidden fault (the brief's A-only reading): a deep potential-field fabric step (upward-continued TMI and isostatic gravity gradient) beneath thick sedimentary cover, with no DEM scarp and no radiometric lineament, i.e. structure that does not reach the surface and so is missing from a surface-mapped catalogue. HYPOTHESIS, not verified geology.","Non-fault basin-fill density boundary or volcanic lithologic contact; buried palaeo-channel or alluvial-fan margin; road/erosion lineament (the brief's B-only artifact reading, excluded here by the B-abstain gate but not eliminated); upward-continued flight-line artefact of the airborne survey.","Independent evidence of offset at this location: a displaced contact or marker bed, deflected or offset drainage, a facies termination, a published structural interpretation, or field observation. None is claimed here.","MEASURED CONTEXT + TEMPLATE HYPOTHESIS; no field observation, no geologist review"
3233,1890,432400.0,4185200.0,6053.9,0.951731,0.499014,0.452717,0.298877,1,13.2,6.9531,0.000842,3.5143,2.5593,0.5787,0.748,0.001162,33.5,724.1,"Buried or cover-hidden fault (the brief's A-only reading): a deep potential-field fabric step (upward-continued TMI and isostatic gravity gradient) beneath thick sedimentary cover, with no DEM scarp and no radiometric lineament, i.e. structure that does not reach the surface and so is missing from a surface-mapped catalogue. HYPOTHESIS, not verified geology.","Non-fault basin-fill density boundary or volcanic lithologic contact; buried palaeo-channel or alluvial-fan margin; road/erosion lineament (the brief's B-only artifact reading, excluded here by the B-abstain gate but not eliminated); upward-continued flight-line artefact of the airborne survey.","Independent evidence of offset at this location: a displaced contact or marker bed, deflected or offset drainage, a facies termination, a published structural interpretation, or field observation. None is claimed here.","MEASURED CONTEXT + TEMPLATE HYPOTHESIS; no field observation, no geologist review"
3241,2221,465500.0,4184400.0,5333.9,0.964395,0.584848,0.379547,0.536003,1,115.0,2.6278,0.003385,2.7984,2.7967,0.6181,0.8898,0.006324,19.6,643.1,"Buried or cover-hidden fault (the brief's A-only reading): a deep potential-field fabric step (upward-continued TMI and isostatic gravity gradient) beneath thick sedimentary cover, with no DEM scarp and no radiometric lineament, i.e. structure that does not reach the surface and so is missing from a surface-mapped catalogue. HYPOTHESIS, not verified geology.","Non-fault basin-fill density boundary or volcanic lithologic contact; buried palaeo-channel or alluvial-fan margin; road/erosion lineament (the brief's B-only artifact reading, excluded here by the B-abstain gate but not eliminated); upward-continued flight-line artefact of the airborne survey.","Independent evidence of offset at this location: a displaced contact or marker bed, deflected or offset drainage, a facies termination, a published structural interpretation, or field observation. None is claimed here.","MEASURED CONTEXT + TEMPLATE HYPOTHESIS; no field observation, no geologist review"
3251,1866,430000.0,4183400.0,3471.3,0.96434,0.617829,0.346511,0.399047,1,33.4,2.6862,0.002813,0.1129,2.5593,0.7165,0.622,0.002929,36.1,740.2,"Buried or cover-hidden fault (the brief's A-only reading): a deep potential-field fabric step (upward-continued TMI and isostatic gravity gradient) beneath thick sedimentary cover, with no DEM scarp and no radiometric lineament, i.e. structure that does not reach the surface and so is missing from a surface-mapped catalogue. HYPOTHESIS, not verified geology.","Non-fault basin-fill density boundary or volcanic lithologic contact; buried palaeo-channel or alluvial-fan margin; road/erosion lineament (the brief's B-only artifact reading, excluded here by the B-abstain gate but not eliminated); upward-continued flight-line artefact of the airborne survey.","Independent evidence of offset at this location: a displaced contact or marker bed, deflected or offset drainage, a facies termination, a published structural interpretation, or field observation. None is claimed here.","MEASURED CONTEXT + TEMPLATE HYPOTHESIS; no field observation, no geologist review"
3253,1879,431300.0,4183200.0,3773.6,0.984402,0.646507,0.337895,0.407869,1,36.2,3.6377,0.002136,1.0765,2.5593,0.5709,0.5276,0.00397,36.1,706.2471,"Buried or cover-hidden fault (the brief's A-only reading): a deep potential-field fabric step (upward-continued TMI and isostatic gravity gradient) beneath thick sedimentary cover, with no DEM scarp and no radiometric lineament, i.e. structure that does not reach the surface and so is missing from a surface-mapped catalogue. HYPOTHESIS, not verified geology.","Non-fault basin-fill density boundary or volcanic lithologic contact; buried palaeo-channel or alluvial-fan margin; road/erosion lineament (the brief's B-only artifact reading, excluded here by the B-abstain gate but not eliminated); upward-continued flight-line artefact of the airborne survey.","Independent evidence of offset at this location: a displaced contact or marker bed, deflected or offset drainage, a facies termination, a published structural interpretation, or field observation. None is claimed here.","MEASURED CONTEXT + TEMPLATE HYPOTHESIS; no field observation, no geologist review"
3288,2225,465900.0,4179700.0,2280.4,0.951494,0.548288,0.403206,0.616475,1,235.9,2.9767,0.00376,-8.4867,2.7927,0.5472,0.8425,0.00606,20.0,699.0712,"Buried or cover-hidden fault (the brief's A-only reading): a deep potential-field fabric step (upward-continued TMI and isostatic gravity gradient) beneath thick sedimentary cover, with no DEM scarp and no radiometric lineament, i.e. structure that does not reach the surface and so is missing from a surface-mapped catalogue. HYPOTHESIS, not verified geology.","Non-fault basin-fill density boundary or volcanic lithologic contact; buried palaeo-channel or alluvial-fan margin; road/erosion lineament (the brief's B-only artifact reading, excluded here by the B-abstain gate but not eliminated); upward-continued flight-line artefact of the airborne survey.","Independent evidence of offset at this location: a displaced contact or marker bed, deflected or offset drainage, a facies termination, a published structural interpretation, or field observation. None is claimed here.","MEASURED CONTEXT + TEMPLATE HYPOTHESIS; no field observation, no geologist review"
3289,2221,465500.0,4179600.0,2607.7,0.95772,0.618909,0.338811,0.623522,1,251.2,3.0487,0.003586,-9.9627,2.7899,0.5197,0.9016,0.004439,20.0,704.4,"Buried or cover-hidden fault (the brief's A-only reading): a deep potential-field fabric step (upward-continued TMI and isostatic gravity gradient) beneath thick sedimentary cover, with no DEM scarp and no radiometric lineament, i.e. structure that does not reach the surface and so is missing from a surface-mapped catalogue. HYPOTHESIS, not verified geology.","Non-fault basin-fill density boundary or volcanic lithologic contact; buried palaeo-channel or alluvial-fan margin; road/erosion lineament (the brief's B-only artifact reading, excluded here by the B-abstain gate but not eliminated); upward-continued flight-line artefact of the airborne survey.","Independent evidence of offset at this location: a displaced contact or marker bed, deflected or offset drainage, a facies termination, a published structural interpretation, or field observation. None is claimed here.","MEASURED CONTEXT + TEMPLATE HYPOTHESIS; no field observation, no geologist review"
3292,2129,456300.0,4179300.0,2780.3,0.982921,0.617356,0.365566,0.625107,1,254.7,2.3248,0.001296,-20.3,2.5606,0.3937,0.6614,0.007359,24.6861,743.4,"Buried or cover-hidden fault (the brief's A-only reading): a deep potential-field fabric step (upward-continued TMI and isostatic gravity gradient) beneath thick sedimentary cover, with no DEM scarp and no radiometric lineament, i.e. structure that does not reach the surface and so is missing from a surface-mapped catalogue. HYPOTHESIS, not verified geology.","Non-fault basin-fill density boundary or volcanic lithologic contact; buried palaeo-channel or alluvial-fan margin; road/erosion lineament (the brief's B-only artifact reading, excluded here by the B-abstain gate but not eliminated); upward-continued flight-line artefact of the airborne survey.","Independent evidence of offset at this location: a displaced contact or marker bed, deflected or offset drainage, a facies termination, a published structural interpretation, or field observation. None is claimed here.","MEASURED CONTEXT + TEMPLATE HYPOTHESIS; no field observation, no geologist review"
3293,2132,456600.0,4179200.0,2523.9,0.97763,0.638794,0.338835,0.619542,1,242.4,1.9125,0.001366,-20.081,2.5397,0.4724,0.5827,0.007158,24.0917,743.4,"Buried or cover-hidden fault (the brief's A-only reading): a deep potential-field fabric step (upward-continued TMI and isostatic gravity gradient) beneath thick sedimentary cover, with no DEM scarp and no radiometric lineament, i.e. structure that does not reach the surface and so is missing from a surface-mapped catalogue. HYPOTHESIS, not verified geology.","Non-fault basin-fill density boundary or volcanic lithologic contact; buried palaeo-channel or alluvial-fan margin; road/erosion lineament (the brief's B-only artifact reading, excluded here by the B-abstain gate but not eliminated); upward-continued flight-line artefact of the airborne survey.","Independent evidence of offset at this location: a displaced contact or marker bed, deflected or offset drainage, a facies termination, a published structural interpretation, or field observation. None is claimed here.","MEASURED CONTEXT + TEMPLATE HYPOTHESIS; no field observation, no geologist review"
3294,2121,455500.0,4179100.0,2765.9,0.991216,0.402906,0.58831,0.632168,1,271.3,1.4472,0.000554,-21.0972,2.5187,0.4291,0.7677,0.007577,25.0,739.9,"Buried or cover-hidden fault (the brief's A-only reading): a deep potential-field fabric step (upward-continued TMI and isostatic gravity gradient) beneath thick sedimentary cover, with no DEM scarp and no radiometric lineament, i.e. structure that does not reach the surface and so is missing from a surface-mapped catalogue. HYPOTHESIS, not verified geology.","Non-fault basin-fill density boundary or volcanic lithologic contact; buried palaeo-channel or alluvial-fan margin; road/erosion lineament (the brief's B-only artifact reading, excluded here by the B-abstain gate but not eliminated); upward-continued flight-line artefact of the airborne survey.","Independent evidence of offset at this location: a displaced contact or marker bed, deflected or offset drainage, a facies termination, a published structural interpretation, or field observation. None is claimed here.","MEASURED CONTEXT + TEMPLATE HYPOTHESIS; no field observation, no geologist review"
3295,2129,456300.0,4179000.0,2549.5,0.971625,0.463825,0.507801,0.626784,1,258.6,1.9287,0.001138,-20.5885,2.4978,0.4016,0.6063,0.008944,24.6862,743.1239,"Buried or cover-hidden fault (the brief's A-only reading): a deep potential-field fabric step (upward-continued TMI and isostatic gravity gradient) beneath thick sedimentary cover, with no DEM scarp and no radiometric lineament, i.e. structure that does not reach the surface and so is missing from a surface-mapped catalogue. HYPOTHESIS, not verified geology.","Non-fault basin-fill density boundary or volcanic lithologic contact; buried palaeo-channel or alluvial-fan margin; road/erosion lineament (the brief's B-only artifact reading, excluded here by the B-abstain gate but not eliminated); upward-continued flight-line artefact of the airborne survey.","Independent evidence of offset at this location: a displaced contact or marker bed, deflected or offset drainage, a facies termination, a published structural interpretation, or field observation. None is claimed here.","MEASURED CONTEXT + TEMPLATE HYPOTHESIS; no field observation, no geologist review"
3297,2124,455800.0,4178800.0,2758.6,0.985227,0.35981,0.625417,0.628464,1,262.5,1.6249,0.000659,-21.013,2.4669,0.4134,0.7165,0.00755,25.0,748.3016,"Buried or cover-hidden fault (the brief's A-only reading): a deep potential-field fabric step (upward-continued TMI and isostatic gravity gradient) beneath thick sedimentary cover, with no DEM scarp and no radiometric lineament, i.e. structure that does not reach the surface and so is missing from a surface-mapped catalogue. HYPOTHESIS, not verified geology.","Non-fault basin-fill density boundary or volcanic lithologic contact; buried palaeo-channel or alluvial-fan margin; road/erosion lineament (the brief's B-only artifact reading, excluded here by the B-abstain gate but not eliminated); upward-continued flight-line artefact of the airborne survey.","Independent evidence of offset at this location: a displaced contact or marker bed, deflected or offset drainage, a facies termination, a published structural interpretation, or field observation. None is claimed here.","MEASURED CONTEXT + TEMPLATE HYPOTHESIS; no field observation, no geologist review"
3298,2116,455000.0,4178700.0,2720.3,0.99621,0.355295,0.640915,0.631405,1,269.4,2.2425,0.001427,-20.7,2.4669,0.5,0.7795,0.001473,25.0,758.8306,"Buried or cover-hidden fault (the brief's A-only reading): a deep potential-field fabric step (upward-continued TMI and isostatic gravity gradient) beneath thick sedimentary cover, with no DEM scarp and no radiometric lineament, i.e. structure that does not reach the surface and so is missing from a surface-mapped catalogue. HYPOTHESIS, not verified geology.","Non-fault basin-fill density boundary or volcanic lithologic contact; buried palaeo-channel or alluvial-fan margin; road/erosion lineament (the brief's B-only artifact reading, excluded here by the B-abstain gate but not eliminated); upward-continued flight-line artefact of the airborne survey.","Independent evidence of offset at this location: a displaced contact or marker bed, deflected or offset drainage, a facies termination, a published structural interpretation, or field observation. None is claimed here.","MEASURED CONTEXT + TEMPLATE HYPOTHESIS; no field observation, no geologist review"
3298,2121,455500.0,4178700.0,2900.0,0.98567,0.367632,0.618038,0.630742,1,267.9,1.6575,0.000387,-21.234,2.4669,0.4449,0.7638,0.004873,25.0,758.825,"Buried or cover-hidden fault (the brief's A-only reading): a deep potential-field fabric step (upward-continued TMI and isostatic gravity gradient) beneath thick sedimentary cover, with no DEM scarp and no radiometric lineament, i.e. structure that does not reach the surface and so is missing from a surface-mapped catalogue. HYPOTHESIS, not verified geology.","Non-fault basin-fill density boundary or volcanic lithologic contact; buried palaeo-channel or alluvial-fan margin; road/erosion lineament (the brief's B-only artifact reading, excluded here by the B-abstain gate but not eliminated); upward-continued flight-line artefact of the airborne survey.","Independent evidence of offset at this location: a displaced contact or marker bed, deflected or offset drainage, a facies termination, a published structural interpretation, or field observation. None is claimed here.","MEASURED CONTEXT + TEMPLATE HYPOTHESIS; no field observation, no geologist review"
3299,2133,456700.0,4178600.0,1984.9,0.970366,0.57807,0.392296,0.609301,1,221.3,1.8455,0.00128,-20.3378,2.4669,0.4055,0.5197,0.009945,24.0,734.7209,"Buried or cover-hidden fault (the brief's A-only reading): a deep potential-field fabric step (upward-continued TMI and isostatic gravity gradient) beneath thick sedimentary cover, with no DEM scarp and no radiometric lineament, i.e. structure that does not reach the surface and so is missing from a surface-mapped catalogue. HYPOTHESIS, not verified geology.","Non-fault basin-fill density boundary or volcanic lithologic contact; buried palaeo-channel or alluvial-fan margin; road/erosion lineament (the brief's B-only artifact reading, excluded here by the B-abstain gate but not eliminated); upward-continued flight-line artefact of the airborne survey.","Independent evidence of offset at this location: a displaced contact or marker bed, deflected or offset drainage, a facies termination, a published structural interpretation, or field observation. None is claimed here.","MEASURED CONTEXT + TEMPLATE HYPOTHESIS; no field observation, no geologist review"
3300,2125,455900.0,4178500.0,2475.9,0.989402,0.369719,0.619683,0.624058,1,252.4,1.3392,0.000643,-21.0595,2.4669,0.378,0.748,0.005979,25.0,750.6169,"Buried or cover-hidden fault (the brief's A-only reading): a deep potential-field fabric step (upward-continued TMI and isostatic gravity gradient) beneath thick sedimentary cover, with no DEM scarp and no radiometric lineament, i.e. structure that does not reach the surface and so is missing from a surface-mapped catalogue. HYPOTHESIS, not verified geology.","Non-fault basin-fill density boundary or volcanic lithologic contact; buried palaeo-channel or alluvial-fan margin; road/erosion lineament (the brief's B-only artifact reading, excluded here by the B-abstain gate but not eliminated); upward-continued flight-line artefact of the airborne survey.","Independent evidence of offset at this location: a displaced contact or marker bed, deflected or offset drainage, a facies termination, a published structural interpretation, or field observation. None is claimed here.","MEASURED CONTEXT + TEMPLATE HYPOTHESIS; no field observation, no geologist review"
3301,2117,455100.0,4178400.0,2983.3,0.981322,0.431912,0.54941,0.630916,1,268.3,1.5759,0.001188,-20.9499,2.4669,0.4016,0.8189,0.001308,25.0,769.8,"Buried or cover-hidden fault (the brief's A-only reading): a deep potential-field fabric step (upward-continued TMI and isostatic gravity gradient) beneath thick sedimentary cover, with no DEM scarp and no radiometric lineament, i.e. structure that does not reach the surface and so is missing from a surface-mapped catalogue. HYPOTHESIS, not verified geology.","Non-fault basin-fill density boundary or volcanic lithologic contact; buried palaeo-channel or alluvial-fan margin; road/erosion lineament (the brief's B-only artifact reading, excluded here by the B-abstain gate but not eliminated); upward-continued flight-line artefact of the airborne survey.","Independent evidence of offset at this location: a displaced contact or marker bed, deflected or offset drainage, a facies termination, a published structural interpretation, or field observation. None is claimed here.","MEASURED CONTEXT + TEMPLATE HYPOTHESIS; no field observation, no geologist review"
3301,2122,455600.0,4178400.0,2617.3,0.99223,0.402876,0.589354,0.627419,1,260.0,1.5707,0.000326,-21.2567,2.4669,0.4213,0.7244,0.003576,25.0,769.8,"Buried or cover-hidden fault (the brief's A-only reading): a deep potential-field fabric step (upward-continued TMI and isostatic gravity gradient) beneath thick sedimentary cover, with no DEM scarp and no radiometric lineament, i.e. structure that does not reach the surface and so is missing from a surface-mapped catalogue. HYPOTHESIS, not verified geology.","Non-fault basin-fill density boundary or volcanic lithologic contact; buried palaeo-channel or alluvial-fan margin; road/erosion lineament (the brief's B-only artifact reading, excluded here by the B-abstain gate but not eliminated); upward-continued flight-line artefact of the airborne survey.","Independent evidence of offset at this location: a displaced contact or marker bed, deflected or offset drainage, a facies termination, a published structural interpretation, or field observation. None is claimed here.","MEASURED CONTEXT + TEMPLATE HYPOTHESIS; no field observation, no geologist review"
3301,2129,456300.0,4178400.0,2121.3,0.963379,0.46681,0.496568,0.616562,1,236.1,1.423,0.000947,-20.8835,2.4669,0.4449,0.6654,0.007507,24.6862,733.0,"Buried or cover-hidden fault (the brief's A-only reading): a deep potential-field fabric step (upward-continued TMI and isostatic gravity gradient) beneath thick sedimentary cover, with no DEM scarp and no radiometric lineament, i.e. structure that does not reach the surface and so is missing from a surface-mapped catalogue. HYPOTHESIS, not verified geology.","Non-fault basin-fill density boundary or volcanic lithologic contact; buried palaeo-channel or alluvial-fan margin; road/erosion lineament (the brief's B-only artifact reading, excluded here by the B-abstain gate but not eliminated); upward-continued flight-line artefact of the airborne survey.","Independent evidence of offset at this location: a displaced contact or marker bed, deflected or offset drainage, a facies termination, a published structural interpretation, or field observation. None is claimed here.","MEASURED CONTEXT + TEMPLATE HYPOTHESIS; no field observation, no geologist review"
3304,2117,455100.0,4178100.0,2758.6,0.980136,0.578817,0.401319,0.630274,1,266.7,1.8485,0.001125,-21.0423,2.4669,0.3622,0.8622,0.002019,25.0,769.8,"Buried or cover-hidden fault (the brief's A-only reading): a deep potential-field fabric step (upward-continued TMI and isostatic gravity gradient) beneath thick sedimentary cover, with no DEM scarp and no radiometric lineament, i.e. structure that does not reach the surface and so is missing from a surface-mapped catalogue. HYPOTHESIS, not verified geology.","Non-fault basin-fill density boundary or volcanic lithologic contact; buried palaeo-channel or alluvial-fan margin; road/erosion lineament (the brief's B-only artifact reading, excluded here by the B-abstain gate but not eliminated); upward-continued flight-line artefact of the airborne survey.","Independent evidence of offset at this location: a displaced contact or marker bed, deflected or offset drainage, a facies termination, a published structural interpretation, or field observation. None is claimed here.","MEASURED CONTEXT + TEMPLATE HYPOTHESIS; no field observation, no geologist review"
3304,2121,455500.0,4178100.0,2500.0,0.973664,0.383773,0.589891,0.627002,1,259.1,1.5182,0.000368,-21.3861,2.4669,0.3858,0.8031,0.002522,25.0,769.8,"Buried or cover-hidden fault (the brief's A-only reading): a deep potential-field fabric step (upward-continued TMI and isostatic gravity gradient) beneath thick sedimentary cover, with no DEM scarp and no radiometric lineament, i.e. structure that does not reach the surface and so is missing from a surface-mapped catalogue. HYPOTHESIS, not verified geology.","Non-fault basin-fill density boundary or volcanic lithologic contact; buried palaeo-channel or alluvial-fan margin; road/erosion lineament (the brief's B-only artifact reading, excluded here by the B-abstain gate but not eliminated); upward-continued flight-line artefact of the airborne survey.","Independent evidence of offset at this location: a displaced contact or marker bed, deflected or offset drainage, a facies termination, a published structural interpretation, or field observation. None is claimed here.","MEASURED CONTEXT + TEMPLATE HYPOTHESIS; no field observation, no geologist review"
3304,2125,455900.0,4178100.0,2193.2,0.982866,0.542256,0.440611,0.619322,1,242.0,2.2325,0.00056,-21.2085,2.4669,0.3937,0.6732,0.003929,25.0,750.6176,"Buried or cover-hidden fault (the brief's A-only reading): a deep potential-field fabric step (upward-continued TMI and isostatic gravity gradient) beneath thick sedimentary cover, with no DEM scarp and no radiometric lineament, i.e. structure that does not reach the surface and so is missing from a surface-mapped catalogue. HYPOTHESIS, not verified geology.","Non-fault basin-fill density boundary or volcanic lithologic contact; buried palaeo-channel or alluvial-fan margin; road/erosion lineament (the brief's B-only artifact reading, excluded here by the B-abstain gate but not eliminated); upward-continued flight-line artefact of the airborne survey.","Independent evidence of offset at this location: a displaced contact or marker bed, deflected or offset drainage, a facies termination, a published structural interpretation, or field observation. None is claimed here.","MEASURED CONTEXT + TEMPLATE HYPOTHESIS; no field observation, no geologist review"
3305,2130,456400.0,4178000.0,1769.2,0.980834,0.485294,0.49554,0.606643,1,216.1,1.7829,0.001003,-21.0321,2.4669,0.437,0.5197,0.007435,24.4765,733.0,"Buried or cover-hidden fault (the brief's A-only reading): a deep potential-field fabric step (upward-continued TMI and isostatic gravity gradient) beneath thick sedimentary cover, with no DEM scarp and no radiometric lineament, i.e. structure that does not reach the surface and so is missing from a surface-mapped catalogue. HYPOTHESIS, not verified geology.","Non-fault basin-fill density boundary or volcanic lithologic contact; buried palaeo-channel or alluvial-fan margin; road/erosion lineament (the brief's B-only artifact reading, excluded here by the B-abstain gate but not eliminated); upward-continued flight-line artefact of the airborne survey.","Independent evidence of offset at this location: a displaced contact or marker bed, deflected or offset drainage, a facies termination, a published structural interpretation, or field observation. None is claimed here.","MEASURED CONTEXT + TEMPLATE HYPOTHESIS; no field observation, no geologist review"
3307,2115,454900.0,4177800.0,2690.7,0.975048,0.382335,0.592713,0.630359,1,266.9,2.0912,0.001301,-20.9089,2.4669,0.3701,0.8504,0.00371,24.8194,769.8,"Buried or cover-hidden fault (the brief's A-only reading): a deep potential-field fabric step (upward-continued TMI and isostatic gravity gradient) beneath thick sedimentary cover, with no DEM scarp and no radiometric lineament, i.e. structure that does not reach the surface and so is missing from a surface-mapped catalogue. HYPOTHESIS, not verified geology.","Non-fault basin-fill density boundary or volcanic lithologic contact; buried palaeo-channel or alluvial-fan margin; road/erosion lineament (the brief's B-only artifact reading, excluded here by the B-abstain gate but not eliminated); upward-continued flight-line artefact of the airborne survey.","Independent evidence of offset at this location: a displaced contact or marker bed, deflected or offset drainage, a facies termination, a published structural interpretation, or field observation. None is claimed here.","MEASURED CONTEXT + TEMPLATE HYPOTHESIS; no field observation, no geologist review"
3308,2118,455200.0,4177700.0,2404.2,0.984553,0.595795,0.388758,0.62741,1,260.0,1.9565,0.000866,-21.3195,2.4669,0.3858,0.7756,0.003814,24.7387,769.8,"Buried or cover-hidden fault (the brief's A-only reading): a deep potential-field fabric step (upward-continued TMI and isostatic gravity gradient) beneath thick sedimentary cover, with no DEM scarp and no radiometric lineament, i.e. structure that does not reach the surface and so is missing from a surface-mapped catalogue. HYPOTHESIS, not verified geology.","Non-fault basin-fill density boundary or volcanic lithologic contact; buried palaeo-channel or alluvial-fan margin; road/erosion lineament (the brief's B-only artifact reading, excluded here by the B-abstain gate but not eliminated); upward-continued flight-line artefact of the airborne survey.","Independent evidence of offset at this location: a displaced contact or marker bed, deflected or offset drainage, a facies termination, a published structural interpretation, or field observation. None is claimed here.","MEASURED CONTEXT + TEMPLATE HYPOTHESIS; no field observation, no geologist review"
3308,2129,456300.0,4177700.0,1627.9,0.979165,0.581711,0.397454,0.601402,1,206.3,2.2192,0.000849,-21.2184,2.4669,0.4016,0.5315,0.007915,24.4865,733.0,"Buried or cover-hidden fault (the brief's A-only reading): a deep potential-field fabric step (upward-continued TMI and isostatic gravity gradient) beneath thick sedimentary cover, with no DEM scarp and no radiometric lineament, i.e. structure that does not reach the surface and so is missing from a surface-mapped catalogue. HYPOTHESIS, not verified geology.","Non-fault basin-fill density boundary or volcanic lithologic contact; buried palaeo-channel or alluvial-fan margin; road/erosion lineament (the brief's B-only artifact reading, excluded here by the B-abstain gate but not eliminated); upward-continued flight-line artefact of the airborne survey.","Independent evidence of offset at this location: a displaced contact or marker bed, deflected or offset drainage, a facies termination, a published structural interpretation, or field observation. None is claimed here.","MEASURED CONTEXT + TEMPLATE HYPOTHESIS; no field observation, no geologist review"
3310,2112,454600.0,4177500.0,2745.9,0.962981,0.516515,0.446467,0.632734,1,272.6,1.918,0.001548,-20.7367,2.4669,0.4488,0.8858,0.004867,24.6327,769.8,"Buried or cover-hidden fault (the brief's A-only reading): a deep potential-field fabric step (upward-continued TMI and isostatic gravity gradient) beneath thick sedimentary cover, with no DEM scarp and no radiometric lineament, i.e. structure that does not reach the surface and so is missing from a surface-mapped catalogue. HYPOTHESIS, not verified geology.","Non-fault basin-fill density boundary or volcanic lithologic contact; buried palaeo-channel or alluvial-fan margin; road/erosion lineament (the brief's B-only artifact reading, excluded here by the B-abstain gate but not eliminated); upward-continued flight-line artefact of the airborne survey.","Independent evidence of offset at this location: a displaced contact or marker bed, deflected or offset drainage, a facies termination, a published structural interpretation, or field observation. None is claimed here.","MEASURED CONTEXT + TEMPLATE HYPOTHESIS; no field observation, no geologist review"
3328,2109,454300.0,4175700.0,1992.5,0.978067,0.625105,0.352962,0.661747,1,353.0,2.3963,0.001363,-22.2573,2.4669,0.4134,0.7126,0.003012,24.892,769.8,"Buried or cover-hidden fault (the brief's A-only reading): a deep potential-field fabric step (upward-continued TMI and isostatic gravity gradient) beneath thick sedimentary cover, with no DEM scarp and no radiometric lineament, i.e. structure that does not reach the surface and so is missing from a surface-mapped catalogue. HYPOTHESIS, not verified geology.","Non-fault basin-fill density boundary or volcanic lithologic contact; buried palaeo-channel or alluvial-fan margin; road/erosion lineament (the brief's B-only artifact reading, excluded here by the B-abstain gate but not eliminated); upward-continued flight-line artefact of the airborne survey.","Independent evidence of offset at this location: a displaced contact or marker bed, deflected or offset drainage, a facies termination, a published structural interpretation, or field observation. None is claimed here.","MEASURED CONTEXT + TEMPLATE HYPOTHESIS; no field observation, no geologist review"
3331,1679,411300.0,4175400.0,1992.5,0.971313,0.533621,0.437692,0.317926,1,15.8,9.3231,0.000887,-22.8619,3.7791,0.3937,0.5315,0.012728,53.9528,889.5,"Buried or cover-hidden fault (the brief's A-only reading): a deep potential-field fabric step (upward-continued TMI and isostatic gravity gradient) beneath thick sedimentary cover, with no DEM scarp and no radiometric lineament, i.e. structure that does not reach the surface and so is missing from a surface-mapped catalogue. HYPOTHESIS, not verified geology.","Non-fault basin-fill density boundary or volcanic lithologic contact; buried palaeo-channel or alluvial-fan margin; road/erosion lineament (the brief's B-only artifact reading, excluded here by the B-abstain gate but not eliminated); upward-continued flight-line artefact of the airborne survey.","Independent evidence of offset at this location: a displaced contact or marker bed, deflected or offset drainage, a facies termination, a published structural interpretation, or field observation. None is claimed here.","MEASURED CONTEXT + TEMPLATE HYPOTHESIS; no field observation, no geologist review"
3334,1680,411400.0,4175100.0,2022.4,0.962957,0.586972,0.375985,0.324269,1,16.7,27.8119,0.000824,-22.9842,3.7791,0.3858,0.4055,0.01441,53.6358,889.5,"Buried or cover-hidden fault (the brief's A-only reading): a deep potential-field fabric step (upward-continued TMI and isostatic gravity gradient) beneath thick sedimentary cover, with no DEM scarp and no radiometric lineament, i.e. structure that does not reach the surface and so is missing from a surface-mapped catalogue. HYPOTHESIS, not verified geology.","Non-fault basin-fill density boundary or volcanic lithologic contact; buried palaeo-channel or alluvial-fan margin; road/erosion lineament (the brief's B-only artifact reading, excluded here by the B-abstain gate but not eliminated); upward-continued flight-line artefact of the airborne survey.","Independent evidence of offset at this location: a displaced contact or marker bed, deflected or offset drainage, a facies termination, a published structural interpretation, or field observation. None is claimed here.","MEASURED CONTEXT + TEMPLATE HYPOTHESIS; no field observation, no geologist review"
3371,1693,412700.0,4171400.0,1923.5,0.98482,0.443575,0.541245,0.212508,1,5.6,16.6459,0.001887,-23.6187,3.1631,0.5709,0.4646,0.012372,54.6,848.7,"Buried or cover-hidden fault (the brief's A-only reading): a deep potential-field fabric step (upward-continued TMI and isostatic gravity gradient) beneath thick sedimentary cover, with no DEM scarp and no radiometric lineament, i.e. structure that does not reach the surface and so is missing from a surface-mapped catalogue. HYPOTHESIS, not verified geology.","Non-fault basin-fill density boundary or volcanic lithologic contact; buried palaeo-channel or alluvial-fan margin; road/erosion lineament (the brief's B-only artifact reading, excluded here by the B-abstain gate but not eliminated); upward-continued flight-line artefact of the airborne survey.","Independent evidence of offset at this location: a displaced contact or marker bed, deflected or offset drainage, a facies termination, a published structural interpretation, or field observation. None is claimed here.","MEASURED CONTEXT + TEMPLATE HYPOTHESIS; no field observation, no geologist review"
3374,1692,412600.0,4171100.0,2000.0,0.990082,0.471034,0.519048,0.235137,1,7.0,7.4922,0.002028,-24.2348,3.1631,0.6299,0.6378,0.009664,54.6,848.6519,"Buried or cover-hidden fault (the brief's A-only reading): a deep potential-field fabric step (upward-continued TMI and isostatic gravity gradient) beneath thick sedimentary cover, with no DEM scarp and no radiometric lineament, i.e. structure that does not reach the surface and so is missing from a surface-mapped catalogue. HYPOTHESIS, not verified geology.","Non-fault basin-fill density boundary or volcanic lithologic contact; buried palaeo-channel or alluvial-fan margin; road/erosion lineament (the brief's B-only artifact reading, excluded here by the B-abstain gate but not eliminated); upward-continued flight-line artefact of the airborne survey.","Independent evidence of offset at this location: a displaced contact or marker bed, deflected or offset drainage, a facies termination, a published structural interpretation, or field observation. None is claimed here.","MEASURED CONTEXT + TEMPLATE HYPOTHESIS; no field observation, no geologist review"
3377,1693,412700.0,4170800.0,1868.2,0.962405,0.392341,0.570063,0.289643,1,12.1,15.7818,0.002011,-24.7655,3.1631,0.6181,0.5433,0.005883,54.6,845.7432,"Buried or cover-hidden fault (the brief's A-only reading): a deep potential-field fabric step (upward-continued TMI and isostatic gravity gradient) beneath thick sedimentary cover, with no DEM scarp and no radiometric lineament, i.e. structure that does not reach the surface and so is missing from a surface-mapped catalogue. HYPOTHESIS, not verified geology.","Non-fault basin-fill density boundary or volcanic lithologic contact; buried palaeo-channel or alluvial-fan margin; road/erosion lineament (the brief's B-only artifact reading, excluded here by the B-abstain gate but not eliminated); upward-continued flight-line artefact of the airborne survey.","Independent evidence of offset at this location: a displaced contact or marker bed, deflected or offset drainage, a facies termination, a published structural interpretation, or field observation. None is claimed here.","MEASURED CONTEXT + TEMPLATE HYPOTHESIS; no field observation, no geologist review"
3380,1693,412700.0,4170500.0,1811.1,0.982417,0.635936,0.346481,0.331223,1,17.9,18.8505,0.002083,-25.3457,3.1631,0.5157,0.4724,0.003658,54.6,843.9,"Buried or cover-hidden fault (the brief's A-only reading): a deep potential-field fabric step (upward-continued TMI and isostatic gravity gradient) beneath thick sedimentary cover, with no DEM scarp and no radiometric lineament, i.e. structure that does not reach the surface and so is missing from a surface-mapped catalogue. HYPOTHESIS, not verified geology.","Non-fault basin-fill density boundary or volcanic lithologic contact; buried palaeo-channel or alluvial-fan margin; road/erosion lineament (the brief's B-only artifact reading, excluded here by the B-abstain gate but not eliminated); upward-continued flight-line artefact of the airborne survey.","Independent evidence of offset at this location: a displaced contact or marker bed, deflected or offset drainage, a facies termination, a published structural interpretation, or field observation. None is claimed here.","MEASURED CONTEXT + TEMPLATE HYPOTHESIS; no field observation, no geologist review"
3394,1750,418400.0,4169100.0,2758.6,0.999481,0.37779,0.621691,0.356323,1,22.6,13.5831,0.000893,-25.09,2.0983,0.6732,0.311,0.006013,51.1,780.5798,"Buried or cover-hidden fault (the brief's A-only reading): a deep potential-field fabric step (upward-continued TMI and isostatic gravity gradient) beneath thick sedimentary cover, with no DEM scarp and no radiometric lineament, i.e. structure that does not reach the surface and so is missing from a surface-mapped catalogue. HYPOTHESIS, not verified geology.","Non-fault basin-fill density boundary or volcanic lithologic contact; buried palaeo-channel or alluvial-fan margin; road/erosion lineament (the brief's B-only artifact reading, excluded here by the B-abstain gate but not eliminated); upward-continued flight-line artefact of the airborne survey.","Independent evidence of offset at this location: a displaced contact or marker bed, deflected or offset drainage, a facies termination, a published structural interpretation, or field observation. None is claimed here.","MEASURED CONTEXT + TEMPLATE HYPOTHESIS; no field observation, no geologist review"
3395,1745,417900.0,4169000.0,2500.0,0.998098,0.562748,0.43535,0.287434,1,11.8,12.219,0.000627,-25.3762,2.0983,0.5748,0.3976,0.002949,51.1,791.8098,"Buried or cover-hidden fault (the brief's A-only reading): a deep potential-field fabric step (upward-continued TMI and isostatic gravity gradient) beneath thick sedimentary cover, with no DEM scarp and no radiometric lineament, i.e. structure that does not reach the surface and so is missing from a surface-mapped catalogue. HYPOTHESIS, not verified geology.","Non-fault basin-fill density boundary or volcanic lithologic contact; buried palaeo-channel or alluvial-fan margin; road/erosion lineament (the brief's B-only artifact reading, excluded here by the B-abstain gate but not eliminated); upward-continued flight-line artefact of the airborne survey.","Independent evidence of offset at this location: a displaced contact or marker bed, deflected or offset drainage, a facies termination, a published structural interpretation, or field observation. None is claimed here.","MEASURED CONTEXT + TEMPLATE HYPOTHESIS; no field observation, no geologist review"
3397,1750,418400.0,4168800.0,2973.2,0.999251,0.367274,0.631977,0.332288,1,18.1,24.8888,0.000844,-25.309,2.0983,0.6575,0.3386,0.004415,51.1,814.2159,"Buried or cover-hidden fault (the brief's A-only reading): a deep potential-field fabric step (upward-continued TMI and isostatic gravity gradient) beneath thick sedimentary cover, with no DEM scarp and no radiometric lineament, i.e. structure that does not reach the surface and so is missing from a surface-mapped catalogue. HYPOTHESIS, not verified geology.","Non-fault basin-fill density boundary or volcanic lithologic contact; buried palaeo-channel or alluvial-fan margin; road/erosion lineament (the brief's B-only artifact reading, excluded here by the B-abstain gate but not eliminated); upward-continued flight-line artefact of the airborne survey.","Independent evidence of offset at this location: a displaced contact or marker bed, deflected or offset drainage, a facies termination, a published structural interpretation, or field observation. None is claimed here.","MEASURED CONTEXT + TEMPLATE HYPOTHESIS; no field observation, no geologist review"
3398,1764,419800.0,4168700.0,4104.9,0.998522,0.586147,0.412375,0.445912,1,51.2,22.7938,0.001472,-24.9871,2.0983,0.7559,0.4173,0.002984,48.3154,812.8294,"Buried or cover-hidden fault (the brief's A-only reading): a deep potential-field fabric step (upward-continued TMI and isostatic gravity gradient) beneath thick sedimentary cover, with no DEM scarp and no radiometric lineament, i.e. structure that does not reach the surface and so is missing from a surface-mapped catalogue. HYPOTHESIS, not verified geology.","Non-fault basin-fill density boundary or volcanic lithologic contact; buried palaeo-channel or alluvial-fan margin; road/erosion lineament (the brief's B-only artifact reading, excluded here by the B-abstain gate but not eliminated); upward-continued flight-line artefact of the airborne survey.","Independent evidence of offset at this location: a displaced contact or marker bed, deflected or offset drainage, a facies termination, a published structural interpretation, or field observation. None is claimed here.","MEASURED CONTEXT + TEMPLATE HYPOTHESIS; no field observation, no geologist review"
3423,1771,420500.0,4166200.0,4669.0,0.991951,0.602452,0.389498,0.299059,1,13.2,8.1492,0.000763,-27.6749,2.0983,0.8504,0.5906,0.016828,48.2,851.0,"Buried or cover-hidden fault (the brief's A-only reading): a deep potential-field fabric step (upward-continued TMI and isostatic gravity gradient) beneath thick sedimentary cover, with no DEM scarp and no radiometric lineament, i.e. structure that does not reach the surface and so is missing from a surface-mapped catalogue. HYPOTHESIS, not verified geology.","Non-fault basin-fill density boundary or volcanic lithologic contact; buried palaeo-channel or alluvial-fan margin; road/erosion lineament (the brief's B-only artifact reading, excluded here by the B-abstain gate but not eliminated); upward-continued flight-line artefact of the airborne survey.","Independent evidence of offset at this location: a displaced contact or marker bed, deflected or offset drainage, a facies termination, a published structural interpretation, or field observation. None is claimed here.","MEASURED CONTEXT + TEMPLATE HYPOTHESIS; no field observation, no geologist review"
3428,1759,419300.0,4165700.0,3413.2,0.991756,0.501993,0.489763,0.172455,1,3.6,5.1342,0.000642,-27.3008,2.1774,0.7677,0.7638,0.008809,49.8941,851.0,"Buried or cover-hidden fault (the brief's A-only reading): a deep potential-field fabric step (upward-continued TMI and isostatic gravity gradient) beneath thick sedimentary cover, with no DEM scarp and no radiometric lineament, i.e. structure that does not reach the surface and so is missing from a surface-mapped catalogue. HYPOTHESIS, not verified geology.","Non-fault basin-fill density boundary or volcanic lithologic contact; buried palaeo-channel or alluvial-fan margin; road/erosion lineament (the brief's B-only artifact reading, excluded here by the B-abstain gate but not eliminated); upward-continued flight-line artefact of the airborne survey.","Independent evidence of offset at this location: a displaced contact or marker bed, deflected or offset drainage, a facies termination, a published structural interpretation, or field observation. None is claimed here.","MEASURED CONTEXT + TEMPLATE HYPOTHESIS; no field observation, no geologist review"
3428,1762,419600.0,4165700.0,3712.1,0.990446,0.42227,0.568176,0.167083,1,3.4,12.1195,0.000675,-27.4428,2.1774,0.7362,0.815,0.008975,48.8836,851.0,"Buried or cover-hidden fault (the brief's A-only reading): a deep potential-field fabric step (upward-continued TMI and isostatic gravity gradient) beneath thick sedimentary cover, with no DEM scarp and no radiometric lineament, i.e. structure that does not reach the surface and so is missing from a surface-mapped catalogue. HYPOTHESIS, not verified geology.","Non-fault basin-fill density boundary or volcanic lithologic contact; buried palaeo-channel or alluvial-fan margin; road/erosion lineament (the brief's B-only artifact reading, excluded here by the B-abstain gate but not eliminated); upward-continued flight-line artefact of the airborne survey.","Independent evidence of offset at this location: a displaced contact or marker bed, deflected or offset drainage, a facies termination, a published structural interpretation, or field observation. None is claimed here.","MEASURED CONTEXT + TEMPLATE HYPOTHESIS; no field observation, no geologist review"
3430,1788,422200.0,4165500.0,6300.8,0.999208,0.476428,0.52278,0.419562,1,40.3,16.5568,0.000659,-28.2504,2.5058,0.7205,0.7756,0.010161,44.8,850.9,"Buried or cover-hidden fault (the brief's A-only reading): a deep potential-field fabric step (upward-continued TMI and isostatic gravity gradient) beneath thick sedimentary cover, with no DEM scarp and no radiometric lineament, i.e. structure that does not reach the surface and so is missing from a surface-mapped catalogue. HYPOTHESIS, not verified geology.","Non-fault basin-fill density boundary or volcanic lithologic contact; buried palaeo-channel or alluvial-fan margin; road/erosion lineament (the brief's B-only artifact reading, excluded here by the B-abstain gate but not eliminated); upward-continued flight-line artefact of the airborne survey.","Independent evidence of offset at this location: a displaced contact or marker bed, deflected or offset drainage, a facies termination, a published structural interpretation, or field observation. None is claimed here.","MEASURED CONTEXT + TEMPLATE HYPOTHESIS; no field observation, no geologist review"
3432,1785,421900.0,4165300.0,6000.8,0.999651,0.366988,0.632663,0.36843,1,25.3,20.3221,0.000394,-28.4303,2.4414,0.937,0.752,0.011116,44.8,850.9,"Buried or cover-hidden fault (the brief's A-only reading): a deep potential-field fabric step (upward-continued TMI and isostatic gravity gradient) beneath thick sedimentary cover, with no DEM scarp and no radiometric lineament, i.e. structure that does not reach the surface and so is missing from a surface-mapped catalogue. HYPOTHESIS, not verified geology.","Non-fault basin-fill density boundary or volcanic lithologic contact; buried palaeo-channel or alluvial-fan margin; road/erosion lineament (the brief's B-only artifact reading, excluded here by the B-abstain gate but not eliminated); upward-continued flight-line artefact of the airborne survey.","Independent evidence of offset at this location: a displaced contact or marker bed, deflected or offset drainage, a facies termination, a published structural interpretation, or field observation. None is claimed here.","MEASURED CONTEXT + TEMPLATE HYPOTHESIS; no field observation, no geologist review"
3435,1786,422000.0,4165000.0,6063.8,0.999487,0.357085,0.642402,0.342541,1,19.9,8.4496,0.000321,-28.5145,2.5711,0.8307,0.8898,0.008254,44.8,865.2565,"Buried or cover-hidden fault (the brief's A-only reading): a deep potential-field fabric step (upward-continued TMI and isostatic gravity gradient) beneath thick sedimentary cover, with no DEM scarp and no radiometric lineament, i.e. structure that does not reach the surface and so is missing from a surface-mapped catalogue. HYPOTHESIS, not verified geology.","Non-fault basin-fill density boundary or volcanic lithologic contact; buried palaeo-channel or alluvial-fan margin; road/erosion lineament (the brief's B-only artifact reading, excluded here by the B-abstain gate but not eliminated); upward-continued flight-line artefact of the airborne survey.","Independent evidence of offset at this location: a displaced contact or marker bed, deflected or offset drainage, a facies termination, a published structural interpretation, or field observation. None is claimed here.","MEASURED CONTEXT + TEMPLATE HYPOTHESIS; no field observation, no geologist review"
3435,1790,422400.0,4165000.0,6453.7,0.998632,0.467726,0.530905,0.384108,1,29.2,10.3478,0.000607,-28.3163,2.7437,0.685,0.9213,0.007786,44.8,865.246,"Buried or cover-hidden fault (the brief's A-only reading): a deep potential-field fabric step (upward-continued TMI and isostatic gravity gradient) beneath thick sedimentary cover, with no DEM scarp and no radiometric lineament, i.e. structure that does not reach the surface and so is missing from a surface-mapped catalogue. HYPOTHESIS, not verified geology.","Non-fault basin-fill density boundary or volcanic lithologic contact; buried palaeo-channel or alluvial-fan margin; road/erosion lineament (the brief's B-only artifact reading, excluded here by the B-abstain gate but not eliminated); upward-continued flight-line artefact of the airborne survey.","Independent evidence of offset at this location: a displaced contact or marker bed, deflected or offset drainage, a facies termination, a published structural interpretation, or field observation. None is claimed here.","MEASURED CONTEXT + TEMPLATE HYPOTHESIS; no field observation, no geologist review"
3436,1781,421500.0,4164900.0,5554.3,0.999184,0.486932,0.512252,0.282396,1,11.2,15.7375,0.000165,-28.5027,2.3668,1.0,0.6929,0.007668,46.9685,874.1384,"Buried or cover-hidden fault (the brief's A-only reading): a deep potential-field fabric step (upward-continued TMI and isostatic gravity gradient) beneath thick sedimentary cover, with no DEM scarp and no radiometric lineament, i.e. structure that does not reach the surface and so is missing from a surface-mapped catalogue. HYPOTHESIS, not verified geology.","Non-fault basin-fill density boundary or volcanic lithologic contact; buried palaeo-channel or alluvial-fan margin; road/erosion lineament (the brief's B-only artifact reading, excluded here by the B-abstain gate but not eliminated); upward-continued flight-line artefact of the airborne survey.","Independent evidence of offset at this location: a displaced contact or marker bed, deflected or offset drainage, a facies termination, a published structural interpretation, or field observation. None is claimed here.","MEASURED CONTEXT + TEMPLATE HYPOTHESIS; no field observation, no geologist review"
3489,1819,425300.0,4159600.0,8935.9,0.959765,0.460608,0.499157,0.096563,1,1.4,6.5572,0.000513,-29.3853,2.8025,0.874,0.7677,0.006016,40.2,944.0448,"Buried or cover-hidden fault (the brief's A-only reading): a deep potential-field fabric step (upward-continued TMI and isostatic gravity gradient) beneath thick sedimentary cover, with no DEM scarp and no radiometric lineament, i.e. structure that does not reach the surface and so is missing from a surface-mapped catalogue. HYPOTHESIS, not verified geology.","Non-fault basin-fill density boundary or volcanic lithologic contact; buried palaeo-channel or alluvial-fan margin; road/erosion lineament (the brief's B-only artifact reading, excluded here by the B-abstain gate but not eliminated); upward-continued flight-line artefact of the airborne survey.","Independent evidence of offset at this location: a displaced contact or marker bed, deflected or offset drainage, a facies termination, a published structural interpretation, or field observation. None is claimed here.","MEASURED CONTEXT + TEMPLATE HYPOTHESIS; no field observation, no geologist review"
3491,1813,424700.0,4159400.0,8321.7,0.953803,0.424266,0.529537,0.109425,1,1.6,24.2959,0.000387,-29.2335,2.8025,0.8228,0.815,0.009133,40.2,1007.8,"Buried or cover-hidden fault (the brief's A-only reading): a deep potential-field fabric step (upward-continued TMI and isostatic gravity gradient) beneath thick sedimentary cover, with no DEM scarp and no radiometric lineament, i.e. structure that does not reach the surface and so is missing from a surface-mapped catalogue. HYPOTHESIS, not verified geology.","Non-fault basin-fill density boundary or volcanic lithologic contact; buried palaeo-channel or alluvial-fan margin; road/erosion lineament (the brief's B-only artifact reading, excluded here by the B-abstain gate but not eliminated); upward-continued flight-line artefact of the airborne survey.","Independent evidence of offset at this location: a displaced contact or marker bed, deflected or offset drainage, a facies termination, a published structural interpretation, or field observation. None is claimed here.","MEASURED CONTEXT + TEMPLATE HYPOTHESIS; no field observation, no geologist review"
3506,1859,429300.0,4157900.0,8793.2,0.956992,0.586189,0.370802,0.108065,1,1.6,11.7184,0.001512,-28.4243,2.8272,0.8701,0.748,0.017808,37.9335,924.8542,"Buried or cover-hidden fault (the brief's A-only reading): a deep potential-field fabric step (upward-continued TMI and isostatic gravity gradient) beneath thick sedimentary cover, with no DEM scarp and no radiometric lineament, i.e. structure that does not reach the surface and so is missing from a surface-mapped catalogue. HYPOTHESIS, not verified geology.","Non-fault basin-fill density boundary or volcanic lithologic contact; buried palaeo-channel or alluvial-fan margin; road/erosion lineament (the brief's B-only artifact reading, excluded here by the B-abstain gate but not eliminated); upward-continued flight-line artefact of the airborne survey.","Independent evidence of offset at this location: a displaced contact or marker bed, deflected or offset drainage, a facies termination, a published structural interpretation, or field observation. None is claimed here.","MEASURED CONTEXT + TEMPLATE HYPOTHESIS; no field observation, no geologist review"
3508,1856,429000.0,4157700.0,9139.5,0.967796,0.493061,0.474735,0.149774,1,2.8,20.3409,0.001273,-28.9279,2.9496,0.7795,0.7008,0.008556,37.7,922.7737,"Buried or cover-hidden fault (the brief's A-only reading): a deep potential-field fabric step (upward-continued TMI and isostatic gravity gradient) beneath thick sedimentary cover, with no DEM scarp and no radiometric lineament, i.e. structure that does not reach the surface and so is missing from a surface-mapped catalogue. HYPOTHESIS, not verified geology.","Non-fault basin-fill density boundary or volcanic lithologic contact; buried palaeo-channel or alluvial-fan margin; road/erosion lineament (the brief's B-only artifact reading, excluded here by the B-abstain gate but not eliminated); upward-continued flight-line artefact of the airborne survey.","Independent evidence of offset at this location: a displaced contact or marker bed, deflected or offset drainage, a facies termination, a published structural interpretation, or field observation. None is claimed here.","MEASURED CONTEXT + TEMPLATE HYPOTHESIS; no field observation, no geologist review"
3508,1865,429900.0,4157700.0,8287.3,0.992339,0.488819,0.50352,0.083392,1,1.1,9.775,0.001706,-27.7408,2.7037,0.7795,0.7913,0.019968,37.3,925.5,"Buried or cover-hidden fault (the brief's A-only reading): a deep potential-field fabric step (upward-continued TMI and isostatic gravity gradient) beneath thick sedimentary cover, with no DEM scarp and no radiometric lineament, i.e. structure that does not reach the surface and so is missing from a surface-mapped catalogue. HYPOTHESIS, not verified geology.","Non-fault basin-fill density boundary or volcanic lithologic contact; buried palaeo-channel or alluvial-fan margin; road/erosion lineament (the brief's B-only artifact reading, excluded here by the B-abstain gate but not eliminated); upward-continued flight-line artefact of the airborne survey.","Independent evidence of offset at this location: a displaced contact or marker bed, deflected or offset drainage, a facies termination, a published structural interpretation, or field observation. None is claimed here.","MEASURED CONTEXT + TEMPLATE HYPOTHESIS; no field observation, no geologist review"
3511,1878,431200.0,4157400.0,7201.4,0.966513,0.432027,0.534485,0.149684,1,2.8,22.0503,0.002046,-26.0177,2.7037,0.7402,0.6614,0.013347,37.3,904.3316,"Buried or cover-hidden fault (the brief's A-only reading): a deep potential-field fabric step (upward-continued TMI and isostatic gravity gradient) beneath thick sedimentary cover, with no DEM scarp and no radiometric lineament, i.e. structure that does not reach the surface and so is missing from a surface-mapped catalogue. HYPOTHESIS, not verified geology.","Non-fault basin-fill density boundary or volcanic lithologic contact; buried palaeo-channel or alluvial-fan margin; road/erosion lineament (the brief's B-only artifact reading, excluded here by the B-abstain gate but not eliminated); upward-continued flight-line artefact of the airborne survey.","Independent evidence of offset at this location: a displaced contact or marker bed, deflected or offset drainage, a facies termination, a published structural interpretation, or field observation. None is claimed here.","MEASURED CONTEXT + TEMPLATE HYPOTHESIS; no field observation, no geologist review"
3629,1915,434900.0,4145600.0,5115.7,0.991635,0.637532,0.354103,0.203024,1,5.1,8.6108,0.001401,-22.4028,2.7698,0.6693,0.6457,0.032876,37.7,1288.5,"Buried or cover-hidden fault (the brief's A-only reading): a deep potential-field fabric step (upward-continued TMI and isostatic gravity gradient) beneath thick sedimentary cover, with no DEM scarp and no radiometric lineament, i.e. structure that does not reach the surface and so is missing from a surface-mapped catalogue. HYPOTHESIS, not verified geology.","Non-fault basin-fill density boundary or volcanic lithologic contact; buried palaeo-channel or alluvial-fan margin; road/erosion lineament (the brief's B-only artifact reading, excluded here by the B-abstain gate but not eliminated); upward-continued flight-line artefact of the airborne survey.","Independent evidence of offset at this location: a displaced contact or marker bed, deflected or offset drainage, a facies termination, a published structural interpretation, or field observation. None is claimed here.","MEASURED CONTEXT + TEMPLATE HYPOTHESIS; no field observation, no geologist review"
3633,1921,435500.0,4145200.0,5700.0,0.994527,0.593247,0.40128,0.207837,1,5.3,15.7813,0.001579,-22.7063,2.7698,0.6496,0.5591,0.019884,37.651,1327.3915,"Buried or cover-hidden fault (the brief's A-only reading): a deep potential-field fabric step (upward-continued TMI and isostatic gravity gradient) beneath thick sedimentary cover, with no DEM scarp and no radiometric lineament, i.e. structure that does not reach the surface and so is missing from a surface-mapped catalogue. HYPOTHESIS, not verified geology.","Non-fault basin-fill density boundary or volcanic lithologic contact; buried palaeo-channel or alluvial-fan margin; road/erosion lineament (the brief's B-only artifact reading, excluded here by the B-abstain gate but not eliminated); upward-continued flight-line artefact of the airborne survey.","Independent evidence of offset at this location: a displaced contact or marker bed, deflected or offset drainage, a facies termination, a published structural interpretation, or field observation. None is claimed here.","MEASURED CONTEXT + TEMPLATE HYPOTHESIS; no field observation, no geologist review"
3633,1924,435800.0,4145200.0,6000.0,0.992715,0.630396,0.362319,0.220057,1,6.0,10.2777,0.001576,-22.6428,2.7383,0.5748,0.5669,0.013384,37.3538,1360.793,"Buried or cover-hidden fault (the brief's A-only reading): a deep potential-field fabric step (upward-continued TMI and isostatic gravity gradient) beneath thick sedimentary cover, with no DEM scarp and no radiometric lineament, i.e. structure that does not reach the surface and so is missing from a surface-mapped catalogue. HYPOTHESIS, not verified geology.","Non-fault basin-fill density boundary or volcanic lithologic contact; buried palaeo-channel or alluvial-fan margin; road/erosion lineament (the brief's B-only artifact reading, excluded here by the B-abstain gate but not eliminated); upward-continued flight-line artefact of the airborne survey.","Independent evidence of offset at this location: a displaced contact or marker bed, deflected or offset drainage, a facies termination, a published structural interpretation, or field observation. None is claimed here.","MEASURED CONTEXT + TEMPLATE HYPOTHESIS; no field observation, no geologist review"
3637,1922,435600.0,4144800.0,5800.0,0.996101,0.609825,0.386276,0.19077,1,4.4,10.2738,0.001703,-23.3632,2.7717,0.5,0.5197,0.016893,37.552,1413.728,"Buried or cover-hidden fault (the brief's A-only reading): a deep potential-field fabric step (upward-continued TMI and isostatic gravity gradient) beneath thick sedimentary cover, with no DEM scarp and no radiometric lineament, i.e. structure that does not reach the surface and so is missing from a surface-mapped catalogue. HYPOTHESIS, not verified geology.","Non-fault basin-fill density boundary or volcanic lithologic contact; buried palaeo-channel or alluvial-fan margin; road/erosion lineament (the brief's B-only artifact reading, excluded here by the B-abstain gate but not eliminated); upward-continued flight-line artefact of the airborne survey.","Independent evidence of offset at this location: a displaced contact or marker bed, deflected or offset drainage, a facies termination, a published structural interpretation, or field observation. None is claimed here.","MEASURED CONTEXT + TEMPLATE HYPOTHESIS; no field observation, no geologist review"
3639,1932,436600.0,4144600.0,6800.0,0.985755,0.578319,0.407436,0.205113,1,5.2,19.1622,0.001706,-23.5876,2.6175,0.5276,0.2913,0.015063,37.2,1463.5,"Buried or cover-hidden fault (the brief's A-only reading): a deep potential-field fabric step (upward-continued TMI and isostatic gravity gradient) beneath thick sedimentary cover, with no DEM scarp and no radiometric lineament, i.e. structure that does not reach the surface and so is missing from a surface-mapped catalogue. HYPOTHESIS, not verified geology.","Non-fault basin-fill density boundary or volcanic lithologic contact; buried palaeo-channel or alluvial-fan margin; road/erosion lineament (the brief's B-only artifact reading, excluded here by the B-abstain gate but not eliminated); upward-continued flight-line artefact of the airborne survey.","Independent evidence of offset at this location: a displaced contact or marker bed, deflected or offset drainage, a facies termination, a published structural interpretation, or field observation. None is claimed here.","MEASURED CONTEXT + TEMPLATE HYPOTHESIS; no field observation, no geologist review"
3640,1921,435500.0,4144500.0,5700.9,0.996101,0.526017,0.470084,0.168084,1,3.4,5.4514,0.001743,-23.8912,2.7731,0.5276,0.4843,0.021435,37.6511,1399.7161,"Buried or cover-hidden fault (the brief's A-only reading): a deep potential-field fabric step (upward-continued TMI and isostatic gravity gradient) beneath thick sedimentary cover, with no DEM scarp and no radiometric lineament, i.e. structure that does not reach the surface and so is missing from a surface-mapped catalogue. HYPOTHESIS, not verified geology.","Non-fault basin-fill density boundary or volcanic lithologic contact; buried palaeo-channel or alluvial-fan margin; road/erosion lineament (the brief's B-only artifact reading, excluded here by the B-abstain gate but not eliminated); upward-continued flight-line artefact of the airborne survey.","Independent evidence of offset at this location: a displaced contact or marker bed, deflected or offset drainage, a facies termination, a published structural interpretation, or field observation. None is claimed here.","MEASURED CONTEXT + TEMPLATE HYPOTHESIS; no field observation, no geologist review"
3643,1931,436500.0,4144200.0,6711.9,0.994469,0.56929,0.425179,0.181613,1,4.0,23.388,0.001738,-24.276,2.6689,0.3858,0.3425,0.024329,37.5739,1463.5,"Buried or cover-hidden fault (the brief's A-only reading): a deep potential-field fabric step (upward-continued TMI and isostatic gravity gradient) beneath thick sedimentary cover, with no DEM scarp and no radiometric lineament, i.e. structure that does not reach the surface and so is missing from a surface-mapped catalogue. HYPOTHESIS, not verified geology.","Non-fault basin-fill density boundary or volcanic lithologic contact; buried palaeo-channel or alluvial-fan margin; road/erosion lineament (the brief's B-only artifact reading, excluded here by the B-abstain gate but not eliminated); upward-continued flight-line artefact of the airborne survey.","Independent evidence of offset at this location: a displaced contact or marker bed, deflected or offset drainage, a facies termination, a published structural interpretation, or field observation. None is claimed here.","MEASURED CONTEXT + TEMPLATE HYPOTHESIS; no field observation, no geologist review"
3647,1925,435900.0,4143800.0,6152.2,0.979256,0.630657,0.348599,0.158001,1,3.1,16.2762,0.001777,-25.054,2.7444,0.5118,0.4921,0.0577,38.3329,1455.7412,"Buried or cover-hidden fault (the brief's A-only reading): a deep potential-field fabric step (upward-continued TMI and isostatic gravity gradient) beneath thick sedimentary cover, with no DEM scarp and no radiometric lineament, i.e. structure that does not reach the surface and so is missing from a surface-mapped catalogue. HYPOTHESIS, not verified geology.","Non-fault basin-fill density boundary or volcanic lithologic contact; buried palaeo-channel or alluvial-fan margin; road/erosion lineament (the brief's B-only artifact reading, excluded here by the B-abstain gate but not eliminated); upward-continued flight-line artefact of the airborne survey.","Independent evidence of offset at this location: a displaced contact or marker bed, deflected or offset drainage, a facies termination, a published structural interpretation, or field observation. None is claimed here.","MEASURED CONTEXT + TEMPLATE HYPOTHESIS; no field observation, no geologist review"
3648,1940,437400.0,4143700.0,7647.9,0.980555,0.634644,0.345911,0.191691,1,4.5,14.3701,0.001602,-25.111,2.6475,0.563,0.5748,0.049467,38.3,1463.5,"Buried or cover-hidden fault (the brief's A-only reading): a deep potential-field fabric step (upward-continued TMI and isostatic gravity gradient) beneath thick sedimentary cover, with no DEM scarp and no radiometric lineament, i.e. structure that does not reach the surface and so is missing from a surface-mapped catalogue. HYPOTHESIS, not verified geology.","Non-fault basin-fill density boundary or volcanic lithologic contact; buried palaeo-channel or alluvial-fan margin; road/erosion lineament (the brief's B-only artifact reading, excluded here by the B-abstain gate but not eliminated); upward-continued flight-line artefact of the airborne survey.","Independent evidence of offset at this location: a displaced contact or marker bed, deflected or offset drainage, a facies termination, a published structural interpretation, or field observation. None is claimed here.","MEASURED CONTEXT + TEMPLATE HYPOTHESIS; no field observation, no geologist review"
3658,1943,437700.0,4142700.0,7527.3,0.952331,0.646865,0.305466,0.21325,1,5.6,9.1835,0.001286,-26.5304,2.6475,0.4685,0.4882,0.011123,37.9804,1676.7181,"Buried or cover-hidden fault (the brief's A-only reading): a deep potential-field fabric step (upward-continued TMI and isostatic gravity gradient) beneath thick sedimentary cover, with no DEM scarp and no radiometric lineament, i.e. structure that does not reach the surface and so is missing from a surface-mapped catalogue. HYPOTHESIS, not verified geology.","Non-fault basin-fill density boundary or volcanic lithologic contact; buried palaeo-channel or alluvial-fan margin; road/erosion lineament (the brief's B-only artifact reading, excluded here by the B-abstain gate but not eliminated); upward-continued flight-line artefact of the airborne survey.","Independent evidence of offset at this location: a displaced contact or marker bed, deflected or offset drainage, a facies termination, a published structural interpretation, or field observation. None is claimed here.","MEASURED CONTEXT + TEMPLATE HYPOTHESIS; no field observation, no geologist review"
3677,1921,435500.0,4140800.0,4936.6,0.965681,0.396717,0.568965,0.139088,1,2.4,8.8148,0.000945,-29.3324,2.7745,0.7638,0.6969,0.022846,39.9223,1694.3047,"Buried or cover-hidden fault (the brief's A-only reading): a deep potential-field fabric step (upward-continued TMI and isostatic gravity gradient) beneath thick sedimentary cover, with no DEM scarp and no radiometric lineament, i.e. structure that does not reach the surface and so is missing from a surface-mapped catalogue. HYPOTHESIS, not verified geology.","Non-fault basin-fill density boundary or volcanic lithologic contact; buried palaeo-channel or alluvial-fan margin; road/erosion lineament (the brief's B-only artifact reading, excluded here by the B-abstain gate but not eliminated); upward-continued flight-line artefact of the airborne survey.","Independent evidence of offset at this location: a displaced contact or marker bed, deflected or offset drainage, a facies termination, a published structural interpretation, or field observation. None is claimed here.","MEASURED CONTEXT + TEMPLATE HYPOTHESIS; no field observation, no geologist review"
3681,1910,434400.0,4140400.0,3805.3,0.961082,0.354433,0.606648,0.117205,1,1.8,21.4052,0.001362,-28.2857,2.7745,0.622,0.6535,0.017044,40.0122,1689.3,"Buried or cover-hidden fault (the brief's A-only reading): a deep potential-field fabric step (upward-continued TMI and isostatic gravity gradient) beneath thick sedimentary cover, with no DEM scarp and no radiometric lineament, i.e. structure that does not reach the surface and so is missing from a surface-mapped catalogue. HYPOTHESIS, not verified geology.","Non-fault basin-fill density boundary or volcanic lithologic contact; buried palaeo-channel or alluvial-fan margin; road/erosion lineament (the brief's B-only artifact reading, excluded here by the B-abstain gate but not eliminated); upward-continued flight-line artefact of the airborne survey.","Independent evidence of offset at this location: a displaced contact or marker bed, deflected or offset drainage, a facies termination, a published structural interpretation, or field observation. None is claimed here.","MEASURED CONTEXT + TEMPLATE HYPOTHESIS; no field observation, no geologist review"
3688,1916,435000.0,4139700.0,4404.5,0.991489,0.44829,0.543199,0.096495,1,1.4,12.7977,0.001968,-28.2744,2.7745,0.6142,0.5315,0.031229,40.7,1689.3,"Buried or cover-hidden fault (the brief's A-only reading): a deep potential-field fabric step (upward-continued TMI and isostatic gravity gradient) beneath thick sedimentary cover, with no DEM scarp and no radiometric lineament, i.e. structure that does not reach the surface and so is missing from a surface-mapped catalogue. HYPOTHESIS, not verified geology.","Non-fault basin-fill density boundary or volcanic lithologic contact; buried palaeo-channel or alluvial-fan margin; road/erosion lineament (the brief's B-only artifact reading, excluded here by the B-abstain gate but not eliminated); upward-continued flight-line artefact of the airborne survey.","Independent evidence of offset at this location: a displaced contact or marker bed, deflected or offset drainage, a facies termination, a published structural interpretation, or field observation. None is claimed here.","MEASURED CONTEXT + TEMPLATE HYPOTHESIS; no field observation, no geologist review"
3691,1908,434200.0,4139400.0,3634.6,0.970475,0.513578,0.456898,0.08144,1,1.1,19.4744,0.002435,-26.5552,2.7745,0.5197,0.5276,0.017727,40.7,1689.3,"Buried or cover-hidden fault (the brief's A-only reading): a deep potential-field fabric step (upward-continued TMI and isostatic gravity gradient) beneath thick sedimentary cover, with no DEM scarp and no radiometric lineament, i.e. structure that does not reach the surface and so is missing from a surface-mapped catalogue. HYPOTHESIS, not verified geology.","Non-fault basin-fill density boundary or volcanic lithologic contact; buried palaeo-channel or alluvial-fan margin; road/erosion lineament (the brief's B-only artifact reading, excluded here by the B-abstain gate but not eliminated); upward-continued flight-line artefact of the airborne survey.","Independent evidence of offset at this location: a displaced contact or marker bed, deflected or offset drainage, a facies termination, a published structural interpretation, or field observation. None is claimed here.","MEASURED CONTEXT + TEMPLATE HYPOTHESIS; no field observation, no geologist review"
