row,col,easting_m,northing_m,distance_to_mapped_trace_m,view_A2_operating_rank,view_B_operating_rank,disagreement_rank_diff,strict_A2_only,strain_second_invariant,strain_shear_rate,strain_dilatation_rate,eq_distance_kernel,eq_density_kernel,cover_depth_to_base_m,dem_slope,isostatic_grav_anom,rad_ThK_rank,rad_K_rank,geological_hypothesis,named_non_fault_mimic,falsifier,evidence_class
38,1162,359600.0,4504700.0,7433.0,0.970314,0.492739,0.477576,1,7.2,2.2,4.6,187.1,279.3,132.8,7.9954,-1.427,0.622,0.5551,"Buried or cover-hidden ACTIVE fault (H72-A): the deformation-only view is confident (geodetic second invariant / shear / dilatation gradients and their coherence, earthquake-density kernel edge) while the surface view abstains (no DEM scarp, no slope lineament, no radiometric lineament) -- consistent with a young blind fault straining and micro-seismic beneath cover. HYPOTHESIS, not verified geology.",Anthropogenic subsidence from groundwater withdrawal; irrigation-related aquifer compaction; volcanic inflation or deflation (magma movement without discrete faulting); post-seismic afterslip or viscoelastic relaxation; seasonal hydrological loading; a strain transient on a creeping (aseismic) fault segment.,"Independent evidence of discrete offset: a displaced contact or marker bed, deflected or offset drainage, a facies termination, a fault-plane solution aligned with the lineament, a published structural interpretation, or field observation. None is claimed here.","MEASURED CONTEXT + TEMPLATE HYPOTHESIS; no field observation, no geologist review"
41,1159,359300.0,4504400.0,7060.5,0.983621,0.604588,0.379033,1,7.2582,2.2388,4.6388,187.3947,279.3,114.5,3.4723,-1.6044,0.626,0.5039,"Buried or cover-hidden ACTIVE fault (H72-A): the deformation-only view is confident (geodetic second invariant / shear / dilatation gradients and their coherence, earthquake-density kernel edge) while the surface view abstains (no DEM scarp, no slope lineament, no radiometric lineament) -- consistent with a young blind fault straining and micro-seismic beneath cover. HYPOTHESIS, not verified geology.",Anthropogenic subsidence from groundwater withdrawal; irrigation-related aquifer compaction; volcanic inflation or deflation (magma movement without discrete faulting); post-seismic afterslip or viscoelastic relaxation; seasonal hydrological loading; a strain transient on a creeping (aseismic) fault segment.,"Independent evidence of discrete offset: a displaced contact or marker bed, deflected or offset drainage, a facies termination, a fault-plane solution aligned with the lineament, a published structural interpretation, or field observation. None is claimed here.","MEASURED CONTEXT + TEMPLATE HYPOTHESIS; no field observation, no geologist review"
41,1307,374100.0,4504400.0,5821.5,0.965481,0.482266,0.483215,1,5.8054,1.6027,4.0027,141.7,252.6,19.7,23.2865,-1.6389,0.6457,0.3543,"Buried or cover-hidden ACTIVE fault (H72-A): the deformation-only view is confident (geodetic second invariant / shear / dilatation gradients and their coherence, earthquake-density kernel edge) while the surface view abstains (no DEM scarp, no slope lineament, no radiometric lineament) -- consistent with a young blind fault straining and micro-seismic beneath cover. HYPOTHESIS, not verified geology.",Anthropogenic subsidence from groundwater withdrawal; irrigation-related aquifer compaction; volcanic inflation or deflation (magma movement without discrete faulting); post-seismic afterslip or viscoelastic relaxation; seasonal hydrological loading; a strain transient on a creeping (aseismic) fault segment.,"Independent evidence of discrete offset: a displaced contact or marker bed, deflected or offset drainage, a facies termination, a fault-plane solution aligned with the lineament, a published structural interpretation, or field observation. None is claimed here.","MEASURED CONTEXT + TEMPLATE HYPOTHESIS; no field observation, no geologist review"
42,1274,370800.0,4504300.0,6527.6,0.966712,0.532529,0.434183,1,6.1717,1.7239,4.2239,149.1,246.1953,29.7,14.7904,-3.6007,0.685,0.2402,"Buried or cover-hidden ACTIVE fault (H72-A): the deformation-only view is confident (geodetic second invariant / shear / dilatation gradients and their coherence, earthquake-density kernel edge) while the surface view abstains (no DEM scarp, no slope lineament, no radiometric lineament) -- consistent with a young blind fault straining and micro-seismic beneath cover. HYPOTHESIS, not verified geology.",Anthropogenic subsidence from groundwater withdrawal; irrigation-related aquifer compaction; volcanic inflation or deflation (magma movement without discrete faulting); post-seismic afterslip or viscoelastic relaxation; seasonal hydrological loading; a strain transient on a creeping (aseismic) fault segment.,"Independent evidence of discrete offset: a displaced contact or marker bed, deflected or offset drainage, a facies termination, a fault-plane solution aligned with the lineament, a published structural interpretation, or field observation. None is claimed here.","MEASURED CONTEXT + TEMPLATE HYPOTHESIS; no field observation, no geologist review"
58,1578,401200.0,4502700.0,2202.3,0.954399,0.369921,0.584477,1,3.3,0.8,2.4,181.7,274.6213,718.2,0.6708,-2.9601,0.6299,0.6142,"Buried or cover-hidden ACTIVE fault (H72-A): the deformation-only view is confident (geodetic second invariant / shear / dilatation gradients and their coherence, earthquake-density kernel edge) while the surface view abstains (no DEM scarp, no slope lineament, no radiometric lineament) -- consistent with a young blind fault straining and micro-seismic beneath cover. HYPOTHESIS, not verified geology.",Anthropogenic subsidence from groundwater withdrawal; irrigation-related aquifer compaction; volcanic inflation or deflation (magma movement without discrete faulting); post-seismic afterslip or viscoelastic relaxation; seasonal hydrological loading; a strain transient on a creeping (aseismic) fault segment.,"Independent evidence of discrete offset: a displaced contact or marker bed, deflected or offset drainage, a facies termination, a fault-plane solution aligned with the lineament, a published structural interpretation, or field observation. None is claimed here.","MEASURED CONTEXT + TEMPLATE HYPOTHESIS; no field observation, no geologist review"
60,1186,362000.0,4502500.0,6720.9,0.963126,0.539752,0.423374,1,7.1,2.2,4.6,191.0,263.0,246.4,1.1604,-6.311,0.7835,0.4921,"Buried or cover-hidden ACTIVE fault (H72-A): the deformation-only view is confident (geodetic second invariant / shear / dilatation gradients and their coherence, earthquake-density kernel edge) while the surface view abstains (no DEM scarp, no slope lineament, no radiometric lineament) -- consistent with a young blind fault straining and micro-seismic beneath cover. HYPOTHESIS, not verified geology.",Anthropogenic subsidence from groundwater withdrawal; irrigation-related aquifer compaction; volcanic inflation or deflation (magma movement without discrete faulting); post-seismic afterslip or viscoelastic relaxation; seasonal hydrological loading; a strain transient on a creeping (aseismic) fault segment.,"Independent evidence of discrete offset: a displaced contact or marker bed, deflected or offset drainage, a facies termination, a fault-plane solution aligned with the lineament, a published structural interpretation, or field observation. None is claimed here.","MEASURED CONTEXT + TEMPLATE HYPOTHESIS; no field observation, no geologist review"
60,1189,362300.0,4502500.0,6929.6,0.97087,0.597499,0.373371,1,7.1,2.2,4.6,191.0,263.0,280.5,1.3036,-6.8724,0.7362,0.3976,"Buried or cover-hidden ACTIVE fault (H72-A): the deformation-only view is confident (geodetic second invariant / shear / dilatation gradients and their coherence, earthquake-density kernel edge) while the surface view abstains (no DEM scarp, no slope lineament, no radiometric lineament) -- consistent with a young blind fault straining and micro-seismic beneath cover. HYPOTHESIS, not verified geology.",Anthropogenic subsidence from groundwater withdrawal; irrigation-related aquifer compaction; volcanic inflation or deflation (magma movement without discrete faulting); post-seismic afterslip or viscoelastic relaxation; seasonal hydrological loading; a strain transient on a creeping (aseismic) fault segment.,"Independent evidence of discrete offset: a displaced contact or marker bed, deflected or offset drainage, a facies termination, a fault-plane solution aligned with the lineament, a published structural interpretation, or field observation. None is claimed here.","MEASURED CONTEXT + TEMPLATE HYPOTHESIS; no field observation, no geologist review"
61,1583,401700.0,4502400.0,1664.3,0.978198,0.447909,0.530289,1,3.1188,0.7094,2.3094,181.7,275.0,809.6,0.1553,-5.666,0.5709,0.5433,"Buried or cover-hidden ACTIVE fault (H72-A): the deformation-only view is confident (geodetic second invariant / shear / dilatation gradients and their coherence, earthquake-density kernel edge) while the surface view abstains (no DEM scarp, no slope lineament, no radiometric lineament) -- consistent with a young blind fault straining and micro-seismic beneath cover. HYPOTHESIS, not verified geology.",Anthropogenic subsidence from groundwater withdrawal; irrigation-related aquifer compaction; volcanic inflation or deflation (magma movement without discrete faulting); post-seismic afterslip or viscoelastic relaxation; seasonal hydrological loading; a strain transient on a creeping (aseismic) fault segment.,"Independent evidence of discrete offset: a displaced contact or marker bed, deflected or offset drainage, a facies termination, a fault-plane solution aligned with the lineament, a published structural interpretation, or field observation. None is claimed here.","MEASURED CONTEXT + TEMPLATE HYPOTHESIS; no field observation, no geologist review"
64,1524,395800.0,4502100.0,5303.8,0.97392,0.360763,0.613157,1,3.8606,0.9,2.8606,184.8,286.7,469.4,0.1117,-5.0485,0.5039,0.685,"Buried or cover-hidden ACTIVE fault (H72-A): the deformation-only view is confident (geodetic second invariant / shear / dilatation gradients and their coherence, earthquake-density kernel edge) while the surface view abstains (no DEM scarp, no slope lineament, no radiometric lineament) -- consistent with a young blind fault straining and micro-seismic beneath cover. HYPOTHESIS, not verified geology.",Anthropogenic subsidence from groundwater withdrawal; irrigation-related aquifer compaction; volcanic inflation or deflation (magma movement without discrete faulting); post-seismic afterslip or viscoelastic relaxation; seasonal hydrological loading; a strain transient on a creeping (aseismic) fault segment.,"Independent evidence of discrete offset: a displaced contact or marker bed, deflected or offset drainage, a facies termination, a fault-plane solution aligned with the lineament, a published structural interpretation, or field observation. None is claimed here.","MEASURED CONTEXT + TEMPLATE HYPOTHESIS; no field observation, no geologist review"
65,1519,395300.0,4502000.0,5586.6,0.96047,0.586048,0.374422,1,4.0234,0.9788,2.9446,184.8,286.7,490.1,0.2088,-5.5884,0.6102,0.6142,"Buried or cover-hidden ACTIVE fault (H72-A): the deformation-only view is confident (geodetic second invariant / shear / dilatation gradients and their coherence, earthquake-density kernel edge) while the surface view abstains (no DEM scarp, no slope lineament, no radiometric lineament) -- consistent with a young blind fault straining and micro-seismic beneath cover. HYPOTHESIS, not verified geology.",Anthropogenic subsidence from groundwater withdrawal; irrigation-related aquifer compaction; volcanic inflation or deflation (magma movement without discrete faulting); post-seismic afterslip or viscoelastic relaxation; seasonal hydrological loading; a strain transient on a creeping (aseismic) fault segment.,"Independent evidence of discrete offset: a displaced contact or marker bed, deflected or offset drainage, a facies termination, a fault-plane solution aligned with the lineament, a published structural interpretation, or field observation. None is claimed here.","MEASURED CONTEXT + TEMPLATE HYPOTHESIS; no field observation, no geologist review"
66,1579,401300.0,4501900.0,1562.0,0.995951,0.441257,0.554693,1,3.3769,0.7886,2.4882,181.7,275.0,694.4,0.1956,-4.1964,0.4567,0.5039,"Buried or cover-hidden ACTIVE fault (H72-A): the deformation-only view is confident (geodetic second invariant / shear / dilatation gradients and their coherence, earthquake-density kernel edge) while the surface view abstains (no DEM scarp, no slope lineament, no radiometric lineament) -- consistent with a young blind fault straining and micro-seismic beneath cover. HYPOTHESIS, not verified geology.",Anthropogenic subsidence from groundwater withdrawal; irrigation-related aquifer compaction; volcanic inflation or deflation (magma movement without discrete faulting); post-seismic afterslip or viscoelastic relaxation; seasonal hydrological loading; a strain transient on a creeping (aseismic) fault segment.,"Independent evidence of discrete offset: a displaced contact or marker bed, deflected or offset drainage, a facies termination, a fault-plane solution aligned with the lineament, a published structural interpretation, or field observation. None is claimed here.","MEASURED CONTEXT + TEMPLATE HYPOTHESIS; no field observation, no geologist review"
67,1524,395800.0,4501800.0,5091.2,0.97392,0.602196,0.371724,1,3.9,0.9,2.9,184.8,286.7,511.7,0.1403,-5.6784,0.6063,0.6417,"Buried or cover-hidden ACTIVE fault (H72-A): the deformation-only view is confident (geodetic second invariant / shear / dilatation gradients and their coherence, earthquake-density kernel edge) while the surface view abstains (no DEM scarp, no slope lineament, no radiometric lineament) -- consistent with a young blind fault straining and micro-seismic beneath cover. HYPOTHESIS, not verified geology.",Anthropogenic subsidence from groundwater withdrawal; irrigation-related aquifer compaction; volcanic inflation or deflation (magma movement without discrete faulting); post-seismic afterslip or viscoelastic relaxation; seasonal hydrological loading; a strain transient on a creeping (aseismic) fault segment.,"Independent evidence of discrete offset: a displaced contact or marker bed, deflected or offset drainage, a facies termination, a fault-plane solution aligned with the lineament, a published structural interpretation, or field observation. None is claimed here.","MEASURED CONTEXT + TEMPLATE HYPOTHESIS; no field observation, no geologist review"
74,1559,399300.0,4501100.0,2729.5,0.964596,0.39458,0.570015,1,3.7409,0.8852,2.7557,183.0,270.6,386.6,0.2415,-0.1403,0.4173,0.626,"Buried or cover-hidden ACTIVE fault (H72-A): the deformation-only view is confident (geodetic second invariant / shear / dilatation gradients and their coherence, earthquake-density kernel edge) while the surface view abstains (no DEM scarp, no slope lineament, no radiometric lineament) -- consistent with a young blind fault straining and micro-seismic beneath cover. HYPOTHESIS, not verified geology.",Anthropogenic subsidence from groundwater withdrawal; irrigation-related aquifer compaction; volcanic inflation or deflation (magma movement without discrete faulting); post-seismic afterslip or viscoelastic relaxation; seasonal hydrological loading; a strain transient on a creeping (aseismic) fault segment.,"Independent evidence of discrete offset: a displaced contact or marker bed, deflected or offset drainage, a facies termination, a fault-plane solution aligned with the lineament, a published structural interpretation, or field observation. None is claimed here.","MEASURED CONTEXT + TEMPLATE HYPOTHESIS; no field observation, no geologist review"
78,1519,395300.0,4500700.0,4717.0,0.966471,0.489172,0.477299,1,4.0571,0.9785,2.9785,184.8,287.6,569.4,0.3645,-6.7379,0.6142,0.6496,"Buried or cover-hidden ACTIVE fault (H72-A): the deformation-only view is confident (geodetic second invariant / shear / dilatation gradients and their coherence, earthquake-density kernel edge) while the surface view abstains (no DEM scarp, no slope lineament, no radiometric lineament) -- consistent with a young blind fault straining and micro-seismic beneath cover. HYPOTHESIS, not verified geology.",Anthropogenic subsidence from groundwater withdrawal; irrigation-related aquifer compaction; volcanic inflation or deflation (magma movement without discrete faulting); post-seismic afterslip or viscoelastic relaxation; seasonal hydrological loading; a strain transient on a creeping (aseismic) fault segment.,"Independent evidence of discrete offset: a displaced contact or marker bed, deflected or offset drainage, a facies termination, a fault-plane solution aligned with the lineament, a published structural interpretation, or field observation. None is claimed here.","MEASURED CONTEXT + TEMPLATE HYPOTHESIS; no field observation, no geologist review"
78,1559,399300.0,4500700.0,2334.5,0.952971,0.493666,0.459305,1,3.7406,0.8852,2.7555,183.0,270.6,361.1,0.4565,0.0098,0.5315,0.4567,"Buried or cover-hidden ACTIVE fault (H72-A): the deformation-only view is confident (geodetic second invariant / shear / dilatation gradients and their coherence, earthquake-density kernel edge) while the surface view abstains (no DEM scarp, no slope lineament, no radiometric lineament) -- consistent with a young blind fault straining and micro-seismic beneath cover. HYPOTHESIS, not verified geology.",Anthropogenic subsidence from groundwater withdrawal; irrigation-related aquifer compaction; volcanic inflation or deflation (magma movement without discrete faulting); post-seismic afterslip or viscoelastic relaxation; seasonal hydrological loading; a strain transient on a creeping (aseismic) fault segment.,"Independent evidence of discrete offset: a displaced contact or marker bed, deflected or offset drainage, a facies termination, a fault-plane solution aligned with the lineament, a published structural interpretation, or field observation. None is claimed here.","MEASURED CONTEXT + TEMPLATE HYPOTHESIS; no field observation, no geologist review"
81,1519,395300.0,4500400.0,4465.4,0.966471,0.543554,0.422917,1,4.0615,0.9785,2.9822,184.8,287.6,557.8,0.2981,-6.3583,0.5787,0.6339,"Buried or cover-hidden ACTIVE fault (H72-A): the deformation-only view is confident (geodetic second invariant / shear / dilatation gradients and their coherence, earthquake-density kernel edge) while the surface view abstains (no DEM scarp, no slope lineament, no radiometric lineament) -- consistent with a young blind fault straining and micro-seismic beneath cover. HYPOTHESIS, not verified geology.",Anthropogenic subsidence from groundwater withdrawal; irrigation-related aquifer compaction; volcanic inflation or deflation (magma movement without discrete faulting); post-seismic afterslip or viscoelastic relaxation; seasonal hydrological loading; a strain transient on a creeping (aseismic) fault segment.,"Independent evidence of discrete offset: a displaced contact or marker bed, deflected or offset drainage, a facies termination, a fault-plane solution aligned with the lineament, a published structural interpretation, or field observation. None is claimed here.","MEASURED CONTEXT + TEMPLATE HYPOTHESIS; no field observation, no geologist review"
84,1522,395600.0,4500100.0,4049.7,0.970133,0.620716,0.349417,1,4.0541,0.9189,2.9831,184.8,287.6,532.3,0.1214,-5.4845,0.5669,0.626,"Buried or cover-hidden ACTIVE fault (H72-A): the deformation-only view is confident (geodetic second invariant / shear / dilatation gradients and their coherence, earthquake-density kernel edge) while the surface view abstains (no DEM scarp, no slope lineament, no radiometric lineament) -- consistent with a young blind fault straining and micro-seismic beneath cover. HYPOTHESIS, not verified geology.",Anthropogenic subsidence from groundwater withdrawal; irrigation-related aquifer compaction; volcanic inflation or deflation (magma movement without discrete faulting); post-seismic afterslip or viscoelastic relaxation; seasonal hydrological loading; a strain transient on a creeping (aseismic) fault segment.,"Independent evidence of discrete offset: a displaced contact or marker bed, deflected or offset drainage, a facies termination, a fault-plane solution aligned with the lineament, a published structural interpretation, or field observation. None is claimed here.","MEASURED CONTEXT + TEMPLATE HYPOTHESIS; no field observation, no geologist review"
101,1019,345300.0,4498400.0,1780.4,0.965532,0.409959,0.555572,1,9.9693,3.4231,6.0,787.0636,423.7,81.0,2.209,-3.199,0.563,0.7165,"Buried or cover-hidden ACTIVE fault (H72-A): the deformation-only view is confident (geodetic second invariant / shear / dilatation gradients and their coherence, earthquake-density kernel edge) while the surface view abstains (no DEM scarp, no slope lineament, no radiometric lineament) -- consistent with a young blind fault straining and micro-seismic beneath cover. HYPOTHESIS, not verified geology.",Anthropogenic subsidence from groundwater withdrawal; irrigation-related aquifer compaction; volcanic inflation or deflation (magma movement without discrete faulting); post-seismic afterslip or viscoelastic relaxation; seasonal hydrological loading; a strain transient on a creeping (aseismic) fault segment.,"Independent evidence of discrete offset: a displaced contact or marker bed, deflected or offset drainage, a facies termination, a fault-plane solution aligned with the lineament, a published structural interpretation, or field observation. None is claimed here.","MEASURED CONTEXT + TEMPLATE HYPOTHESIS; no field observation, no geologist review"
111,1399,383300.0,4497400.0,4420.4,0.961247,0.630891,0.330356,1,5.5161,1.458,3.958,248.7,273.3938,204.3,2.0719,-9.5268,0.5551,0.4449,"Buried or cover-hidden ACTIVE fault (H72-A): the deformation-only view is confident (geodetic second invariant / shear / dilatation gradients and their coherence, earthquake-density kernel edge) while the surface view abstains (no DEM scarp, no slope lineament, no radiometric lineament) -- consistent with a young blind fault straining and micro-seismic beneath cover. HYPOTHESIS, not verified geology.",Anthropogenic subsidence from groundwater withdrawal; irrigation-related aquifer compaction; volcanic inflation or deflation (magma movement without discrete faulting); post-seismic afterslip or viscoelastic relaxation; seasonal hydrological loading; a strain transient on a creeping (aseismic) fault segment.,"Independent evidence of discrete offset: a displaced contact or marker bed, deflected or offset drainage, a facies termination, a fault-plane solution aligned with the lineament, a published structural interpretation, or field observation. None is claimed here.","MEASURED CONTEXT + TEMPLATE HYPOTHESIS; no field observation, no geologist review"
125,1398,383200.0,4496000.0,3827.5,0.963958,0.635594,0.328364,1,5.6501,1.4776,4.0725,248.7,270.5,216.9,1.5549,-10.3519,0.6024,0.5551,"Buried or cover-hidden ACTIVE fault (H72-A): the deformation-only view is confident (geodetic second invariant / shear / dilatation gradients and their coherence, earthquake-density kernel edge) while the surface view abstains (no DEM scarp, no slope lineament, no radiometric lineament) -- consistent with a young blind fault straining and micro-seismic beneath cover. HYPOTHESIS, not verified geology.",Anthropogenic subsidence from groundwater withdrawal; irrigation-related aquifer compaction; volcanic inflation or deflation (magma movement without discrete faulting); post-seismic afterslip or viscoelastic relaxation; seasonal hydrological loading; a strain transient on a creeping (aseismic) fault segment.,"Independent evidence of discrete offset: a displaced contact or marker bed, deflected or offset drainage, a facies termination, a fault-plane solution aligned with the lineament, a published structural interpretation, or field observation. None is claimed here.","MEASURED CONTEXT + TEMPLATE HYPOTHESIS; no field observation, no geologist review"
125,1401,383500.0,4496000.0,3546.8,0.975376,0.375558,0.599818,1,5.531,1.4181,4.0129,248.7,270.5,254.2,1.2896,-11.9627,0.5197,0.4921,"Buried or cover-hidden ACTIVE fault (H72-A): the deformation-only view is confident (geodetic second invariant / shear / dilatation gradients and their coherence, earthquake-density kernel edge) while the surface view abstains (no DEM scarp, no slope lineament, no radiometric lineament) -- consistent with a young blind fault straining and micro-seismic beneath cover. HYPOTHESIS, not verified geology.",Anthropogenic subsidence from groundwater withdrawal; irrigation-related aquifer compaction; volcanic inflation or deflation (magma movement without discrete faulting); post-seismic afterslip or viscoelastic relaxation; seasonal hydrological loading; a strain transient on a creeping (aseismic) fault segment.,"Independent evidence of discrete offset: a displaced contact or marker bed, deflected or offset drainage, a facies termination, a fault-plane solution aligned with the lineament, a published structural interpretation, or field observation. None is claimed here.","MEASURED CONTEXT + TEMPLATE HYPOTHESIS; no field observation, no geologist review"
126,1951,438500.0,4495900.0,5813.8,0.955665,0.41406,0.541606,1,2.7,0.1,2.6,250.8,348.2,879.1,0.6532,-14.8888,0.5827,0.6417,"Buried or cover-hidden ACTIVE fault (H72-A): the deformation-only view is confident (geodetic second invariant / shear / dilatation gradients and their coherence, earthquake-density kernel edge) while the surface view abstains (no DEM scarp, no slope lineament, no radiometric lineament) -- consistent with a young blind fault straining and micro-seismic beneath cover. HYPOTHESIS, not verified geology.",Anthropogenic subsidence from groundwater withdrawal; irrigation-related aquifer compaction; volcanic inflation or deflation (magma movement without discrete faulting); post-seismic afterslip or viscoelastic relaxation; seasonal hydrological loading; a strain transient on a creeping (aseismic) fault segment.,"Independent evidence of discrete offset: a displaced contact or marker bed, deflected or offset drainage, a facies termination, a fault-plane solution aligned with the lineament, a published structural interpretation, or field observation. None is claimed here.","MEASURED CONTEXT + TEMPLATE HYPOTHESIS; no field observation, no geologist review"
135,1945,437900.0,4495000.0,6000.8,0.951203,0.351343,0.59986,1,2.7281,0.1281,2.6,250.8,344.2988,701.9,0.7178,-12.7175,0.6142,0.6063,"Buried or cover-hidden ACTIVE fault (H72-A): the deformation-only view is confident (geodetic second invariant / shear / dilatation gradients and their coherence, earthquake-density kernel edge) while the surface view abstains (no DEM scarp, no slope lineament, no radiometric lineament) -- consistent with a young blind fault straining and micro-seismic beneath cover. HYPOTHESIS, not verified geology.",Anthropogenic subsidence from groundwater withdrawal; irrigation-related aquifer compaction; volcanic inflation or deflation (magma movement without discrete faulting); post-seismic afterslip or viscoelastic relaxation; seasonal hydrological loading; a strain transient on a creeping (aseismic) fault segment.,"Independent evidence of discrete offset: a displaced contact or marker bed, deflected or offset drainage, a facies termination, a fault-plane solution aligned with the lineament, a published structural interpretation, or field observation. None is claimed here.","MEASURED CONTEXT + TEMPLATE HYPOTHESIS; no field observation, no geologist review"
139,1950,438400.0,4494600.0,5385.2,0.95007,0.441225,0.508845,1,2.7,0.1,2.6,250.8,343.9,717.7,0.5474,-13.6234,0.6732,0.626,"Buried or cover-hidden ACTIVE fault (H72-A): the deformation-only view is confident (geodetic second invariant / shear / dilatation gradients and their coherence, earthquake-density kernel edge) while the surface view abstains (no DEM scarp, no slope lineament, no radiometric lineament) -- consistent with a young blind fault straining and micro-seismic beneath cover. HYPOTHESIS, not verified geology.",Anthropogenic subsidence from groundwater withdrawal; irrigation-related aquifer compaction; volcanic inflation or deflation (magma movement without discrete faulting); post-seismic afterslip or viscoelastic relaxation; seasonal hydrological loading; a strain transient on a creeping (aseismic) fault segment.,"Independent evidence of discrete offset: a displaced contact or marker bed, deflected or offset drainage, a facies termination, a fault-plane solution aligned with the lineament, a published structural interpretation, or field observation. None is claimed here.","MEASURED CONTEXT + TEMPLATE HYPOTHESIS; no field observation, no geologist review"
140,1953,438700.0,4494500.0,5069.5,0.960597,0.375609,0.584988,1,2.7,0.1,2.6,255.7353,343.9,729.8,0.6699,-14.1894,0.6732,0.6811,"Buried or cover-hidden ACTIVE fault (H72-A): the deformation-only view is confident (geodetic second invariant / shear / dilatation gradients and their coherence, earthquake-density kernel edge) while the surface view abstains (no DEM scarp, no slope lineament, no radiometric lineament) -- consistent with a young blind fault straining and micro-seismic beneath cover. HYPOTHESIS, not verified geology.",Anthropogenic subsidence from groundwater withdrawal; irrigation-related aquifer compaction; volcanic inflation or deflation (magma movement without discrete faulting); post-seismic afterslip or viscoelastic relaxation; seasonal hydrological loading; a strain transient on a creeping (aseismic) fault segment.,"Independent evidence of discrete offset: a displaced contact or marker bed, deflected or offset drainage, a facies termination, a fault-plane solution aligned with the lineament, a published structural interpretation, or field observation. None is claimed here.","MEASURED CONTEXT + TEMPLATE HYPOTHESIS; no field observation, no geologist review"
140,1957,439100.0,4494500.0,4701.1,0.961942,0.457512,0.50443,1,2.7,0.1,2.6,266.9,343.9,764.2,0.5964,-15.1285,0.6496,0.6339,"Buried or cover-hidden ACTIVE fault (H72-A): the deformation-only view is confident (geodetic second invariant / shear / dilatation gradients and their coherence, earthquake-density kernel edge) while the surface view abstains (no DEM scarp, no slope lineament, no radiometric lineament) -- consistent with a young blind fault straining and micro-seismic beneath cover. HYPOTHESIS, not verified geology.",Anthropogenic subsidence from groundwater withdrawal; irrigation-related aquifer compaction; volcanic inflation or deflation (magma movement without discrete faulting); post-seismic afterslip or viscoelastic relaxation; seasonal hydrological loading; a strain transient on a creeping (aseismic) fault segment.,"Independent evidence of discrete offset: a displaced contact or marker bed, deflected or offset drainage, a facies termination, a fault-plane solution aligned with the lineament, a published structural interpretation, or field observation. None is claimed here.","MEASURED CONTEXT + TEMPLATE HYPOTHESIS; no field observation, no geologist review"
141,1960,439400.0,4494400.0,4386.3,0.960762,0.49696,0.463802,1,2.7112,0.1056,2.6056,266.9,343.9,769.1,0.6715,-15.5359,0.5827,0.6535,"Buried or cover-hidden ACTIVE fault (H72-A): the deformation-only view is confident (geodetic second invariant / shear / dilatation gradients and their coherence, earthquake-density kernel edge) while the surface view abstains (no DEM scarp, no slope lineament, no radiometric lineament) -- consistent with a young blind fault straining and micro-seismic beneath cover. HYPOTHESIS, not verified geology.",Anthropogenic subsidence from groundwater withdrawal; irrigation-related aquifer compaction; volcanic inflation or deflation (magma movement without discrete faulting); post-seismic afterslip or viscoelastic relaxation; seasonal hydrological loading; a strain transient on a creeping (aseismic) fault segment.,"Independent evidence of discrete offset: a displaced contact or marker bed, deflected or offset drainage, a facies termination, a fault-plane solution aligned with the lineament, a published structural interpretation, or field observation. None is claimed here.","MEASURED CONTEXT + TEMPLATE HYPOTHESIS; no field observation, no geologist review"
142,1945,437900.0,4494300.0,5756.7,0.958636,0.444805,0.51383,1,2.7727,0.1467,2.626,250.8,344.6562,617.0,0.517,-11.8912,0.6063,0.6142,"Buried or cover-hidden ACTIVE fault (H72-A): the deformation-only view is confident (geodetic second invariant / shear / dilatation gradients and their coherence, earthquake-density kernel edge) while the surface view abstains (no DEM scarp, no slope lineament, no radiometric lineament) -- consistent with a young blind fault straining and micro-seismic beneath cover. HYPOTHESIS, not verified geology.",Anthropogenic subsidence from groundwater withdrawal; irrigation-related aquifer compaction; volcanic inflation or deflation (magma movement without discrete faulting); post-seismic afterslip or viscoelastic relaxation; seasonal hydrological loading; a strain transient on a creeping (aseismic) fault segment.,"Independent evidence of discrete offset: a displaced contact or marker bed, deflected or offset drainage, a facies termination, a fault-plane solution aligned with the lineament, a published structural interpretation, or field observation. None is claimed here.","MEASURED CONTEXT + TEMPLATE HYPOTHESIS; no field observation, no geologist review"
142,1948,438200.0,4494300.0,5470.8,0.95855,0.51522,0.443329,1,2.7519,0.126,2.626,250.8,343.9,656.0,0.541,-12.7221,0.5748,0.6575,"Buried or cover-hidden ACTIVE fault (H72-A): the deformation-only view is confident (geodetic second invariant / shear / dilatation gradients and their coherence, earthquake-density kernel edge) while the surface view abstains (no DEM scarp, no slope lineament, no radiometric lineament) -- consistent with a young blind fault straining and micro-seismic beneath cover. HYPOTHESIS, not verified geology.",Anthropogenic subsidence from groundwater withdrawal; irrigation-related aquifer compaction; volcanic inflation or deflation (magma movement without discrete faulting); post-seismic afterslip or viscoelastic relaxation; seasonal hydrological loading; a strain transient on a creeping (aseismic) fault segment.,"Independent evidence of discrete offset: a displaced contact or marker bed, deflected or offset drainage, a facies termination, a fault-plane solution aligned with the lineament, a published structural interpretation, or field observation. None is claimed here.","MEASURED CONTEXT + TEMPLATE HYPOTHESIS; no field observation, no geologist review"
143,1951,438500.0,4494200.0,5154.6,0.973802,0.377119,0.596683,1,2.7922,0.1461,2.6461,250.8,343.9,670.5,0.6536,-13.2738,0.6929,0.6654,"Buried or cover-hidden ACTIVE fault (H72-A): the deformation-only view is confident (geodetic second invariant / shear / dilatation gradients and their coherence, earthquake-density kernel edge) while the surface view abstains (no DEM scarp, no slope lineament, no radiometric lineament) -- consistent with a young blind fault straining and micro-seismic beneath cover. HYPOTHESIS, not verified geology.",Anthropogenic subsidence from groundwater withdrawal; irrigation-related aquifer compaction; volcanic inflation or deflation (magma movement without discrete faulting); post-seismic afterslip or viscoelastic relaxation; seasonal hydrological loading; a strain transient on a creeping (aseismic) fault segment.,"Independent evidence of discrete offset: a displaced contact or marker bed, deflected or offset drainage, a facies termination, a fault-plane solution aligned with the lineament, a published structural interpretation, or field observation. None is claimed here.","MEASURED CONTEXT + TEMPLATE HYPOTHESIS; no field observation, no geologist review"
144,1958,439200.0,4494100.0,4459.8,0.960762,0.356485,0.604277,1,2.8323,0.1662,2.6662,266.9,343.9,707.1,0.6974,-14.4762,0.6575,0.6299,"Buried or cover-hidden ACTIVE fault (H72-A): the deformation-only view is confident (geodetic second invariant / shear / dilatation gradients and their coherence, earthquake-density kernel edge) while the surface view abstains (no DEM scarp, no slope lineament, no radiometric lineament) -- consistent with a young blind fault straining and micro-seismic beneath cover. HYPOTHESIS, not verified geology.",Anthropogenic subsidence from groundwater withdrawal; irrigation-related aquifer compaction; volcanic inflation or deflation (magma movement without discrete faulting); post-seismic afterslip or viscoelastic relaxation; seasonal hydrological loading; a strain transient on a creeping (aseismic) fault segment.,"Independent evidence of discrete offset: a displaced contact or marker bed, deflected or offset drainage, a facies termination, a fault-plane solution aligned with the lineament, a published structural interpretation, or field observation. None is claimed here.","MEASURED CONTEXT + TEMPLATE HYPOTHESIS; no field observation, no geologist review"
146,1948,438200.0,4493900.0,5360.0,0.96604,0.414929,0.55111,1,2.9,0.2,2.7,250.8,343.9,602.9,0.6147,-12.1834,0.5276,0.748,"Buried or cover-hidden ACTIVE fault (H72-A): the deformation-only view is confident (geodetic second invariant / shear / dilatation gradients and their coherence, earthquake-density kernel edge) while the surface view abstains (no DEM scarp, no slope lineament, no radiometric lineament) -- consistent with a young blind fault straining and micro-seismic beneath cover. HYPOTHESIS, not verified geology.",Anthropogenic subsidence from groundwater withdrawal; irrigation-related aquifer compaction; volcanic inflation or deflation (magma movement without discrete faulting); post-seismic afterslip or viscoelastic relaxation; seasonal hydrological loading; a strain transient on a creeping (aseismic) fault segment.,"Independent evidence of discrete offset: a displaced contact or marker bed, deflected or offset drainage, a facies termination, a fault-plane solution aligned with the lineament, a published structural interpretation, or field observation. None is claimed here.","MEASURED CONTEXT + TEMPLATE HYPOTHESIS; no field observation, no geologist review"
146,1955,438900.0,4493900.0,4684.0,0.960762,0.415145,0.545617,1,2.9,0.2,2.7,262.1313,343.9,654.6,0.7251,-13.4983,0.5709,0.7008,"Buried or cover-hidden ACTIVE fault (H72-A): the deformation-only view is confident (geodetic second invariant / shear / dilatation gradients and their coherence, earthquake-density kernel edge) while the surface view abstains (no DEM scarp, no slope lineament, no radiometric lineament) -- consistent with a young blind fault straining and micro-seismic beneath cover. HYPOTHESIS, not verified geology.",Anthropogenic subsidence from groundwater withdrawal; irrigation-related aquifer compaction; volcanic inflation or deflation (magma movement without discrete faulting); post-seismic afterslip or viscoelastic relaxation; seasonal hydrological loading; a strain transient on a creeping (aseismic) fault segment.,"Independent evidence of discrete offset: a displaced contact or marker bed, deflected or offset drainage, a facies termination, a fault-plane solution aligned with the lineament, a published structural interpretation, or field observation. None is claimed here.","MEASURED CONTEXT + TEMPLATE HYPOTHESIS; no field observation, no geologist review"
161,1972,440600.0,4492400.0,2800.0,0.972952,0.632732,0.34022,1,2.7181,0.1,2.609,266.9,357.0,511.1,1.8711,-13.8676,0.626,0.5669,"Buried or cover-hidden ACTIVE fault (H72-A): the deformation-only view is confident (geodetic second invariant / shear / dilatation gradients and their coherence, earthquake-density kernel edge) while the surface view abstains (no DEM scarp, no slope lineament, no radiometric lineament) -- consistent with a young blind fault straining and micro-seismic beneath cover. HYPOTHESIS, not verified geology.",Anthropogenic subsidence from groundwater withdrawal; irrigation-related aquifer compaction; volcanic inflation or deflation (magma movement without discrete faulting); post-seismic afterslip or viscoelastic relaxation; seasonal hydrological loading; a strain transient on a creeping (aseismic) fault segment.,"Independent evidence of discrete offset: a displaced contact or marker bed, deflected or offset drainage, a facies termination, a fault-plane solution aligned with the lineament, a published structural interpretation, or field observation. None is claimed here.","MEASURED CONTEXT + TEMPLATE HYPOTHESIS; no field observation, no geologist review"
161,1975,440900.0,4492400.0,2500.0,0.972818,0.44947,0.523348,1,2.718,0.1,2.609,266.9,357.0,526.4,0.9689,-15.1048,0.689,0.6378,"Buried or cover-hidden ACTIVE fault (H72-A): the deformation-only view is confident (geodetic second invariant / shear / dilatation gradients and their coherence, earthquake-density kernel edge) while the surface view abstains (no DEM scarp, no slope lineament, no radiometric lineament) -- consistent with a young blind fault straining and micro-seismic beneath cover. HYPOTHESIS, not verified geology.",Anthropogenic subsidence from groundwater withdrawal; irrigation-related aquifer compaction; volcanic inflation or deflation (magma movement without discrete faulting); post-seismic afterslip or viscoelastic relaxation; seasonal hydrological loading; a strain transient on a creeping (aseismic) fault segment.,"Independent evidence of discrete offset: a displaced contact or marker bed, deflected or offset drainage, a facies termination, a fault-plane solution aligned with the lineament, a published structural interpretation, or field observation. None is claimed here.","MEASURED CONTEXT + TEMPLATE HYPOTHESIS; no field observation, no geologist review"
164,1975,440900.0,4492100.0,2502.0,0.965234,0.574293,0.39094,1,2.8391,0.1,2.6695,266.9,357.0,492.1,0.987,-14.453,0.6969,0.6024,"Buried or cover-hidden ACTIVE fault (H72-A): the deformation-only view is confident (geodetic second invariant / shear / dilatation gradients and their coherence, earthquake-density kernel edge) while the surface view abstains (no DEM scarp, no slope lineament, no radiometric lineament) -- consistent with a young blind fault straining and micro-seismic beneath cover. HYPOTHESIS, not verified geology.",Anthropogenic subsidence from groundwater withdrawal; irrigation-related aquifer compaction; volcanic inflation or deflation (magma movement without discrete faulting); post-seismic afterslip or viscoelastic relaxation; seasonal hydrological loading; a strain transient on a creeping (aseismic) fault segment.,"Independent evidence of discrete offset: a displaced contact or marker bed, deflected or offset drainage, a facies termination, a fault-plane solution aligned with the lineament, a published structural interpretation, or field observation. None is claimed here.","MEASURED CONTEXT + TEMPLATE HYPOTHESIS; no field observation, no geologist review"
189,1418,385200.0,4489600.0,2202.3,0.960952,0.392663,0.568289,1,5.8597,1.3597,4.3,196.0,289.2,508.6,0.5562,-11.6763,0.5276,0.6811,"Buried or cover-hidden ACTIVE fault (H72-A): the deformation-only view is confident (geodetic second invariant / shear / dilatation gradients and their coherence, earthquake-density kernel edge) while the surface view abstains (no DEM scarp, no slope lineament, no radiometric lineament) -- consistent with a young blind fault straining and micro-seismic beneath cover. HYPOTHESIS, not verified geology.",Anthropogenic subsidence from groundwater withdrawal; irrigation-related aquifer compaction; volcanic inflation or deflation (magma movement without discrete faulting); post-seismic afterslip or viscoelastic relaxation; seasonal hydrological loading; a strain transient on a creeping (aseismic) fault segment.,"Independent evidence of discrete offset: a displaced contact or marker bed, deflected or offset drainage, a facies termination, a fault-plane solution aligned with the lineament, a published structural interpretation, or field observation. None is claimed here.","MEASURED CONTEXT + TEMPLATE HYPOTHESIS; no field observation, no geologist review"
192,1415,384900.0,4489300.0,2531.8,0.959115,0.375133,0.583982,1,5.9,1.4,4.3,196.0,288.3061,449.9,0.4625,-9.9927,0.4685,0.6457,"Buried or cover-hidden ACTIVE fault (H72-A): the deformation-only view is confident (geodetic second invariant / shear / dilatation gradients and their coherence, earthquake-density kernel edge) while the surface view abstains (no DEM scarp, no slope lineament, no radiometric lineament) -- consistent with a young blind fault straining and micro-seismic beneath cover. HYPOTHESIS, not verified geology.",Anthropogenic subsidence from groundwater withdrawal; irrigation-related aquifer compaction; volcanic inflation or deflation (magma movement without discrete faulting); post-seismic afterslip or viscoelastic relaxation; seasonal hydrological loading; a strain transient on a creeping (aseismic) fault segment.,"Independent evidence of discrete offset: a displaced contact or marker bed, deflected or offset drainage, a facies termination, a fault-plane solution aligned with the lineament, a published structural interpretation, or field observation. None is claimed here.","MEASURED CONTEXT + TEMPLATE HYPOTHESIS; no field observation, no geologist review"
192,1419,385300.0,4489300.0,2137.8,0.959781,0.393622,0.56616,1,5.8199,1.3199,4.3,196.0,292.6632,490.6,0.3314,-11.0329,0.5157,0.689,"Buried or cover-hidden ACTIVE fault (H72-A): the deformation-only view is confident (geodetic second invariant / shear / dilatation gradients and their coherence, earthquake-density kernel edge) while the surface view abstains (no DEM scarp, no slope lineament, no radiometric lineament) -- consistent with a young blind fault straining and micro-seismic beneath cover. HYPOTHESIS, not verified geology.",Anthropogenic subsidence from groundwater withdrawal; irrigation-related aquifer compaction; volcanic inflation or deflation (magma movement without discrete faulting); post-seismic afterslip or viscoelastic relaxation; seasonal hydrological loading; a strain transient on a creeping (aseismic) fault segment.,"Independent evidence of discrete offset: a displaced contact or marker bed, deflected or offset drainage, a facies termination, a fault-plane solution aligned with the lineament, a published structural interpretation, or field observation. None is claimed here.","MEASURED CONTEXT + TEMPLATE HYPOTHESIS; no field observation, no geologist review"
194,1398,383200.0,4489100.0,4000.0,0.979746,0.452352,0.527394,1,6.0528,1.4764,4.3764,213.2679,284.1754,212.6,0.3822,-5.7656,0.4646,0.6969,"Buried or cover-hidden ACTIVE fault (H72-A): the deformation-only view is confident (geodetic second invariant / shear / dilatation gradients and their coherence, earthquake-density kernel edge) while the surface view abstains (no DEM scarp, no slope lineament, no radiometric lineament) -- consistent with a young blind fault straining and micro-seismic beneath cover. HYPOTHESIS, not verified geology.",Anthropogenic subsidence from groundwater withdrawal; irrigation-related aquifer compaction; volcanic inflation or deflation (magma movement without discrete faulting); post-seismic afterslip or viscoelastic relaxation; seasonal hydrological loading; a strain transient on a creeping (aseismic) fault segment.,"Independent evidence of discrete offset: a displaced contact or marker bed, deflected or offset drainage, a facies termination, a fault-plane solution aligned with the lineament, a published structural interpretation, or field observation. None is claimed here.","MEASURED CONTEXT + TEMPLATE HYPOTHESIS; no field observation, no geologist review"
195,1401,383500.0,4489000.0,3828.8,0.980054,0.371477,0.608578,1,5.9338,1.4169,4.3169,199.8177,285.0,240.3,0.4432,-5.9589,0.5394,0.6929,"Buried or cover-hidden ACTIVE fault (H72-A): the deformation-only view is confident (geodetic second invariant / shear / dilatation gradients and their coherence, earthquake-density kernel edge) while the surface view abstains (no DEM scarp, no slope lineament, no radiometric lineament) -- consistent with a young blind fault straining and micro-seismic beneath cover. HYPOTHESIS, not verified geology.",Anthropogenic subsidence from groundwater withdrawal; irrigation-related aquifer compaction; volcanic inflation or deflation (magma movement without discrete faulting); post-seismic afterslip or viscoelastic relaxation; seasonal hydrological loading; a strain transient on a creeping (aseismic) fault segment.,"Independent evidence of discrete offset: a displaced contact or marker bed, deflected or offset drainage, a facies termination, a fault-plane solution aligned with the lineament, a published structural interpretation, or field observation. None is claimed here.","MEASURED CONTEXT + TEMPLATE HYPOTHESIS; no field observation, no geologist review"
195,1414,384800.0,4489000.0,2692.6,0.963117,0.36803,0.595087,1,5.9,1.4,4.3,196.0,289.7882,408.7,0.5269,-8.7452,0.4252,0.7165,"Buried or cover-hidden ACTIVE fault (H72-A): the deformation-only view is confident (geodetic second invariant / shear / dilatation gradients and their coherence, earthquake-density kernel edge) while the surface view abstains (no DEM scarp, no slope lineament, no radiometric lineament) -- consistent with a young blind fault straining and micro-seismic beneath cover. HYPOTHESIS, not verified geology.",Anthropogenic subsidence from groundwater withdrawal; irrigation-related aquifer compaction; volcanic inflation or deflation (magma movement without discrete faulting); post-seismic afterslip or viscoelastic relaxation; seasonal hydrological loading; a strain transient on a creeping (aseismic) fault segment.,"Independent evidence of discrete offset: a displaced contact or marker bed, deflected or offset drainage, a facies termination, a fault-plane solution aligned with the lineament, a published structural interpretation, or field observation. None is claimed here.","MEASURED CONTEXT + TEMPLATE HYPOTHESIS; no field observation, no geologist review"
195,1420,385400.0,4489000.0,2119.0,0.983647,0.39147,0.592176,1,5.7802,1.2802,4.3,196.0,296.7,475.1,0.4431,-10.4471,0.5157,0.6575,"Buried or cover-hidden ACTIVE fault (H72-A): the deformation-only view is confident (geodetic second invariant / shear / dilatation gradients and their coherence, earthquake-density kernel edge) while the surface view abstains (no DEM scarp, no slope lineament, no radiometric lineament) -- consistent with a young blind fault straining and micro-seismic beneath cover. HYPOTHESIS, not verified geology.",Anthropogenic subsidence from groundwater withdrawal; irrigation-related aquifer compaction; volcanic inflation or deflation (magma movement without discrete faulting); post-seismic afterslip or viscoelastic relaxation; seasonal hydrological loading; a strain transient on a creeping (aseismic) fault segment.,"Independent evidence of discrete offset: a displaced contact or marker bed, deflected or offset drainage, a facies termination, a fault-plane solution aligned with the lineament, a published structural interpretation, or field observation. None is claimed here.","MEASURED CONTEXT + TEMPLATE HYPOTHESIS; no field observation, no geologist review"
196,1663,409700.0,4488900.0,2282.5,0.966668,0.630034,0.336634,1,3.3621,0.6207,2.7207,204.8,313.9,730.3,2.4696,-1.2796,0.5039,0.4094,"Buried or cover-hidden ACTIVE fault (H72-A): the deformation-only view is confident (geodetic second invariant / shear / dilatation gradients and their coherence, earthquake-density kernel edge) while the surface view abstains (no DEM scarp, no slope lineament, no radiometric lineament) -- consistent with a young blind fault straining and micro-seismic beneath cover. HYPOTHESIS, not verified geology.",Anthropogenic subsidence from groundwater withdrawal; irrigation-related aquifer compaction; volcanic inflation or deflation (magma movement without discrete faulting); post-seismic afterslip or viscoelastic relaxation; seasonal hydrological loading; a strain transient on a creeping (aseismic) fault segment.,"Independent evidence of discrete offset: a displaced contact or marker bed, deflected or offset drainage, a facies termination, a fault-plane solution aligned with the lineament, a published structural interpretation, or field observation. None is claimed here.","MEASURED CONTEXT + TEMPLATE HYPOTHESIS; no field observation, no geologist review"
197,1425,385900.0,4488800.0,1749.3,0.951447,0.389337,0.56211,1,5.7,1.2,4.3,196.0,296.7,518.3,0.3786,-11.4704,0.4921,0.6693,"Buried or cover-hidden ACTIVE fault (H72-A): the deformation-only view is confident (geodetic second invariant / shear / dilatation gradients and their coherence, earthquake-density kernel edge) while the surface view abstains (no DEM scarp, no slope lineament, no radiometric lineament) -- consistent with a young blind fault straining and micro-seismic beneath cover. HYPOTHESIS, not verified geology.",Anthropogenic subsidence from groundwater withdrawal; irrigation-related aquifer compaction; volcanic inflation or deflation (magma movement without discrete faulting); post-seismic afterslip or viscoelastic relaxation; seasonal hydrological loading; a strain transient on a creeping (aseismic) fault segment.,"Independent evidence of discrete offset: a displaced contact or marker bed, deflected or offset drainage, a facies termination, a fault-plane solution aligned with the lineament, a published structural interpretation, or field observation. None is claimed here.","MEASURED CONTEXT + TEMPLATE HYPOTHESIS; no field observation, no geologist review"
198,1396,383000.0,4488700.0,4404.5,0.950111,0.429299,0.520812,1,6.1,1.5,4.4,218.6,282.632,163.5,0.625,-4.1287,0.4803,0.5866,"Buried or cover-hidden ACTIVE fault (H72-A): the deformation-only view is confident (geodetic second invariant / shear / dilatation gradients and their coherence, earthquake-density kernel edge) while the surface view abstains (no DEM scarp, no slope lineament, no radiometric lineament) -- consistent with a young blind fault straining and micro-seismic beneath cover. HYPOTHESIS, not verified geology.",Anthropogenic subsidence from groundwater withdrawal; irrigation-related aquifer compaction; volcanic inflation or deflation (magma movement without discrete faulting); post-seismic afterslip or viscoelastic relaxation; seasonal hydrological loading; a strain transient on a creeping (aseismic) fault segment.,"Independent evidence of discrete offset: a displaced contact or marker bed, deflected or offset drainage, a facies termination, a fault-plane solution aligned with the lineament, a published structural interpretation, or field observation. None is claimed here.","MEASURED CONTEXT + TEMPLATE HYPOTHESIS; no field observation, no geologist review"
198,1399,383300.0,4488700.0,4177.3,0.954196,0.366558,0.587638,1,6.013,1.4565,4.3565,208.77,285.0,197.6,0.5666,-4.6179,0.3543,0.6535,"Buried or cover-hidden ACTIVE fault (H72-A): the deformation-only view is confident (geodetic second invariant / shear / dilatation gradients and their coherence, earthquake-density kernel edge) while the surface view abstains (no DEM scarp, no slope lineament, no radiometric lineament) -- consistent with a young blind fault straining and micro-seismic beneath cover. HYPOTHESIS, not verified geology.",Anthropogenic subsidence from groundwater withdrawal; irrigation-related aquifer compaction; volcanic inflation or deflation (magma movement without discrete faulting); post-seismic afterslip or viscoelastic relaxation; seasonal hydrological loading; a strain transient on a creeping (aseismic) fault segment.,"Independent evidence of discrete offset: a displaced contact or marker bed, deflected or offset drainage, a facies termination, a fault-plane solution aligned with the lineament, a published structural interpretation, or field observation. None is claimed here.","MEASURED CONTEXT + TEMPLATE HYPOTHESIS; no field observation, no geologist review"
198,1415,384900.0,4488700.0,2692.6,0.97179,0.426398,0.545392,1,5.9,1.4,4.3,196.0,292.1147,400.0,0.1111,-7.9933,0.4331,0.7008,"Buried or cover-hidden ACTIVE fault (H72-A): the deformation-only view is confident (geodetic second invariant / shear / dilatation gradients and their coherence, earthquake-density kernel edge) while the surface view abstains (no DEM scarp, no slope lineament, no radiometric lineament) -- consistent with a young blind fault straining and micro-seismic beneath cover. HYPOTHESIS, not verified geology.",Anthropogenic subsidence from groundwater withdrawal; irrigation-related aquifer compaction; volcanic inflation or deflation (magma movement without discrete faulting); post-seismic afterslip or viscoelastic relaxation; seasonal hydrological loading; a strain transient on a creeping (aseismic) fault segment.,"Independent evidence of discrete offset: a displaced contact or marker bed, deflected or offset drainage, a facies termination, a fault-plane solution aligned with the lineament, a published structural interpretation, or field observation. None is claimed here.","MEASURED CONTEXT + TEMPLATE HYPOTHESIS; no field observation, no geologist review"
199,1666,410000.0,4488600.0,2692.6,0.968388,0.579898,0.38849,1,3.3,0.6,2.7,204.8,313.9,762.6,2.4193,-2.8414,0.5551,0.3819,"Buried or cover-hidden ACTIVE fault (H72-A): the deformation-only view is confident (geodetic second invariant / shear / dilatation gradients and their coherence, earthquake-density kernel edge) while the surface view abstains (no DEM scarp, no slope lineament, no radiometric lineament) -- consistent with a young blind fault straining and micro-seismic beneath cover. HYPOTHESIS, not verified geology.",Anthropogenic subsidence from groundwater withdrawal; irrigation-related aquifer compaction; volcanic inflation or deflation (magma movement without discrete faulting); post-seismic afterslip or viscoelastic relaxation; seasonal hydrological loading; a strain transient on a creeping (aseismic) fault segment.,"Independent evidence of discrete offset: a displaced contact or marker bed, deflected or offset drainage, a facies termination, a fault-plane solution aligned with the lineament, a published structural interpretation, or field observation. None is claimed here.","MEASURED CONTEXT + TEMPLATE HYPOTHESIS; no field observation, no geologist review"
200,1424,385800.0,4488500.0,2000.0,0.963326,0.352594,0.610732,1,5.7,1.2,4.3,196.0,296.7,493.9,0.3067,-10.5035,0.5433,0.7283,"Buried or cover-hidden ACTIVE fault (H72-A): the deformation-only view is confident (geodetic second invariant / shear / dilatation gradients and their coherence, earthquake-density kernel edge) while the surface view abstains (no DEM scarp, no slope lineament, no radiometric lineament) -- consistent with a young blind fault straining and micro-seismic beneath cover. HYPOTHESIS, not verified geology.",Anthropogenic subsidence from groundwater withdrawal; irrigation-related aquifer compaction; volcanic inflation or deflation (magma movement without discrete faulting); post-seismic afterslip or viscoelastic relaxation; seasonal hydrological loading; a strain transient on a creeping (aseismic) fault segment.,"Independent evidence of discrete offset: a displaced contact or marker bed, deflected or offset drainage, a facies termination, a fault-plane solution aligned with the lineament, a published structural interpretation, or field observation. None is claimed here.","MEASURED CONTEXT + TEMPLATE HYPOTHESIS; no field observation, no geologist review"
201,1403,383700.0,4488400.0,3921.7,0.984313,0.551799,0.432514,1,5.9,1.4,4.3,196.0,285.0,222.0,0.6425,-4.2289,0.3583,0.622,"Buried or cover-hidden ACTIVE fault (H72-A): the deformation-only view is confident (geodetic second invariant / shear / dilatation gradients and their coherence, earthquake-density kernel edge) while the surface view abstains (no DEM scarp, no slope lineament, no radiometric lineament) -- consistent with a young blind fault straining and micro-seismic beneath cover. HYPOTHESIS, not verified geology.",Anthropogenic subsidence from groundwater withdrawal; irrigation-related aquifer compaction; volcanic inflation or deflation (magma movement without discrete faulting); post-seismic afterslip or viscoelastic relaxation; seasonal hydrological loading; a strain transient on a creeping (aseismic) fault segment.,"Independent evidence of discrete offset: a displaced contact or marker bed, deflected or offset drainage, a facies termination, a fault-plane solution aligned with the lineament, a published structural interpretation, or field observation. None is claimed here.","MEASURED CONTEXT + TEMPLATE HYPOTHESIS; no field observation, no geologist review"
201,1415,384900.0,4488400.0,2817.8,0.974326,0.609108,0.365218,1,5.9,1.4,4.3,196.0,292.1207,379.4,0.0653,-6.981,0.5,0.6575,"Buried or cover-hidden ACTIVE fault (H72-A): the deformation-only view is confident (geodetic second invariant / shear / dilatation gradients and their coherence, earthquake-density kernel edge) while the surface view abstains (no DEM scarp, no slope lineament, no radiometric lineament) -- consistent with a young blind fault straining and micro-seismic beneath cover. HYPOTHESIS, not verified geology.",Anthropogenic subsidence from groundwater withdrawal; irrigation-related aquifer compaction; volcanic inflation or deflation (magma movement without discrete faulting); post-seismic afterslip or viscoelastic relaxation; seasonal hydrological loading; a strain transient on a creeping (aseismic) fault segment.,"Independent evidence of discrete offset: a displaced contact or marker bed, deflected or offset drainage, a facies termination, a fault-plane solution aligned with the lineament, a published structural interpretation, or field observation. None is claimed here.","MEASURED CONTEXT + TEMPLATE HYPOTHESIS; no field observation, no geologist review"
202,1399,383300.0,4488300.0,4332.4,0.954196,0.481803,0.472393,1,6.0129,1.4564,4.3564,208.7542,285.0,172.4,0.5816,-3.2999,0.4449,0.626,"Buried or cover-hidden ACTIVE fault (H72-A): the deformation-only view is confident (geodetic second invariant / shear / dilatation gradients and their coherence, earthquake-density kernel edge) while the surface view abstains (no DEM scarp, no slope lineament, no radiometric lineament) -- consistent with a young blind fault straining and micro-seismic beneath cover. HYPOTHESIS, not verified geology.",Anthropogenic subsidence from groundwater withdrawal; irrigation-related aquifer compaction; volcanic inflation or deflation (magma movement without discrete faulting); post-seismic afterslip or viscoelastic relaxation; seasonal hydrological loading; a strain transient on a creeping (aseismic) fault segment.,"Independent evidence of discrete offset: a displaced contact or marker bed, deflected or offset drainage, a facies termination, a fault-plane solution aligned with the lineament, a published structural interpretation, or field observation. None is claimed here.","MEASURED CONTEXT + TEMPLATE HYPOTHESIS; no field observation, no geologist review"
202,1421,385500.0,4488300.0,2360.1,0.985414,0.556509,0.428906,1,5.7403,1.2403,4.3,196.0,296.7,446.8,0.3602,-8.9251,0.5157,0.6299,"Buried or cover-hidden ACTIVE fault (H72-A): the deformation-only view is confident (geodetic second invariant / shear / dilatation gradients and their coherence, earthquake-density kernel edge) while the surface view abstains (no DEM scarp, no slope lineament, no radiometric lineament) -- consistent with a young blind fault straining and micro-seismic beneath cover. HYPOTHESIS, not verified geology.",Anthropogenic subsidence from groundwater withdrawal; irrigation-related aquifer compaction; volcanic inflation or deflation (magma movement without discrete faulting); post-seismic afterslip or viscoelastic relaxation; seasonal hydrological loading; a strain transient on a creeping (aseismic) fault segment.,"Independent evidence of discrete offset: a displaced contact or marker bed, deflected or offset drainage, a facies termination, a fault-plane solution aligned with the lineament, a published structural interpretation, or field observation. None is claimed here.","MEASURED CONTEXT + TEMPLATE HYPOTHESIS; no field observation, no geologist review"
203,1693,412700.0,4488200.0,2601.9,0.977172,0.362737,0.614436,1,3.3615,0.5615,2.7615,204.8,308.8,716.2,1.0351,-3.592,0.4488,0.5866,"Buried or cover-hidden ACTIVE fault (H72-A): the deformation-only view is confident (geodetic second invariant / shear / dilatation gradients and their coherence, earthquake-density kernel edge) while the surface view abstains (no DEM scarp, no slope lineament, no radiometric lineament) -- consistent with a young blind fault straining and micro-seismic beneath cover. HYPOTHESIS, not verified geology.",Anthropogenic subsidence from groundwater withdrawal; irrigation-related aquifer compaction; volcanic inflation or deflation (magma movement without discrete faulting); post-seismic afterslip or viscoelastic relaxation; seasonal hydrological loading; a strain transient on a creeping (aseismic) fault segment.,"Independent evidence of discrete offset: a displaced contact or marker bed, deflected or offset drainage, a facies termination, a fault-plane solution aligned with the lineament, a published structural interpretation, or field observation. None is claimed here.","MEASURED CONTEXT + TEMPLATE HYPOTHESIS; no field observation, no geologist review"
204,1700,413400.0,4488100.0,1910.5,0.981682,0.52079,0.460892,1,3.3683,0.5708,2.7816,206.1,311.7,634.0,1.3933,-0.9499,0.4882,0.4409,"Buried or cover-hidden ACTIVE fault (H72-A): the deformation-only view is confident (geodetic second invariant / shear / dilatation gradients and their coherence, earthquake-density kernel edge) while the surface view abstains (no DEM scarp, no slope lineament, no radiometric lineament) -- consistent with a young blind fault straining and micro-seismic beneath cover. HYPOTHESIS, not verified geology.",Anthropogenic subsidence from groundwater withdrawal; irrigation-related aquifer compaction; volcanic inflation or deflation (magma movement without discrete faulting); post-seismic afterslip or viscoelastic relaxation; seasonal hydrological loading; a strain transient on a creeping (aseismic) fault segment.,"Independent evidence of discrete offset: a displaced contact or marker bed, deflected or offset drainage, a facies termination, a fault-plane solution aligned with the lineament, a published structural interpretation, or field observation. None is claimed here.","MEASURED CONTEXT + TEMPLATE HYPOTHESIS; no field observation, no geologist review"
205,1423,385700.0,4488000.0,2404.2,0.972107,0.422025,0.550082,1,5.7,1.2,4.3,196.0,296.7,457.1,0.3365,-9.0243,0.4606,0.6575,"Buried or cover-hidden ACTIVE fault (H72-A): the deformation-only view is confident (geodetic second invariant / shear / dilatation gradients and their coherence, earthquake-density kernel edge) while the surface view abstains (no DEM scarp, no slope lineament, no radiometric lineament) -- consistent with a young blind fault straining and micro-seismic beneath cover. HYPOTHESIS, not verified geology.",Anthropogenic subsidence from groundwater withdrawal; irrigation-related aquifer compaction; volcanic inflation or deflation (magma movement without discrete faulting); post-seismic afterslip or viscoelastic relaxation; seasonal hydrological loading; a strain transient on a creeping (aseismic) fault segment.,"Independent evidence of discrete offset: a displaced contact or marker bed, deflected or offset drainage, a facies termination, a fault-plane solution aligned with the lineament, a published structural interpretation, or field observation. None is claimed here.","MEASURED CONTEXT + TEMPLATE HYPOTHESIS; no field observation, no geologist review"
205,1666,410000.0,4488000.0,2692.6,0.967271,0.546023,0.421248,1,3.5,0.6,2.8,204.8,313.9,750.9,2.0419,-3.6627,0.4409,0.3898,"Buried or cover-hidden ACTIVE fault (H72-A): the deformation-only view is confident (geodetic second invariant / shear / dilatation gradients and their coherence, earthquake-density kernel edge) while the surface view abstains (no DEM scarp, no slope lineament, no radiometric lineament) -- consistent with a young blind fault straining and micro-seismic beneath cover. HYPOTHESIS, not verified geology.",Anthropogenic subsidence from groundwater withdrawal; irrigation-related aquifer compaction; volcanic inflation or deflation (magma movement without discrete faulting); post-seismic afterslip or viscoelastic relaxation; seasonal hydrological loading; a strain transient on a creeping (aseismic) fault segment.,"Independent evidence of discrete offset: a displaced contact or marker bed, deflected or offset drainage, a facies termination, a fault-plane solution aligned with the lineament, a published structural interpretation, or field observation. None is claimed here.","MEASURED CONTEXT + TEMPLATE HYPOTHESIS; no field observation, no geologist review"
206,1418,385200.0,4487900.0,2842.5,0.985709,0.397316,0.588394,1,5.8591,1.3591,4.3,196.0,296.7,388.1,0.4581,-6.7141,0.5984,0.6772,"Buried or cover-hidden ACTIVE fault (H72-A): the deformation-only view is confident (geodetic second invariant / shear / dilatation gradients and their coherence, earthquake-density kernel edge) while the surface view abstains (no DEM scarp, no slope lineament, no radiometric lineament) -- consistent with a young blind fault straining and micro-seismic beneath cover. HYPOTHESIS, not verified geology.",Anthropogenic subsidence from groundwater withdrawal; irrigation-related aquifer compaction; volcanic inflation or deflation (magma movement without discrete faulting); post-seismic afterslip or viscoelastic relaxation; seasonal hydrological loading; a strain transient on a creeping (aseismic) fault segment.,"Independent evidence of discrete offset: a displaced contact or marker bed, deflected or offset drainage, a facies termination, a fault-plane solution aligned with the lineament, a published structural interpretation, or field observation. None is claimed here.","MEASURED CONTEXT + TEMPLATE HYPOTHESIS; no field observation, no geologist review"
206,1694,412800.0,4487900.0,2517.9,0.981495,0.355818,0.625677,1,3.4,0.6,2.8,204.8,308.8,703.9,1.1052,-4.1194,0.4449,0.5354,"Buried or cover-hidden ACTIVE fault (H72-A): the deformation-only view is confident (geodetic second invariant / shear / dilatation gradients and their coherence, earthquake-density kernel edge) while the surface view abstains (no DEM scarp, no slope lineament, no radiometric lineament) -- consistent with a young blind fault straining and micro-seismic beneath cover. HYPOTHESIS, not verified geology.",Anthropogenic subsidence from groundwater withdrawal; irrigation-related aquifer compaction; volcanic inflation or deflation (magma movement without discrete faulting); post-seismic afterslip or viscoelastic relaxation; seasonal hydrological loading; a strain transient on a creeping (aseismic) fault segment.,"Independent evidence of discrete offset: a displaced contact or marker bed, deflected or offset drainage, a facies termination, a fault-plane solution aligned with the lineament, a published structural interpretation, or field observation. None is claimed here.","MEASURED CONTEXT + TEMPLATE HYPOTHESIS; no field observation, no geologist review"
208,2009,444300.0,4487700.0,1615.5,0.951352,0.644569,0.306783,1,3.2,0.1,3.0,284.6,367.6,205.6,1.1548,-12.2652,0.6339,0.6496,"Buried or cover-hidden ACTIVE fault (H72-A): the deformation-only view is confident (geodetic second invariant / shear / dilatation gradients and their coherence, earthquake-density kernel edge) while the surface view abstains (no DEM scarp, no slope lineament, no radiometric lineament) -- consistent with a young blind fault straining and micro-seismic beneath cover. HYPOTHESIS, not verified geology.",Anthropogenic subsidence from groundwater withdrawal; irrigation-related aquifer compaction; volcanic inflation or deflation (magma movement without discrete faulting); post-seismic afterslip or viscoelastic relaxation; seasonal hydrological loading; a strain transient on a creeping (aseismic) fault segment.,"Independent evidence of discrete offset: a displaced contact or marker bed, deflected or offset drainage, a facies termination, a fault-plane solution aligned with the lineament, a published structural interpretation, or field observation. None is claimed here.","MEASURED CONTEXT + TEMPLATE HYPOTHESIS; no field observation, no geologist review"
209,1699,413300.0,4487600.0,2000.0,0.994373,0.496103,0.49827,1,3.4,0.6,2.8,206.0153,311.5111,657.2,1.0801,-3.4807,0.4567,0.4646,"Buried or cover-hidden ACTIVE fault (H72-A): the deformation-only view is confident (geodetic second invariant / shear / dilatation gradients and their coherence, earthquake-density kernel edge) while the surface view abstains (no DEM scarp, no slope lineament, no radiometric lineament) -- consistent with a young blind fault straining and micro-seismic beneath cover. HYPOTHESIS, not verified geology.",Anthropogenic subsidence from groundwater withdrawal; irrigation-related aquifer compaction; volcanic inflation or deflation (magma movement without discrete faulting); post-seismic afterslip or viscoelastic relaxation; seasonal hydrological loading; a strain transient on a creeping (aseismic) fault segment.,"Independent evidence of discrete offset: a displaced contact or marker bed, deflected or offset drainage, a facies termination, a fault-plane solution aligned with the lineament, a published structural interpretation, or field observation. None is claimed here.","MEASURED CONTEXT + TEMPLATE HYPOTHESIS; no field observation, no geologist review"
209,1702,413600.0,4487600.0,1700.0,0.989016,0.633754,0.355263,1,3.347,0.547,2.8,206.1,311.7,616.8,1.1884,-2.2547,0.5197,0.3858,"Buried or cover-hidden ACTIVE fault (H72-A): the deformation-only view is confident (geodetic second invariant / shear / dilatation gradients and their coherence, earthquake-density kernel edge) while the surface view abstains (no DEM scarp, no slope lineament, no radiometric lineament) -- consistent with a young blind fault straining and micro-seismic beneath cover. HYPOTHESIS, not verified geology.",Anthropogenic subsidence from groundwater withdrawal; irrigation-related aquifer compaction; volcanic inflation or deflation (magma movement without discrete faulting); post-seismic afterslip or viscoelastic relaxation; seasonal hydrological loading; a strain transient on a creeping (aseismic) fault segment.,"Independent evidence of discrete offset: a displaced contact or marker bed, deflected or offset drainage, a facies termination, a fault-plane solution aligned with the lineament, a published structural interpretation, or field observation. None is claimed here.","MEASURED CONTEXT + TEMPLATE HYPOTHESIS; no field observation, no geologist review"
210,1691,412500.0,4487500.0,2500.0,0.98079,0.370709,0.610082,1,3.4,0.6,2.8,204.8,309.1058,742.9,0.7262,-6.4283,0.4331,0.6299,"Buried or cover-hidden ACTIVE fault (H72-A): the deformation-only view is confident (geodetic second invariant / shear / dilatation gradients and their coherence, earthquake-density kernel edge) while the surface view abstains (no DEM scarp, no slope lineament, no radiometric lineament) -- consistent with a young blind fault straining and micro-seismic beneath cover. HYPOTHESIS, not verified geology.",Anthropogenic subsidence from groundwater withdrawal; irrigation-related aquifer compaction; volcanic inflation or deflation (magma movement without discrete faulting); post-seismic afterslip or viscoelastic relaxation; seasonal hydrological loading; a strain transient on a creeping (aseismic) fault segment.,"Independent evidence of discrete offset: a displaced contact or marker bed, deflected or offset drainage, a facies termination, a fault-plane solution aligned with the lineament, a published structural interpretation, or field observation. None is claimed here.","MEASURED CONTEXT + TEMPLATE HYPOTHESIS; no field observation, no geologist review"
210,1694,412800.0,4487500.0,2500.0,0.981761,0.44848,0.533281,1,3.4,0.6,2.8,204.8,309.0991,715.4,1.1123,-5.5797,0.5591,0.5315,"Buried or cover-hidden ACTIVE fault (H72-A): the deformation-only view is confident (geodetic second invariant / shear / dilatation gradients and their coherence, earthquake-density kernel edge) while the surface view abstains (no DEM scarp, no slope lineament, no radiometric lineament) -- consistent with a young blind fault straining and micro-seismic beneath cover. HYPOTHESIS, not verified geology.",Anthropogenic subsidence from groundwater withdrawal; irrigation-related aquifer compaction; volcanic inflation or deflation (magma movement without discrete faulting); post-seismic afterslip or viscoelastic relaxation; seasonal hydrological loading; a strain transient on a creeping (aseismic) fault segment.,"Independent evidence of discrete offset: a displaced contact or marker bed, deflected or offset drainage, a facies termination, a fault-plane solution aligned with the lineament, a published structural interpretation, or field observation. None is claimed here.","MEASURED CONTEXT + TEMPLATE HYPOTHESIS; no field observation, no geologist review"
212,1682,411600.0,4487300.0,1897.4,0.9802,0.56853,0.41167,1,3.4436,0.6,2.8,204.8,313.4852,801.3,1.0355,-8.0466,0.4449,0.3898,"Buried or cover-hidden ACTIVE fault (H72-A): the deformation-only view is confident (geodetic second invariant / shear / dilatation gradients and their coherence, earthquake-density kernel edge) while the surface view abstains (no DEM scarp, no slope lineament, no radiometric lineament) -- consistent with a young blind fault straining and micro-seismic beneath cover. HYPOTHESIS, not verified geology.",Anthropogenic subsidence from groundwater withdrawal; irrigation-related aquifer compaction; volcanic inflation or deflation (magma movement without discrete faulting); post-seismic afterslip or viscoelastic relaxation; seasonal hydrological loading; a strain transient on a creeping (aseismic) fault segment.,"Independent evidence of discrete offset: a displaced contact or marker bed, deflected or offset drainage, a facies termination, a fault-plane solution aligned with the lineament, a published structural interpretation, or field observation. None is claimed here.","MEASURED CONTEXT + TEMPLATE HYPOTHESIS; no field observation, no geologist review"
212,1699,413300.0,4487300.0,2010.0,0.990946,0.364552,0.626394,1,3.4,0.6,2.8,206.0158,316.6017,666.2,1.2051,-4.7845,0.5551,0.4921,"Buried or cover-hidden ACTIVE fault (H72-A): the deformation-only view is confident (geodetic second invariant / shear / dilatation gradients and their coherence, earthquake-density kernel edge) while the surface view abstains (no DEM scarp, no slope lineament, no radiometric lineament) -- consistent with a young blind fault straining and micro-seismic beneath cover. HYPOTHESIS, not verified geology.",Anthropogenic subsidence from groundwater withdrawal; irrigation-related aquifer compaction; volcanic inflation or deflation (magma movement without discrete faulting); post-seismic afterslip or viscoelastic relaxation; seasonal hydrological loading; a strain transient on a creeping (aseismic) fault segment.,"Independent evidence of discrete offset: a displaced contact or marker bed, deflected or offset drainage, a facies termination, a fault-plane solution aligned with the lineament, a published structural interpretation, or field observation. None is claimed here.","MEASURED CONTEXT + TEMPLATE HYPOTHESIS; no field observation, no geologist review"
213,1687,412100.0,4487200.0,2024.8,0.978258,0.387795,0.590463,1,3.4,0.6,2.8,204.8,315.6533,787.1,0.6681,-8.3282,0.3858,0.4646,"Buried or cover-hidden ACTIVE fault (H72-A): the deformation-only view is confident (geodetic second invariant / shear / dilatation gradients and their coherence, earthquake-density kernel edge) while the surface view abstains (no DEM scarp, no slope lineament, no radiometric lineament) -- consistent with a young blind fault straining and micro-seismic beneath cover. HYPOTHESIS, not verified geology.",Anthropogenic subsidence from groundwater withdrawal; irrigation-related aquifer compaction; volcanic inflation or deflation (magma movement without discrete faulting); post-seismic afterslip or viscoelastic relaxation; seasonal hydrological loading; a strain transient on a creeping (aseismic) fault segment.,"Independent evidence of discrete offset: a displaced contact or marker bed, deflected or offset drainage, a facies termination, a fault-plane solution aligned with the lineament, a published structural interpretation, or field observation. None is claimed here.","MEASURED CONTEXT + TEMPLATE HYPOTHESIS; no field observation, no geologist review"
214,1692,412600.0,4487100.0,2262.7,0.977633,0.371883,0.60575,1,3.4,0.6,2.8,204.8,317.8215,744.8,0.6586,-7.4817,0.5512,0.5394,"Buried or cover-hidden ACTIVE fault (H72-A): the deformation-only view is confident (geodetic second invariant / shear / dilatation gradients and their coherence, earthquake-density kernel edge) while the surface view abstains (no DEM scarp, no slope lineament, no radiometric lineament) -- consistent with a young blind fault straining and micro-seismic beneath cover. HYPOTHESIS, not verified geology.",Anthropogenic subsidence from groundwater withdrawal; irrigation-related aquifer compaction; volcanic inflation or deflation (magma movement without discrete faulting); post-seismic afterslip or viscoelastic relaxation; seasonal hydrological loading; a strain transient on a creeping (aseismic) fault segment.,"Independent evidence of discrete offset: a displaced contact or marker bed, deflected or offset drainage, a facies termination, a fault-plane solution aligned with the lineament, a published structural interpretation, or field observation. None is claimed here.","MEASURED CONTEXT + TEMPLATE HYPOTHESIS; no field observation, no geologist review"
214,1696,413000.0,4487100.0,2334.5,0.983888,0.353495,0.630393,1,3.4,0.6,2.8,205.2427,319.1126,708.9,1.4155,-6.5988,0.5866,0.4646,"Buried or cover-hidden ACTIVE fault (H72-A): the deformation-only view is confident (geodetic second invariant / shear / dilatation gradients and their coherence, earthquake-density kernel edge) while the surface view abstains (no DEM scarp, no slope lineament, no radiometric lineament) -- consistent with a young blind fault straining and micro-seismic beneath cover. HYPOTHESIS, not verified geology.",Anthropogenic subsidence from groundwater withdrawal; irrigation-related aquifer compaction; volcanic inflation or deflation (magma movement without discrete faulting); post-seismic afterslip or viscoelastic relaxation; seasonal hydrological loading; a strain transient on a creeping (aseismic) fault segment.,"Independent evidence of discrete offset: a displaced contact or marker bed, deflected or offset drainage, a facies termination, a fault-plane solution aligned with the lineament, a published structural interpretation, or field observation. None is claimed here.","MEASURED CONTEXT + TEMPLATE HYPOTHESIS; no field observation, no geologist review"
214,1955,438900.0,4487100.0,6356.1,0.95689,0.387167,0.569723,1,3.2,0.3,2.9,280.3625,350.2296,13.8,16.9024,-8.4666,0.5512,0.2835,"Buried or cover-hidden ACTIVE fault (H72-A): the deformation-only view is confident (geodetic second invariant / shear / dilatation gradients and their coherence, earthquake-density kernel edge) while the surface view abstains (no DEM scarp, no slope lineament, no radiometric lineament) -- consistent with a young blind fault straining and micro-seismic beneath cover. HYPOTHESIS, not verified geology.",Anthropogenic subsidence from groundwater withdrawal; irrigation-related aquifer compaction; volcanic inflation or deflation (magma movement without discrete faulting); post-seismic afterslip or viscoelastic relaxation; seasonal hydrological loading; a strain transient on a creeping (aseismic) fault segment.,"Independent evidence of discrete offset: a displaced contact or marker bed, deflected or offset drainage, a facies termination, a fault-plane solution aligned with the lineament, a published structural interpretation, or field observation. None is claimed here.","MEASURED CONTEXT + TEMPLATE HYPOTHESIS; no field observation, no geologist review"
215,1683,411700.0,4487000.0,1655.3,0.983872,0.459169,0.524703,1,3.4238,0.6,2.8,205.3579,319.6,805.6,0.9175,-8.6774,0.5236,0.3346,"Buried or cover-hidden ACTIVE fault (H72-A): the deformation-only view is confident (geodetic second invariant / shear / dilatation gradients and their coherence, earthquake-density kernel edge) while the surface view abstains (no DEM scarp, no slope lineament, no radiometric lineament) -- consistent with a young blind fault straining and micro-seismic beneath cover. HYPOTHESIS, not verified geology.",Anthropogenic subsidence from groundwater withdrawal; irrigation-related aquifer compaction; volcanic inflation or deflation (magma movement without discrete faulting); post-seismic afterslip or viscoelastic relaxation; seasonal hydrological loading; a strain transient on a creeping (aseismic) fault segment.,"Independent evidence of discrete offset: a displaced contact or marker bed, deflected or offset drainage, a facies termination, a fault-plane solution aligned with the lineament, a published structural interpretation, or field observation. None is claimed here.","MEASURED CONTEXT + TEMPLATE HYPOTHESIS; no field observation, no geologist review"
215,1704,413800.0,4487000.0,1581.1,0.995421,0.537099,0.458321,1,3.3073,0.5073,2.8,206.5157,323.6,608.1,1.7141,-4.3901,0.437,0.4764,"Buried or cover-hidden ACTIVE fault (H72-A): the deformation-only view is confident (geodetic second invariant / shear / dilatation gradients and their coherence, earthquake-density kernel edge) while the surface view abstains (no DEM scarp, no slope lineament, no radiometric lineament) -- consistent with a young blind fault straining and micro-seismic beneath cover. HYPOTHESIS, not verified geology.",Anthropogenic subsidence from groundwater withdrawal; irrigation-related aquifer compaction; volcanic inflation or deflation (magma movement without discrete faulting); post-seismic afterslip or viscoelastic relaxation; seasonal hydrological loading; a strain transient on a creeping (aseismic) fault segment.,"Independent evidence of discrete offset: a displaced contact or marker bed, deflected or offset drainage, a facies termination, a fault-plane solution aligned with the lineament, a published structural interpretation, or field observation. None is claimed here.","MEASURED CONTEXT + TEMPLATE HYPOTHESIS; no field observation, no geologist review"
216,1689,412300.0,4486900.0,1910.5,0.983926,0.356199,0.627727,1,3.4,0.6,2.8,208.2256,319.6,778.3,0.4132,-8.6647,0.4409,0.5079,"Buried or cover-hidden ACTIVE fault (H72-A): the deformation-only view is confident (geodetic second invariant / shear / dilatation gradients and their coherence, earthquake-density kernel edge) while the surface view abstains (no DEM scarp, no slope lineament, no radiometric lineament) -- consistent with a young blind fault straining and micro-seismic beneath cover. HYPOTHESIS, not verified geology.",Anthropogenic subsidence from groundwater withdrawal; irrigation-related aquifer compaction; volcanic inflation or deflation (magma movement without discrete faulting); post-seismic afterslip or viscoelastic relaxation; seasonal hydrological loading; a strain transient on a creeping (aseismic) fault segment.,"Independent evidence of discrete offset: a displaced contact or marker bed, deflected or offset drainage, a facies termination, a fault-plane solution aligned with the lineament, a published structural interpretation, or field observation. None is claimed here.","MEASURED CONTEXT + TEMPLATE HYPOTHESIS; no field observation, no geologist review"
216,1700,413400.0,4486900.0,1992.5,0.996728,0.410496,0.586232,1,3.3866,0.5866,2.8,208.9473,323.6,666.4,1.1784,-6.1375,0.3071,0.5315,"Buried or cover-hidden ACTIVE fault (H72-A): the deformation-only view is confident (geodetic second invariant / shear / dilatation gradients and their coherence, earthquake-density kernel edge) while the surface view abstains (no DEM scarp, no slope lineament, no radiometric lineament) -- consistent with a young blind fault straining and micro-seismic beneath cover. HYPOTHESIS, not verified geology.",Anthropogenic subsidence from groundwater withdrawal; irrigation-related aquifer compaction; volcanic inflation or deflation (magma movement without discrete faulting); post-seismic afterslip or viscoelastic relaxation; seasonal hydrological loading; a strain transient on a creeping (aseismic) fault segment.,"Independent evidence of discrete offset: a displaced contact or marker bed, deflected or offset drainage, a facies termination, a fault-plane solution aligned with the lineament, a published structural interpretation, or field observation. None is claimed here.","MEASURED CONTEXT + TEMPLATE HYPOTHESIS; no field observation, no geologist review"
218,1697,413100.0,4486700.0,2340.9,0.950083,0.511533,0.43855,1,3.4,0.6,2.8,213.8789,321.7575,715.3,1.2967,-7.8478,0.4055,0.5394,"Buried or cover-hidden ACTIVE fault (H72-A): the deformation-only view is confident (geodetic second invariant / shear / dilatation gradients and their coherence, earthquake-density kernel edge) while the surface view abstains (no DEM scarp, no slope lineament, no radiometric lineament) -- consistent with a young blind fault straining and micro-seismic beneath cover. HYPOTHESIS, not verified geology.",Anthropogenic subsidence from groundwater withdrawal; irrigation-related aquifer compaction; volcanic inflation or deflation (magma movement without discrete faulting); post-seismic afterslip or viscoelastic relaxation; seasonal hydrological loading; a strain transient on a creeping (aseismic) fault segment.,"Independent evidence of discrete offset: a displaced contact or marker bed, deflected or offset drainage, a facies termination, a fault-plane solution aligned with the lineament, a published structural interpretation, or field observation. None is claimed here.","MEASURED CONTEXT + TEMPLATE HYPOTHESIS; no field observation, no geologist review"
219,1704,413800.0,4486600.0,1749.3,0.956998,0.547508,0.40949,1,3.3072,0.5072,2.8,216.2024,323.6,626.8,1.4829,-6.1408,0.3937,0.4449,"Buried or cover-hidden ACTIVE fault (H72-A): the deformation-only view is confident (geodetic second invariant / shear / dilatation gradients and their coherence, earthquake-density kernel edge) while the surface view abstains (no DEM scarp, no slope lineament, no radiometric lineament) -- consistent with a young blind fault straining and micro-seismic beneath cover. HYPOTHESIS, not verified geology.",Anthropogenic subsidence from groundwater withdrawal; irrigation-related aquifer compaction; volcanic inflation or deflation (magma movement without discrete faulting); post-seismic afterslip or viscoelastic relaxation; seasonal hydrological loading; a strain transient on a creeping (aseismic) fault segment.,"Independent evidence of discrete offset: a displaced contact or marker bed, deflected or offset drainage, a facies termination, a fault-plane solution aligned with the lineament, a published structural interpretation, or field observation. None is claimed here.","MEASURED CONTEXT + TEMPLATE HYPOTHESIS; no field observation, no geologist review"
219,1707,414100.0,4486600.0,1500.0,0.966801,0.454218,0.512583,1,3.3,0.5,2.8,216.195,323.6,586.9,1.7471,-5.2561,0.5276,0.3386,"Buried or cover-hidden ACTIVE fault (H72-A): the deformation-only view is confident (geodetic second invariant / shear / dilatation gradients and their coherence, earthquake-density kernel edge) while the surface view abstains (no DEM scarp, no slope lineament, no radiometric lineament) -- consistent with a young blind fault straining and micro-seismic beneath cover. HYPOTHESIS, not verified geology.",Anthropogenic subsidence from groundwater withdrawal; irrigation-related aquifer compaction; volcanic inflation or deflation (magma movement without discrete faulting); post-seismic afterslip or viscoelastic relaxation; seasonal hydrological loading; a strain transient on a creeping (aseismic) fault segment.,"Independent evidence of discrete offset: a displaced contact or marker bed, deflected or offset drainage, a facies termination, a fault-plane solution aligned with the lineament, a published structural interpretation, or field observation. None is claimed here.","MEASURED CONTEXT + TEMPLATE HYPOTHESIS; no field observation, no geologist review"
228,1701,413500.0,4485700.0,2508.0,0.951409,0.392194,0.559216,1,3.5666,0.5666,2.9,218.1,323.6,713.1,1.0833,-10.3042,0.4921,0.3228,"Buried or cover-hidden ACTIVE fault (H72-A): the deformation-only view is confident (geodetic second invariant / shear / dilatation gradients and their coherence, earthquake-density kernel edge) while the surface view abstains (no DEM scarp, no slope lineament, no radiometric lineament) -- consistent with a young blind fault straining and micro-seismic beneath cover. HYPOTHESIS, not verified geology.",Anthropogenic subsidence from groundwater withdrawal; irrigation-related aquifer compaction; volcanic inflation or deflation (magma movement without discrete faulting); post-seismic afterslip or viscoelastic relaxation; seasonal hydrological loading; a strain transient on a creeping (aseismic) fault segment.,"Independent evidence of discrete offset: a displaced contact or marker bed, deflected or offset drainage, a facies termination, a fault-plane solution aligned with the lineament, a published structural interpretation, or field observation. None is claimed here.","MEASURED CONTEXT + TEMPLATE HYPOTHESIS; no field observation, no geologist review"
231,1699,413300.0,4485400.0,2300.0,0.953225,0.405396,0.547829,1,3.6,0.6,2.9,218.1623,322.7585,758.7,0.6647,-11.5426,0.4567,0.4724,"Buried or cover-hidden ACTIVE fault (H72-A): the deformation-only view is confident (geodetic second invariant / shear / dilatation gradients and their coherence, earthquake-density kernel edge) while the surface view abstains (no DEM scarp, no slope lineament, no radiometric lineament) -- consistent with a young blind fault straining and micro-seismic beneath cover. HYPOTHESIS, not verified geology.",Anthropogenic subsidence from groundwater withdrawal; irrigation-related aquifer compaction; volcanic inflation or deflation (magma movement without discrete faulting); post-seismic afterslip or viscoelastic relaxation; seasonal hydrological loading; a strain transient on a creeping (aseismic) fault segment.,"Independent evidence of discrete offset: a displaced contact or marker bed, deflected or offset drainage, a facies termination, a fault-plane solution aligned with the lineament, a published structural interpretation, or field observation. None is claimed here.","MEASURED CONTEXT + TEMPLATE HYPOTHESIS; no field observation, no geologist review"
231,1954,438800.0,4485400.0,7186.8,0.962035,0.593995,0.36804,1,3.3,0.3,3.0,298.5222,350.8,54.1,13.7627,-10.074,0.5748,0.189,"Buried or cover-hidden ACTIVE fault (H72-A): the deformation-only view is confident (geodetic second invariant / shear / dilatation gradients and their coherence, earthquake-density kernel edge) while the surface view abstains (no DEM scarp, no slope lineament, no radiometric lineament) -- consistent with a young blind fault straining and micro-seismic beneath cover. HYPOTHESIS, not verified geology.",Anthropogenic subsidence from groundwater withdrawal; irrigation-related aquifer compaction; volcanic inflation or deflation (magma movement without discrete faulting); post-seismic afterslip or viscoelastic relaxation; seasonal hydrological loading; a strain transient on a creeping (aseismic) fault segment.,"Independent evidence of discrete offset: a displaced contact or marker bed, deflected or offset drainage, a facies termination, a fault-plane solution aligned with the lineament, a published structural interpretation, or field observation. None is claimed here.","MEASURED CONTEXT + TEMPLATE HYPOTHESIS; no field observation, no geologist review"
234,1954,438800.0,4485100.0,7349.8,0.967455,0.574141,0.393314,1,3.3,0.3,3.0,298.5278,350.8,70.1,22.4623,-10.391,0.4567,0.2913,"Buried or cover-hidden ACTIVE fault (H72-A): the deformation-only view is confident (geodetic second invariant / shear / dilatation gradients and their coherence, earthquake-density kernel edge) while the surface view abstains (no DEM scarp, no slope lineament, no radiometric lineament) -- consistent with a young blind fault straining and micro-seismic beneath cover. HYPOTHESIS, not verified geology.",Anthropogenic subsidence from groundwater withdrawal; irrigation-related aquifer compaction; volcanic inflation or deflation (magma movement without discrete faulting); post-seismic afterslip or viscoelastic relaxation; seasonal hydrological loading; a strain transient on a creeping (aseismic) fault segment.,"Independent evidence of discrete offset: a displaced contact or marker bed, deflected or offset drainage, a facies termination, a fault-plane solution aligned with the lineament, a published structural interpretation, or field observation. None is claimed here.","MEASURED CONTEXT + TEMPLATE HYPOTHESIS; no field observation, no geologist review"
237,1953,438700.0,4484800.0,7602.6,0.955519,0.499759,0.45576,1,3.3,0.3,3.0,294.4674,350.8,100.9,13.9639,-10.666,0.4724,0.2638,"Buried or cover-hidden ACTIVE fault (H72-A): the deformation-only view is confident (geodetic second invariant / shear / dilatation gradients and their coherence, earthquake-density kernel edge) while the surface view abstains (no DEM scarp, no slope lineament, no radiometric lineament) -- consistent with a young blind fault straining and micro-seismic beneath cover. HYPOTHESIS, not verified geology.",Anthropogenic subsidence from groundwater withdrawal; irrigation-related aquifer compaction; volcanic inflation or deflation (magma movement without discrete faulting); post-seismic afterslip or viscoelastic relaxation; seasonal hydrological loading; a strain transient on a creeping (aseismic) fault segment.,"Independent evidence of discrete offset: a displaced contact or marker bed, deflected or offset drainage, a facies termination, a fault-plane solution aligned with the lineament, a published structural interpretation, or field observation. None is claimed here.","MEASURED CONTEXT + TEMPLATE HYPOTHESIS; no field observation, no geologist review"
241,1701,413500.0,4484400.0,2571.0,0.953834,0.370537,0.583297,1,3.5947,0.5759,2.9282,218.1,320.9,810.0,0.6694,-13.3519,0.437,0.4961,"Buried or cover-hidden ACTIVE fault (H72-A): the deformation-only view is confident (geodetic second invariant / shear / dilatation gradients and their coherence, earthquake-density kernel edge) while the surface view abstains (no DEM scarp, no slope lineament, no radiometric lineament) -- consistent with a young blind fault straining and micro-seismic beneath cover. HYPOTHESIS, not verified geology.",Anthropogenic subsidence from groundwater withdrawal; irrigation-related aquifer compaction; volcanic inflation or deflation (magma movement without discrete faulting); post-seismic afterslip or viscoelastic relaxation; seasonal hydrological loading; a strain transient on a creeping (aseismic) fault segment.,"Independent evidence of discrete offset: a displaced contact or marker bed, deflected or offset drainage, a facies termination, a fault-plane solution aligned with the lineament, a published structural interpretation, or field observation. None is claimed here.","MEASURED CONTEXT + TEMPLATE HYPOTHESIS; no field observation, no geologist review"
243,1954,438800.0,4484200.0,7887.3,0.958861,0.579428,0.379433,1,3.3642,0.3,3.0642,298.5445,350.8,150.4,14.0655,-11.3133,0.4567,0.2165,"Buried or cover-hidden ACTIVE fault (H72-A): the deformation-only view is confident (geodetic second invariant / shear / dilatation gradients and their coherence, earthquake-density kernel edge) while the surface view abstains (no DEM scarp, no slope lineament, no radiometric lineament) -- consistent with a young blind fault straining and micro-seismic beneath cover. HYPOTHESIS, not verified geology.",Anthropogenic subsidence from groundwater withdrawal; irrigation-related aquifer compaction; volcanic inflation or deflation (magma movement without discrete faulting); post-seismic afterslip or viscoelastic relaxation; seasonal hydrological loading; a strain transient on a creeping (aseismic) fault segment.,"Independent evidence of discrete offset: a displaced contact or marker bed, deflected or offset drainage, a facies termination, a fault-plane solution aligned with the lineament, a published structural interpretation, or field observation. None is claimed here.","MEASURED CONTEXT + TEMPLATE HYPOTHESIS; no field observation, no geologist review"
255,1692,412600.0,4483000.0,1923.5,0.951904,0.401035,0.550869,1,3.7,0.6,3.0,219.1,320.7,1150.4,0.6253,-14.0963,0.4685,0.6811,"Buried or cover-hidden ACTIVE fault (H72-A): the deformation-only view is confident (geodetic second invariant / shear / dilatation gradients and their coherence, earthquake-density kernel edge) while the surface view abstains (no DEM scarp, no slope lineament, no radiometric lineament) -- consistent with a young blind fault straining and micro-seismic beneath cover. HYPOTHESIS, not verified geology.",Anthropogenic subsidence from groundwater withdrawal; irrigation-related aquifer compaction; volcanic inflation or deflation (magma movement without discrete faulting); post-seismic afterslip or viscoelastic relaxation; seasonal hydrological loading; a strain transient on a creeping (aseismic) fault segment.,"Independent evidence of discrete offset: a displaced contact or marker bed, deflected or offset drainage, a facies termination, a fault-plane solution aligned with the lineament, a published structural interpretation, or field observation. None is claimed here.","MEASURED CONTEXT + TEMPLATE HYPOTHESIS; no field observation, no geologist review"
258,1688,412200.0,4482700.0,1603.1,0.953745,0.597702,0.356043,1,3.7,0.6,3.0,219.1,320.7,1280.1,0.3772,-13.1524,0.5,0.4134,"Buried or cover-hidden ACTIVE fault (H72-A): the deformation-only view is confident (geodetic second invariant / shear / dilatation gradients and their coherence, earthquake-density kernel edge) while the surface view abstains (no DEM scarp, no slope lineament, no radiometric lineament) -- consistent with a young blind fault straining and micro-seismic beneath cover. HYPOTHESIS, not verified geology.",Anthropogenic subsidence from groundwater withdrawal; irrigation-related aquifer compaction; volcanic inflation or deflation (magma movement without discrete faulting); post-seismic afterslip or viscoelastic relaxation; seasonal hydrological loading; a strain transient on a creeping (aseismic) fault segment.,"Independent evidence of discrete offset: a displaced contact or marker bed, deflected or offset drainage, a facies termination, a fault-plane solution aligned with the lineament, a published structural interpretation, or field observation. None is claimed here.","MEASURED CONTEXT + TEMPLATE HYPOTHESIS; no field observation, no geologist review"
259,1695,412900.0,4482600.0,2308.7,0.950864,0.388303,0.562561,1,3.7,0.6,3.0,218.952,320.7296,1282.0,0.4101,-14.7427,0.3268,0.6969,"Buried or cover-hidden ACTIVE fault (H72-A): the deformation-only view is confident (geodetic second invariant / shear / dilatation gradients and their coherence, earthquake-density kernel edge) while the surface view abstains (no DEM scarp, no slope lineament, no radiometric lineament) -- consistent with a young blind fault straining and micro-seismic beneath cover. HYPOTHESIS, not verified geology.",Anthropogenic subsidence from groundwater withdrawal; irrigation-related aquifer compaction; volcanic inflation or deflation (magma movement without discrete faulting); post-seismic afterslip or viscoelastic relaxation; seasonal hydrological loading; a strain transient on a creeping (aseismic) fault segment.,"Independent evidence of discrete offset: a displaced contact or marker bed, deflected or offset drainage, a facies termination, a fault-plane solution aligned with the lineament, a published structural interpretation, or field observation. None is claimed here.","MEASURED CONTEXT + TEMPLATE HYPOTHESIS; no field observation, no geologist review"
259,1708,414200.0,4482600.0,3454.0,0.950305,0.5388,0.411505,1,3.6,0.6,3.0,218.1,320.9,1047.7,0.9259,-14.7512,0.5039,0.4567,"Buried or cover-hidden ACTIVE fault (H72-A): the deformation-only view is confident (geodetic second invariant / shear / dilatation gradients and their coherence, earthquake-density kernel edge) while the surface view abstains (no DEM scarp, no slope lineament, no radiometric lineament) -- consistent with a young blind fault straining and micro-seismic beneath cover. HYPOTHESIS, not verified geology.",Anthropogenic subsidence from groundwater withdrawal; irrigation-related aquifer compaction; volcanic inflation or deflation (magma movement without discrete faulting); post-seismic afterslip or viscoelastic relaxation; seasonal hydrological loading; a strain transient on a creeping (aseismic) fault segment.,"Independent evidence of discrete offset: a displaced contact or marker bed, deflected or offset drainage, a facies termination, a fault-plane solution aligned with the lineament, a published structural interpretation, or field observation. None is claimed here.","MEASURED CONTEXT + TEMPLATE HYPOTHESIS; no field observation, no geologist review"
260,1705,413900.0,4482500.0,3298.5,0.964145,0.364203,0.599942,1,3.6232,0.6,3.0116,218.1,320.9,1148.8,0.6633,-15.1513,0.378,0.5472,"Buried or cover-hidden ACTIVE fault (H72-A): the deformation-only view is confident (geodetic second invariant / shear / dilatation gradients and their coherence, earthquake-density kernel edge) while the surface view abstains (no DEM scarp, no slope lineament, no radiometric lineament) -- consistent with a young blind fault straining and micro-seismic beneath cover. HYPOTHESIS, not verified geology.",Anthropogenic subsidence from groundwater withdrawal; irrigation-related aquifer compaction; volcanic inflation or deflation (magma movement without discrete faulting); post-seismic afterslip or viscoelastic relaxation; seasonal hydrological loading; a strain transient on a creeping (aseismic) fault segment.,"Independent evidence of discrete offset: a displaced contact or marker bed, deflected or offset drainage, a facies termination, a fault-plane solution aligned with the lineament, a published structural interpretation, or field observation. None is claimed here.","MEASURED CONTEXT + TEMPLATE HYPOTHESIS; no field observation, no geologist review"
263,1713,414700.0,4482200.0,3190.6,0.951885,0.516979,0.434907,1,3.7439,0.6,3.072,218.1,320.9,1042.6,0.8167,-13.9705,0.3465,0.5315,"Buried or cover-hidden ACTIVE fault (H72-A): the deformation-only view is confident (geodetic second invariant / shear / dilatation gradients and their coherence, earthquake-density kernel edge) while the surface view abstains (no DEM scarp, no slope lineament, no radiometric lineament) -- consistent with a young blind fault straining and micro-seismic beneath cover. HYPOTHESIS, not verified geology.",Anthropogenic subsidence from groundwater withdrawal; irrigation-related aquifer compaction; volcanic inflation or deflation (magma movement without discrete faulting); post-seismic afterslip or viscoelastic relaxation; seasonal hydrological loading; a strain transient on a creeping (aseismic) fault segment.,"Independent evidence of discrete offset: a displaced contact or marker bed, deflected or offset drainage, a facies termination, a fault-plane solution aligned with the lineament, a published structural interpretation, or field observation. None is claimed here.","MEASURED CONTEXT + TEMPLATE HYPOTHESIS; no field observation, no geologist review"
264,1697,413100.0,4482100.0,2596.2,0.954973,0.385948,0.569025,1,3.8849,0.6925,3.0925,218.5547,320.8091,1458.3,0.3673,-15.3595,0.3858,0.6654,"Buried or cover-hidden ACTIVE fault (H72-A): the deformation-only view is confident (geodetic second invariant / shear / dilatation gradients and their coherence, earthquake-density kernel edge) while the surface view abstains (no DEM scarp, no slope lineament, no radiometric lineament) -- consistent with a young blind fault straining and micro-seismic beneath cover. HYPOTHESIS, not verified geology.",Anthropogenic subsidence from groundwater withdrawal; irrigation-related aquifer compaction; volcanic inflation or deflation (magma movement without discrete faulting); post-seismic afterslip or viscoelastic relaxation; seasonal hydrological loading; a strain transient on a creeping (aseismic) fault segment.,"Independent evidence of discrete offset: a displaced contact or marker bed, deflected or offset drainage, a facies termination, a fault-plane solution aligned with the lineament, a published structural interpretation, or field observation. None is claimed here.","MEASURED CONTEXT + TEMPLATE HYPOTHESIS; no field observation, no geologist review"
265,1703,413700.0,4482000.0,3201.6,0.969765,0.368823,0.600942,1,3.8265,0.6265,3.1,218.1,320.9,1378.8,0.4571,-15.6246,0.4409,0.6535,"Buried or cover-hidden ACTIVE fault (H72-A): the deformation-only view is confident (geodetic second invariant / shear / dilatation gradients and their coherence, earthquake-density kernel edge) while the surface view abstains (no DEM scarp, no slope lineament, no radiometric lineament) -- consistent with a young blind fault straining and micro-seismic beneath cover. HYPOTHESIS, not verified geology.",Anthropogenic subsidence from groundwater withdrawal; irrigation-related aquifer compaction; volcanic inflation or deflation (magma movement without discrete faulting); post-seismic afterslip or viscoelastic relaxation; seasonal hydrological loading; a strain transient on a creeping (aseismic) fault segment.,"Independent evidence of discrete offset: a displaced contact or marker bed, deflected or offset drainage, a facies termination, a fault-plane solution aligned with the lineament, a published structural interpretation, or field observation. None is claimed here.","MEASURED CONTEXT + TEMPLATE HYPOTHESIS; no field observation, no geologist review"
265,1706,414000.0,4482000.0,3492.8,0.955694,0.394561,0.561133,1,3.8,0.6,3.1,218.1,320.9,1315.0,0.5132,-15.7085,0.3819,0.6102,"Buried or cover-hidden ACTIVE fault (H72-A): the deformation-only view is confident (geodetic second invariant / shear / dilatation gradients and their coherence, earthquake-density kernel edge) while the surface view abstains (no DEM scarp, no slope lineament, no radiometric lineament) -- consistent with a young blind fault straining and micro-seismic beneath cover. HYPOTHESIS, not verified geology.",Anthropogenic subsidence from groundwater withdrawal; irrigation-related aquifer compaction; volcanic inflation or deflation (magma movement without discrete faulting); post-seismic afterslip or viscoelastic relaxation; seasonal hydrological loading; a strain transient on a creeping (aseismic) fault segment.,"Independent evidence of discrete offset: a displaced contact or marker bed, deflected or offset drainage, a facies termination, a fault-plane solution aligned with the lineament, a published structural interpretation, or field observation. None is claimed here.","MEASURED CONTEXT + TEMPLATE HYPOTHESIS; no field observation, no geologist review"
267,1699,413300.0,4481800.0,2844.3,0.956043,0.367167,0.588876,1,3.9,0.7,3.1,218.1577,320.8885,1570.8,0.5153,-15.8021,0.4291,0.6142,"Buried or cover-hidden ACTIVE fault (H72-A): the deformation-only view is confident (geodetic second invariant / shear / dilatation gradients and their coherence, earthquake-density kernel edge) while the surface view abstains (no DEM scarp, no slope lineament, no radiometric lineament) -- consistent with a young blind fault straining and micro-seismic beneath cover. HYPOTHESIS, not verified geology.",Anthropogenic subsidence from groundwater withdrawal; irrigation-related aquifer compaction; volcanic inflation or deflation (magma movement without discrete faulting); post-seismic afterslip or viscoelastic relaxation; seasonal hydrological loading; a strain transient on a creeping (aseismic) fault segment.,"Independent evidence of discrete offset: a displaced contact or marker bed, deflected or offset drainage, a facies termination, a fault-plane solution aligned with the lineament, a published structural interpretation, or field observation. None is claimed here.","MEASURED CONTEXT + TEMPLATE HYPOTHESIS; no field observation, no geologist review"
267,1715,414900.0,4481800.0,3265.0,0.953355,0.430511,0.522843,1,3.8,0.6,3.1,218.1,321.489,1142.2,1.0681,-14.3464,0.3661,0.4173,"Buried or cover-hidden ACTIVE fault (H72-A): the deformation-only view is confident (geodetic second invariant / shear / dilatation gradients and their coherence, earthquake-density kernel edge) while the surface view abstains (no DEM scarp, no slope lineament, no radiometric lineament) -- consistent with a young blind fault straining and micro-seismic beneath cover. HYPOTHESIS, not verified geology.",Anthropogenic subsidence from groundwater withdrawal; irrigation-related aquifer compaction; volcanic inflation or deflation (magma movement without discrete faulting); post-seismic afterslip or viscoelastic relaxation; seasonal hydrological loading; a strain transient on a creeping (aseismic) fault segment.,"Independent evidence of discrete offset: a displaced contact or marker bed, deflected or offset drainage, a facies termination, a fault-plane solution aligned with the lineament, a published structural interpretation, or field observation. None is claimed here.","MEASURED CONTEXT + TEMPLATE HYPOTHESIS; no field observation, no geologist review"
269,1702,413600.0,4481600.0,3178.0,0.957858,0.397931,0.559927,1,3.8462,0.6462,3.1,218.1,320.9,1611.1,0.5308,-16.2586,0.3819,0.6535,"Buried or cover-hidden ACTIVE fault (H72-A): the deformation-only view is confident (geodetic second invariant / shear / dilatation gradients and their coherence, earthquake-density kernel edge) while the surface view abstains (no DEM scarp, no slope lineament, no radiometric lineament) -- consistent with a young blind fault straining and micro-seismic beneath cover. HYPOTHESIS, not verified geology.",Anthropogenic subsidence from groundwater withdrawal; irrigation-related aquifer compaction; volcanic inflation or deflation (magma movement without discrete faulting); post-seismic afterslip or viscoelastic relaxation; seasonal hydrological loading; a strain transient on a creeping (aseismic) fault segment.,"Independent evidence of discrete offset: a displaced contact or marker bed, deflected or offset drainage, a facies termination, a fault-plane solution aligned with the lineament, a published structural interpretation, or field observation. None is claimed here.","MEASURED CONTEXT + TEMPLATE HYPOTHESIS; no field observation, no geologist review"
269,1708,414200.0,4481600.0,3765.6,0.958385,0.377265,0.58112,1,3.8,0.6,3.1,218.1,320.9,1464.6,0.6156,-16.2969,0.3622,0.6378,"Buried or cover-hidden ACTIVE fault (H72-A): the deformation-only view is confident (geodetic second invariant / shear / dilatation gradients and their coherence, earthquake-density kernel edge) while the surface view abstains (no DEM scarp, no slope lineament, no radiometric lineament) -- consistent with a young blind fault straining and micro-seismic beneath cover. HYPOTHESIS, not verified geology.",Anthropogenic subsidence from groundwater withdrawal; irrigation-related aquifer compaction; volcanic inflation or deflation (magma movement without discrete faulting); post-seismic afterslip or viscoelastic relaxation; seasonal hydrological loading; a strain transient on a creeping (aseismic) fault segment.,"Independent evidence of discrete offset: a displaced contact or marker bed, deflected or offset drainage, a facies termination, a fault-plane solution aligned with the lineament, a published structural interpretation, or field observation. None is claimed here.","MEASURED CONTEXT + TEMPLATE HYPOTHESIS; no field observation, no geologist review"
269,1712,414600.0,4481600.0,3623.5,0.956094,0.455132,0.500962,1,3.8,0.6,3.1,218.1,320.9,1330.7,0.7859,-15.4891,0.3661,0.4921,"Buried or cover-hidden ACTIVE fault (H72-A): the deformation-only view is confident (geodetic second invariant / shear / dilatation gradients and their coherence, earthquake-density kernel edge) while the surface view abstains (no DEM scarp, no slope lineament, no radiometric lineament) -- consistent with a young blind fault straining and micro-seismic beneath cover. HYPOTHESIS, not verified geology.",Anthropogenic subsidence from groundwater withdrawal; irrigation-related aquifer compaction; volcanic inflation or deflation (magma movement without discrete faulting); post-seismic afterslip or viscoelastic relaxation; seasonal hydrological loading; a strain transient on a creeping (aseismic) fault segment.,"Independent evidence of discrete offset: a displaced contact or marker bed, deflected or offset drainage, a facies termination, a fault-plane solution aligned with the lineament, a published structural interpretation, or field observation. None is claimed here.","MEASURED CONTEXT + TEMPLATE HYPOTHESIS; no field observation, no geologist review"
270,1697,413100.0,4481500.0,2700.0,0.963304,0.631824,0.33148,1,3.9,0.7,3.1,218.554,321.6087,1776.5,0.5692,-16.1111,0.378,0.5512,"Buried or cover-hidden ACTIVE fault (H72-A): the deformation-only view is confident (geodetic second invariant / shear / dilatation gradients and their coherence, earthquake-density kernel edge) while the surface view abstains (no DEM scarp, no slope lineament, no radiometric lineament) -- consistent with a young blind fault straining and micro-seismic beneath cover. HYPOTHESIS, not verified geology.",Anthropogenic subsidence from groundwater withdrawal; irrigation-related aquifer compaction; volcanic inflation or deflation (magma movement without discrete faulting); post-seismic afterslip or viscoelastic relaxation; seasonal hydrological loading; a strain transient on a creeping (aseismic) fault segment.,"Independent evidence of discrete offset: a displaced contact or marker bed, deflected or offset drainage, a facies termination, a fault-plane solution aligned with the lineament, a published structural interpretation, or field observation. None is claimed here.","MEASURED CONTEXT + TEMPLATE HYPOTHESIS; no field observation, no geologist review"
271,1717,415100.0,4481400.0,3324.2,0.966103,0.584512,0.381591,1,3.8,0.6,3.1,218.1,326.2089,1247.7,0.8745,-15.0426,0.4094,0.4528,"Buried or cover-hidden ACTIVE fault (H72-A): the deformation-only view is confident (geodetic second invariant / shear / dilatation gradients and their coherence, earthquake-density kernel edge) while the surface view abstains (no DEM scarp, no slope lineament, no radiometric lineament) -- consistent with a young blind fault straining and micro-seismic beneath cover. HYPOTHESIS, not verified geology.",Anthropogenic subsidence from groundwater withdrawal; irrigation-related aquifer compaction; volcanic inflation or deflation (magma movement without discrete faulting); post-seismic afterslip or viscoelastic relaxation; seasonal hydrological loading; a strain transient on a creeping (aseismic) fault segment.,"Independent evidence of discrete offset: a displaced contact or marker bed, deflected or offset drainage, a facies termination, a fault-plane solution aligned with the lineament, a published structural interpretation, or field observation. None is claimed here.","MEASURED CONTEXT + TEMPLATE HYPOTHESIS; no field observation, no geologist review"
272,1706,414000.0,4481300.0,3517.1,0.955779,0.381588,0.574192,1,3.8,0.6,3.1,218.1,326.7037,1677.2,0.4384,-17.0606,0.3661,0.6142,"Buried or cover-hidden ACTIVE fault (H72-A): the deformation-only view is confident (geodetic second invariant / shear / dilatation gradients and their coherence, earthquake-density kernel edge) while the surface view abstains (no DEM scarp, no slope lineament, no radiometric lineament) -- consistent with a young blind fault straining and micro-seismic beneath cover. HYPOTHESIS, not verified geology.",Anthropogenic subsidence from groundwater withdrawal; irrigation-related aquifer compaction; volcanic inflation or deflation (magma movement without discrete faulting); post-seismic afterslip or viscoelastic relaxation; seasonal hydrological loading; a strain transient on a creeping (aseismic) fault segment.,"Independent evidence of discrete offset: a displaced contact or marker bed, deflected or offset drainage, a facies termination, a fault-plane solution aligned with the lineament, a published structural interpretation, or field observation. None is claimed here.","MEASURED CONTEXT + TEMPLATE HYPOTHESIS; no field observation, no geologist review"
272,1709,414300.0,4481300.0,3807.9,0.953304,0.379956,0.573348,1,3.8,0.6,3.1,218.1,326.6971,1579.8,0.3929,-16.7467,0.3937,0.6102,"Buried or cover-hidden ACTIVE fault (H72-A): the deformation-only view is confident (geodetic second invariant / shear / dilatation gradients and their coherence, earthquake-density kernel edge) while the surface view abstains (no DEM scarp, no slope lineament, no radiometric lineament) -- consistent with a young blind fault straining and micro-seismic beneath cover. HYPOTHESIS, not verified geology.",Anthropogenic subsidence from groundwater withdrawal; irrigation-related aquifer compaction; volcanic inflation or deflation (magma movement without discrete faulting); post-seismic afterslip or viscoelastic relaxation; seasonal hydrological loading; a strain transient on a creeping (aseismic) fault segment.,"Independent evidence of discrete offset: a displaced contact or marker bed, deflected or offset drainage, a facies termination, a fault-plane solution aligned with the lineament, a published structural interpretation, or field observation. None is claimed here.","MEASURED CONTEXT + TEMPLATE HYPOTHESIS; no field observation, no geologist review"
272,1720,415400.0,4481300.0,3087.1,0.953802,0.587489,0.366313,1,3.7784,0.5892,3.1,218.1,328.9401,1166.4,1.0909,-14.4627,0.4055,0.3937,"Buried or cover-hidden ACTIVE fault (H72-A): the deformation-only view is confident (geodetic second invariant / shear / dilatation gradients and their coherence, earthquake-density kernel edge) while the surface view abstains (no DEM scarp, no slope lineament, no radiometric lineament) -- consistent with a young blind fault straining and micro-seismic beneath cover. HYPOTHESIS, not verified geology.",Anthropogenic subsidence from groundwater withdrawal; irrigation-related aquifer compaction; volcanic inflation or deflation (magma movement without discrete faulting); post-seismic afterslip or viscoelastic relaxation; seasonal hydrological loading; a strain transient on a creeping (aseismic) fault segment.,"Independent evidence of discrete offset: a displaced contact or marker bed, deflected or offset drainage, a facies termination, a fault-plane solution aligned with the lineament, a published structural interpretation, or field observation. None is claimed here.","MEASURED CONTEXT + TEMPLATE HYPOTHESIS; no field observation, no geologist review"
275,1715,414900.0,4481000.0,3667.4,0.951873,0.491876,0.459997,1,3.8,0.6,3.1,218.9742,331.6767,1503.3,0.2917,-16.5242,0.4409,0.5197,"Buried or cover-hidden ACTIVE fault (H72-A): the deformation-only view is confident (geodetic second invariant / shear / dilatation gradients and their coherence, earthquake-density kernel edge) while the surface view abstains (no DEM scarp, no slope lineament, no radiometric lineament) -- consistent with a young blind fault straining and micro-seismic beneath cover. HYPOTHESIS, not verified geology.",Anthropogenic subsidence from groundwater withdrawal; irrigation-related aquifer compaction; volcanic inflation or deflation (magma movement without discrete faulting); post-seismic afterslip or viscoelastic relaxation; seasonal hydrological loading; a strain transient on a creeping (aseismic) fault segment.,"Independent evidence of discrete offset: a displaced contact or marker bed, deflected or offset drainage, a facies termination, a fault-plane solution aligned with the lineament, a published structural interpretation, or field observation. None is claimed here.","MEASURED CONTEXT + TEMPLATE HYPOTHESIS; no field observation, no geologist review"
276,1709,414300.0,4480900.0,3700.0,0.959873,0.449946,0.509927,1,3.8,0.6,3.1,220.233,331.7,1800.7,0.3386,-17.7117,0.4213,0.5669,"Buried or cover-hidden ACTIVE fault (H72-A): the deformation-only view is confident (geodetic second invariant / shear / dilatation gradients and their coherence, earthquake-density kernel edge) while the surface view abstains (no DEM scarp, no slope lineament, no radiometric lineament) -- consistent with a young blind fault straining and micro-seismic beneath cover. HYPOTHESIS, not verified geology.",Anthropogenic subsidence from groundwater withdrawal; irrigation-related aquifer compaction; volcanic inflation or deflation (magma movement without discrete faulting); post-seismic afterslip or viscoelastic relaxation; seasonal hydrological loading; a strain transient on a creeping (aseismic) fault segment.,"Independent evidence of discrete offset: a displaced contact or marker bed, deflected or offset drainage, a facies termination, a fault-plane solution aligned with the lineament, a published structural interpretation, or field observation. None is claimed here.","MEASURED CONTEXT + TEMPLATE HYPOTHESIS; no field observation, no geologist review"
276,1712,414600.0,4480900.0,3981.2,0.953323,0.451984,0.501339,1,3.8,0.6,3.1,220.2292,331.7,1680.0,0.3002,-17.2742,0.3701,0.5591,"Buried or cover-hidden ACTIVE fault (H72-A): the deformation-only view is confident (geodetic second invariant / shear / dilatation gradients and their coherence, earthquake-density kernel edge) while the surface view abstains (no DEM scarp, no slope lineament, no radiometric lineament) -- consistent with a young blind fault straining and micro-seismic beneath cover. HYPOTHESIS, not verified geology.",Anthropogenic subsidence from groundwater withdrawal; irrigation-related aquifer compaction; volcanic inflation or deflation (magma movement without discrete faulting); post-seismic afterslip or viscoelastic relaxation; seasonal hydrological loading; a strain transient on a creeping (aseismic) fault segment.,"Independent evidence of discrete offset: a displaced contact or marker bed, deflected or offset drainage, a facies termination, a fault-plane solution aligned with the lineament, a published structural interpretation, or field observation. None is claimed here.","MEASURED CONTEXT + TEMPLATE HYPOTHESIS; no field observation, no geologist review"
277,1703,413700.0,4480800.0,3101.6,0.958271,0.514802,0.443469,1,3.8263,0.6263,3.1,221.4917,331.7,2045.8,0.4567,-17.9109,0.4055,0.5591,"Buried or cover-hidden ACTIVE fault (H72-A): the deformation-only view is confident (geodetic second invariant / shear / dilatation gradients and their coherence, earthquake-density kernel edge) while the surface view abstains (no DEM scarp, no slope lineament, no radiometric lineament) -- consistent with a young blind fault straining and micro-seismic beneath cover. HYPOTHESIS, not verified geology.",Anthropogenic subsidence from groundwater withdrawal; irrigation-related aquifer compaction; volcanic inflation or deflation (magma movement without discrete faulting); post-seismic afterslip or viscoelastic relaxation; seasonal hydrological loading; a strain transient on a creeping (aseismic) fault segment.,"Independent evidence of discrete offset: a displaced contact or marker bed, deflected or offset drainage, a facies termination, a fault-plane solution aligned with the lineament, a published structural interpretation, or field observation. None is claimed here.","MEASURED CONTEXT + TEMPLATE HYPOTHESIS; no field observation, no geologist review"
279,1700,413400.0,4480600.0,2751.4,0.958271,0.513202,0.445069,1,3.8858,0.6858,3.1,223.998,331.7,2252.0,0.3302,-18.1129,0.378,0.563,"Buried or cover-hidden ACTIVE fault (H72-A): the deformation-only view is confident (geodetic second invariant / shear / dilatation gradients and their coherence, earthquake-density kernel edge) while the surface view abstains (no DEM scarp, no slope lineament, no radiometric lineament) -- consistent with a young blind fault straining and micro-seismic beneath cover. HYPOTHESIS, not verified geology.",Anthropogenic subsidence from groundwater withdrawal; irrigation-related aquifer compaction; volcanic inflation or deflation (magma movement without discrete faulting); post-seismic afterslip or viscoelastic relaxation; seasonal hydrological loading; a strain transient on a creeping (aseismic) fault segment.,"Independent evidence of discrete offset: a displaced contact or marker bed, deflected or offset drainage, a facies termination, a fault-plane solution aligned with the lineament, a published structural interpretation, or field observation. None is claimed here.","MEASURED CONTEXT + TEMPLATE HYPOTHESIS; no field observation, no geologist review"
279,1707,414100.0,4480600.0,3420.5,0.971771,0.572256,0.399515,1,3.8,0.6,3.1,223.9892,331.7,2076.4,0.3917,-18.7852,0.3386,0.5118,"Buried or cover-hidden ACTIVE fault (H72-A): the deformation-only view is confident (geodetic second invariant / shear / dilatation gradients and their coherence, earthquake-density kernel edge) while the surface view abstains (no DEM scarp, no slope lineament, no radiometric lineament) -- consistent with a young blind fault straining and micro-seismic beneath cover. HYPOTHESIS, not verified geology.",Anthropogenic subsidence from groundwater withdrawal; irrigation-related aquifer compaction; volcanic inflation or deflation (magma movement without discrete faulting); post-seismic afterslip or viscoelastic relaxation; seasonal hydrological loading; a strain transient on a creeping (aseismic) fault segment.,"Independent evidence of discrete offset: a displaced contact or marker bed, deflected or offset drainage, a facies termination, a fault-plane solution aligned with the lineament, a published structural interpretation, or field observation. None is claimed here.","MEASURED CONTEXT + TEMPLATE HYPOTHESIS; no field observation, no geologist review"
279,1712,414600.0,4480600.0,3905.1,0.966166,0.485135,0.481032,1,3.8,0.6,3.1,223.983,331.7,1858.4,0.3887,-18.1533,0.3701,0.5748,"Buried or cover-hidden ACTIVE fault (H72-A): the deformation-only view is confident (geodetic second invariant / shear / dilatation gradients and their coherence, earthquake-density kernel edge) while the surface view abstains (no DEM scarp, no slope lineament, no radiometric lineament) -- consistent with a young blind fault straining and micro-seismic beneath cover. HYPOTHESIS, not verified geology.",Anthropogenic subsidence from groundwater withdrawal; irrigation-related aquifer compaction; volcanic inflation or deflation (magma movement without discrete faulting); post-seismic afterslip or viscoelastic relaxation; seasonal hydrological loading; a strain transient on a creeping (aseismic) fault segment.,"Independent evidence of discrete offset: a displaced contact or marker bed, deflected or offset drainage, a facies termination, a fault-plane solution aligned with the lineament, a published structural interpretation, or field observation. None is claimed here.","MEASURED CONTEXT + TEMPLATE HYPOTHESIS; no field observation, no geologist review"
279,1715,414900.0,4480600.0,3858.8,0.95034,0.390835,0.559505,1,3.8,0.6,3.1,223.9792,331.6766,1727.7,0.2848,-17.774,0.3661,0.4409,"Buried or cover-hidden ACTIVE fault (H72-A): the deformation-only view is confident (geodetic second invariant / shear / dilatation gradients and their coherence, earthquake-density kernel edge) while the surface view abstains (no DEM scarp, no slope lineament, no radiometric lineament) -- consistent with a young blind fault straining and micro-seismic beneath cover. HYPOTHESIS, not verified geology.",Anthropogenic subsidence from groundwater withdrawal; irrigation-related aquifer compaction; volcanic inflation or deflation (magma movement without discrete faulting); post-seismic afterslip or viscoelastic relaxation; seasonal hydrological loading; a strain transient on a creeping (aseismic) fault segment.,"Independent evidence of discrete offset: a displaced contact or marker bed, deflected or offset drainage, a facies termination, a fault-plane solution aligned with the lineament, a published structural interpretation, or field observation. None is claimed here.","MEASURED CONTEXT + TEMPLATE HYPOTHESIS; no field observation, no geologist review"
280,1704,413800.0,4480500.0,3104.8,0.960149,0.512231,0.447918,1,3.8217,0.6064,3.1152,224.3,331.7,2219.2,0.4029,-18.7714,0.4528,0.5394,"Buried or cover-hidden ACTIVE fault (H72-A): the deformation-only view is confident (geodetic second invariant / shear / dilatation gradients and their coherence, earthquake-density kernel edge) while the surface view abstains (no DEM scarp, no slope lineament, no radiometric lineament) -- consistent with a young blind fault straining and micro-seismic beneath cover. HYPOTHESIS, not verified geology.",Anthropogenic subsidence from groundwater withdrawal; irrigation-related aquifer compaction; volcanic inflation or deflation (magma movement without discrete faulting); post-seismic afterslip or viscoelastic relaxation; seasonal hydrological loading; a strain transient on a creeping (aseismic) fault segment.,"Independent evidence of discrete offset: a displaced contact or marker bed, deflected or offset drainage, a facies termination, a fault-plane solution aligned with the lineament, a published structural interpretation, or field observation. None is claimed here.","MEASURED CONTEXT + TEMPLATE HYPOTHESIS; no field observation, no geologist review"
280,1718,415200.0,4480500.0,3662.0,0.9563,0.643258,0.313041,1,3.8149,0.6,3.1149,224.3,331.5576,1642.9,0.8313,-17.6229,0.2559,0.4567,"Buried or cover-hidden ACTIVE fault (H72-A): the deformation-only view is confident (geodetic second invariant / shear / dilatation gradients and their coherence, earthquake-density kernel edge) while the surface view abstains (no DEM scarp, no slope lineament, no radiometric lineament) -- consistent with a young blind fault straining and micro-seismic beneath cover. HYPOTHESIS, not verified geology.",Anthropogenic subsidence from groundwater withdrawal; irrigation-related aquifer compaction; volcanic inflation or deflation (magma movement without discrete faulting); post-seismic afterslip or viscoelastic relaxation; seasonal hydrological loading; a strain transient on a creeping (aseismic) fault segment.,"Independent evidence of discrete offset: a displaced contact or marker bed, deflected or offset drainage, a facies termination, a fault-plane solution aligned with the lineament, a published structural interpretation, or field observation. None is claimed here.","MEASURED CONTEXT + TEMPLATE HYPOTHESIS; no field observation, no geologist review"
282,1709,414300.0,4480300.0,3551.1,0.973828,0.596426,0.377402,1,3.8555,0.6,3.1555,224.3,331.7,2177.8,0.2594,-19.3533,0.2992,0.5118,"Buried or cover-hidden ACTIVE fault (H72-A): the deformation-only view is confident (geodetic second invariant / shear / dilatation gradients and their coherence, earthquake-density kernel edge) while the surface view abstains (no DEM scarp, no slope lineament, no radiometric lineament) -- consistent with a young blind fault straining and micro-seismic beneath cover. HYPOTHESIS, not verified geology.",Anthropogenic subsidence from groundwater withdrawal; irrigation-related aquifer compaction; volcanic inflation or deflation (magma movement without discrete faulting); post-seismic afterslip or viscoelastic relaxation; seasonal hydrological loading; a strain transient on a creeping (aseismic) fault segment.,"Independent evidence of discrete offset: a displaced contact or marker bed, deflected or offset drainage, a facies termination, a fault-plane solution aligned with the lineament, a published structural interpretation, or field observation. None is claimed here.","MEASURED CONTEXT + TEMPLATE HYPOTHESIS; no field observation, no geologist review"
282,1713,414700.0,4480300.0,3945.9,0.957769,0.501872,0.455897,1,3.8554,0.6,3.1554,224.3,331.7,1989.9,0.2183,-18.9254,0.3937,0.4055,"Buried or cover-hidden ACTIVE fault (H72-A): the deformation-only view is confident (geodetic second invariant / shear / dilatation gradients and their coherence, earthquake-density kernel edge) while the surface view abstains (no DEM scarp, no slope lineament, no radiometric lineament) -- consistent with a young blind fault straining and micro-seismic beneath cover. HYPOTHESIS, not verified geology.",Anthropogenic subsidence from groundwater withdrawal; irrigation-related aquifer compaction; volcanic inflation or deflation (magma movement without discrete faulting); post-seismic afterslip or viscoelastic relaxation; seasonal hydrological loading; a strain transient on a creeping (aseismic) fault segment.,"Independent evidence of discrete offset: a displaced contact or marker bed, deflected or offset drainage, a facies termination, a fault-plane solution aligned with the lineament, a published structural interpretation, or field observation. None is claimed here.","MEASURED CONTEXT + TEMPLATE HYPOTHESIS; no field observation, no geologist review"
283,1718,415200.0,4480200.0,3841.9,0.954945,0.631488,0.323457,1,3.8755,0.6,3.1755,224.3,331.5575,1800.8,0.6767,-18.6239,0.3622,0.4803,"Buried or cover-hidden ACTIVE fault (H72-A): the deformation-only view is confident (geodetic second invariant / shear / dilatation gradients and their coherence, earthquake-density kernel edge) while the surface view abstains (no DEM scarp, no slope lineament, no radiometric lineament) -- consistent with a young blind fault straining and micro-seismic beneath cover. HYPOTHESIS, not verified geology.",Anthropogenic subsidence from groundwater withdrawal; irrigation-related aquifer compaction; volcanic inflation or deflation (magma movement without discrete faulting); post-seismic afterslip or viscoelastic relaxation; seasonal hydrological loading; a strain transient on a creeping (aseismic) fault segment.,"Independent evidence of discrete offset: a displaced contact or marker bed, deflected or offset drainage, a facies termination, a fault-plane solution aligned with the lineament, a published structural interpretation, or field observation. None is claimed here.","MEASURED CONTEXT + TEMPLATE HYPOTHESIS; no field observation, no geologist review"
284,1696,413000.0,4480100.0,2236.1,0.953637,0.560419,0.393219,1,3.9961,0.7,3.1961,225.4059,324.5442,2655.2,0.5085,-18.7174,0.4055,0.4803,"Buried or cover-hidden ACTIVE fault (H72-A): the deformation-only view is confident (geodetic second invariant / shear / dilatation gradients and their coherence, earthquake-density kernel edge) while the surface view abstains (no DEM scarp, no slope lineament, no radiometric lineament) -- consistent with a young blind fault straining and micro-seismic beneath cover. HYPOTHESIS, not verified geology.",Anthropogenic subsidence from groundwater withdrawal; irrigation-related aquifer compaction; volcanic inflation or deflation (magma movement without discrete faulting); post-seismic afterslip or viscoelastic relaxation; seasonal hydrological loading; a strain transient on a creeping (aseismic) fault segment.,"Independent evidence of discrete offset: a displaced contact or marker bed, deflected or offset drainage, a facies termination, a fault-plane solution aligned with the lineament, a published structural interpretation, or field observation. None is claimed here.","MEASURED CONTEXT + TEMPLATE HYPOTHESIS; no field observation, no geologist review"
285,1704,413800.0,4480000.0,3015.0,0.955754,0.555087,0.400667,1,3.9064,0.6064,3.2,224.3,331.7,2544.5,0.3533,-20.0466,0.3425,0.563,"Buried or cover-hidden ACTIVE fault (H72-A): the deformation-only view is confident (geodetic second invariant / shear / dilatation gradients and their coherence, earthquake-density kernel edge) while the surface view abstains (no DEM scarp, no slope lineament, no radiometric lineament) -- consistent with a young blind fault straining and micro-seismic beneath cover. HYPOTHESIS, not verified geology.",Anthropogenic subsidence from groundwater withdrawal; irrigation-related aquifer compaction; volcanic inflation or deflation (magma movement without discrete faulting); post-seismic afterslip or viscoelastic relaxation; seasonal hydrological loading; a strain transient on a creeping (aseismic) fault segment.,"Independent evidence of discrete offset: a displaced contact or marker bed, deflected or offset drainage, a facies termination, a fault-plane solution aligned with the lineament, a published structural interpretation, or field observation. None is claimed here.","MEASURED CONTEXT + TEMPLATE HYPOTHESIS; no field observation, no geologist review"
286,1707,414100.0,4479900.0,3306.1,0.955161,0.422444,0.532716,1,3.9,0.6,3.2,224.3,331.7,2525.5,0.4129,-20.5771,0.5197,0.4094,"Buried or cover-hidden ACTIVE fault (H72-A): the deformation-only view is confident (geodetic second invariant / shear / dilatation gradients and their coherence, earthquake-density kernel edge) while the surface view abstains (no DEM scarp, no slope lineament, no radiometric lineament) -- consistent with a young blind fault straining and micro-seismic beneath cover. HYPOTHESIS, not verified geology.",Anthropogenic subsidence from groundwater withdrawal; irrigation-related aquifer compaction; volcanic inflation or deflation (magma movement without discrete faulting); post-seismic afterslip or viscoelastic relaxation; seasonal hydrological loading; a strain transient on a creeping (aseismic) fault segment.,"Independent evidence of discrete offset: a displaced contact or marker bed, deflected or offset drainage, a facies termination, a fault-plane solution aligned with the lineament, a published structural interpretation, or field observation. None is claimed here.","MEASURED CONTEXT + TEMPLATE HYPOTHESIS; no field observation, no geologist review"
289,1705,413900.0,4479600.0,3100.0,0.968509,0.420591,0.547918,1,3.9,0.6,3.2,224.3,331.7,2762.6,0.3427,-21.1629,0.3346,0.5984,"Buried or cover-hidden ACTIVE fault (H72-A): the deformation-only view is confident (geodetic second invariant / shear / dilatation gradients and their coherence, earthquake-density kernel edge) while the surface view abstains (no DEM scarp, no slope lineament, no radiometric lineament) -- consistent with a young blind fault straining and micro-seismic beneath cover. HYPOTHESIS, not verified geology.",Anthropogenic subsidence from groundwater withdrawal; irrigation-related aquifer compaction; volcanic inflation or deflation (magma movement without discrete faulting); post-seismic afterslip or viscoelastic relaxation; seasonal hydrological loading; a strain transient on a creeping (aseismic) fault segment.,"Independent evidence of discrete offset: a displaced contact or marker bed, deflected or offset drainage, a facies termination, a fault-plane solution aligned with the lineament, a published structural interpretation, or field observation. None is claimed here.","MEASURED CONTEXT + TEMPLATE HYPOTHESIS; no field observation, no geologist review"
294,1699,413300.0,4479100.0,2500.0,0.960416,0.455665,0.504751,1,4.0,0.7,3.2,224.3923,332.6063,3202.5,0.4555,-22.0904,0.378,0.6181,"Buried or cover-hidden ACTIVE fault (H72-A): the deformation-only view is confident (geodetic second invariant / shear / dilatation gradients and their coherence, earthquake-density kernel edge) while the surface view abstains (no DEM scarp, no slope lineament, no radiometric lineament) -- consistent with a young blind fault straining and micro-seismic beneath cover. HYPOTHESIS, not verified geology.",Anthropogenic subsidence from groundwater withdrawal; irrigation-related aquifer compaction; volcanic inflation or deflation (magma movement without discrete faulting); post-seismic afterslip or viscoelastic relaxation; seasonal hydrological loading; a strain transient on a creeping (aseismic) fault segment.,"Independent evidence of discrete offset: a displaced contact or marker bed, deflected or offset drainage, a facies termination, a fault-plane solution aligned with the lineament, a published structural interpretation, or field observation. None is claimed here.","MEASURED CONTEXT + TEMPLATE HYPOTHESIS; no field observation, no geologist review"
295,1709,414300.0,4479000.0,3500.0,0.952707,0.507528,0.44518,1,3.9,0.6,3.2,224.3,332.4,2945.8,0.4808,-22.5354,0.1969,0.6102,"Buried or cover-hidden ACTIVE fault (H72-A): the deformation-only view is confident (geodetic second invariant / shear / dilatation gradients and their coherence, earthquake-density kernel edge) while the surface view abstains (no DEM scarp, no slope lineament, no radiometric lineament) -- consistent with a young blind fault straining and micro-seismic beneath cover. HYPOTHESIS, not verified geology.",Anthropogenic subsidence from groundwater withdrawal; irrigation-related aquifer compaction; volcanic inflation or deflation (magma movement without discrete faulting); post-seismic afterslip or viscoelastic relaxation; seasonal hydrological loading; a strain transient on a creeping (aseismic) fault segment.,"Independent evidence of discrete offset: a displaced contact or marker bed, deflected or offset drainage, a facies termination, a fault-plane solution aligned with the lineament, a published structural interpretation, or field observation. None is claimed here.","MEASURED CONTEXT + TEMPLATE HYPOTHESIS; no field observation, no geologist review"
298,1400,383400.0,4478700.0,2282.5,0.954345,0.580196,0.374149,1,6.7049,1.7699,4.7,195.2853,299.4,276.8,0.5722,-11.9748,0.3819,0.7638,"Buried or cover-hidden ACTIVE fault (H72-A): the deformation-only view is confident (geodetic second invariant / shear / dilatation gradients and their coherence, earthquake-density kernel edge) while the surface view abstains (no DEM scarp, no slope lineament, no radiometric lineament) -- consistent with a young blind fault straining and micro-seismic beneath cover. HYPOTHESIS, not verified geology.",Anthropogenic subsidence from groundwater withdrawal; irrigation-related aquifer compaction; volcanic inflation or deflation (magma movement without discrete faulting); post-seismic afterslip or viscoelastic relaxation; seasonal hydrological loading; a strain transient on a creeping (aseismic) fault segment.,"Independent evidence of discrete offset: a displaced contact or marker bed, deflected or offset drainage, a facies termination, a fault-plane solution aligned with the lineament, a published structural interpretation, or field observation. None is claimed here.","MEASURED CONTEXT + TEMPLATE HYPOTHESIS; no field observation, no geologist review"
298,1703,413700.0,4478700.0,2900.0,0.963501,0.625997,0.337503,1,3.9261,0.6261,3.2,224.3,332.4,3221.3,0.4655,-23.0586,0.2756,0.5512,"Buried or cover-hidden ACTIVE fault (H72-A): the deformation-only view is confident (geodetic second invariant / shear / dilatation gradients and their coherence, earthquake-density kernel edge) while the surface view abstains (no DEM scarp, no slope lineament, no radiometric lineament) -- consistent with a young blind fault straining and micro-seismic beneath cover. HYPOTHESIS, not verified geology.",Anthropogenic subsidence from groundwater withdrawal; irrigation-related aquifer compaction; volcanic inflation or deflation (magma movement without discrete faulting); post-seismic afterslip or viscoelastic relaxation; seasonal hydrological loading; a strain transient on a creeping (aseismic) fault segment.,"Independent evidence of discrete offset: a displaced contact or marker bed, deflected or offset drainage, a facies termination, a fault-plane solution aligned with the lineament, a published structural interpretation, or field observation. None is claimed here.","MEASURED CONTEXT + TEMPLATE HYPOTHESIS; no field observation, no geologist review"
298,1708,414200.0,4478700.0,3400.0,0.950775,0.637187,0.313587,1,3.9,0.6,3.2,224.3,332.4,3099.7,0.3844,-23.0466,0.378,0.6496,"Buried or cover-hidden ACTIVE fault (H72-A): the deformation-only view is confident (geodetic second invariant / shear / dilatation gradients and their coherence, earthquake-density kernel edge) while the surface view abstains (no DEM scarp, no slope lineament, no radiometric lineament) -- consistent with a young blind fault straining and micro-seismic beneath cover. HYPOTHESIS, not verified geology.",Anthropogenic subsidence from groundwater withdrawal; irrigation-related aquifer compaction; volcanic inflation or deflation (magma movement without discrete faulting); post-seismic afterslip or viscoelastic relaxation; seasonal hydrological loading; a strain transient on a creeping (aseismic) fault segment.,"Independent evidence of discrete offset: a displaced contact or marker bed, deflected or offset drainage, a facies termination, a fault-plane solution aligned with the lineament, a published structural interpretation, or field observation. None is claimed here.","MEASURED CONTEXT + TEMPLATE HYPOTHESIS; no field observation, no geologist review"
300,1419,385300.0,4478500.0,4111.0,0.965744,0.551247,0.414498,1,6.5674,1.6581,4.7256,191.3,296.9,464.7,1.2058,-14.9021,0.4606,0.6339,"Buried or cover-hidden ACTIVE fault (H72-A): the deformation-only view is confident (geodetic second invariant / shear / dilatation gradients and their coherence, earthquake-density kernel edge) while the surface view abstains (no DEM scarp, no slope lineament, no radiometric lineament) -- consistent with a young blind fault straining and micro-seismic beneath cover. HYPOTHESIS, not verified geology.",Anthropogenic subsidence from groundwater withdrawal; irrigation-related aquifer compaction; volcanic inflation or deflation (magma movement without discrete faulting); post-seismic afterslip or viscoelastic relaxation; seasonal hydrological loading; a strain transient on a creeping (aseismic) fault segment.,"Independent evidence of discrete offset: a displaced contact or marker bed, deflected or offset drainage, a facies termination, a fault-plane solution aligned with the lineament, a published structural interpretation, or field observation. None is claimed here.","MEASURED CONTEXT + TEMPLATE HYPOTHESIS; no field observation, no geologist review"
300,1712,414600.0,4478500.0,3800.0,0.966557,0.631799,0.334758,1,3.9187,0.6187,3.2187,224.3,332.4,2973.1,0.5038,-23.0895,0.2913,0.6063,"Buried or cover-hidden ACTIVE fault (H72-A): the deformation-only view is confident (geodetic second invariant / shear / dilatation gradients and their coherence, earthquake-density kernel edge) while the surface view abstains (no DEM scarp, no slope lineament, no radiometric lineament) -- consistent with a young blind fault straining and micro-seismic beneath cover. HYPOTHESIS, not verified geology.",Anthropogenic subsidence from groundwater withdrawal; irrigation-related aquifer compaction; volcanic inflation or deflation (magma movement without discrete faulting); post-seismic afterslip or viscoelastic relaxation; seasonal hydrological loading; a strain transient on a creeping (aseismic) fault segment.,"Independent evidence of discrete offset: a displaced contact or marker bed, deflected or offset drainage, a facies termination, a fault-plane solution aligned with the lineament, a published structural interpretation, or field observation. None is claimed here.","MEASURED CONTEXT + TEMPLATE HYPOTHESIS; no field observation, no geologist review"
308,1723,415700.0,4477700.0,4900.0,0.954669,0.362686,0.591983,1,3.9293,0.6293,3.2293,224.3,338.9,2621.6,0.3319,-23.0221,0.3189,0.6929,"Buried or cover-hidden ACTIVE fault (H72-A): the deformation-only view is confident (geodetic second invariant / shear / dilatation gradients and their coherence, earthquake-density kernel edge) while the surface view abstains (no DEM scarp, no slope lineament, no radiometric lineament) -- consistent with a young blind fault straining and micro-seismic beneath cover. HYPOTHESIS, not verified geology.",Anthropogenic subsidence from groundwater withdrawal; irrigation-related aquifer compaction; volcanic inflation or deflation (magma movement without discrete faulting); post-seismic afterslip or viscoelastic relaxation; seasonal hydrological loading; a strain transient on a creeping (aseismic) fault segment.,"Independent evidence of discrete offset: a displaced contact or marker bed, deflected or offset drainage, a facies termination, a fault-plane solution aligned with the lineament, a published structural interpretation, or field observation. None is claimed here.","MEASURED CONTEXT + TEMPLATE HYPOTHESIS; no field observation, no geologist review"
309,1749,418300.0,4477600.0,3612.5,0.954875,0.547255,0.40762,1,3.6,0.5,3.1,227.6,343.8,1345.3,0.6917,-19.16,0.3976,0.5984,"Buried or cover-hidden ACTIVE fault (H72-A): the deformation-only view is confident (geodetic second invariant / shear / dilatation gradients and their coherence, earthquake-density kernel edge) while the surface view abstains (no DEM scarp, no slope lineament, no radiometric lineament) -- consistent with a young blind fault straining and micro-seismic beneath cover. HYPOTHESIS, not verified geology.",Anthropogenic subsidence from groundwater withdrawal; irrigation-related aquifer compaction; volcanic inflation or deflation (magma movement without discrete faulting); post-seismic afterslip or viscoelastic relaxation; seasonal hydrological loading; a strain transient on a creeping (aseismic) fault segment.,"Independent evidence of discrete offset: a displaced contact or marker bed, deflected or offset drainage, a facies termination, a fault-plane solution aligned with the lineament, a published structural interpretation, or field observation. None is claimed here.","MEASURED CONTEXT + TEMPLATE HYPOTHESIS; no field observation, no geologist review"
310,1400,383400.0,4477500.0,3048.0,0.973148,0.52469,0.448458,1,6.8695,1.7695,4.8348,195.2624,300.153,306.4,0.1772,-11.4647,0.4685,0.5984,"Buried or cover-hidden ACTIVE fault (H72-A): the deformation-only view is confident (geodetic second invariant / shear / dilatation gradients and their coherence, earthquake-density kernel edge) while the surface view abstains (no DEM scarp, no slope lineament, no radiometric lineament) -- consistent with a young blind fault straining and micro-seismic beneath cover. HYPOTHESIS, not verified geology.",Anthropogenic subsidence from groundwater withdrawal; irrigation-related aquifer compaction; volcanic inflation or deflation (magma movement without discrete faulting); post-seismic afterslip or viscoelastic relaxation; seasonal hydrological loading; a strain transient on a creeping (aseismic) fault segment.,"Independent evidence of discrete offset: a displaced contact or marker bed, deflected or offset drainage, a facies termination, a fault-plane solution aligned with the lineament, a published structural interpretation, or field observation. None is claimed here.","MEASURED CONTEXT + TEMPLATE HYPOTHESIS; no field observation, no geologist review"
310,1720,415400.0,4477500.0,4600.0,0.960425,0.428436,0.53199,1,3.9888,0.6888,3.2888,224.3,340.1013,2854.8,0.2529,-23.5248,0.4724,0.6535,"Buried or cover-hidden ACTIVE fault (H72-A): the deformation-only view is confident (geodetic second invariant / shear / dilatation gradients and their coherence, earthquake-density kernel edge) while the surface view abstains (no DEM scarp, no slope lineament, no radiometric lineament) -- consistent with a young blind fault straining and micro-seismic beneath cover. HYPOTHESIS, not verified geology.",Anthropogenic subsidence from groundwater withdrawal; irrigation-related aquifer compaction; volcanic inflation or deflation (magma movement without discrete faulting); post-seismic afterslip or viscoelastic relaxation; seasonal hydrological loading; a strain transient on a creeping (aseismic) fault segment.,"Independent evidence of discrete offset: a displaced contact or marker bed, deflected or offset drainage, a facies termination, a fault-plane solution aligned with the lineament, a published structural interpretation, or field observation. None is claimed here.","MEASURED CONTEXT + TEMPLATE HYPOTHESIS; no field observation, no geologist review"
316,1403,383700.0,4476900.0,3701.4,0.951651,0.564011,0.38764,1,6.8,1.7,4.8,191.3,302.1,309.2,1.0993,-11.2726,0.4843,0.689,"Buried or cover-hidden ACTIVE fault (H72-A): the deformation-only view is confident (geodetic second invariant / shear / dilatation gradients and their coherence, earthquake-density kernel edge) while the surface view abstains (no DEM scarp, no slope lineament, no radiometric lineament) -- consistent with a young blind fault straining and micro-seismic beneath cover. HYPOTHESIS, not verified geology.",Anthropogenic subsidence from groundwater withdrawal; irrigation-related aquifer compaction; volcanic inflation or deflation (magma movement without discrete faulting); post-seismic afterslip or viscoelastic relaxation; seasonal hydrological loading; a strain transient on a creeping (aseismic) fault segment.,"Independent evidence of discrete offset: a displaced contact or marker bed, deflected or offset drainage, a facies termination, a fault-plane solution aligned with the lineament, a published structural interpretation, or field observation. None is claimed here.","MEASURED CONTEXT + TEMPLATE HYPOTHESIS; no field observation, no geologist review"
316,1753,418700.0,4476900.0,3944.6,0.956836,0.425364,0.531472,1,3.6,0.5,3.1,227.6,344.6,1383.2,0.9071,-18.9129,0.4724,0.5433,"Buried or cover-hidden ACTIVE fault (H72-A): the deformation-only view is confident (geodetic second invariant / shear / dilatation gradients and their coherence, earthquake-density kernel edge) while the surface view abstains (no DEM scarp, no slope lineament, no radiometric lineament) -- consistent with a young blind fault straining and micro-seismic beneath cover. HYPOTHESIS, not verified geology.",Anthropogenic subsidence from groundwater withdrawal; irrigation-related aquifer compaction; volcanic inflation or deflation (magma movement without discrete faulting); post-seismic afterslip or viscoelastic relaxation; seasonal hydrological loading; a strain transient on a creeping (aseismic) fault segment.,"Independent evidence of discrete offset: a displaced contact or marker bed, deflected or offset drainage, a facies termination, a fault-plane solution aligned with the lineament, a published structural interpretation, or field observation. None is claimed here.","MEASURED CONTEXT + TEMPLATE HYPOTHESIS; no field observation, no geologist review"
319,1716,415000.0,4476600.0,4219.0,0.950368,0.374676,0.575693,1,4.0042,0.7,3.3021,224.3,340.6534,3107.2,0.3158,-24.2481,0.4528,0.5945,"Buried or cover-hidden ACTIVE fault (H72-A): the deformation-only view is confident (geodetic second invariant / shear / dilatation gradients and their coherence, earthquake-density kernel edge) while the surface view abstains (no DEM scarp, no slope lineament, no radiometric lineament) -- consistent with a young blind fault straining and micro-seismic beneath cover. HYPOTHESIS, not verified geology.",Anthropogenic subsidence from groundwater withdrawal; irrigation-related aquifer compaction; volcanic inflation or deflation (magma movement without discrete faulting); post-seismic afterslip or viscoelastic relaxation; seasonal hydrological loading; a strain transient on a creeping (aseismic) fault segment.,"Independent evidence of discrete offset: a displaced contact or marker bed, deflected or offset drainage, a facies termination, a fault-plane solution aligned with the lineament, a published structural interpretation, or field observation. None is claimed here.","MEASURED CONTEXT + TEMPLATE HYPOTHESIS; no field observation, no geologist review"
322,1404,383800.0,4476300.0,4243.8,0.965652,0.632649,0.333003,1,6.9399,1.7,4.9399,191.3,302.1,295.9,1.5678,-10.9294,0.5906,0.6575,"Buried or cover-hidden ACTIVE fault (H72-A): the deformation-only view is confident (geodetic second invariant / shear / dilatation gradients and their coherence, earthquake-density kernel edge) while the surface view abstains (no DEM scarp, no slope lineament, no radiometric lineament) -- consistent with a young blind fault straining and micro-seismic beneath cover. HYPOTHESIS, not verified geology.",Anthropogenic subsidence from groundwater withdrawal; irrigation-related aquifer compaction; volcanic inflation or deflation (magma movement without discrete faulting); post-seismic afterslip or viscoelastic relaxation; seasonal hydrological loading; a strain transient on a creeping (aseismic) fault segment.,"Independent evidence of discrete offset: a displaced contact or marker bed, deflected or offset drainage, a facies termination, a fault-plane solution aligned with the lineament, a published structural interpretation, or field observation. None is claimed here.","MEASURED CONTEXT + TEMPLATE HYPOTHESIS; no field observation, no geologist review"
323,1399,383300.0,4476200.0,4070.6,0.983507,0.612732,0.370775,1,7.0893,1.8087,4.9858,197.4983,302.1,287.1,0.7786,-10.5473,0.5315,0.6811,"Buried or cover-hidden ACTIVE fault (H72-A): the deformation-only view is confident (geodetic second invariant / shear / dilatation gradients and their coherence, earthquake-density kernel edge) while the surface view abstains (no DEM scarp, no slope lineament, no radiometric lineament) -- consistent with a young blind fault straining and micro-seismic beneath cover. HYPOTHESIS, not verified geology.",Anthropogenic subsidence from groundwater withdrawal; irrigation-related aquifer compaction; volcanic inflation or deflation (magma movement without discrete faulting); post-seismic afterslip or viscoelastic relaxation; seasonal hydrological loading; a strain transient on a creeping (aseismic) fault segment.,"Independent evidence of discrete offset: a displaced contact or marker bed, deflected or offset drainage, a facies termination, a fault-plane solution aligned with the lineament, a published structural interpretation, or field observation. None is claimed here.","MEASURED CONTEXT + TEMPLATE HYPOTHESIS; no field observation, no geologist review"
358,1468,390200.0,4472700.0,1708.8,0.961216,0.551126,0.410089,1,6.7,1.6,4.9,185.2,322.7,1860.8,0.7811,-21.1324,0.5315,0.6102,"Buried or cover-hidden ACTIVE fault (H72-A): the deformation-only view is confident (geodetic second invariant / shear / dilatation gradients and their coherence, earthquake-density kernel edge) while the surface view abstains (no DEM scarp, no slope lineament, no radiometric lineament) -- consistent with a young blind fault straining and micro-seismic beneath cover. HYPOTHESIS, not verified geology.",Anthropogenic subsidence from groundwater withdrawal; irrigation-related aquifer compaction; volcanic inflation or deflation (magma movement without discrete faulting); post-seismic afterslip or viscoelastic relaxation; seasonal hydrological loading; a strain transient on a creeping (aseismic) fault segment.,"Independent evidence of discrete offset: a displaced contact or marker bed, deflected or offset drainage, a facies termination, a fault-plane solution aligned with the lineament, a published structural interpretation, or field observation. None is claimed here.","MEASURED CONTEXT + TEMPLATE HYPOTHESIS; no field observation, no geologist review"
377,1685,411900.0,4470800.0,3736.3,0.961533,0.562837,0.398696,1,4.3,0.7,3.5,217.5,346.4,1041.4,0.6254,-14.5452,0.5433,0.7638,"Buried or cover-hidden ACTIVE fault (H72-A): the deformation-only view is confident (geodetic second invariant / shear / dilatation gradients and their coherence, earthquake-density kernel edge) while the surface view abstains (no DEM scarp, no slope lineament, no radiometric lineament) -- consistent with a young blind fault straining and micro-seismic beneath cover. HYPOTHESIS, not verified geology.",Anthropogenic subsidence from groundwater withdrawal; irrigation-related aquifer compaction; volcanic inflation or deflation (magma movement without discrete faulting); post-seismic afterslip or viscoelastic relaxation; seasonal hydrological loading; a strain transient on a creeping (aseismic) fault segment.,"Independent evidence of discrete offset: a displaced contact or marker bed, deflected or offset drainage, a facies termination, a fault-plane solution aligned with the lineament, a published structural interpretation, or field observation. None is claimed here.","MEASURED CONTEXT + TEMPLATE HYPOTHESIS; no field observation, no geologist review"
378,1678,411200.0,4470700.0,3712.1,0.952171,0.351819,0.600352,1,4.4,0.8,3.5,217.5,346.1499,686.0,1.1328,-10.9318,0.6063,0.7835,"Buried or cover-hidden ACTIVE fault (H72-A): the deformation-only view is confident (geodetic second invariant / shear / dilatation gradients and their coherence, earthquake-density kernel edge) while the surface view abstains (no DEM scarp, no slope lineament, no radiometric lineament) -- consistent with a young blind fault straining and micro-seismic beneath cover. HYPOTHESIS, not verified geology.",Anthropogenic subsidence from groundwater withdrawal; irrigation-related aquifer compaction; volcanic inflation or deflation (magma movement without discrete faulting); post-seismic afterslip or viscoelastic relaxation; seasonal hydrological loading; a strain transient on a creeping (aseismic) fault segment.,"Independent evidence of discrete offset: a displaced contact or marker bed, deflected or offset drainage, a facies termination, a fault-plane solution aligned with the lineament, a published structural interpretation, or field observation. None is claimed here.","MEASURED CONTEXT + TEMPLATE HYPOTHESIS; no field observation, no geologist review"
379,1682,411600.0,4470600.0,3863.9,0.973637,0.353851,0.619787,1,4.3552,0.7358,3.5137,217.5,346.4,907.5,0.8638,-13.5854,0.6417,0.7126,"Buried or cover-hidden ACTIVE fault (H72-A): the deformation-only view is confident (geodetic second invariant / shear / dilatation gradients and their coherence, earthquake-density kernel edge) while the surface view abstains (no DEM scarp, no slope lineament, no radiometric lineament) -- consistent with a young blind fault straining and micro-seismic beneath cover. HYPOTHESIS, not verified geology.",Anthropogenic subsidence from groundwater withdrawal; irrigation-related aquifer compaction; volcanic inflation or deflation (magma movement without discrete faulting); post-seismic afterslip or viscoelastic relaxation; seasonal hydrological loading; a strain transient on a creeping (aseismic) fault segment.,"Independent evidence of discrete offset: a displaced contact or marker bed, deflected or offset drainage, a facies termination, a fault-plane solution aligned with the lineament, a published structural interpretation, or field observation. None is claimed here.","MEASURED CONTEXT + TEMPLATE HYPOTHESIS; no field observation, no geologist review"
382,1675,410900.0,4470300.0,4100.0,0.951714,0.507293,0.444421,1,4.4744,0.7256,3.5744,217.5,345.4366,577.2,1.3703,-10.9397,0.4252,0.9646,"Buried or cover-hidden ACTIVE fault (H72-A): the deformation-only view is confident (geodetic second invariant / shear / dilatation gradients and their coherence, earthquake-density kernel edge) while the surface view abstains (no DEM scarp, no slope lineament, no radiometric lineament) -- consistent with a young blind fault straining and micro-seismic beneath cover. HYPOTHESIS, not verified geology.",Anthropogenic subsidence from groundwater withdrawal; irrigation-related aquifer compaction; volcanic inflation or deflation (magma movement without discrete faulting); post-seismic afterslip or viscoelastic relaxation; seasonal hydrological loading; a strain transient on a creeping (aseismic) fault segment.,"Independent evidence of discrete offset: a displaced contact or marker bed, deflected or offset drainage, a facies termination, a fault-plane solution aligned with the lineament, a published structural interpretation, or field observation. None is claimed here.","MEASURED CONTEXT + TEMPLATE HYPOTHESIS; no field observation, no geologist review"
382,1682,411600.0,4470300.0,4159.3,0.972564,0.618254,0.354311,1,4.4157,0.7107,3.5743,217.5,346.4,939.4,0.471,-14.7158,0.6496,0.6417,"Buried or cover-hidden ACTIVE fault (H72-A): the deformation-only view is confident (geodetic second invariant / shear / dilatation gradients and their coherence, earthquake-density kernel edge) while the surface view abstains (no DEM scarp, no slope lineament, no radiometric lineament) -- consistent with a young blind fault straining and micro-seismic beneath cover. HYPOTHESIS, not verified geology.",Anthropogenic subsidence from groundwater withdrawal; irrigation-related aquifer compaction; volcanic inflation or deflation (magma movement without discrete faulting); post-seismic afterslip or viscoelastic relaxation; seasonal hydrological loading; a strain transient on a creeping (aseismic) fault segment.,"Independent evidence of discrete offset: a displaced contact or marker bed, deflected or offset drainage, a facies termination, a fault-plane solution aligned with the lineament, a published structural interpretation, or field observation. None is claimed here.","MEASURED CONTEXT + TEMPLATE HYPOTHESIS; no field observation, no geologist review"
382,1685,411900.0,4470300.0,4220.2,0.972996,0.48728,0.485716,1,4.3742,0.7,3.5742,217.5,346.4,1109.6,0.5178,-16.4004,0.3898,0.6575,"Buried or cover-hidden ACTIVE fault (H72-A): the deformation-only view is confident (geodetic second invariant / shear / dilatation gradients and their coherence, earthquake-density kernel edge) while the surface view abstains (no DEM scarp, no slope lineament, no radiometric lineament) -- consistent with a young blind fault straining and micro-seismic beneath cover. HYPOTHESIS, not verified geology.",Anthropogenic subsidence from groundwater withdrawal; irrigation-related aquifer compaction; volcanic inflation or deflation (magma movement without discrete faulting); post-seismic afterslip or viscoelastic relaxation; seasonal hydrological loading; a strain transient on a creeping (aseismic) fault segment.,"Independent evidence of discrete offset: a displaced contact or marker bed, deflected or offset drainage, a facies termination, a fault-plane solution aligned with the lineament, a published structural interpretation, or field observation. None is claimed here.","MEASURED CONTEXT + TEMPLATE HYPOTHESIS; no field observation, no geologist review"
385,1598,403200.0,4470000.0,1702.9,0.96814,0.367586,0.600555,1,5.5,1.4,3.8,204.6531,331.6178,1.6,5.5861,2.8695,0.6142,0.1299,"Buried or cover-hidden ACTIVE fault (H72-A): the deformation-only view is confident (geodetic second invariant / shear / dilatation gradients and their coherence, earthquake-density kernel edge) while the surface view abstains (no DEM scarp, no slope lineament, no radiometric lineament) -- consistent with a young blind fault straining and micro-seismic beneath cover. HYPOTHESIS, not verified geology.",Anthropogenic subsidence from groundwater withdrawal; irrigation-related aquifer compaction; volcanic inflation or deflation (magma movement without discrete faulting); post-seismic afterslip or viscoelastic relaxation; seasonal hydrological loading; a strain transient on a creeping (aseismic) fault segment.,"Independent evidence of discrete offset: a displaced contact or marker bed, deflected or offset drainage, a facies termination, a fault-plane solution aligned with the lineament, a published structural interpretation, or field observation. None is claimed here.","MEASURED CONTEXT + TEMPLATE HYPOTHESIS; no field observation, no geologist review"
399,1703,413700.0,4468600.0,6440.5,0.956969,0.400159,0.55681,1,4.4169,0.6873,3.6339,247.4,355.9,2660.7,0.1781,-27.4835,0.4173,0.5906,"Buried or cover-hidden ACTIVE fault (H72-A): the deformation-only view is confident (geodetic second invariant / shear / dilatation gradients and their coherence, earthquake-density kernel edge) while the surface view abstains (no DEM scarp, no slope lineament, no radiometric lineament) -- consistent with a young blind fault straining and micro-seismic beneath cover. HYPOTHESIS, not verified geology.",Anthropogenic subsidence from groundwater withdrawal; irrigation-related aquifer compaction; volcanic inflation or deflation (magma movement without discrete faulting); post-seismic afterslip or viscoelastic relaxation; seasonal hydrological loading; a strain transient on a creeping (aseismic) fault segment.,"Independent evidence of discrete offset: a displaced contact or marker bed, deflected or offset drainage, a facies termination, a fault-plane solution aligned with the lineament, a published structural interpretation, or field observation. None is claimed here.","MEASURED CONTEXT + TEMPLATE HYPOTHESIS; no field observation, no geologist review"
401,1667,410100.0,4468400.0,4301.2,0.959007,0.380033,0.578974,1,4.5,0.7,3.7161,232.6,359.4,337.7,1.8855,-9.4744,0.5906,0.6142,"Buried or cover-hidden ACTIVE fault (H72-A): the deformation-only view is confident (geodetic second invariant / shear / dilatation gradients and their coherence, earthquake-density kernel edge) while the surface view abstains (no DEM scarp, no slope lineament, no radiometric lineament) -- consistent with a young blind fault straining and micro-seismic beneath cover. HYPOTHESIS, not verified geology.",Anthropogenic subsidence from groundwater withdrawal; irrigation-related aquifer compaction; volcanic inflation or deflation (magma movement without discrete faulting); post-seismic afterslip or viscoelastic relaxation; seasonal hydrological loading; a strain transient on a creeping (aseismic) fault segment.,"Independent evidence of discrete offset: a displaced contact or marker bed, deflected or offset drainage, a facies termination, a fault-plane solution aligned with the lineament, a published structural interpretation, or field observation. None is claimed here.","MEASURED CONTEXT + TEMPLATE HYPOTHESIS; no field observation, no geologist review"
405,1668,410200.0,4468000.0,4295.3,0.962577,0.369737,0.59284,1,4.5,0.7,3.8,232.6,359.4,376.3,1.8064,-10.0644,0.5984,0.6969,"Buried or cover-hidden ACTIVE fault (H72-A): the deformation-only view is confident (geodetic second invariant / shear / dilatation gradients and their coherence, earthquake-density kernel edge) while the surface view abstains (no DEM scarp, no slope lineament, no radiometric lineament) -- consistent with a young blind fault straining and micro-seismic beneath cover. HYPOTHESIS, not verified geology.",Anthropogenic subsidence from groundwater withdrawal; irrigation-related aquifer compaction; volcanic inflation or deflation (magma movement without discrete faulting); post-seismic afterslip or viscoelastic relaxation; seasonal hydrological loading; a strain transient on a creeping (aseismic) fault segment.,"Independent evidence of discrete offset: a displaced contact or marker bed, deflected or offset drainage, a facies termination, a fault-plane solution aligned with the lineament, a published structural interpretation, or field observation. None is claimed here.","MEASURED CONTEXT + TEMPLATE HYPOTHESIS; no field observation, no geologist review"
405,1701,413500.0,4468000.0,6908.0,0.965405,0.588581,0.376824,1,4.5,0.6644,3.8,247.4,355.9,2483.5,0.3899,-27.039,0.4173,0.6024,"Buried or cover-hidden ACTIVE fault (H72-A): the deformation-only view is confident (geodetic second invariant / shear / dilatation gradients and their coherence, earthquake-density kernel edge) while the surface view abstains (no DEM scarp, no slope lineament, no radiometric lineament) -- consistent with a young blind fault straining and micro-seismic beneath cover. HYPOTHESIS, not verified geology.",Anthropogenic subsidence from groundwater withdrawal; irrigation-related aquifer compaction; volcanic inflation or deflation (magma movement without discrete faulting); post-seismic afterslip or viscoelastic relaxation; seasonal hydrological loading; a strain transient on a creeping (aseismic) fault segment.,"Independent evidence of discrete offset: a displaced contact or marker bed, deflected or offset drainage, a facies termination, a fault-plane solution aligned with the lineament, a published structural interpretation, or field observation. None is claimed here.","MEASURED CONTEXT + TEMPLATE HYPOTHESIS; no field observation, no geologist review"
405,1716,415000.0,4468000.0,7600.7,0.960851,0.436935,0.523916,1,4.5,0.6,3.8,247.4,356.5941,3594.0,0.3644,-30.3165,0.3661,0.6102,"Buried or cover-hidden ACTIVE fault (H72-A): the deformation-only view is confident (geodetic second invariant / shear / dilatation gradients and their coherence, earthquake-density kernel edge) while the surface view abstains (no DEM scarp, no slope lineament, no radiometric lineament) -- consistent with a young blind fault straining and micro-seismic beneath cover. HYPOTHESIS, not verified geology.",Anthropogenic subsidence from groundwater withdrawal; irrigation-related aquifer compaction; volcanic inflation or deflation (magma movement without discrete faulting); post-seismic afterslip or viscoelastic relaxation; seasonal hydrological loading; a strain transient on a creeping (aseismic) fault segment.,"Independent evidence of discrete offset: a displaced contact or marker bed, deflected or offset drainage, a facies termination, a fault-plane solution aligned with the lineament, a published structural interpretation, or field observation. None is claimed here.","MEASURED CONTEXT + TEMPLATE HYPOTHESIS; no field observation, no geologist review"
405,3192,562600.0,4468000.0,2508.0,0.962482,0.358179,0.604303,1,2.3,0.0,2.8,204.5,409.0,12.9,19.9018,3.6397,0.6772,0.378,"Buried or cover-hidden ACTIVE fault (H72-A): the deformation-only view is confident (geodetic second invariant / shear / dilatation gradients and their coherence, earthquake-density kernel edge) while the surface view abstains (no DEM scarp, no slope lineament, no radiometric lineament) -- consistent with a young blind fault straining and micro-seismic beneath cover. HYPOTHESIS, not verified geology.",Anthropogenic subsidence from groundwater withdrawal; irrigation-related aquifer compaction; volcanic inflation or deflation (magma movement without discrete faulting); post-seismic afterslip or viscoelastic relaxation; seasonal hydrological loading; a strain transient on a creeping (aseismic) fault segment.,"Independent evidence of discrete offset: a displaced contact or marker bed, deflected or offset drainage, a facies termination, a fault-plane solution aligned with the lineament, a published structural interpretation, or field observation. None is claimed here.","MEASURED CONTEXT + TEMPLATE HYPOTHESIS; no field observation, no geologist review"
409,1667,410100.0,4467600.0,4130.4,0.960238,0.409686,0.550552,1,4.5,0.7,3.8,232.6,361.0777,330.1,1.5983,-9.3949,0.6772,0.6457,"Buried or cover-hidden ACTIVE fault (H72-A): the deformation-only view is confident (geodetic second invariant / shear / dilatation gradients and their coherence, earthquake-density kernel edge) while the surface view abstains (no DEM scarp, no slope lineament, no radiometric lineament) -- consistent with a young blind fault straining and micro-seismic beneath cover. HYPOTHESIS, not verified geology.",Anthropogenic subsidence from groundwater withdrawal; irrigation-related aquifer compaction; volcanic inflation or deflation (magma movement without discrete faulting); post-seismic afterslip or viscoelastic relaxation; seasonal hydrological loading; a strain transient on a creeping (aseismic) fault segment.,"Independent evidence of discrete offset: a displaced contact or marker bed, deflected or offset drainage, a facies termination, a fault-plane solution aligned with the lineament, a published structural interpretation, or field observation. None is claimed here.","MEASURED CONTEXT + TEMPLATE HYPOTHESIS; no field observation, no geologist review"
411,1252,368600.0,4467400.0,10013.0,0.968572,0.509064,0.459508,1,9.2,3.5,5.0,195.5,282.6472,15.8,20.4821,0.7384,0.6299,0.3504,"Buried or cover-hidden ACTIVE fault (H72-A): the deformation-only view is confident (geodetic second invariant / shear / dilatation gradients and their coherence, earthquake-density kernel edge) while the surface view abstains (no DEM scarp, no slope lineament, no radiometric lineament) -- consistent with a young blind fault straining and micro-seismic beneath cover. HYPOTHESIS, not verified geology.",Anthropogenic subsidence from groundwater withdrawal; irrigation-related aquifer compaction; volcanic inflation or deflation (magma movement without discrete faulting); post-seismic afterslip or viscoelastic relaxation; seasonal hydrological loading; a strain transient on a creeping (aseismic) fault segment.,"Independent evidence of discrete offset: a displaced contact or marker bed, deflected or offset drainage, a facies termination, a fault-plane solution aligned with the lineament, a published structural interpretation, or field observation. None is claimed here.","MEASURED CONTEXT + TEMPLATE HYPOTHESIS; no field observation, no geologist review"
413,1671,410500.0,4467200.0,4501.1,0.963758,0.424869,0.538889,1,4.5,0.7,3.8,232.6,368.0,456.6,1.9864,-11.4059,0.5787,0.7244,"Buried or cover-hidden ACTIVE fault (H72-A): the deformation-only view is confident (geodetic second invariant / shear / dilatation gradients and their coherence, earthquake-density kernel edge) while the surface view abstains (no DEM scarp, no slope lineament, no radiometric lineament) -- consistent with a young blind fault straining and micro-seismic beneath cover. HYPOTHESIS, not verified geology.",Anthropogenic subsidence from groundwater withdrawal; irrigation-related aquifer compaction; volcanic inflation or deflation (magma movement without discrete faulting); post-seismic afterslip or viscoelastic relaxation; seasonal hydrological loading; a strain transient on a creeping (aseismic) fault segment.,"Independent evidence of discrete offset: a displaced contact or marker bed, deflected or offset drainage, a facies termination, a fault-plane solution aligned with the lineament, a published structural interpretation, or field observation. None is claimed here.","MEASURED CONTEXT + TEMPLATE HYPOTHESIS; no field observation, no geologist review"
415,1254,368800.0,4467000.0,10277.2,0.967423,0.606791,0.360632,1,9.2,3.5,5.0,195.5,280.8198,12.2,13.5921,1.0359,0.6811,0.3307,"Buried or cover-hidden ACTIVE fault (H72-A): the deformation-only view is confident (geodetic second invariant / shear / dilatation gradients and their coherence, earthquake-density kernel edge) while the surface view abstains (no DEM scarp, no slope lineament, no radiometric lineament) -- consistent with a young blind fault straining and micro-seismic beneath cover. HYPOTHESIS, not verified geology.",Anthropogenic subsidence from groundwater withdrawal; irrigation-related aquifer compaction; volcanic inflation or deflation (magma movement without discrete faulting); post-seismic afterslip or viscoelastic relaxation; seasonal hydrological loading; a strain transient on a creeping (aseismic) fault segment.,"Independent evidence of discrete offset: a displaced contact or marker bed, deflected or offset drainage, a facies termination, a fault-plane solution aligned with the lineament, a published structural interpretation, or field observation. None is claimed here.","MEASURED CONTEXT + TEMPLATE HYPOTHESIS; no field observation, no geologist review"
415,1258,369200.0,4467000.0,10670.5,0.951251,0.42862,0.522631,1,9.0974,3.4487,4.9487,195.5,279.7,17.6,15.887,1.2749,0.626,0.2756,"Buried or cover-hidden ACTIVE fault (H72-A): the deformation-only view is confident (geodetic second invariant / shear / dilatation gradients and their coherence, earthquake-density kernel edge) while the surface view abstains (no DEM scarp, no slope lineament, no radiometric lineament) -- consistent with a young blind fault straining and micro-seismic beneath cover. HYPOTHESIS, not verified geology.",Anthropogenic subsidence from groundwater withdrawal; irrigation-related aquifer compaction; volcanic inflation or deflation (magma movement without discrete faulting); post-seismic afterslip or viscoelastic relaxation; seasonal hydrological loading; a strain transient on a creeping (aseismic) fault segment.,"Independent evidence of discrete offset: a displaced contact or marker bed, deflected or offset drainage, a facies termination, a fault-plane solution aligned with the lineament, a published structural interpretation, or field observation. None is claimed here.","MEASURED CONTEXT + TEMPLATE HYPOTHESIS; no field observation, no geologist review"
415,1666,410000.0,4467000.0,4000.0,0.958372,0.374783,0.583589,1,4.5,0.7,3.8,232.6,368.0,292.8,2.19,-8.7511,0.5551,0.5787,"Buried or cover-hidden ACTIVE fault (H72-A): the deformation-only view is confident (geodetic second invariant / shear / dilatation gradients and their coherence, earthquake-density kernel edge) while the surface view abstains (no DEM scarp, no slope lineament, no radiometric lineament) -- consistent with a young blind fault straining and micro-seismic beneath cover. HYPOTHESIS, not verified geology.",Anthropogenic subsidence from groundwater withdrawal; irrigation-related aquifer compaction; volcanic inflation or deflation (magma movement without discrete faulting); post-seismic afterslip or viscoelastic relaxation; seasonal hydrological loading; a strain transient on a creeping (aseismic) fault segment.,"Independent evidence of discrete offset: a displaced contact or marker bed, deflected or offset drainage, a facies termination, a fault-plane solution aligned with the lineament, a published structural interpretation, or field observation. None is claimed here.","MEASURED CONTEXT + TEMPLATE HYPOTHESIS; no field observation, no geologist review"
416,1669,410300.0,4466900.0,4300.0,0.962853,0.371185,0.591669,1,4.5,0.7,3.8,232.6,368.0,380.3,2.2519,-10.1859,0.5,0.685,"Buried or cover-hidden ACTIVE fault (H72-A): the deformation-only view is confident (geodetic second invariant / shear / dilatation gradients and their coherence, earthquake-density kernel edge) while the surface view abstains (no DEM scarp, no slope lineament, no radiometric lineament) -- consistent with a young blind fault straining and micro-seismic beneath cover. HYPOTHESIS, not verified geology.",Anthropogenic subsidence from groundwater withdrawal; irrigation-related aquifer compaction; volcanic inflation or deflation (magma movement without discrete faulting); post-seismic afterslip or viscoelastic relaxation; seasonal hydrological loading; a strain transient on a creeping (aseismic) fault segment.,"Independent evidence of discrete offset: a displaced contact or marker bed, deflected or offset drainage, a facies termination, a fault-plane solution aligned with the lineament, a published structural interpretation, or field observation. None is claimed here.","MEASURED CONTEXT + TEMPLATE HYPOTHESIS; no field observation, no geologist review"
417,1673,410700.0,4466800.0,4700.0,0.965056,0.486258,0.478797,1,4.5,0.7,3.8,232.6,368.0,502.6,2.1698,-12.1954,0.6063,0.7323,"Buried or cover-hidden ACTIVE fault (H72-A): the deformation-only view is confident (geodetic second invariant / shear / dilatation gradients and their coherence, earthquake-density kernel edge) while the surface view abstains (no DEM scarp, no slope lineament, no radiometric lineament) -- consistent with a young blind fault straining and micro-seismic beneath cover. HYPOTHESIS, not verified geology.",Anthropogenic subsidence from groundwater withdrawal; irrigation-related aquifer compaction; volcanic inflation or deflation (magma movement without discrete faulting); post-seismic afterslip or viscoelastic relaxation; seasonal hydrological loading; a strain transient on a creeping (aseismic) fault segment.,"Independent evidence of discrete offset: a displaced contact or marker bed, deflected or offset drainage, a facies termination, a fault-plane solution aligned with the lineament, a published structural interpretation, or field observation. None is claimed here.","MEASURED CONTEXT + TEMPLATE HYPOTHESIS; no field observation, no geologist review"
418,1666,410000.0,4466700.0,4000.0,0.951739,0.506163,0.445576,1,4.5012,0.7,3.8012,232.6,368.0,289.8,2.4255,-8.6289,0.622,0.6063,"Buried or cover-hidden ACTIVE fault (H72-A): the deformation-only view is confident (geodetic second invariant / shear / dilatation gradients and their coherence, earthquake-density kernel edge) while the surface view abstains (no DEM scarp, no slope lineament, no radiometric lineament) -- consistent with a young blind fault straining and micro-seismic beneath cover. HYPOTHESIS, not verified geology.",Anthropogenic subsidence from groundwater withdrawal; irrigation-related aquifer compaction; volcanic inflation or deflation (magma movement without discrete faulting); post-seismic afterslip or viscoelastic relaxation; seasonal hydrological loading; a strain transient on a creeping (aseismic) fault segment.,"Independent evidence of discrete offset: a displaced contact or marker bed, deflected or offset drainage, a facies termination, a fault-plane solution aligned with the lineament, a published structural interpretation, or field observation. None is claimed here.","MEASURED CONTEXT + TEMPLATE HYPOTHESIS; no field observation, no geologist review"
418,1676,411000.0,4466700.0,5000.0,0.961679,0.435805,0.525874,1,4.501,0.7,3.801,232.6,368.0,588.9,1.6964,-13.6638,0.5354,0.7835,"Buried or cover-hidden ACTIVE fault (H72-A): the deformation-only view is confident (geodetic second invariant / shear / dilatation gradients and their coherence, earthquake-density kernel edge) while the surface view abstains (no DEM scarp, no slope lineament, no radiometric lineament) -- consistent with a young blind fault straining and micro-seismic beneath cover. HYPOTHESIS, not verified geology.",Anthropogenic subsidence from groundwater withdrawal; irrigation-related aquifer compaction; volcanic inflation or deflation (magma movement without discrete faulting); post-seismic afterslip or viscoelastic relaxation; seasonal hydrological loading; a strain transient on a creeping (aseismic) fault segment.,"Independent evidence of discrete offset: a displaced contact or marker bed, deflected or offset drainage, a facies termination, a fault-plane solution aligned with the lineament, a published structural interpretation, or field observation. None is claimed here.","MEASURED CONTEXT + TEMPLATE HYPOTHESIS; no field observation, no geologist review"
419,1479,391300.0,4466600.0,2360.1,0.952806,0.525484,0.427322,1,7.2347,1.8256,5.1177,187.5,327.2,496.3,0.9015,-15.503,0.4724,0.6693,"Buried or cover-hidden ACTIVE fault (H72-A): the deformation-only view is confident (geodetic second invariant / shear / dilatation gradients and their coherence, earthquake-density kernel edge) while the surface view abstains (no DEM scarp, no slope lineament, no radiometric lineament) -- consistent with a young blind fault straining and micro-seismic beneath cover. HYPOTHESIS, not verified geology.",Anthropogenic subsidence from groundwater withdrawal; irrigation-related aquifer compaction; volcanic inflation or deflation (magma movement without discrete faulting); post-seismic afterslip or viscoelastic relaxation; seasonal hydrological loading; a strain transient on a creeping (aseismic) fault segment.,"Independent evidence of discrete offset: a displaced contact or marker bed, deflected or offset drainage, a facies termination, a fault-plane solution aligned with the lineament, a published structural interpretation, or field observation. None is claimed here.","MEASURED CONTEXT + TEMPLATE HYPOTHESIS; no field observation, no geologist review"
419,1489,392300.0,4466600.0,1897.4,0.959489,0.573659,0.385831,1,7.1507,1.8254,5.0507,182.4,327.2,351.1,0.8105,-12.8757,0.5197,0.6496,"Buried or cover-hidden ACTIVE fault (H72-A): the deformation-only view is confident (geodetic second invariant / shear / dilatation gradients and their coherence, earthquake-density kernel edge) while the surface view abstains (no DEM scarp, no slope lineament, no radiometric lineament) -- consistent with a young blind fault straining and micro-seismic beneath cover. HYPOTHESIS, not verified geology.",Anthropogenic subsidence from groundwater withdrawal; irrigation-related aquifer compaction; volcanic inflation or deflation (magma movement without discrete faulting); post-seismic afterslip or viscoelastic relaxation; seasonal hydrological loading; a strain transient on a creeping (aseismic) fault segment.,"Independent evidence of discrete offset: a displaced contact or marker bed, deflected or offset drainage, a facies termination, a fault-plane solution aligned with the lineament, a published structural interpretation, or field observation. None is claimed here.","MEASURED CONTEXT + TEMPLATE HYPOTHESIS; no field observation, no geologist review"
420,1672,410600.0,4466500.0,4601.1,0.971193,0.436763,0.53443,1,4.5414,0.7,3.8414,232.6,368.0,456.9,2.2736,-11.4873,0.5748,0.7087,"Buried or cover-hidden ACTIVE fault (H72-A): the deformation-only view is confident (geodetic second invariant / shear / dilatation gradients and their coherence, earthquake-density kernel edge) while the surface view abstains (no DEM scarp, no slope lineament, no radiometric lineament) -- consistent with a young blind fault straining and micro-seismic beneath cover. HYPOTHESIS, not verified geology.",Anthropogenic subsidence from groundwater withdrawal; irrigation-related aquifer compaction; volcanic inflation or deflation (magma movement without discrete faulting); post-seismic afterslip or viscoelastic relaxation; seasonal hydrological loading; a strain transient on a creeping (aseismic) fault segment.,"Independent evidence of discrete offset: a displaced contact or marker bed, deflected or offset drainage, a facies termination, a fault-plane solution aligned with the lineament, a published structural interpretation, or field observation. None is claimed here.","MEASURED CONTEXT + TEMPLATE HYPOTHESIS; no field observation, no geologist review"
421,1675,410900.0,4466400.0,4904.1,0.959381,0.372898,0.586483,1,4.5615,0.7,3.8615,232.6,368.0,537.8,1.9528,-12.9265,0.6024,0.7795,"Buried or cover-hidden ACTIVE fault (H72-A): the deformation-only view is confident (geodetic second invariant / shear / dilatation gradients and their coherence, earthquake-density kernel edge) while the surface view abstains (no DEM scarp, no slope lineament, no radiometric lineament) -- consistent with a young blind fault straining and micro-seismic beneath cover. HYPOTHESIS, not verified geology.",Anthropogenic subsidence from groundwater withdrawal; irrigation-related aquifer compaction; volcanic inflation or deflation (magma movement without discrete faulting); post-seismic afterslip or viscoelastic relaxation; seasonal hydrological loading; a strain transient on a creeping (aseismic) fault segment.,"Independent evidence of discrete offset: a displaced contact or marker bed, deflected or offset drainage, a facies termination, a fault-plane solution aligned with the lineament, a published structural interpretation, or field observation. None is claimed here.","MEASURED CONTEXT + TEMPLATE HYPOTHESIS; no field observation, no geologist review"
422,1486,392000.0,4466300.0,1746.4,0.979667,0.640501,0.339166,1,7.272,1.886,5.172,183.8087,327.2,369.7,0.7546,-13.3227,0.4843,0.7205,"Buried or cover-hidden ACTIVE fault (H72-A): the deformation-only view is confident (geodetic second invariant / shear / dilatation gradients and their coherence, earthquake-density kernel edge) while the surface view abstains (no DEM scarp, no slope lineament, no radiometric lineament) -- consistent with a young blind fault straining and micro-seismic beneath cover. HYPOTHESIS, not verified geology.",Anthropogenic subsidence from groundwater withdrawal; irrigation-related aquifer compaction; volcanic inflation or deflation (magma movement without discrete faulting); post-seismic afterslip or viscoelastic relaxation; seasonal hydrological loading; a strain transient on a creeping (aseismic) fault segment.,"Independent evidence of discrete offset: a displaced contact or marker bed, deflected or offset drainage, a facies termination, a fault-plane solution aligned with the lineament, a published structural interpretation, or field observation. None is claimed here.","MEASURED CONTEXT + TEMPLATE HYPOTHESIS; no field observation, no geologist review"
422,1707,414100.0,4466300.0,8105.6,0.970178,0.35147,0.618708,1,4.5,0.6,3.8811,247.4,370.5,2380.6,0.3072,-26.1731,0.3504,0.5512,"Buried or cover-hidden ACTIVE fault (H72-A): the deformation-only view is confident (geodetic second invariant / shear / dilatation gradients and their coherence, earthquake-density kernel edge) while the surface view abstains (no DEM scarp, no slope lineament, no radiometric lineament) -- consistent with a young blind fault straining and micro-seismic beneath cover. HYPOTHESIS, not verified geology.",Anthropogenic subsidence from groundwater withdrawal; irrigation-related aquifer compaction; volcanic inflation or deflation (magma movement without discrete faulting); post-seismic afterslip or viscoelastic relaxation; seasonal hydrological loading; a strain transient on a creeping (aseismic) fault segment.,"Independent evidence of discrete offset: a displaced contact or marker bed, deflected or offset drainage, a facies termination, a fault-plane solution aligned with the lineament, a published structural interpretation, or field observation. None is claimed here.","MEASURED CONTEXT + TEMPLATE HYPOTHESIS; no field observation, no geologist review"
425,1400,383400.0,4466000.0,5162.4,0.95676,0.469984,0.486776,1,7.8329,2.1329,5.3671,192.3742,311.3,480.8,0.28,-11.8458,0.374,0.6024,"Buried or cover-hidden ACTIVE fault (H72-A): the deformation-only view is confident (geodetic second invariant / shear / dilatation gradients and their coherence, earthquake-density kernel edge) while the surface view abstains (no DEM scarp, no slope lineament, no radiometric lineament) -- consistent with a young blind fault straining and micro-seismic beneath cover. HYPOTHESIS, not verified geology.",Anthropogenic subsidence from groundwater withdrawal; irrigation-related aquifer compaction; volcanic inflation or deflation (magma movement without discrete faulting); post-seismic afterslip or viscoelastic relaxation; seasonal hydrological loading; a strain transient on a creeping (aseismic) fault segment.,"Independent evidence of discrete offset: a displaced contact or marker bed, deflected or offset drainage, a facies termination, a fault-plane solution aligned with the lineament, a published structural interpretation, or field observation. None is claimed here.","MEASURED CONTEXT + TEMPLATE HYPOTHESIS; no field observation, no geologist review"
427,1237,367100.0,4465800.0,8953.8,0.952431,0.61614,0.336291,1,9.3946,3.5649,5.0649,195.5,283.7,73.0,15.167,0.3627,0.685,0.4449,"Buried or cover-hidden ACTIVE fault (H72-A): the deformation-only view is confident (geodetic second invariant / shear / dilatation gradients and their coherence, earthquake-density kernel edge) while the surface view abstains (no DEM scarp, no slope lineament, no radiometric lineament) -- consistent with a young blind fault straining and micro-seismic beneath cover. HYPOTHESIS, not verified geology.",Anthropogenic subsidence from groundwater withdrawal; irrigation-related aquifer compaction; volcanic inflation or deflation (magma movement without discrete faulting); post-seismic afterslip or viscoelastic relaxation; seasonal hydrological loading; a strain transient on a creeping (aseismic) fault segment.,"Independent evidence of discrete offset: a displaced contact or marker bed, deflected or offset drainage, a facies termination, a fault-plane solution aligned with the lineament, a published structural interpretation, or field observation. None is claimed here.","MEASURED CONTEXT + TEMPLATE HYPOTHESIS; no field observation, no geologist review"
427,1675,410900.0,4465800.0,4964.9,0.976804,0.388576,0.588229,1,4.6,0.7,3.9,232.6,368.0,487.4,1.7396,-12.8313,0.6181,0.7992,"Buried or cover-hidden ACTIVE fault (H72-A): the deformation-only view is confident (geodetic second invariant / shear / dilatation gradients and their coherence, earthquake-density kernel edge) while the surface view abstains (no DEM scarp, no slope lineament, no radiometric lineament) -- consistent with a young blind fault straining and micro-seismic beneath cover. HYPOTHESIS, not verified geology.",Anthropogenic subsidence from groundwater withdrawal; irrigation-related aquifer compaction; volcanic inflation or deflation (magma movement without discrete faulting); post-seismic afterslip or viscoelastic relaxation; seasonal hydrological loading; a strain transient on a creeping (aseismic) fault segment.,"Independent evidence of discrete offset: a displaced contact or marker bed, deflected or offset drainage, a facies termination, a fault-plane solution aligned with the lineament, a published structural interpretation, or field observation. None is claimed here.","MEASURED CONTEXT + TEMPLATE HYPOTHESIS; no field observation, no geologist review"
428,1672,410600.0,4465700.0,4687.2,0.96662,0.477404,0.489216,1,4.6,0.7,3.9,232.6,368.2051,409.9,2.291,-11.5807,0.5039,0.7717,"Buried or cover-hidden ACTIVE fault (H72-A): the deformation-only view is confident (geodetic second invariant / shear / dilatation gradients and their coherence, earthquake-density kernel edge) while the surface view abstains (no DEM scarp, no slope lineament, no radiometric lineament) -- consistent with a young blind fault straining and micro-seismic beneath cover. HYPOTHESIS, not verified geology.",Anthropogenic subsidence from groundwater withdrawal; irrigation-related aquifer compaction; volcanic inflation or deflation (magma movement without discrete faulting); post-seismic afterslip or viscoelastic relaxation; seasonal hydrological loading; a strain transient on a creeping (aseismic) fault segment.,"Independent evidence of discrete offset: a displaced contact or marker bed, deflected or offset drainage, a facies termination, a fault-plane solution aligned with the lineament, a published structural interpretation, or field observation. None is claimed here.","MEASURED CONTEXT + TEMPLATE HYPOTHESIS; no field observation, no geologist review"
429,967,340100.0,4465600.0,2842.5,0.963145,0.525128,0.438017,1,14.5,6.2,7.0,150.2364,571.7678,235.6,0.8835,-1.2718,0.4921,0.6063,"Buried or cover-hidden ACTIVE fault (H72-A): the deformation-only view is confident (geodetic second invariant / shear / dilatation gradients and their coherence, earthquake-density kernel edge) while the surface view abstains (no DEM scarp, no slope lineament, no radiometric lineament) -- consistent with a young blind fault straining and micro-seismic beneath cover. HYPOTHESIS, not verified geology.",Anthropogenic subsidence from groundwater withdrawal; irrigation-related aquifer compaction; volcanic inflation or deflation (magma movement without discrete faulting); post-seismic afterslip or viscoelastic relaxation; seasonal hydrological loading; a strain transient on a creeping (aseismic) fault segment.,"Independent evidence of discrete offset: a displaced contact or marker bed, deflected or offset drainage, a facies termination, a fault-plane solution aligned with the lineament, a published structural interpretation, or field observation. None is claimed here.","MEASURED CONTEXT + TEMPLATE HYPOTHESIS; no field observation, no geologist review"
429,3194,562800.0,4465600.0,3471.3,0.966427,0.458877,0.50755,1,2.4,0.0,2.8,204.5,405.3,63.1,20.0295,4.2016,0.5039,0.3465,"Buried or cover-hidden ACTIVE fault (H72-A): the deformation-only view is confident (geodetic second invariant / shear / dilatation gradients and their coherence, earthquake-density kernel edge) while the surface view abstains (no DEM scarp, no slope lineament, no radiometric lineament) -- consistent with a young blind fault straining and micro-seismic beneath cover. HYPOTHESIS, not verified geology.",Anthropogenic subsidence from groundwater withdrawal; irrigation-related aquifer compaction; volcanic inflation or deflation (magma movement without discrete faulting); post-seismic afterslip or viscoelastic relaxation; seasonal hydrological loading; a strain transient on a creeping (aseismic) fault segment.,"Independent evidence of discrete offset: a displaced contact or marker bed, deflected or offset drainage, a facies termination, a fault-plane solution aligned with the lineament, a published structural interpretation, or field observation. None is claimed here.","MEASURED CONTEXT + TEMPLATE HYPOTHESIS; no field observation, no geologist review"
431,1775,420900.0,4465400.0,6293.6,0.95,0.405174,0.544827,1,4.1,0.7,3.4,267.1,378.5208,1535.7,0.1387,-19.844,0.3504,0.5866,"Buried or cover-hidden ACTIVE fault (H72-A): the deformation-only view is confident (geodetic second invariant / shear / dilatation gradients and their coherence, earthquake-density kernel edge) while the surface view abstains (no DEM scarp, no slope lineament, no radiometric lineament) -- consistent with a young blind fault straining and micro-seismic beneath cover. HYPOTHESIS, not verified geology.",Anthropogenic subsidence from groundwater withdrawal; irrigation-related aquifer compaction; volcanic inflation or deflation (magma movement without discrete faulting); post-seismic afterslip or viscoelastic relaxation; seasonal hydrological loading; a strain transient on a creeping (aseismic) fault segment.,"Independent evidence of discrete offset: a displaced contact or marker bed, deflected or offset drainage, a facies termination, a fault-plane solution aligned with the lineament, a published structural interpretation, or field observation. None is claimed here.","MEASURED CONTEXT + TEMPLATE HYPOTHESIS; no field observation, no geologist review"
431,3197,563100.0,4465400.0,3440.9,0.956265,0.372568,0.583697,1,2.4,0.0,2.8,204.5,405.3791,86.2,19.6893,3.698,0.6339,0.4094,"Buried or cover-hidden ACTIVE fault (H72-A): the deformation-only view is confident (geodetic second invariant / shear / dilatation gradients and their coherence, earthquake-density kernel edge) while the surface view abstains (no DEM scarp, no slope lineament, no radiometric lineament) -- consistent with a young blind fault straining and micro-seismic beneath cover. HYPOTHESIS, not verified geology.",Anthropogenic subsidence from groundwater withdrawal; irrigation-related aquifer compaction; volcanic inflation or deflation (magma movement without discrete faulting); post-seismic afterslip or viscoelastic relaxation; seasonal hydrological loading; a strain transient on a creeping (aseismic) fault segment.,"Independent evidence of discrete offset: a displaced contact or marker bed, deflected or offset drainage, a facies termination, a fault-plane solution aligned with the lineament, a published structural interpretation, or field observation. None is claimed here.","MEASURED CONTEXT + TEMPLATE HYPOTHESIS; no field observation, no geologist review"
435,1241,367500.0,4465000.0,9625.5,0.977506,0.548226,0.42928,1,9.2,3.5,5.0,199.0237,277.7,21.9,11.2169,0.9421,0.5591,0.4055,"Buried or cover-hidden ACTIVE fault (H72-A): the deformation-only view is confident (geodetic second invariant / shear / dilatation gradients and their coherence, earthquake-density kernel edge) while the surface view abstains (no DEM scarp, no slope lineament, no radiometric lineament) -- consistent with a young blind fault straining and micro-seismic beneath cover. HYPOTHESIS, not verified geology.",Anthropogenic subsidence from groundwater withdrawal; irrigation-related aquifer compaction; volcanic inflation or deflation (magma movement without discrete faulting); post-seismic afterslip or viscoelastic relaxation; seasonal hydrological loading; a strain transient on a creeping (aseismic) fault segment.,"Independent evidence of discrete offset: a displaced contact or marker bed, deflected or offset drainage, a facies termination, a fault-plane solution aligned with the lineament, a published structural interpretation, or field observation. None is claimed here.","MEASURED CONTEXT + TEMPLATE HYPOTHESIS; no field observation, no geologist review"
435,1681,411500.0,4465000.0,5728.0,0.95212,0.510155,0.441965,1,4.6,0.6607,3.9,232.6,376.0,580.0,1.6323,-14.8892,0.5591,0.7205,"Buried or cover-hidden ACTIVE fault (H72-A): the deformation-only view is confident (geodetic second invariant / shear / dilatation gradients and their coherence, earthquake-density kernel edge) while the surface view abstains (no DEM scarp, no slope lineament, no radiometric lineament) -- consistent with a young blind fault straining and micro-seismic beneath cover. HYPOTHESIS, not verified geology.",Anthropogenic subsidence from groundwater withdrawal; irrigation-related aquifer compaction; volcanic inflation or deflation (magma movement without discrete faulting); post-seismic afterslip or viscoelastic relaxation; seasonal hydrological loading; a strain transient on a creeping (aseismic) fault segment.,"Independent evidence of discrete offset: a displaced contact or marker bed, deflected or offset drainage, a facies termination, a fault-plane solution aligned with the lineament, a published structural interpretation, or field observation. None is claimed here.","MEASURED CONTEXT + TEMPLATE HYPOTHESIS; no field observation, no geologist review"
436,1780,421400.0,4464900.0,5586.6,0.954132,0.573989,0.380144,1,4.0974,0.7,3.3974,267.5219,386.3,1210.4,0.3123,-17.3814,0.4094,0.6339,"Buried or cover-hidden ACTIVE fault (H72-A): the deformation-only view is confident (geodetic second invariant / shear / dilatation gradients and their coherence, earthquake-density kernel edge) while the surface view abstains (no DEM scarp, no slope lineament, no radiometric lineament) -- consistent with a young blind fault straining and micro-seismic beneath cover. HYPOTHESIS, not verified geology.",Anthropogenic subsidence from groundwater withdrawal; irrigation-related aquifer compaction; volcanic inflation or deflation (magma movement without discrete faulting); post-seismic afterslip or viscoelastic relaxation; seasonal hydrological loading; a strain transient on a creeping (aseismic) fault segment.,"Independent evidence of discrete offset: a displaced contact or marker bed, deflected or offset drainage, a facies termination, a fault-plane solution aligned with the lineament, a published structural interpretation, or field observation. None is claimed here.","MEASURED CONTEXT + TEMPLATE HYPOTHESIS; no field observation, no geologist review"
439,1690,412400.0,4464600.0,6705.2,0.976969,0.482171,0.494799,1,4.6245,0.6,3.9245,240.8718,376.0,783.2,0.657,-17.3367,0.6102,0.6142,"Buried or cover-hidden ACTIVE fault (H72-A): the deformation-only view is confident (geodetic second invariant / shear / dilatation gradients and their coherence, earthquake-density kernel edge) while the surface view abstains (no DEM scarp, no slope lineament, no radiometric lineament) -- consistent with a young blind fault straining and micro-seismic beneath cover. HYPOTHESIS, not verified geology.",Anthropogenic subsidence from groundwater withdrawal; irrigation-related aquifer compaction; volcanic inflation or deflation (magma movement without discrete faulting); post-seismic afterslip or viscoelastic relaxation; seasonal hydrological loading; a strain transient on a creeping (aseismic) fault segment.,"Independent evidence of discrete offset: a displaced contact or marker bed, deflected or offset drainage, a facies termination, a fault-plane solution aligned with the lineament, a published structural interpretation, or field observation. None is claimed here.","MEASURED CONTEXT + TEMPLATE HYPOTHESIS; no field observation, no geologist review"
442,1687,412100.0,4464300.0,6519.2,0.961831,0.358947,0.602884,1,4.6852,0.6,3.9852,261.2977,376.0,627.5,0.7494,-15.9507,0.5039,0.5906,"Buried or cover-hidden ACTIVE fault (H72-A): the deformation-only view is confident (geodetic second invariant / shear / dilatation gradients and their coherence, earthquake-density kernel edge) while the surface view abstains (no DEM scarp, no slope lineament, no radiometric lineament) -- consistent with a young blind fault straining and micro-seismic beneath cover. HYPOTHESIS, not verified geology.",Anthropogenic subsidence from groundwater withdrawal; irrigation-related aquifer compaction; volcanic inflation or deflation (magma movement without discrete faulting); post-seismic afterslip or viscoelastic relaxation; seasonal hydrological loading; a strain transient on a creeping (aseismic) fault segment.,"Independent evidence of discrete offset: a displaced contact or marker bed, deflected or offset drainage, a facies termination, a fault-plane solution aligned with the lineament, a published structural interpretation, or field observation. None is claimed here.","MEASURED CONTEXT + TEMPLATE HYPOTHESIS; no field observation, no geologist review"
444,1690,412400.0,4464100.0,6871.0,0.969032,0.494973,0.474059,1,4.7,0.6,4.0,266.3,376.0,676.5,0.7722,-16.4454,0.5236,0.6417,"Buried or cover-hidden ACTIVE fault (H72-A): the deformation-only view is confident (geodetic second invariant / shear / dilatation gradients and their coherence, earthquake-density kernel edge) while the surface view abstains (no DEM scarp, no slope lineament, no radiometric lineament) -- consistent with a young blind fault straining and micro-seismic beneath cover. HYPOTHESIS, not verified geology.",Anthropogenic subsidence from groundwater withdrawal; irrigation-related aquifer compaction; volcanic inflation or deflation (magma movement without discrete faulting); post-seismic afterslip or viscoelastic relaxation; seasonal hydrological loading; a strain transient on a creeping (aseismic) fault segment.,"Independent evidence of discrete offset: a displaced contact or marker bed, deflected or offset drainage, a facies termination, a fault-plane solution aligned with the lineament, a published structural interpretation, or field observation. None is claimed here.","MEASURED CONTEXT + TEMPLATE HYPOTHESIS; no field observation, no geologist review"
446,1687,412100.0,4463900.0,6670.8,0.959696,0.555801,0.403895,1,4.7,0.6,4.0,266.3,376.0,577.1,0.7929,-15.2898,0.5276,0.7323,"Buried or cover-hidden ACTIVE fault (H72-A): the deformation-only view is confident (geodetic second invariant / shear / dilatation gradients and their coherence, earthquake-density kernel edge) while the surface view abstains (no DEM scarp, no slope lineament, no radiometric lineament) -- consistent with a young blind fault straining and micro-seismic beneath cover. HYPOTHESIS, not verified geology.",Anthropogenic subsidence from groundwater withdrawal; irrigation-related aquifer compaction; volcanic inflation or deflation (magma movement without discrete faulting); post-seismic afterslip or viscoelastic relaxation; seasonal hydrological loading; a strain transient on a creeping (aseismic) fault segment.,"Independent evidence of discrete offset: a displaced contact or marker bed, deflected or offset drainage, a facies termination, a fault-plane solution aligned with the lineament, a published structural interpretation, or field observation. None is claimed here.","MEASURED CONTEXT + TEMPLATE HYPOTHESIS; no field observation, no geologist review"
447,1684,411800.0,4463800.0,6440.5,0.950013,0.477023,0.47299,1,4.701,0.6,4.001,266.3,376.0,515.9,1.1651,-14.2749,0.4803,0.752,"Buried or cover-hidden ACTIVE fault (H72-A): the deformation-only view is confident (geodetic second invariant / shear / dilatation gradients and their coherence, earthquake-density kernel edge) while the surface view abstains (no DEM scarp, no slope lineament, no radiometric lineament) -- consistent with a young blind fault straining and micro-seismic beneath cover. HYPOTHESIS, not verified geology.",Anthropogenic subsidence from groundwater withdrawal; irrigation-related aquifer compaction; volcanic inflation or deflation (magma movement without discrete faulting); post-seismic afterslip or viscoelastic relaxation; seasonal hydrological loading; a strain transient on a creeping (aseismic) fault segment.,"Independent evidence of discrete offset: a displaced contact or marker bed, deflected or offset drainage, a facies termination, a fault-plane solution aligned with the lineament, a published structural interpretation, or field observation. None is claimed here.","MEASURED CONTEXT + TEMPLATE HYPOTHESIS; no field observation, no geologist review"
450,1683,411700.0,4463500.0,6488.5,0.954012,0.537226,0.416786,1,4.7208,0.6,4.0208,266.3,376.0,477.2,1.1602,-13.5447,0.5591,0.7008,"Buried or cover-hidden ACTIVE fault (H72-A): the deformation-only view is confident (geodetic second invariant / shear / dilatation gradients and their coherence, earthquake-density kernel edge) while the surface view abstains (no DEM scarp, no slope lineament, no radiometric lineament) -- consistent with a young blind fault straining and micro-seismic beneath cover. HYPOTHESIS, not verified geology.",Anthropogenic subsidence from groundwater withdrawal; irrigation-related aquifer compaction; volcanic inflation or deflation (magma movement without discrete faulting); post-seismic afterslip or viscoelastic relaxation; seasonal hydrological loading; a strain transient on a creeping (aseismic) fault segment.,"Independent evidence of discrete offset: a displaced contact or marker bed, deflected or offset drainage, a facies termination, a fault-plane solution aligned with the lineament, a published structural interpretation, or field observation. None is claimed here.","MEASURED CONTEXT + TEMPLATE HYPOTHESIS; no field observation, no geologist review"
470,1718,415200.0,4461500.0,9932.3,0.953993,0.350271,0.603722,1,4.7,0.6,4.1,283.7,389.206,658.3,0.1108,-15.7947,0.3504,0.4961,"Buried or cover-hidden ACTIVE fault (H72-A): the deformation-only view is confident (geodetic second invariant / shear / dilatation gradients and their coherence, earthquake-density kernel edge) while the surface view abstains (no DEM scarp, no slope lineament, no radiometric lineament) -- consistent with a young blind fault straining and micro-seismic beneath cover. HYPOTHESIS, not verified geology.",Anthropogenic subsidence from groundwater withdrawal; irrigation-related aquifer compaction; volcanic inflation or deflation (magma movement without discrete faulting); post-seismic afterslip or viscoelastic relaxation; seasonal hydrological loading; a strain transient on a creeping (aseismic) fault segment.,"Independent evidence of discrete offset: a displaced contact or marker bed, deflected or offset drainage, a facies termination, a fault-plane solution aligned with the lineament, a published structural interpretation, or field observation. None is claimed here.","MEASURED CONTEXT + TEMPLATE HYPOTHESIS; no field observation, no geologist review"
471,1710,414400.0,4461400.0,9879.3,0.971949,0.607438,0.364511,1,4.7,0.6,4.1,283.7,390.0077,614.2,0.6866,-15.1499,0.3898,0.4764,"Buried or cover-hidden ACTIVE fault (H72-A): the deformation-only view is confident (geodetic second invariant / shear / dilatation gradients and their coherence, earthquake-density kernel edge) while the surface view abstains (no DEM scarp, no slope lineament, no radiometric lineament) -- consistent with a young blind fault straining and micro-seismic beneath cover. HYPOTHESIS, not verified geology.",Anthropogenic subsidence from groundwater withdrawal; irrigation-related aquifer compaction; volcanic inflation or deflation (magma movement without discrete faulting); post-seismic afterslip or viscoelastic relaxation; seasonal hydrological loading; a strain transient on a creeping (aseismic) fault segment.,"Independent evidence of discrete offset: a displaced contact or marker bed, deflected or offset drainage, a facies termination, a fault-plane solution aligned with the lineament, a published structural interpretation, or field observation. None is claimed here.","MEASURED CONTEXT + TEMPLATE HYPOTHESIS; no field observation, no geologist review"
472,1700,413400.0,4461300.0,9102.2,0.967023,0.553773,0.41325,1,4.7834,0.6,4.1,283.7,388.8461,550.4,0.861,-14.019,0.4134,0.5827,"Buried or cover-hidden ACTIVE fault (H72-A): the deformation-only view is confident (geodetic second invariant / shear / dilatation gradients and their coherence, earthquake-density kernel edge) while the surface view abstains (no DEM scarp, no slope lineament, no radiometric lineament) -- consistent with a young blind fault straining and micro-seismic beneath cover. HYPOTHESIS, not verified geology.",Anthropogenic subsidence from groundwater withdrawal; irrigation-related aquifer compaction; volcanic inflation or deflation (magma movement without discrete faulting); post-seismic afterslip or viscoelastic relaxation; seasonal hydrological loading; a strain transient on a creeping (aseismic) fault segment.,"Independent evidence of discrete offset: a displaced contact or marker bed, deflected or offset drainage, a facies termination, a fault-plane solution aligned with the lineament, a published structural interpretation, or field observation. None is claimed here.","MEASURED CONTEXT + TEMPLATE HYPOTHESIS; no field observation, no geologist review"
473,1703,413700.0,4461200.0,9404.8,0.976068,0.621491,0.354577,1,4.7239,0.6,4.1,283.7,388.3,567.8,0.9503,-14.2187,0.3268,0.5315,"Buried or cover-hidden ACTIVE fault (H72-A): the deformation-only view is confident (geodetic second invariant / shear / dilatation gradients and their coherence, earthquake-density kernel edge) while the surface view abstains (no DEM scarp, no slope lineament, no radiometric lineament) -- consistent with a young blind fault straining and micro-seismic beneath cover. HYPOTHESIS, not verified geology.",Anthropogenic subsidence from groundwater withdrawal; irrigation-related aquifer compaction; volcanic inflation or deflation (magma movement without discrete faulting); post-seismic afterslip or viscoelastic relaxation; seasonal hydrological loading; a strain transient on a creeping (aseismic) fault segment.,"Independent evidence of discrete offset: a displaced contact or marker bed, deflected or offset drainage, a facies termination, a fault-plane solution aligned with the lineament, a published structural interpretation, or field observation. None is claimed here.","MEASURED CONTEXT + TEMPLATE HYPOTHESIS; no field observation, no geologist review"
473,1713,414700.0,4461200.0,10239.6,0.967363,0.584189,0.383174,1,4.7,0.6,4.1,283.7,388.3,612.3,0.2143,-15.01,0.3071,0.4488,"Buried or cover-hidden ACTIVE fault (H72-A): the deformation-only view is confident (geodetic second invariant / shear / dilatation gradients and their coherence, earthquake-density kernel edge) while the surface view abstains (no DEM scarp, no slope lineament, no radiometric lineament) -- consistent with a young blind fault straining and micro-seismic beneath cover. HYPOTHESIS, not verified geology.",Anthropogenic subsidence from groundwater withdrawal; irrigation-related aquifer compaction; volcanic inflation or deflation (magma movement without discrete faulting); post-seismic afterslip or viscoelastic relaxation; seasonal hydrological loading; a strain transient on a creeping (aseismic) fault segment.,"Independent evidence of discrete offset: a displaced contact or marker bed, deflected or offset drainage, a facies termination, a fault-plane solution aligned with the lineament, a published structural interpretation, or field observation. None is claimed here.","MEASURED CONTEXT + TEMPLATE HYPOTHESIS; no field observation, no geologist review"
476,1700,413400.0,4460900.0,9340.8,0.952736,0.568511,0.384225,1,4.7834,0.6,4.1,283.7,388.3,543.7,1.084,-13.5212,0.4449,0.5827,"Buried or cover-hidden ACTIVE fault (H72-A): the deformation-only view is confident (geodetic second invariant / shear / dilatation gradients and their coherence, earthquake-density kernel edge) while the surface view abstains (no DEM scarp, no slope lineament, no radiometric lineament) -- consistent with a young blind fault straining and micro-seismic beneath cover. HYPOTHESIS, not verified geology.",Anthropogenic subsidence from groundwater withdrawal; irrigation-related aquifer compaction; volcanic inflation or deflation (magma movement without discrete faulting); post-seismic afterslip or viscoelastic relaxation; seasonal hydrological loading; a strain transient on a creeping (aseismic) fault segment.,"Independent evidence of discrete offset: a displaced contact or marker bed, deflected or offset drainage, a facies termination, a fault-plane solution aligned with the lineament, a published structural interpretation, or field observation. None is claimed here.","MEASURED CONTEXT + TEMPLATE HYPOTHESIS; no field observation, no geologist review"
477,1711,414500.0,4460800.0,10290.3,0.977312,0.551831,0.425481,1,4.7,0.6,4.1,283.7,388.3,598.7,0.2255,-14.313,0.4724,0.5512,"Buried or cover-hidden ACTIVE fault (H72-A): the deformation-only view is confident (geodetic second invariant / shear / dilatation gradients and their coherence, earthquake-density kernel edge) while the surface view abstains (no DEM scarp, no slope lineament, no radiometric lineament) -- consistent with a young blind fault straining and micro-seismic beneath cover. HYPOTHESIS, not verified geology.",Anthropogenic subsidence from groundwater withdrawal; irrigation-related aquifer compaction; volcanic inflation or deflation (magma movement without discrete faulting); post-seismic afterslip or viscoelastic relaxation; seasonal hydrological loading; a strain transient on a creeping (aseismic) fault segment.,"Independent evidence of discrete offset: a displaced contact or marker bed, deflected or offset drainage, a facies termination, a fault-plane solution aligned with the lineament, a published structural interpretation, or field observation. None is claimed here.","MEASURED CONTEXT + TEMPLATE HYPOTHESIS; no field observation, no geologist review"
482,1713,414700.0,4460300.0,10407.7,0.957912,0.632878,0.325034,1,4.792,0.508,4.192,283.7,388.3,593.6,0.3973,-13.6976,0.2992,0.4646,"Buried or cover-hidden ACTIVE fault (H72-A): the deformation-only view is confident (geodetic second invariant / shear / dilatation gradients and their coherence, earthquake-density kernel edge) while the surface view abstains (no DEM scarp, no slope lineament, no radiometric lineament) -- consistent with a young blind fault straining and micro-seismic beneath cover. HYPOTHESIS, not verified geology.",Anthropogenic subsidence from groundwater withdrawal; irrigation-related aquifer compaction; volcanic inflation or deflation (magma movement without discrete faulting); post-seismic afterslip or viscoelastic relaxation; seasonal hydrological loading; a strain transient on a creeping (aseismic) fault segment.,"Independent evidence of discrete offset: a displaced contact or marker bed, deflected or offset drainage, a facies termination, a fault-plane solution aligned with the lineament, a published structural interpretation, or field observation. None is claimed here.","MEASURED CONTEXT + TEMPLATE HYPOTHESIS; no field observation, no geologist review"
485,1706,414000.0,4460000.0,10371.1,0.951105,0.625483,0.325622,1,4.8,0.5,4.2,283.7,388.3,572.5,0.8627,-12.904,0.2756,0.5551,"Buried or cover-hidden ACTIVE fault (H72-A): the deformation-only view is confident (geodetic second invariant / shear / dilatation gradients and their coherence, earthquake-density kernel edge) while the surface view abstains (no DEM scarp, no slope lineament, no radiometric lineament) -- consistent with a young blind fault straining and micro-seismic beneath cover. HYPOTHESIS, not verified geology.",Anthropogenic subsidence from groundwater withdrawal; irrigation-related aquifer compaction; volcanic inflation or deflation (magma movement without discrete faulting); post-seismic afterslip or viscoelastic relaxation; seasonal hydrological loading; a strain transient on a creeping (aseismic) fault segment.,"Independent evidence of discrete offset: a displaced contact or marker bed, deflected or offset drainage, a facies termination, a fault-plane solution aligned with the lineament, a published structural interpretation, or field observation. None is claimed here.","MEASURED CONTEXT + TEMPLATE HYPOTHESIS; no field observation, no geologist review"
532,1438,387200.0,4455300.0,2601.9,0.950248,0.472561,0.477687,1,8.3778,2.6778,5.2222,200.6825,363.2,3.1,16.0098,3.9644,0.3937,0.3543,"Buried or cover-hidden ACTIVE fault (H72-A): the deformation-only view is confident (geodetic second invariant / shear / dilatation gradients and their coherence, earthquake-density kernel edge) while the surface view abstains (no DEM scarp, no slope lineament, no radiometric lineament) -- consistent with a young blind fault straining and micro-seismic beneath cover. HYPOTHESIS, not verified geology.",Anthropogenic subsidence from groundwater withdrawal; irrigation-related aquifer compaction; volcanic inflation or deflation (magma movement without discrete faulting); post-seismic afterslip or viscoelastic relaxation; seasonal hydrological loading; a strain transient on a creeping (aseismic) fault segment.,"Independent evidence of discrete offset: a displaced contact or marker bed, deflected or offset drainage, a facies termination, a fault-plane solution aligned with the lineament, a published structural interpretation, or field observation. None is claimed here.","MEASURED CONTEXT + TEMPLATE HYPOTHESIS; no field observation, no geologist review"
553,1439,387300.0,4453200.0,2545.6,0.952184,0.625972,0.326212,1,8.2576,2.6576,5.1,233.4535,373.5,2.7,14.5716,4.8869,0.3622,0.4252,"Buried or cover-hidden ACTIVE fault (H72-A): the deformation-only view is confident (geodetic second invariant / shear / dilatation gradients and their coherence, earthquake-density kernel edge) while the surface view abstains (no DEM scarp, no slope lineament, no radiometric lineament) -- consistent with a young blind fault straining and micro-seismic beneath cover. HYPOTHESIS, not verified geology.",Anthropogenic subsidence from groundwater withdrawal; irrigation-related aquifer compaction; volcanic inflation or deflation (magma movement without discrete faulting); post-seismic afterslip or viscoelastic relaxation; seasonal hydrological loading; a strain transient on a creeping (aseismic) fault segment.,"Independent evidence of discrete offset: a displaced contact or marker bed, deflected or offset drainage, a facies termination, a fault-plane solution aligned with the lineament, a published structural interpretation, or field observation. None is claimed here.","MEASURED CONTEXT + TEMPLATE HYPOTHESIS; no field observation, no geologist review"
589,979,341300.0,4449600.0,5903.4,0.963577,0.590967,0.372609,1,15.8,6.9,7.3,0.0,442.3679,850.1,1.201,-16.0547,0.4094,0.7362,"Buried or cover-hidden ACTIVE fault (H72-A): the deformation-only view is confident (geodetic second invariant / shear / dilatation gradients and their coherence, earthquake-density kernel edge) while the surface view abstains (no DEM scarp, no slope lineament, no radiometric lineament) -- consistent with a young blind fault straining and micro-seismic beneath cover. HYPOTHESIS, not verified geology.",Anthropogenic subsidence from groundwater withdrawal; irrigation-related aquifer compaction; volcanic inflation or deflation (magma movement without discrete faulting); post-seismic afterslip or viscoelastic relaxation; seasonal hydrological loading; a strain transient on a creeping (aseismic) fault segment.,"Independent evidence of discrete offset: a displaced contact or marker bed, deflected or offset drainage, a facies termination, a fault-plane solution aligned with the lineament, a published structural interpretation, or field observation. None is claimed here.","MEASURED CONTEXT + TEMPLATE HYPOTHESIS; no field observation, no geologist review"
589,984,341800.0,4449600.0,5522.7,0.95783,0.496515,0.461314,1,15.8,6.9,7.3,0.0,442.4325,785.3,1.3066,-14.838,0.4528,0.7402,"Buried or cover-hidden ACTIVE fault (H72-A): the deformation-only view is confident (geodetic second invariant / shear / dilatation gradients and their coherence, earthquake-density kernel edge) while the surface view abstains (no DEM scarp, no slope lineament, no radiometric lineament) -- consistent with a young blind fault straining and micro-seismic beneath cover. HYPOTHESIS, not verified geology.",Anthropogenic subsidence from groundwater withdrawal; irrigation-related aquifer compaction; volcanic inflation or deflation (magma movement without discrete faulting); post-seismic afterslip or viscoelastic relaxation; seasonal hydrological loading; a strain transient on a creeping (aseismic) fault segment.,"Independent evidence of discrete offset: a displaced contact or marker bed, deflected or offset drainage, a facies termination, a fault-plane solution aligned with the lineament, a published structural interpretation, or field observation. None is claimed here.","MEASURED CONTEXT + TEMPLATE HYPOTHESIS; no field observation, no geologist review"
590,989,342300.0,4449500.0,5091.2,0.986249,0.497125,0.489124,1,15.8,6.9,7.3,0.0,429.7386,714.7,1.5334,-13.3437,0.4764,0.7795,"Buried or cover-hidden ACTIVE fault (H72-A): the deformation-only view is confident (geodetic second invariant / shear / dilatation gradients and their coherence, earthquake-density kernel edge) while the surface view abstains (no DEM scarp, no slope lineament, no radiometric lineament) -- consistent with a young blind fault straining and micro-seismic beneath cover. HYPOTHESIS, not verified geology.",Anthropogenic subsidence from groundwater withdrawal; irrigation-related aquifer compaction; volcanic inflation or deflation (magma movement without discrete faulting); post-seismic afterslip or viscoelastic relaxation; seasonal hydrological loading; a strain transient on a creeping (aseismic) fault segment.,"Independent evidence of discrete offset: a displaced contact or marker bed, deflected or offset drainage, a facies termination, a fault-plane solution aligned with the lineament, a published structural interpretation, or field observation. None is claimed here.","MEASURED CONTEXT + TEMPLATE HYPOTHESIS; no field observation, no geologist review"
609,974,340800.0,4447600.0,5375.9,0.98338,0.507667,0.475713,1,16.4019,7.251,7.451,115.5,414.4765,793.3,1.4293,-15.3832,0.437,0.6339,"Buried or cover-hidden ACTIVE fault (H72-A): the deformation-only view is confident (geodetic second invariant / shear / dilatation gradients and their coherence, earthquake-density kernel edge) while the surface view abstains (no DEM scarp, no slope lineament, no radiometric lineament) -- consistent with a young blind fault straining and micro-seismic beneath cover. HYPOTHESIS, not verified geology.",Anthropogenic subsidence from groundwater withdrawal; irrigation-related aquifer compaction; volcanic inflation or deflation (magma movement without discrete faulting); post-seismic afterslip or viscoelastic relaxation; seasonal hydrological loading; a strain transient on a creeping (aseismic) fault segment.,"Independent evidence of discrete offset: a displaced contact or marker bed, deflected or offset drainage, a facies termination, a fault-plane solution aligned with the lineament, a published structural interpretation, or field observation. None is claimed here.","MEASURED CONTEXT + TEMPLATE HYPOTHESIS; no field observation, no geologist review"
627,3173,560700.0,4445800.0,9265.5,0.950626,0.596864,0.353762,1,2.8,0.0,3.0,197.8,369.8,1751.4,0.8044,-17.1604,0.4409,0.6693,"Buried or cover-hidden ACTIVE fault (H72-A): the deformation-only view is confident (geodetic second invariant / shear / dilatation gradients and their coherence, earthquake-density kernel edge) while the surface view abstains (no DEM scarp, no slope lineament, no radiometric lineament) -- consistent with a young blind fault straining and micro-seismic beneath cover. HYPOTHESIS, not verified geology.",Anthropogenic subsidence from groundwater withdrawal; irrigation-related aquifer compaction; volcanic inflation or deflation (magma movement without discrete faulting); post-seismic afterslip or viscoelastic relaxation; seasonal hydrological loading; a strain transient on a creeping (aseismic) fault segment.,"Independent evidence of discrete offset: a displaced contact or marker bed, deflected or offset drainage, a facies termination, a fault-plane solution aligned with the lineament, a published structural interpretation, or field observation. None is claimed here.","MEASURED CONTEXT + TEMPLATE HYPOTHESIS; no field observation, no geologist review"
633,3171,560500.0,4445200.0,8904.5,0.96424,0.647413,0.316828,1,2.8,0.0,3.0,197.8,369.8,1738.3,1.829,-17.1851,0.3976,0.6772,"Buried or cover-hidden ACTIVE fault (H72-A): the deformation-only view is confident (geodetic second invariant / shear / dilatation gradients and their coherence, earthquake-density kernel edge) while the surface view abstains (no DEM scarp, no slope lineament, no radiometric lineament) -- consistent with a young blind fault straining and micro-seismic beneath cover. HYPOTHESIS, not verified geology.",Anthropogenic subsidence from groundwater withdrawal; irrigation-related aquifer compaction; volcanic inflation or deflation (magma movement without discrete faulting); post-seismic afterslip or viscoelastic relaxation; seasonal hydrological loading; a strain transient on a creeping (aseismic) fault segment.,"Independent evidence of discrete offset: a displaced contact or marker bed, deflected or offset drainage, a facies termination, a fault-plane solution aligned with the lineament, a published structural interpretation, or field observation. None is claimed here.","MEASURED CONTEXT + TEMPLATE HYPOTHESIS; no field observation, no geologist review"
634,3174,560800.0,4445100.0,8987.2,0.951051,0.595575,0.355475,1,2.8,0.0,3.0,197.8,369.8,2058.8,1.3062,-18.4508,0.5197,0.5512,"Buried or cover-hidden ACTIVE fault (H72-A): the deformation-only view is confident (geodetic second invariant / shear / dilatation gradients and their coherence, earthquake-density kernel edge) while the surface view abstains (no DEM scarp, no slope lineament, no radiometric lineament) -- consistent with a young blind fault straining and micro-seismic beneath cover. HYPOTHESIS, not verified geology.",Anthropogenic subsidence from groundwater withdrawal; irrigation-related aquifer compaction; volcanic inflation or deflation (magma movement without discrete faulting); post-seismic afterslip or viscoelastic relaxation; seasonal hydrological loading; a strain transient on a creeping (aseismic) fault segment.,"Independent evidence of discrete offset: a displaced contact or marker bed, deflected or offset drainage, a facies termination, a fault-plane solution aligned with the lineament, a published structural interpretation, or field observation. None is claimed here.","MEASURED CONTEXT + TEMPLATE HYPOTHESIS; no field observation, no geologist review"
649,3177,561100.0,4443600.0,7710.4,0.962891,0.624918,0.337973,1,2.8,0.0,3.0,197.8,372.2531,2518.2,1.5323,-19.7107,0.4291,0.4646,"Buried or cover-hidden ACTIVE fault (H72-A): the deformation-only view is confident (geodetic second invariant / shear / dilatation gradients and their coherence, earthquake-density kernel edge) while the surface view abstains (no DEM scarp, no slope lineament, no radiometric lineament) -- consistent with a young blind fault straining and micro-seismic beneath cover. HYPOTHESIS, not verified geology.",Anthropogenic subsidence from groundwater withdrawal; irrigation-related aquifer compaction; volcanic inflation or deflation (magma movement without discrete faulting); post-seismic afterslip or viscoelastic relaxation; seasonal hydrological loading; a strain transient on a creeping (aseismic) fault segment.,"Independent evidence of discrete offset: a displaced contact or marker bed, deflected or offset drainage, a facies termination, a fault-plane solution aligned with the lineament, a published structural interpretation, or field observation. None is claimed here.","MEASURED CONTEXT + TEMPLATE HYPOTHESIS; no field observation, no geologist review"
653,1293,372700.0,4443200.0,8910.7,0.970032,0.379017,0.591015,1,10.0,3.7,5.7,187.0,359.7485,535.9,0.2517,-11.3304,0.3543,0.5866,"Buried or cover-hidden ACTIVE fault (H72-A): the deformation-only view is confident (geodetic second invariant / shear / dilatation gradients and their coherence, earthquake-density kernel edge) while the surface view abstains (no DEM scarp, no slope lineament, no radiometric lineament) -- consistent with a young blind fault straining and micro-seismic beneath cover. HYPOTHESIS, not verified geology.",Anthropogenic subsidence from groundwater withdrawal; irrigation-related aquifer compaction; volcanic inflation or deflation (magma movement without discrete faulting); post-seismic afterslip or viscoelastic relaxation; seasonal hydrological loading; a strain transient on a creeping (aseismic) fault segment.,"Independent evidence of discrete offset: a displaced contact or marker bed, deflected or offset drainage, a facies termination, a fault-plane solution aligned with the lineament, a published structural interpretation, or field observation. None is claimed here.","MEASURED CONTEXT + TEMPLATE HYPOTHESIS; no field observation, no geologist review"
654,3128,556200.0,4443100.0,5423.1,0.963672,0.648987,0.314685,1,3.0,0.0,3.2,176.2,377.3,580.7,0.3489,-4.5698,0.4173,0.5079,"Buried or cover-hidden ACTIVE fault (H72-A): the deformation-only view is confident (geodetic second invariant / shear / dilatation gradients and their coherence, earthquake-density kernel edge) while the surface view abstains (no DEM scarp, no slope lineament, no radiometric lineament) -- consistent with a young blind fault straining and micro-seismic beneath cover. HYPOTHESIS, not verified geology.",Anthropogenic subsidence from groundwater withdrawal; irrigation-related aquifer compaction; volcanic inflation or deflation (magma movement without discrete faulting); post-seismic afterslip or viscoelastic relaxation; seasonal hydrological loading; a strain transient on a creeping (aseismic) fault segment.,"Independent evidence of discrete offset: a displaced contact or marker bed, deflected or offset drainage, a facies termination, a fault-plane solution aligned with the lineament, a published structural interpretation, or field observation. None is claimed here.","MEASURED CONTEXT + TEMPLATE HYPOTHESIS; no field observation, no geologist review"
657,1293,372700.0,4442800.0,8627.9,0.979984,0.403784,0.576201,1,10.1366,3.7342,5.7683,201.2433,359.7531,582.2,0.2934,-11.8133,0.3543,0.5669,"Buried or cover-hidden ACTIVE fault (H72-A): the deformation-only view is confident (geodetic second invariant / shear / dilatation gradients and their coherence, earthquake-density kernel edge) while the surface view abstains (no DEM scarp, no slope lineament, no radiometric lineament) -- consistent with a young blind fault straining and micro-seismic beneath cover. HYPOTHESIS, not verified geology.",Anthropogenic subsidence from groundwater withdrawal; irrigation-related aquifer compaction; volcanic inflation or deflation (magma movement without discrete faulting); post-seismic afterslip or viscoelastic relaxation; seasonal hydrological loading; a strain transient on a creeping (aseismic) fault segment.,"Independent evidence of discrete offset: a displaced contact or marker bed, deflected or offset drainage, a facies termination, a fault-plane solution aligned with the lineament, a published structural interpretation, or field observation. None is claimed here.","MEASURED CONTEXT + TEMPLATE HYPOTHESIS; no field observation, no geologist review"
658,1362,379600.0,4442700.0,4338.2,0.95735,0.563795,0.393555,1,9.0525,2.9475,5.61,257.0379,403.9,602.9,0.3077,-3.8874,0.4094,0.6299,"Buried or cover-hidden ACTIVE fault (H72-A): the deformation-only view is confident (geodetic second invariant / shear / dilatation gradients and their coherence, earthquake-density kernel edge) while the surface view abstains (no DEM scarp, no slope lineament, no radiometric lineament) -- consistent with a young blind fault straining and micro-seismic beneath cover. HYPOTHESIS, not verified geology.",Anthropogenic subsidence from groundwater withdrawal; irrigation-related aquifer compaction; volcanic inflation or deflation (magma movement without discrete faulting); post-seismic afterslip or viscoelastic relaxation; seasonal hydrological loading; a strain transient on a creeping (aseismic) fault segment.,"Independent evidence of discrete offset: a displaced contact or marker bed, deflected or offset drainage, a facies termination, a fault-plane solution aligned with the lineament, a published structural interpretation, or field observation. None is claimed here.","MEASURED CONTEXT + TEMPLATE HYPOTHESIS; no field observation, no geologist review"
658,3149,558300.0,4442700.0,5635.6,0.967046,0.565217,0.401829,1,2.9,0.0,3.1,197.8,373.8,735.1,0.694,-9.0658,0.5315,0.6181,"Buried or cover-hidden ACTIVE fault (H72-A): the deformation-only view is confident (geodetic second invariant / shear / dilatation gradients and their coherence, earthquake-density kernel edge) while the surface view abstains (no DEM scarp, no slope lineament, no radiometric lineament) -- consistent with a young blind fault straining and micro-seismic beneath cover. HYPOTHESIS, not verified geology.",Anthropogenic subsidence from groundwater withdrawal; irrigation-related aquifer compaction; volcanic inflation or deflation (magma movement without discrete faulting); post-seismic afterslip or viscoelastic relaxation; seasonal hydrological loading; a strain transient on a creeping (aseismic) fault segment.,"Independent evidence of discrete offset: a displaced contact or marker bed, deflected or offset drainage, a facies termination, a fault-plane solution aligned with the lineament, a published structural interpretation, or field observation. None is claimed here.","MEASURED CONTEXT + TEMPLATE HYPOTHESIS; no field observation, no geologist review"
660,1297,373100.0,4442500.0,8132.0,0.973202,0.493113,0.480089,1,10.2365,3.6814,5.8892,226.4484,363.4,710.8,0.3965,-12.8983,0.5157,0.5669,"Buried or cover-hidden ACTIVE fault (H72-A): the deformation-only view is confident (geodetic second invariant / shear / dilatation gradients and their coherence, earthquake-density kernel edge) while the surface view abstains (no DEM scarp, no slope lineament, no radiometric lineament) -- consistent with a young blind fault straining and micro-seismic beneath cover. HYPOTHESIS, not verified geology.",Anthropogenic subsidence from groundwater withdrawal; irrigation-related aquifer compaction; volcanic inflation or deflation (magma movement without discrete faulting); post-seismic afterslip or viscoelastic relaxation; seasonal hydrological loading; a strain transient on a creeping (aseismic) fault segment.,"Independent evidence of discrete offset: a displaced contact or marker bed, deflected or offset drainage, a facies termination, a fault-plane solution aligned with the lineament, a published structural interpretation, or field observation. None is claimed here.","MEASURED CONTEXT + TEMPLATE HYPOTHESIS; no field observation, no geologist review"
660,1365,379900.0,4442500.0,4111.0,0.95279,0.426227,0.526563,1,9.0928,2.9072,5.7711,276.2572,403.9,566.0,0.4276,-4.0379,0.5472,0.4724,"Buried or cover-hidden ACTIVE fault (H72-A): the deformation-only view is confident (geodetic second invariant / shear / dilatation gradients and their coherence, earthquake-density kernel edge) while the surface view abstains (no DEM scarp, no slope lineament, no radiometric lineament) -- consistent with a young blind fault straining and micro-seismic beneath cover. HYPOTHESIS, not verified geology.",Anthropogenic subsidence from groundwater withdrawal; irrigation-related aquifer compaction; volcanic inflation or deflation (magma movement without discrete faulting); post-seismic afterslip or viscoelastic relaxation; seasonal hydrological loading; a strain transient on a creeping (aseismic) fault segment.,"Independent evidence of discrete offset: a displaced contact or marker bed, deflected or offset drainage, a facies termination, a fault-plane solution aligned with the lineament, a published structural interpretation, or field observation. None is claimed here.","MEASURED CONTEXT + TEMPLATE HYPOTHESIS; no field observation, no geologist review"
660,3128,556200.0,4442500.0,4826.0,0.96458,0.35915,0.605429,1,3.0806,0.0,3.2806,176.2,377.3,668.2,0.2787,-5.4105,0.4134,0.6299,"Buried or cover-hidden ACTIVE fault (H72-A): the deformation-only view is confident (geodetic second invariant / shear / dilatation gradients and their coherence, earthquake-density kernel edge) while the surface view abstains (no DEM scarp, no slope lineament, no radiometric lineament) -- consistent with a young blind fault straining and micro-seismic beneath cover. HYPOTHESIS, not verified geology.",Anthropogenic subsidence from groundwater withdrawal; irrigation-related aquifer compaction; volcanic inflation or deflation (magma movement without discrete faulting); post-seismic afterslip or viscoelastic relaxation; seasonal hydrological loading; a strain transient on a creeping (aseismic) fault segment.,"Independent evidence of discrete offset: a displaced contact or marker bed, deflected or offset drainage, a facies termination, a fault-plane solution aligned with the lineament, a published structural interpretation, or field observation. None is claimed here.","MEASURED CONTEXT + TEMPLATE HYPOTHESIS; no field observation, no geologist review"
661,1368,380200.0,4442400.0,3862.6,0.95279,0.626759,0.326031,1,9.1,2.9,5.8,279.7,403.9,526.4,0.3956,-3.5977,0.4961,0.437,"Buried or cover-hidden ACTIVE fault (H72-A): the deformation-only view is confident (geodetic second invariant / shear / dilatation gradients and their coherence, earthquake-density kernel edge) while the surface view abstains (no DEM scarp, no slope lineament, no radiometric lineament) -- consistent with a young blind fault straining and micro-seismic beneath cover. HYPOTHESIS, not verified geology.",Anthropogenic subsidence from groundwater withdrawal; irrigation-related aquifer compaction; volcanic inflation or deflation (magma movement without discrete faulting); post-seismic afterslip or viscoelastic relaxation; seasonal hydrological loading; a strain transient on a creeping (aseismic) fault segment.,"Independent evidence of discrete offset: a displaced contact or marker bed, deflected or offset drainage, a facies termination, a fault-plane solution aligned with the lineament, a published structural interpretation, or field observation. None is claimed here.","MEASURED CONTEXT + TEMPLATE HYPOTHESIS; no field observation, no geologist review"
661,3145,557900.0,4442400.0,5189.4,0.950946,0.587515,0.363432,1,2.958,0.0,3.158,197.8,373.8,728.4,0.6028,-8.2467,0.5354,0.4685,"Buried or cover-hidden ACTIVE fault (H72-A): the deformation-only view is confident (geodetic second invariant / shear / dilatation gradients and their coherence, earthquake-density kernel edge) while the surface view abstains (no DEM scarp, no slope lineament, no radiometric lineament) -- consistent with a young blind fault straining and micro-seismic beneath cover. HYPOTHESIS, not verified geology.",Anthropogenic subsidence from groundwater withdrawal; irrigation-related aquifer compaction; volcanic inflation or deflation (magma movement without discrete faulting); post-seismic afterslip or viscoelastic relaxation; seasonal hydrological loading; a strain transient on a creeping (aseismic) fault segment.,"Independent evidence of discrete offset: a displaced contact or marker bed, deflected or offset drainage, a facies termination, a fault-plane solution aligned with the lineament, a published structural interpretation, or field observation. None is claimed here.","MEASURED CONTEXT + TEMPLATE HYPOTHESIS; no field observation, no geologist review"
661,3149,558300.0,4442400.0,5371.2,0.968261,0.624487,0.343774,1,2.9,0.0,3.1,197.8,373.8,742.9,1.5186,-8.9329,0.4921,0.6024,"Buried or cover-hidden ACTIVE fault (H72-A): the deformation-only view is confident (geodetic second invariant / shear / dilatation gradients and their coherence, earthquake-density kernel edge) while the surface view abstains (no DEM scarp, no slope lineament, no radiometric lineament) -- consistent with a young blind fault straining and micro-seismic beneath cover. HYPOTHESIS, not verified geology.",Anthropogenic subsidence from groundwater withdrawal; irrigation-related aquifer compaction; volcanic inflation or deflation (magma movement without discrete faulting); post-seismic afterslip or viscoelastic relaxation; seasonal hydrological loading; a strain transient on a creeping (aseismic) fault segment.,"Independent evidence of discrete offset: a displaced contact or marker bed, deflected or offset drainage, a facies termination, a fault-plane solution aligned with the lineament, a published structural interpretation, or field observation. None is claimed here.","MEASURED CONTEXT + TEMPLATE HYPOTHESIS; no field observation, no geologist review"
662,1293,372700.0,4442300.0,8287.9,0.976874,0.4016,0.575274,1,10.4,3.8,5.9,228.7,359.7588,656.0,0.2472,-12.4303,0.4764,0.5748,"Buried or cover-hidden ACTIVE fault (H72-A): the deformation-only view is confident (geodetic second invariant / shear / dilatation gradients and their coherence, earthquake-density kernel edge) while the surface view abstains (no DEM scarp, no slope lineament, no radiometric lineament) -- consistent with a young blind fault straining and micro-seismic beneath cover. HYPOTHESIS, not verified geology.",Anthropogenic subsidence from groundwater withdrawal; irrigation-related aquifer compaction; volcanic inflation or deflation (magma movement without discrete faulting); post-seismic afterslip or viscoelastic relaxation; seasonal hydrological loading; a strain transient on a creeping (aseismic) fault segment.,"Independent evidence of discrete offset: a displaced contact or marker bed, deflected or offset drainage, a facies termination, a fault-plane solution aligned with the lineament, a published structural interpretation, or field observation. None is claimed here.","MEASURED CONTEXT + TEMPLATE HYPOTHESIS; no field observation, no geologist review"
663,1297,373100.0,4442200.0,7924.6,0.974722,0.513164,0.461558,1,10.2563,3.685,5.9,228.7,363.4,771.8,0.5735,-13.3152,0.626,0.5709,"Buried or cover-hidden ACTIVE fault (H72-A): the deformation-only view is confident (geodetic second invariant / shear / dilatation gradients and their coherence, earthquake-density kernel edge) while the surface view abstains (no DEM scarp, no slope lineament, no radiometric lineament) -- consistent with a young blind fault straining and micro-seismic beneath cover. HYPOTHESIS, not verified geology.",Anthropogenic subsidence from groundwater withdrawal; irrigation-related aquifer compaction; volcanic inflation or deflation (magma movement without discrete faulting); post-seismic afterslip or viscoelastic relaxation; seasonal hydrological loading; a strain transient on a creeping (aseismic) fault segment.,"Independent evidence of discrete offset: a displaced contact or marker bed, deflected or offset drainage, a facies termination, a fault-plane solution aligned with the lineament, a published structural interpretation, or field observation. None is claimed here.","MEASURED CONTEXT + TEMPLATE HYPOTHESIS; no field observation, no geologist review"
663,1310,374400.0,4442200.0,7029.2,0.955548,0.365123,0.590425,1,9.9,3.4,5.9,249.9716,363.4,1039.6,0.2792,-13.592,0.4213,0.5315,"Buried or cover-hidden ACTIVE fault (H72-A): the deformation-only view is confident (geodetic second invariant / shear / dilatation gradients and their coherence, earthquake-density kernel edge) while the surface view abstains (no DEM scarp, no slope lineament, no radiometric lineament) -- consistent with a young blind fault straining and micro-seismic beneath cover. HYPOTHESIS, not verified geology.",Anthropogenic subsidence from groundwater withdrawal; irrigation-related aquifer compaction; volcanic inflation or deflation (magma movement without discrete faulting); post-seismic afterslip or viscoelastic relaxation; seasonal hydrological loading; a strain transient on a creeping (aseismic) fault segment.,"Independent evidence of discrete offset: a displaced contact or marker bed, deflected or offset drainage, a facies termination, a fault-plane solution aligned with the lineament, a published structural interpretation, or field observation. None is claimed here.","MEASURED CONTEXT + TEMPLATE HYPOTHESIS; no field observation, no geologist review"
665,3128,556200.0,4442000.0,4329.0,0.952355,0.371058,0.581297,1,3.1,0.0,3.3,176.2,377.3,749.5,0.1929,-5.6499,0.437,0.6575,"Buried or cover-hidden ACTIVE fault (H72-A): the deformation-only view is confident (geodetic second invariant / shear / dilatation gradients and their coherence, earthquake-density kernel edge) while the surface view abstains (no DEM scarp, no slope lineament, no radiometric lineament) -- consistent with a young blind fault straining and micro-seismic beneath cover. HYPOTHESIS, not verified geology.",Anthropogenic subsidence from groundwater withdrawal; irrigation-related aquifer compaction; volcanic inflation or deflation (magma movement without discrete faulting); post-seismic afterslip or viscoelastic relaxation; seasonal hydrological loading; a strain transient on a creeping (aseismic) fault segment.,"Independent evidence of discrete offset: a displaced contact or marker bed, deflected or offset drainage, a facies termination, a fault-plane solution aligned with the lineament, a published structural interpretation, or field observation. None is claimed here.","MEASURED CONTEXT + TEMPLATE HYPOTHESIS; no field observation, no geologist review"
684,3092,552600.0,4440100.0,3310.6,0.95478,0.487541,0.467239,1,3.6,0.0,3.8,158.2,379.9,593.5,1.1672,-1.6318,0.437,0.6063,"Buried or cover-hidden ACTIVE fault (H72-A): the deformation-only view is confident (geodetic second invariant / shear / dilatation gradients and their coherence, earthquake-density kernel edge) while the surface view abstains (no DEM scarp, no slope lineament, no radiometric lineament) -- consistent with a young blind fault straining and micro-seismic beneath cover. HYPOTHESIS, not verified geology.",Anthropogenic subsidence from groundwater withdrawal; irrigation-related aquifer compaction; volcanic inflation or deflation (magma movement without discrete faulting); post-seismic afterslip or viscoelastic relaxation; seasonal hydrological loading; a strain transient on a creeping (aseismic) fault segment.,"Independent evidence of discrete offset: a displaced contact or marker bed, deflected or offset drainage, a facies termination, a fault-plane solution aligned with the lineament, a published structural interpretation, or field observation. None is claimed here.","MEASURED CONTEXT + TEMPLATE HYPOTHESIS; no field observation, no geologist review"
693,1334,376800.0,4439200.0,3189.0,0.953713,0.464215,0.489499,1,9.9,3.3,6.1,253.3,397.6626,1197.5,0.2457,-13.9614,0.4252,0.5157,"Buried or cover-hidden ACTIVE fault (H72-A): the deformation-only view is confident (geodetic second invariant / shear / dilatation gradients and their coherence, earthquake-density kernel edge) while the surface view abstains (no DEM scarp, no slope lineament, no radiometric lineament) -- consistent with a young blind fault straining and micro-seismic beneath cover. HYPOTHESIS, not verified geology.",Anthropogenic subsidence from groundwater withdrawal; irrigation-related aquifer compaction; volcanic inflation or deflation (magma movement without discrete faulting); post-seismic afterslip or viscoelastic relaxation; seasonal hydrological loading; a strain transient on a creeping (aseismic) fault segment.,"Independent evidence of discrete offset: a displaced contact or marker bed, deflected or offset drainage, a facies termination, a fault-plane solution aligned with the lineament, a published structural interpretation, or field observation. None is claimed here.","MEASURED CONTEXT + TEMPLATE HYPOTHESIS; no field observation, no geologist review"
695,1351,378500.0,4439000.0,2024.8,0.975002,0.575855,0.399147,1,9.6,3.1,6.1,253.3,403.7,701.2,0.2752,-5.3756,0.3504,0.5236,"Buried or cover-hidden ACTIVE fault (H72-A): the deformation-only view is confident (geodetic second invariant / shear / dilatation gradients and their coherence, earthquake-density kernel edge) while the surface view abstains (no DEM scarp, no slope lineament, no radiometric lineament) -- consistent with a young blind fault straining and micro-seismic beneath cover. HYPOTHESIS, not verified geology.",Anthropogenic subsidence from groundwater withdrawal; irrigation-related aquifer compaction; volcanic inflation or deflation (magma movement without discrete faulting); post-seismic afterslip or viscoelastic relaxation; seasonal hydrological loading; a strain transient on a creeping (aseismic) fault segment.,"Independent evidence of discrete offset: a displaced contact or marker bed, deflected or offset drainage, a facies termination, a fault-plane solution aligned with the lineament, a published structural interpretation, or field observation. None is claimed here.","MEASURED CONTEXT + TEMPLATE HYPOTHESIS; no field observation, no geologist review"
695,3091,552500.0,4439000.0,2420.7,0.960562,0.598159,0.362403,1,3.6,0.0,3.8,158.2,384.2,582.5,1.5393,-1.1912,0.4409,0.7244,"Buried or cover-hidden ACTIVE fault (H72-A): the deformation-only view is confident (geodetic second invariant / shear / dilatation gradients and their coherence, earthquake-density kernel edge) while the surface view abstains (no DEM scarp, no slope lineament, no radiometric lineament) -- consistent with a young blind fault straining and micro-seismic beneath cover. HYPOTHESIS, not verified geology.",Anthropogenic subsidence from groundwater withdrawal; irrigation-related aquifer compaction; volcanic inflation or deflation (magma movement without discrete faulting); post-seismic afterslip or viscoelastic relaxation; seasonal hydrological loading; a strain transient on a creeping (aseismic) fault segment.,"Independent evidence of discrete offset: a displaced contact or marker bed, deflected or offset drainage, a facies termination, a fault-plane solution aligned with the lineament, a published structural interpretation, or field observation. None is claimed here.","MEASURED CONTEXT + TEMPLATE HYPOTHESIS; no field observation, no geologist review"
696,1348,378200.0,4438900.0,2126.0,0.973183,0.377386,0.595798,1,9.6597,3.1199,6.1199,253.3,403.7,765.6,0.28,-6.3288,0.4252,0.5039,"Buried or cover-hidden ACTIVE fault (H72-A): the deformation-only view is confident (geodetic second invariant / shear / dilatation gradients and their coherence, earthquake-density kernel edge) while the surface view abstains (no DEM scarp, no slope lineament, no radiometric lineament) -- consistent with a young blind fault straining and micro-seismic beneath cover. HYPOTHESIS, not verified geology.",Anthropogenic subsidence from groundwater withdrawal; irrigation-related aquifer compaction; volcanic inflation or deflation (magma movement without discrete faulting); post-seismic afterslip or viscoelastic relaxation; seasonal hydrological loading; a strain transient on a creeping (aseismic) fault segment.,"Independent evidence of discrete offset: a displaced contact or marker bed, deflected or offset drainage, a facies termination, a fault-plane solution aligned with the lineament, a published structural interpretation, or field observation. None is claimed here.","MEASURED CONTEXT + TEMPLATE HYPOTHESIS; no field observation, no geologist review"
698,1351,378500.0,4438700.0,1780.4,0.975002,0.627533,0.347468,1,9.7806,3.1602,6.1602,253.3,403.7,663.6,0.2727,-4.3228,0.3819,0.5709,"Buried or cover-hidden ACTIVE fault (H72-A): the deformation-only view is confident (geodetic second invariant / shear / dilatation gradients and their coherence, earthquake-density kernel edge) while the surface view abstains (no DEM scarp, no slope lineament, no radiometric lineament) -- consistent with a young blind fault straining and micro-seismic beneath cover. HYPOTHESIS, not verified geology.",Anthropogenic subsidence from groundwater withdrawal; irrigation-related aquifer compaction; volcanic inflation or deflation (magma movement without discrete faulting); post-seismic afterslip or viscoelastic relaxation; seasonal hydrological loading; a strain transient on a creeping (aseismic) fault segment.,"Independent evidence of discrete offset: a displaced contact or marker bed, deflected or offset drainage, a facies termination, a fault-plane solution aligned with the lineament, a published structural interpretation, or field observation. None is claimed here.","MEASURED CONTEXT + TEMPLATE HYPOTHESIS; no field observation, no geologist review"
707,944,337800.0,4437800.0,4162.9,0.955827,0.352188,0.603639,1,18.0,8.3,7.7,178.2918,439.1517,1111.0,0.6832,-19.3628,0.5433,0.685,"Buried or cover-hidden ACTIVE fault (H72-A): the deformation-only view is confident (geodetic second invariant / shear / dilatation gradients and their coherence, earthquake-density kernel edge) while the surface view abstains (no DEM scarp, no slope lineament, no radiometric lineament) -- consistent with a young blind fault straining and micro-seismic beneath cover. HYPOTHESIS, not verified geology.",Anthropogenic subsidence from groundwater withdrawal; irrigation-related aquifer compaction; volcanic inflation or deflation (magma movement without discrete faulting); post-seismic afterslip or viscoelastic relaxation; seasonal hydrological loading; a strain transient on a creeping (aseismic) fault segment.,"Independent evidence of discrete offset: a displaced contact or marker bed, deflected or offset drainage, a facies termination, a fault-plane solution aligned with the lineament, a published structural interpretation, or field observation. None is claimed here.","MEASURED CONTEXT + TEMPLATE HYPOTHESIS; no field observation, no geologist review"
713,1273,370700.0,4437200.0,8209.8,0.979556,0.603014,0.376542,1,11.3,4.3,6.2,250.8844,377.8853,2230.9,0.279,-22.2601,0.4567,0.5669,"Buried or cover-hidden ACTIVE fault (H72-A): the deformation-only view is confident (geodetic second invariant / shear / dilatation gradients and their coherence, earthquake-density kernel edge) while the surface view abstains (no DEM scarp, no slope lineament, no radiometric lineament) -- consistent with a young blind fault straining and micro-seismic beneath cover. HYPOTHESIS, not verified geology.",Anthropogenic subsidence from groundwater withdrawal; irrigation-related aquifer compaction; volcanic inflation or deflation (magma movement without discrete faulting); post-seismic afterslip or viscoelastic relaxation; seasonal hydrological loading; a strain transient on a creeping (aseismic) fault segment.,"Independent evidence of discrete offset: a displaced contact or marker bed, deflected or offset drainage, a facies termination, a fault-plane solution aligned with the lineament, a published structural interpretation, or field observation. None is claimed here.","MEASURED CONTEXT + TEMPLATE HYPOTHESIS; no field observation, no geologist review"
713,1278,371200.0,4437200.0,7710.4,0.977357,0.383733,0.593624,1,11.1414,4.1414,6.2,250.8373,387.6,2388.7,0.1881,-22.01,0.2677,0.4921,"Buried or cover-hidden ACTIVE fault (H72-A): the deformation-only view is confident (geodetic second invariant / shear / dilatation gradients and their coherence, earthquake-density kernel edge) while the surface view abstains (no DEM scarp, no slope lineament, no radiometric lineament) -- consistent with a young blind fault straining and micro-seismic beneath cover. HYPOTHESIS, not verified geology.",Anthropogenic subsidence from groundwater withdrawal; irrigation-related aquifer compaction; volcanic inflation or deflation (magma movement without discrete faulting); post-seismic afterslip or viscoelastic relaxation; seasonal hydrological loading; a strain transient on a creeping (aseismic) fault segment.,"Independent evidence of discrete offset: a displaced contact or marker bed, deflected or offset drainage, a facies termination, a fault-plane solution aligned with the lineament, a published structural interpretation, or field observation. None is claimed here.","MEASURED CONTEXT + TEMPLATE HYPOTHESIS; no field observation, no geologist review"
714,1270,370400.0,4437100.0,8505.3,0.979223,0.485237,0.493986,1,11.3,4.3,6.2,256.7672,366.6,2166.7,0.2285,-22.2435,0.5354,0.5669,"Buried or cover-hidden ACTIVE fault (H72-A): the deformation-only view is confident (geodetic second invariant / shear / dilatation gradients and their coherence, earthquake-density kernel edge) while the surface view abstains (no DEM scarp, no slope lineament, no radiometric lineament) -- consistent with a young blind fault straining and micro-seismic beneath cover. HYPOTHESIS, not verified geology.",Anthropogenic subsidence from groundwater withdrawal; irrigation-related aquifer compaction; volcanic inflation or deflation (magma movement without discrete faulting); post-seismic afterslip or viscoelastic relaxation; seasonal hydrological loading; a strain transient on a creeping (aseismic) fault segment.,"Independent evidence of discrete offset: a displaced contact or marker bed, deflected or offset drainage, a facies termination, a fault-plane solution aligned with the lineament, a published structural interpretation, or field observation. None is claimed here.","MEASURED CONTEXT + TEMPLATE HYPOTHESIS; no field observation, no geologist review"
715,548,298200.0,4437000.0,5909.3,0.951863,0.599384,0.35248,1,26.0799,13.7553,8.4935,682.0,1203.5,504.5,0.1888,-12.7833,0.1929,0.2874,"Buried or cover-hidden ACTIVE fault (H72-A): the deformation-only view is confident (geodetic second invariant / shear / dilatation gradients and their coherence, earthquake-density kernel edge) while the surface view abstains (no DEM scarp, no slope lineament, no radiometric lineament) -- consistent with a young blind fault straining and micro-seismic beneath cover. HYPOTHESIS, not verified geology.",Anthropogenic subsidence from groundwater withdrawal; irrigation-related aquifer compaction; volcanic inflation or deflation (magma movement without discrete faulting); post-seismic afterslip or viscoelastic relaxation; seasonal hydrological loading; a strain transient on a creeping (aseismic) fault segment.,"Independent evidence of discrete offset: a displaced contact or marker bed, deflected or offset drainage, a facies termination, a fault-plane solution aligned with the lineament, a published structural interpretation, or field observation. None is claimed here.","MEASURED CONTEXT + TEMPLATE HYPOTHESIS; no field observation, no geologist review"
715,1263,369700.0,4437000.0,9202.2,0.953894,0.429966,0.523929,1,11.3114,4.3057,6.2057,244.5,366.6,1969.1,0.1796,-22.1384,0.4803,0.5354,"Buried or cover-hidden ACTIVE fault (H72-A): the deformation-only view is confident (geodetic second invariant / shear / dilatation gradients and their coherence, earthquake-density kernel edge) while the surface view abstains (no DEM scarp, no slope lineament, no radiometric lineament) -- consistent with a young blind fault straining and micro-seismic beneath cover. HYPOTHESIS, not verified geology.",Anthropogenic subsidence from groundwater withdrawal; irrigation-related aquifer compaction; volcanic inflation or deflation (magma movement without discrete faulting); post-seismic afterslip or viscoelastic relaxation; seasonal hydrological loading; a strain transient on a creeping (aseismic) fault segment.,"Independent evidence of discrete offset: a displaced contact or marker bed, deflected or offset drainage, a facies termination, a fault-plane solution aligned with the lineament, a published structural interpretation, or field observation. None is claimed here.","MEASURED CONTEXT + TEMPLATE HYPOTHESIS; no field observation, no geologist review"
716,1254,368800.0,4436900.0,10100.5,0.979864,0.365555,0.614309,1,11.6523,4.5261,6.2,244.5,361.8195,1755.9,0.2726,-21.7339,0.4488,0.5157,"Buried or cover-hidden ACTIVE fault (H72-A): the deformation-only view is confident (geodetic second invariant / shear / dilatation gradients and their coherence, earthquake-density kernel edge) while the surface view abstains (no DEM scarp, no slope lineament, no radiometric lineament) -- consistent with a young blind fault straining and micro-seismic beneath cover. HYPOTHESIS, not verified geology.",Anthropogenic subsidence from groundwater withdrawal; irrigation-related aquifer compaction; volcanic inflation or deflation (magma movement without discrete faulting); post-seismic afterslip or viscoelastic relaxation; seasonal hydrological loading; a strain transient on a creeping (aseismic) fault segment.,"Independent evidence of discrete offset: a displaced contact or marker bed, deflected or offset drainage, a facies termination, a fault-plane solution aligned with the lineament, a published structural interpretation, or field observation. None is claimed here.","MEASURED CONTEXT + TEMPLATE HYPOTHESIS; no field observation, no geologist review"
717,1267,370100.0,4436800.0,8800.0,0.953894,0.425142,0.528753,1,11.3919,4.346,6.246,250.8788,366.6,2199.1,0.2039,-22.6127,0.437,0.5315,"Buried or cover-hidden ACTIVE fault (H72-A): the deformation-only view is confident (geodetic second invariant / shear / dilatation gradients and their coherence, earthquake-density kernel edge) while the surface view abstains (no DEM scarp, no slope lineament, no radiometric lineament) -- consistent with a young blind fault straining and micro-seismic beneath cover. HYPOTHESIS, not verified geology.",Anthropogenic subsidence from groundwater withdrawal; irrigation-related aquifer compaction; volcanic inflation or deflation (magma movement without discrete faulting); post-seismic afterslip or viscoelastic relaxation; seasonal hydrological loading; a strain transient on a creeping (aseismic) fault segment.,"Independent evidence of discrete offset: a displaced contact or marker bed, deflected or offset drainage, a facies termination, a fault-plane solution aligned with the lineament, a published structural interpretation, or field observation. None is claimed here.","MEASURED CONTEXT + TEMPLATE HYPOTHESIS; no field observation, no geologist review"
721,1269,370300.0,4436400.0,8609.3,0.951428,0.464824,0.486604,1,11.5,4.4,6.3,258.146,366.6,2411.9,0.2308,-23.0364,0.4646,0.4961,"Buried or cover-hidden ACTIVE fault (H72-A): the deformation-only view is confident (geodetic second invariant / shear / dilatation gradients and their coherence, earthquake-density kernel edge) while the surface view abstains (no DEM scarp, no slope lineament, no radiometric lineament) -- consistent with a young blind fault straining and micro-seismic beneath cover. HYPOTHESIS, not verified geology.",Anthropogenic subsidence from groundwater withdrawal; irrigation-related aquifer compaction; volcanic inflation or deflation (magma movement without discrete faulting); post-seismic afterslip or viscoelastic relaxation; seasonal hydrological loading; a strain transient on a creeping (aseismic) fault segment.,"Independent evidence of discrete offset: a displaced contact or marker bed, deflected or offset drainage, a facies termination, a fault-plane solution aligned with the lineament, a published structural interpretation, or field observation. None is claimed here.","MEASURED CONTEXT + TEMPLATE HYPOTHESIS; no field observation, no geologist review"
723,949,338300.0,4436200.0,3238.8,0.978245,0.641992,0.336253,1,18.2,8.5,7.6,199.4,421.2117,1194.8,0.5485,-18.8338,0.3976,0.8425,"Buried or cover-hidden ACTIVE fault (H72-A): the deformation-only view is confident (geodetic second invariant / shear / dilatation gradients and their coherence, earthquake-density kernel edge) while the surface view abstains (no DEM scarp, no slope lineament, no radiometric lineament) -- consistent with a young blind fault straining and micro-seismic beneath cover. HYPOTHESIS, not verified geology.",Anthropogenic subsidence from groundwater withdrawal; irrigation-related aquifer compaction; volcanic inflation or deflation (magma movement without discrete faulting); post-seismic afterslip or viscoelastic relaxation; seasonal hydrological loading; a strain transient on a creeping (aseismic) fault segment.,"Independent evidence of discrete offset: a displaced contact or marker bed, deflected or offset drainage, a facies termination, a fault-plane solution aligned with the lineament, a published structural interpretation, or field observation. None is claimed here.","MEASURED CONTEXT + TEMPLATE HYPOTHESIS; no field observation, no geologist review"
724,952,338600.0,4436100.0,2927.5,0.959207,0.364412,0.594795,1,18.2,8.5,7.6,199.4,407.7086,1160.5,0.4038,-18.3852,0.2598,0.7874,"Buried or cover-hidden ACTIVE fault (H72-A): the deformation-only view is confident (geodetic second invariant / shear / dilatation gradients and their coherence, earthquake-density kernel edge) while the surface view abstains (no DEM scarp, no slope lineament, no radiometric lineament) -- consistent with a young blind fault straining and micro-seismic beneath cover. HYPOTHESIS, not verified geology.",Anthropogenic subsidence from groundwater withdrawal; irrigation-related aquifer compaction; volcanic inflation or deflation (magma movement without discrete faulting); post-seismic afterslip or viscoelastic relaxation; seasonal hydrological loading; a strain transient on a creeping (aseismic) fault segment.,"Independent evidence of discrete offset: a displaced contact or marker bed, deflected or offset drainage, a facies termination, a fault-plane solution aligned with the lineament, a published structural interpretation, or field observation. None is claimed here.","MEASURED CONTEXT + TEMPLATE HYPOTHESIS; no field observation, no geologist review"
728,959,339300.0,4435700.0,2200.0,0.972187,0.391197,0.58099,1,17.9,8.3,7.5,199.4,401.4132,1111.2,0.79,-17.3978,0.3819,0.6142,"Buried or cover-hidden ACTIVE fault (H72-A): the deformation-only view is confident (geodetic second invariant / shear / dilatation gradients and their coherence, earthquake-density kernel edge) while the surface view abstains (no DEM scarp, no slope lineament, no radiometric lineament) -- consistent with a young blind fault straining and micro-seismic beneath cover. HYPOTHESIS, not verified geology.",Anthropogenic subsidence from groundwater withdrawal; irrigation-related aquifer compaction; volcanic inflation or deflation (magma movement without discrete faulting); post-seismic afterslip or viscoelastic relaxation; seasonal hydrological loading; a strain transient on a creeping (aseismic) fault segment.,"Independent evidence of discrete offset: a displaced contact or marker bed, deflected or offset drainage, a facies termination, a fault-plane solution aligned with the lineament, a published structural interpretation, or field observation. None is claimed here.","MEASURED CONTEXT + TEMPLATE HYPOTHESIS; no field observation, no geologist review"
731,959,339300.0,4435400.0,2209.1,0.969699,0.371496,0.598203,1,17.9,8.3,7.5,199.4,400.2,1120.0,0.7755,-17.4025,0.3661,0.6496,"Buried or cover-hidden ACTIVE fault (H72-A): the deformation-only view is confident (geodetic second invariant / shear / dilatation gradients and their coherence, earthquake-density kernel edge) while the surface view abstains (no DEM scarp, no slope lineament, no radiometric lineament) -- consistent with a young blind fault straining and micro-seismic beneath cover. HYPOTHESIS, not verified geology.",Anthropogenic subsidence from groundwater withdrawal; irrigation-related aquifer compaction; volcanic inflation or deflation (magma movement without discrete faulting); post-seismic afterslip or viscoelastic relaxation; seasonal hydrological loading; a strain transient on a creeping (aseismic) fault segment.,"Independent evidence of discrete offset: a displaced contact or marker bed, deflected or offset drainage, a facies termination, a fault-plane solution aligned with the lineament, a published structural interpretation, or field observation. None is claimed here.","MEASURED CONTEXT + TEMPLATE HYPOTHESIS; no field observation, no geologist review"
734,1243,367700.0,4435100.0,11328.3,0.970571,0.426157,0.544414,1,11.8,4.6,6.2,244.5,359.0,2176.7,0.1898,-24.4144,0.4173,0.3976,"Buried or cover-hidden ACTIVE fault (H72-A): the deformation-only view is confident (geodetic second invariant / shear / dilatation gradients and their coherence, earthquake-density kernel edge) while the surface view abstains (no DEM scarp, no slope lineament, no radiometric lineament) -- consistent with a young blind fault straining and micro-seismic beneath cover. HYPOTHESIS, not verified geology.",Anthropogenic subsidence from groundwater withdrawal; irrigation-related aquifer compaction; volcanic inflation or deflation (magma movement without discrete faulting); post-seismic afterslip or viscoelastic relaxation; seasonal hydrological loading; a strain transient on a creeping (aseismic) fault segment.,"Independent evidence of discrete offset: a displaced contact or marker bed, deflected or offset drainage, a facies termination, a fault-plane solution aligned with the lineament, a published structural interpretation, or field observation. None is claimed here.","MEASURED CONTEXT + TEMPLATE HYPOTHESIS; no field observation, no geologist review"
736,1224,365800.0,4434900.0,10304.4,0.954577,0.412359,0.542218,1,12.2921,4.8921,6.2307,246.2442,360.9,1631.6,0.2587,-22.9706,0.2087,0.2717,"Buried or cover-hidden ACTIVE fault (H72-A): the deformation-only view is confident (geodetic second invariant / shear / dilatation gradients and their coherence, earthquake-density kernel edge) while the surface view abstains (no DEM scarp, no slope lineament, no radiometric lineament) -- consistent with a young blind fault straining and micro-seismic beneath cover. HYPOTHESIS, not verified geology.",Anthropogenic subsidence from groundwater withdrawal; irrigation-related aquifer compaction; volcanic inflation or deflation (magma movement without discrete faulting); post-seismic afterslip or viscoelastic relaxation; seasonal hydrological loading; a strain transient on a creeping (aseismic) fault segment.,"Independent evidence of discrete offset: a displaced contact or marker bed, deflected or offset drainage, a facies termination, a fault-plane solution aligned with the lineament, a published structural interpretation, or field observation. None is claimed here.","MEASURED CONTEXT + TEMPLATE HYPOTHESIS; no field observation, no geologist review"
736,1240,367400.0,4434900.0,11655.9,0.96544,0.536496,0.428944,1,11.8911,4.6909,6.2302,244.5,359.0,2135.2,0.2572,-24.3333,0.4488,0.3425,"Buried or cover-hidden ACTIVE fault (H72-A): the deformation-only view is confident (geodetic second invariant / shear / dilatation gradients and their coherence, earthquake-density kernel edge) while the surface view abstains (no DEM scarp, no slope lineament, no radiometric lineament) -- consistent with a young blind fault straining and micro-seismic beneath cover. HYPOTHESIS, not verified geology.",Anthropogenic subsidence from groundwater withdrawal; irrigation-related aquifer compaction; volcanic inflation or deflation (magma movement without discrete faulting); post-seismic afterslip or viscoelastic relaxation; seasonal hydrological loading; a strain transient on a creeping (aseismic) fault segment.,"Independent evidence of discrete offset: a displaced contact or marker bed, deflected or offset drainage, a facies termination, a fault-plane solution aligned with the lineament, a published structural interpretation, or field observation. None is claimed here.","MEASURED CONTEXT + TEMPLATE HYPOTHESIS; no field observation, no geologist review"
738,1221,365500.0,4434700.0,10008.0,0.954577,0.489508,0.465068,1,12.4134,5.0134,6.2711,252.2475,360.9,1566.5,0.1933,-22.8272,0.4055,0.2362,"Buried or cover-hidden ACTIVE fault (H72-A): the deformation-only view is confident (geodetic second invariant / shear / dilatation gradients and their coherence, earthquake-density kernel edge) while the surface view abstains (no DEM scarp, no slope lineament, no radiometric lineament) -- consistent with a young blind fault straining and micro-seismic beneath cover. HYPOTHESIS, not verified geology.",Anthropogenic subsidence from groundwater withdrawal; irrigation-related aquifer compaction; volcanic inflation or deflation (magma movement without discrete faulting); post-seismic afterslip or viscoelastic relaxation; seasonal hydrological loading; a strain transient on a creeping (aseismic) fault segment.,"Independent evidence of discrete offset: a displaced contact or marker bed, deflected or offset drainage, a facies termination, a fault-plane solution aligned with the lineament, a published structural interpretation, or field observation. None is claimed here.","MEASURED CONTEXT + TEMPLATE HYPOTHESIS; no field observation, no geologist review"
738,1243,367700.0,4434700.0,11395.2,0.967658,0.5037,0.463958,1,12.0116,4.8116,6.2705,244.5,359.0,2255.4,0.2474,-24.5603,0.4528,0.3386,"Buried or cover-hidden ACTIVE fault (H72-A): the deformation-only view is confident (geodetic second invariant / shear / dilatation gradients and their coherence, earthquake-density kernel edge) while the surface view abstains (no DEM scarp, no slope lineament, no radiometric lineament) -- consistent with a young blind fault straining and micro-seismic beneath cover. HYPOTHESIS, not verified geology.",Anthropogenic subsidence from groundwater withdrawal; irrigation-related aquifer compaction; volcanic inflation or deflation (magma movement without discrete faulting); post-seismic afterslip or viscoelastic relaxation; seasonal hydrological loading; a strain transient on a creeping (aseismic) fault segment.,"Independent evidence of discrete offset: a displaced contact or marker bed, deflected or offset drainage, a facies termination, a fault-plane solution aligned with the lineament, a published structural interpretation, or field observation. None is claimed here.","MEASURED CONTEXT + TEMPLATE HYPOTHESIS; no field observation, no geologist review"
742,1241,367500.0,4434300.0,11261.4,0.970667,0.483853,0.486814,1,12.1,4.9,6.3,244.5,359.0,2217.2,0.2473,-24.2659,0.2913,0.3622,"Buried or cover-hidden ACTIVE fault (H72-A): the deformation-only view is confident (geodetic second invariant / shear / dilatation gradients and their coherence, earthquake-density kernel edge) while the surface view abstains (no DEM scarp, no slope lineament, no radiometric lineament) -- consistent with a young blind fault straining and micro-seismic beneath cover. HYPOTHESIS, not verified geology.",Anthropogenic subsidence from groundwater withdrawal; irrigation-related aquifer compaction; volcanic inflation or deflation (magma movement without discrete faulting); post-seismic afterslip or viscoelastic relaxation; seasonal hydrological loading; a strain transient on a creeping (aseismic) fault segment.,"Independent evidence of discrete offset: a displaced contact or marker bed, deflected or offset drainage, a facies termination, a fault-plane solution aligned with the lineament, a published structural interpretation, or field observation. None is claimed here.","MEASURED CONTEXT + TEMPLATE HYPOTHESIS; no field observation, no geologist review"
742,1244,367800.0,4434300.0,11315.9,0.971444,0.427681,0.543764,1,12.1,4.9,6.3,244.5,359.0,2276.6,0.2476,-24.2949,0.4488,0.2835,"Buried or cover-hidden ACTIVE fault (H72-A): the deformation-only view is confident (geodetic second invariant / shear / dilatation gradients and their coherence, earthquake-density kernel edge) while the surface view abstains (no DEM scarp, no slope lineament, no radiometric lineament) -- consistent with a young blind fault straining and micro-seismic beneath cover. HYPOTHESIS, not verified geology.",Anthropogenic subsidence from groundwater withdrawal; irrigation-related aquifer compaction; volcanic inflation or deflation (magma movement without discrete faulting); post-seismic afterslip or viscoelastic relaxation; seasonal hydrological loading; a strain transient on a creeping (aseismic) fault segment.,"Independent evidence of discrete offset: a displaced contact or marker bed, deflected or offset drainage, a facies termination, a fault-plane solution aligned with the lineament, a published structural interpretation, or field observation. None is claimed here.","MEASURED CONTEXT + TEMPLATE HYPOTHESIS; no field observation, no geologist review"
745,1240,367400.0,4434000.0,10949.0,0.978667,0.430391,0.548276,1,12.1,4.9,6.3,244.5,361.6186,2171.7,0.2581,-23.8874,0.2441,0.3031,"Buried or cover-hidden ACTIVE fault (H72-A): the deformation-only view is confident (geodetic second invariant / shear / dilatation gradients and their coherence, earthquake-density kernel edge) while the surface view abstains (no DEM scarp, no slope lineament, no radiometric lineament) -- consistent with a young blind fault straining and micro-seismic beneath cover. HYPOTHESIS, not verified geology.",Anthropogenic subsidence from groundwater withdrawal; irrigation-related aquifer compaction; volcanic inflation or deflation (magma movement without discrete faulting); post-seismic afterslip or viscoelastic relaxation; seasonal hydrological loading; a strain transient on a creeping (aseismic) fault segment.,"Independent evidence of discrete offset: a displaced contact or marker bed, deflected or offset drainage, a facies termination, a fault-plane solution aligned with the lineament, a published structural interpretation, or field observation. None is claimed here.","MEASURED CONTEXT + TEMPLATE HYPOTHESIS; no field observation, no geologist review"
745,1243,367700.0,4434000.0,11002.3,0.964967,0.537239,0.427728,1,12.1,4.9,6.3,244.5,361.6001,2241.6,0.2475,-23.9984,0.3071,0.3189,"Buried or cover-hidden ACTIVE fault (H72-A): the deformation-only view is confident (geodetic second invariant / shear / dilatation gradients and their coherence, earthquake-density kernel edge) while the surface view abstains (no DEM scarp, no slope lineament, no radiometric lineament) -- consistent with a young blind fault straining and micro-seismic beneath cover. HYPOTHESIS, not verified geology.",Anthropogenic subsidence from groundwater withdrawal; irrigation-related aquifer compaction; volcanic inflation or deflation (magma movement without discrete faulting); post-seismic afterslip or viscoelastic relaxation; seasonal hydrological loading; a strain transient on a creeping (aseismic) fault segment.,"Independent evidence of discrete offset: a displaced contact or marker bed, deflected or offset drainage, a facies termination, a fault-plane solution aligned with the lineament, a published structural interpretation, or field observation. None is claimed here.","MEASURED CONTEXT + TEMPLATE HYPOTHESIS; no field observation, no geologist review"
746,1200,363400.0,4433900.0,7910.1,0.952844,0.412758,0.540085,1,12.7,5.3,6.3,254.6,360.4135,952.6,0.3124,-18.699,0.2953,0.1732,"Buried or cover-hidden ACTIVE fault (H72-A): the deformation-only view is confident (geodetic second invariant / shear / dilatation gradients and their coherence, earthquake-density kernel edge) while the surface view abstains (no DEM scarp, no slope lineament, no radiometric lineament) -- consistent with a young blind fault straining and micro-seismic beneath cover. HYPOTHESIS, not verified geology.",Anthropogenic subsidence from groundwater withdrawal; irrigation-related aquifer compaction; volcanic inflation or deflation (magma movement without discrete faulting); post-seismic afterslip or viscoelastic relaxation; seasonal hydrological loading; a strain transient on a creeping (aseismic) fault segment.,"Independent evidence of discrete offset: a displaced contact or marker bed, deflected or offset drainage, a facies termination, a fault-plane solution aligned with the lineament, a published structural interpretation, or field observation. None is claimed here.","MEASURED CONTEXT + TEMPLATE HYPOTHESIS; no field observation, no geologist review"
761,1241,367500.0,4432400.0,9394.1,0.96637,0.509851,0.456519,1,12.5,5.1,6.3,244.5,381.0,1795.9,0.2478,-20.0021,0.2717,0.3504,"Buried or cover-hidden ACTIVE fault (H72-A): the deformation-only view is confident (geodetic second invariant / shear / dilatation gradients and their coherence, earthquake-density kernel edge) while the surface view abstains (no DEM scarp, no slope lineament, no radiometric lineament) -- consistent with a young blind fault straining and micro-seismic beneath cover. HYPOTHESIS, not verified geology.",Anthropogenic subsidence from groundwater withdrawal; irrigation-related aquifer compaction; volcanic inflation or deflation (magma movement without discrete faulting); post-seismic afterslip or viscoelastic relaxation; seasonal hydrological loading; a strain transient on a creeping (aseismic) fault segment.,"Independent evidence of discrete offset: a displaced contact or marker bed, deflected or offset drainage, a facies termination, a fault-plane solution aligned with the lineament, a published structural interpretation, or field observation. None is claimed here.","MEASURED CONTEXT + TEMPLATE HYPOTHESIS; no field observation, no geologist review"
765,1243,367700.0,4432000.0,9047.1,0.979026,0.396719,0.582307,1,12.5,5.1,6.3,249.9963,384.866,1645.8,0.2441,-18.0052,0.2402,0.252,"Buried or cover-hidden ACTIVE fault (H72-A): the deformation-only view is confident (geodetic second invariant / shear / dilatation gradients and their coherence, earthquake-density kernel edge) while the surface view abstains (no DEM scarp, no slope lineament, no radiometric lineament) -- consistent with a young blind fault straining and micro-seismic beneath cover. HYPOTHESIS, not verified geology.",Anthropogenic subsidence from groundwater withdrawal; irrigation-related aquifer compaction; volcanic inflation or deflation (magma movement without discrete faulting); post-seismic afterslip or viscoelastic relaxation; seasonal hydrological loading; a strain transient on a creeping (aseismic) fault segment.,"Independent evidence of discrete offset: a displaced contact or marker bed, deflected or offset drainage, a facies termination, a fault-plane solution aligned with the lineament, a published structural interpretation, or field observation. None is claimed here.","MEASURED CONTEXT + TEMPLATE HYPOTHESIS; no field observation, no geologist review"
766,1238,367200.0,4431900.0,8845.9,0.989121,0.487674,0.501447,1,12.657,5.1785,6.3,257.1915,389.9271,1553.4,0.3903,-17.4789,0.0984,0.1969,"Buried or cover-hidden ACTIVE fault (H72-A): the deformation-only view is confident (geodetic second invariant / shear / dilatation gradients and their coherence, earthquake-density kernel edge) while the surface view abstains (no DEM scarp, no slope lineament, no radiometric lineament) -- consistent with a young blind fault straining and micro-seismic beneath cover. HYPOTHESIS, not verified geology.",Anthropogenic subsidence from groundwater withdrawal; irrigation-related aquifer compaction; volcanic inflation or deflation (magma movement without discrete faulting); post-seismic afterslip or viscoelastic relaxation; seasonal hydrological loading; a strain transient on a creeping (aseismic) fault segment.,"Independent evidence of discrete offset: a displaced contact or marker bed, deflected or offset drainage, a facies termination, a fault-plane solution aligned with the lineament, a published structural interpretation, or field observation. None is claimed here.","MEASURED CONTEXT + TEMPLATE HYPOTHESIS; no field observation, no geologist review"
770,952,338600.0,4431500.0,2531.8,0.955932,0.395691,0.560241,1,18.1,8.8,7.2,325.9,410.4799,950.6,0.4254,-16.3789,0.4291,0.5787,"Buried or cover-hidden ACTIVE fault (H72-A): the deformation-only view is confident (geodetic second invariant / shear / dilatation gradients and their coherence, earthquake-density kernel edge) while the surface view abstains (no DEM scarp, no slope lineament, no radiometric lineament) -- consistent with a young blind fault straining and micro-seismic beneath cover. HYPOTHESIS, not verified geology.",Anthropogenic subsidence from groundwater withdrawal; irrigation-related aquifer compaction; volcanic inflation or deflation (magma movement without discrete faulting); post-seismic afterslip or viscoelastic relaxation; seasonal hydrological loading; a strain transient on a creeping (aseismic) fault segment.,"Independent evidence of discrete offset: a displaced contact or marker bed, deflected or offset drainage, a facies termination, a fault-plane solution aligned with the lineament, a published structural interpretation, or field observation. None is claimed here.","MEASURED CONTEXT + TEMPLATE HYPOTHESIS; no field observation, no geologist review"
794,1237,367100.0,4429100.0,6087.7,0.957934,0.490492,0.467442,1,13.1173,5.4173,6.4,279.9,423.6,708.5,0.2741,-3.8092,0.1457,0.315,"Buried or cover-hidden ACTIVE fault (H72-A): the deformation-only view is confident (geodetic second invariant / shear / dilatation gradients and their coherence, earthquake-density kernel edge) while the surface view abstains (no DEM scarp, no slope lineament, no radiometric lineament) -- consistent with a young blind fault straining and micro-seismic beneath cover. HYPOTHESIS, not verified geology.",Anthropogenic subsidence from groundwater withdrawal; irrigation-related aquifer compaction; volcanic inflation or deflation (magma movement without discrete faulting); post-seismic afterslip or viscoelastic relaxation; seasonal hydrological loading; a strain transient on a creeping (aseismic) fault segment.,"Independent evidence of discrete offset: a displaced contact or marker bed, deflected or offset drainage, a facies termination, a fault-plane solution aligned with the lineament, a published structural interpretation, or field observation. None is claimed here.","MEASURED CONTEXT + TEMPLATE HYPOTHESIS; no field observation, no geologist review"
797,1240,367400.0,4428800.0,5882.2,0.978045,0.362775,0.615271,1,13.0,5.3,6.4,279.9,423.6,641.5,0.1731,-2.0425,0.2756,0.4528,"Buried or cover-hidden ACTIVE fault (H72-A): the deformation-only view is confident (geodetic second invariant / shear / dilatation gradients and their coherence, earthquake-density kernel edge) while the surface view abstains (no DEM scarp, no slope lineament, no radiometric lineament) -- consistent with a young blind fault straining and micro-seismic beneath cover. HYPOTHESIS, not verified geology.",Anthropogenic subsidence from groundwater withdrawal; irrigation-related aquifer compaction; volcanic inflation or deflation (magma movement without discrete faulting); post-seismic afterslip or viscoelastic relaxation; seasonal hydrological loading; a strain transient on a creeping (aseismic) fault segment.,"Independent evidence of discrete offset: a displaced contact or marker bed, deflected or offset drainage, a facies termination, a fault-plane solution aligned with the lineament, a published structural interpretation, or field observation. None is claimed here.","MEASURED CONTEXT + TEMPLATE HYPOTHESIS; no field observation, no geologist review"
893,1375,380900.0,4419200.0,4368.1,0.978318,0.618374,0.359944,1,11.5,4.5,6.0,417.8,598.0029,2844.2,0.1637,-13.3424,0.4685,0.5945,"Buried or cover-hidden ACTIVE fault (H72-A): the deformation-only view is confident (geodetic second invariant / shear / dilatation gradients and their coherence, earthquake-density kernel edge) while the surface view abstains (no DEM scarp, no slope lineament, no radiometric lineament) -- consistent with a young blind fault straining and micro-seismic beneath cover. HYPOTHESIS, not verified geology.",Anthropogenic subsidence from groundwater withdrawal; irrigation-related aquifer compaction; volcanic inflation or deflation (magma movement without discrete faulting); post-seismic afterslip or viscoelastic relaxation; seasonal hydrological loading; a strain transient on a creeping (aseismic) fault segment.,"Independent evidence of discrete offset: a displaced contact or marker bed, deflected or offset drainage, a facies termination, a fault-plane solution aligned with the lineament, a published structural interpretation, or field observation. None is claimed here.","MEASURED CONTEXT + TEMPLATE HYPOTHESIS; no field observation, no geologist review"
894,1378,381200.0,4419100.0,4365.8,0.953142,0.473355,0.479787,1,10.6979,4.182,5.6194,417.8,600.6,2656.3,0.1702,-12.5918,0.3701,0.6614,"Buried or cover-hidden ACTIVE fault (H72-A): the deformation-only view is confident (geodetic second invariant / shear / dilatation gradients and their coherence, earthquake-density kernel edge) while the surface view abstains (no DEM scarp, no slope lineament, no radiometric lineament) -- consistent with a young blind fault straining and micro-seismic beneath cover. HYPOTHESIS, not verified geology.",Anthropogenic subsidence from groundwater withdrawal; irrigation-related aquifer compaction; volcanic inflation or deflation (magma movement without discrete faulting); post-seismic afterslip or viscoelastic relaxation; seasonal hydrological loading; a strain transient on a creeping (aseismic) fault segment.,"Independent evidence of discrete offset: a displaced contact or marker bed, deflected or offset drainage, a facies termination, a fault-plane solution aligned with the lineament, a published structural interpretation, or field observation. None is claimed here.","MEASURED CONTEXT + TEMPLATE HYPOTHESIS; no field observation, no geologist review"
897,1376,381000.0,4418800.0,4016.2,0.958512,0.521745,0.436767,1,11.8835,4.7301,6.0767,417.8,600.3881,2718.3,0.1619,-13.216,0.3858,0.6378,"Buried or cover-hidden ACTIVE fault (H72-A): the deformation-only view is confident (geodetic second invariant / shear / dilatation gradients and their coherence, earthquake-density kernel edge) while the surface view abstains (no DEM scarp, no slope lineament, no radiometric lineament) -- consistent with a young blind fault straining and micro-seismic beneath cover. HYPOTHESIS, not verified geology.",Anthropogenic subsidence from groundwater withdrawal; irrigation-related aquifer compaction; volcanic inflation or deflation (magma movement without discrete faulting); post-seismic afterslip or viscoelastic relaxation; seasonal hydrological loading; a strain transient on a creeping (aseismic) fault segment.,"Independent evidence of discrete offset: a displaced contact or marker bed, deflected or offset drainage, a facies termination, a fault-plane solution aligned with the lineament, a published structural interpretation, or field observation. None is claimed here.","MEASURED CONTEXT + TEMPLATE HYPOTHESIS; no field observation, no geologist review"
898,1382,381600.0,4418700.0,4159.3,0.977303,0.54608,0.431222,1,9.4902,3.9837,4.8065,417.8,600.6,2317.7,0.2558,-11.389,0.4685,0.626,"Buried or cover-hidden ACTIVE fault (H72-A): the deformation-only view is confident (geodetic second invariant / shear / dilatation gradients and their coherence, earthquake-density kernel edge) while the surface view abstains (no DEM scarp, no slope lineament, no radiometric lineament) -- consistent with a young blind fault straining and micro-seismic beneath cover. HYPOTHESIS, not verified geology.",Anthropogenic subsidence from groundwater withdrawal; irrigation-related aquifer compaction; volcanic inflation or deflation (magma movement without discrete faulting); post-seismic afterslip or viscoelastic relaxation; seasonal hydrological loading; a strain transient on a creeping (aseismic) fault segment.,"Independent evidence of discrete offset: a displaced contact or marker bed, deflected or offset drainage, a facies termination, a fault-plane solution aligned with the lineament, a published structural interpretation, or field observation. None is claimed here.","MEASURED CONTEXT + TEMPLATE HYPOTHESIS; no field observation, no geologist review"
905,1199,363300.0,4418000.0,2801.8,0.954383,0.622227,0.332156,1,15.6407,6.3305,7.8,327.1,494.4708,651.3,0.219,-0.2882,0.437,0.3031,"Buried or cover-hidden ACTIVE fault (H72-A): the deformation-only view is confident (geodetic second invariant / shear / dilatation gradients and their coherence, earthquake-density kernel edge) while the surface view abstains (no DEM scarp, no slope lineament, no radiometric lineament) -- consistent with a young blind fault straining and micro-seismic beneath cover. HYPOTHESIS, not verified geology.",Anthropogenic subsidence from groundwater withdrawal; irrigation-related aquifer compaction; volcanic inflation or deflation (magma movement without discrete faulting); post-seismic afterslip or viscoelastic relaxation; seasonal hydrological loading; a strain transient on a creeping (aseismic) fault segment.,"Independent evidence of discrete offset: a displaced contact or marker bed, deflected or offset drainage, a facies termination, a fault-plane solution aligned with the lineament, a published structural interpretation, or field observation. None is claimed here.","MEASURED CONTEXT + TEMPLATE HYPOTHESIS; no field observation, no geologist review"
937,1380,381400.0,4414800.0,1700.0,0.989718,0.35903,0.630688,1,11.6313,5.3212,4.8206,412.9208,623.0,955.2,0.1209,-13.2833,0.3386,0.563,"Buried or cover-hidden ACTIVE fault (H72-A): the deformation-only view is confident (geodetic second invariant / shear / dilatation gradients and their coherence, earthquake-density kernel edge) while the surface view abstains (no DEM scarp, no slope lineament, no radiometric lineament) -- consistent with a young blind fault straining and micro-seismic beneath cover. HYPOTHESIS, not verified geology.",Anthropogenic subsidence from groundwater withdrawal; irrigation-related aquifer compaction; volcanic inflation or deflation (magma movement without discrete faulting); post-seismic afterslip or viscoelastic relaxation; seasonal hydrological loading; a strain transient on a creeping (aseismic) fault segment.,"Independent evidence of discrete offset: a displaced contact or marker bed, deflected or offset drainage, a facies termination, a fault-plane solution aligned with the lineament, a published structural interpretation, or field observation. None is claimed here.","MEASURED CONTEXT + TEMPLATE HYPOTHESIS; no field observation, no geologist review"
937,1383,381700.0,4414800.0,2000.0,0.990168,0.374802,0.615366,1,11.1884,5.1565,4.5319,412.925,623.0,863.3,0.177,-12.006,0.3268,0.5984,"Buried or cover-hidden ACTIVE fault (H72-A): the deformation-only view is confident (geodetic second invariant / shear / dilatation gradients and their coherence, earthquake-density kernel edge) while the surface view abstains (no DEM scarp, no slope lineament, no radiometric lineament) -- consistent with a young blind fault straining and micro-seismic beneath cover. HYPOTHESIS, not verified geology.",Anthropogenic subsidence from groundwater withdrawal; irrigation-related aquifer compaction; volcanic inflation or deflation (magma movement without discrete faulting); post-seismic afterslip or viscoelastic relaxation; seasonal hydrological loading; a strain transient on a creeping (aseismic) fault segment.,"Independent evidence of discrete offset: a displaced contact or marker bed, deflected or offset drainage, a facies termination, a fault-plane solution aligned with the lineament, a published structural interpretation, or field observation. None is claimed here.","MEASURED CONTEXT + TEMPLATE HYPOTHESIS; no field observation, no geologist review"
960,1549,398300.0,4412500.0,1920.9,0.95014,0.447509,0.502631,1,11.6,3.1,8.4,589.2,727.4,158.1,13.9781,4.5854,0.5709,0.3543,"Buried or cover-hidden ACTIVE fault (H72-A): the deformation-only view is confident (geodetic second invariant / shear / dilatation gradients and their coherence, earthquake-density kernel edge) while the surface view abstains (no DEM scarp, no slope lineament, no radiometric lineament) -- consistent with a young blind fault straining and micro-seismic beneath cover. HYPOTHESIS, not verified geology.",Anthropogenic subsidence from groundwater withdrawal; irrigation-related aquifer compaction; volcanic inflation or deflation (magma movement without discrete faulting); post-seismic afterslip or viscoelastic relaxation; seasonal hydrological loading; a strain transient on a creeping (aseismic) fault segment.,"Independent evidence of discrete offset: a displaced contact or marker bed, deflected or offset drainage, a facies termination, a fault-plane solution aligned with the lineament, a published structural interpretation, or field observation. None is claimed here.","MEASURED CONTEXT + TEMPLATE HYPOTHESIS; no field observation, no geologist review"
961,1552,398600.0,4412400.0,2051.8,0.959235,0.643236,0.315999,1,11.6,3.1,8.4,589.2,727.4,151.8,12.7983,4.6006,0.4921,0.3307,"Buried or cover-hidden ACTIVE fault (H72-A): the deformation-only view is confident (geodetic second invariant / shear / dilatation gradients and their coherence, earthquake-density kernel edge) while the surface view abstains (no DEM scarp, no slope lineament, no radiometric lineament) -- consistent with a young blind fault straining and micro-seismic beneath cover. HYPOTHESIS, not verified geology.",Anthropogenic subsidence from groundwater withdrawal; irrigation-related aquifer compaction; volcanic inflation or deflation (magma movement without discrete faulting); post-seismic afterslip or viscoelastic relaxation; seasonal hydrological loading; a strain transient on a creeping (aseismic) fault segment.,"Independent evidence of discrete offset: a displaced contact or marker bed, deflected or offset drainage, a facies termination, a fault-plane solution aligned with the lineament, a published structural interpretation, or field observation. None is claimed here.","MEASURED CONTEXT + TEMPLATE HYPOTHESIS; no field observation, no geologist review"
983,1383,381700.0,4410200.0,1627.9,0.982025,0.361131,0.620894,1,12.6,6.3,4.7,412.0,655.8364,1590.7,0.1568,-22.6968,0.1732,0.6417,"Buried or cover-hidden ACTIVE fault (H72-A): the deformation-only view is confident (geodetic second invariant / shear / dilatation gradients and their coherence, earthquake-density kernel edge) while the surface view abstains (no DEM scarp, no slope lineament, no radiometric lineament) -- consistent with a young blind fault straining and micro-seismic beneath cover. HYPOTHESIS, not verified geology.",Anthropogenic subsidence from groundwater withdrawal; irrigation-related aquifer compaction; volcanic inflation or deflation (magma movement without discrete faulting); post-seismic afterslip or viscoelastic relaxation; seasonal hydrological loading; a strain transient on a creeping (aseismic) fault segment.,"Independent evidence of discrete offset: a displaced contact or marker bed, deflected or offset drainage, a facies termination, a fault-plane solution aligned with the lineament, a published structural interpretation, or field observation. None is claimed here.","MEASURED CONTEXT + TEMPLATE HYPOTHESIS; no field observation, no geologist review"
1009,1546,398000.0,4407600.0,2209.1,0.958153,0.459016,0.499137,1,12.6,4.3,7.0,601.7,770.7,136.7,29.9562,8.1529,0.5748,0.374,"Buried or cover-hidden ACTIVE fault (H72-A): the deformation-only view is confident (geodetic second invariant / shear / dilatation gradients and their coherence, earthquake-density kernel edge) while the surface view abstains (no DEM scarp, no slope lineament, no radiometric lineament) -- consistent with a young blind fault straining and micro-seismic beneath cover. HYPOTHESIS, not verified geology.",Anthropogenic subsidence from groundwater withdrawal; irrigation-related aquifer compaction; volcanic inflation or deflation (magma movement without discrete faulting); post-seismic afterslip or viscoelastic relaxation; seasonal hydrological loading; a strain transient on a creeping (aseismic) fault segment.,"Independent evidence of discrete offset: a displaced contact or marker bed, deflected or offset drainage, a facies termination, a fault-plane solution aligned with the lineament, a published structural interpretation, or field observation. None is claimed here.","MEASURED CONTEXT + TEMPLATE HYPOTHESIS; no field observation, no geologist review"
1013,1090,352400.0,4407200.0,2024.8,0.970825,0.381683,0.589143,1,19.8,9.4,8.3,362.7543,453.3037,337.7,0.2408,-5.0506,0.3346,0.5157,"Buried or cover-hidden ACTIVE fault (H72-A): the deformation-only view is confident (geodetic second invariant / shear / dilatation gradients and their coherence, earthquake-density kernel edge) while the surface view abstains (no DEM scarp, no slope lineament, no radiometric lineament) -- consistent with a young blind fault straining and micro-seismic beneath cover. HYPOTHESIS, not verified geology.",Anthropogenic subsidence from groundwater withdrawal; irrigation-related aquifer compaction; volcanic inflation or deflation (magma movement without discrete faulting); post-seismic afterslip or viscoelastic relaxation; seasonal hydrological loading; a strain transient on a creeping (aseismic) fault segment.,"Independent evidence of discrete offset: a displaced contact or marker bed, deflected or offset drainage, a facies termination, a fault-plane solution aligned with the lineament, a published structural interpretation, or field observation. None is claimed here.","MEASURED CONTEXT + TEMPLATE HYPOTHESIS; no field observation, no geologist review"
1016,1557,399100.0,4406900.0,3420.5,0.995706,0.460825,0.534881,1,12.7503,4.6007,6.8497,601.7,822.9719,188.0,16.9095,6.2646,0.9843,0.5866,"Buried or cover-hidden ACTIVE fault (H72-A): the deformation-only view is confident (geodetic second invariant / shear / dilatation gradients and their coherence, earthquake-density kernel edge) while the surface view abstains (no DEM scarp, no slope lineament, no radiometric lineament) -- consistent with a young blind fault straining and micro-seismic beneath cover. HYPOTHESIS, not verified geology.",Anthropogenic subsidence from groundwater withdrawal; irrigation-related aquifer compaction; volcanic inflation or deflation (magma movement without discrete faulting); post-seismic afterslip or viscoelastic relaxation; seasonal hydrological loading; a strain transient on a creeping (aseismic) fault segment.,"Independent evidence of discrete offset: a displaced contact or marker bed, deflected or offset drainage, a facies termination, a fault-plane solution aligned with the lineament, a published structural interpretation, or field observation. None is claimed here.","MEASURED CONTEXT + TEMPLATE HYPOTHESIS; no field observation, no geologist review"
1064,1272,370600.0,4402100.0,1640.1,0.952441,0.40881,0.54363,1,18.0,9.2,5.7,363.1,598.1996,687.7,0.0831,-22.8589,0.2717,0.5079,"Buried or cover-hidden ACTIVE fault (H72-A): the deformation-only view is confident (geodetic second invariant / shear / dilatation gradients and their coherence, earthquake-density kernel edge) while the surface view abstains (no DEM scarp, no slope lineament, no radiometric lineament) -- consistent with a young blind fault straining and micro-seismic beneath cover. HYPOTHESIS, not verified geology.",Anthropogenic subsidence from groundwater withdrawal; irrigation-related aquifer compaction; volcanic inflation or deflation (magma movement without discrete faulting); post-seismic afterslip or viscoelastic relaxation; seasonal hydrological loading; a strain transient on a creeping (aseismic) fault segment.,"Independent evidence of discrete offset: a displaced contact or marker bed, deflected or offset drainage, a facies termination, a fault-plane solution aligned with the lineament, a published structural interpretation, or field observation. None is claimed here.","MEASURED CONTEXT + TEMPLATE HYPOTHESIS; no field observation, no geologist review"
1085,1387,382100.0,4400000.0,3289.4,0.956417,0.372803,0.583614,1,16.3,9.2,4.2,419.6299,774.6,4505.7,0.2091,-32.1468,0.2323,0.5551,"Buried or cover-hidden ACTIVE fault (H72-A): the deformation-only view is confident (geodetic second invariant / shear / dilatation gradients and their coherence, earthquake-density kernel edge) while the surface view abstains (no DEM scarp, no slope lineament, no radiometric lineament) -- consistent with a young blind fault straining and micro-seismic beneath cover. HYPOTHESIS, not verified geology.",Anthropogenic subsidence from groundwater withdrawal; irrigation-related aquifer compaction; volcanic inflation or deflation (magma movement without discrete faulting); post-seismic afterslip or viscoelastic relaxation; seasonal hydrological loading; a strain transient on a creeping (aseismic) fault segment.,"Independent evidence of discrete offset: a displaced contact or marker bed, deflected or offset drainage, a facies termination, a fault-plane solution aligned with the lineament, a published structural interpretation, or field observation. None is claimed here.","MEASURED CONTEXT + TEMPLATE HYPOTHESIS; no field observation, no geologist review"
1085,1390,382400.0,4400000.0,3573.5,0.956417,0.401359,0.555058,1,16.3,9.2,4.2,448.4098,774.6,4794.2,0.2124,-32.1286,0.2598,0.5787,"Buried or cover-hidden ACTIVE fault (H72-A): the deformation-only view is confident (geodetic second invariant / shear / dilatation gradients and their coherence, earthquake-density kernel edge) while the surface view abstains (no DEM scarp, no slope lineament, no radiometric lineament) -- consistent with a young blind fault straining and micro-seismic beneath cover. HYPOTHESIS, not verified geology.",Anthropogenic subsidence from groundwater withdrawal; irrigation-related aquifer compaction; volcanic inflation or deflation (magma movement without discrete faulting); post-seismic afterslip or viscoelastic relaxation; seasonal hydrological loading; a strain transient on a creeping (aseismic) fault segment.,"Independent evidence of discrete offset: a displaced contact or marker bed, deflected or offset drainage, a facies termination, a fault-plane solution aligned with the lineament, a published structural interpretation, or field observation. None is claimed here.","MEASURED CONTEXT + TEMPLATE HYPOTHESIS; no field observation, no geologist review"
1085,1394,382800.0,4400000.0,3956.0,0.957468,0.405599,0.551869,1,16.3,9.2,4.2,459.0,776.4369,5164.3,0.3918,-32.0811,0.1417,0.5984,"Buried or cover-hidden ACTIVE fault (H72-A): the deformation-only view is confident (geodetic second invariant / shear / dilatation gradients and their coherence, earthquake-density kernel edge) while the surface view abstains (no DEM scarp, no slope lineament, no radiometric lineament) -- consistent with a young blind fault straining and micro-seismic beneath cover. HYPOTHESIS, not verified geology.",Anthropogenic subsidence from groundwater withdrawal; irrigation-related aquifer compaction; volcanic inflation or deflation (magma movement without discrete faulting); post-seismic afterslip or viscoelastic relaxation; seasonal hydrological loading; a strain transient on a creeping (aseismic) fault segment.,"Independent evidence of discrete offset: a displaced contact or marker bed, deflected or offset drainage, a facies termination, a fault-plane solution aligned with the lineament, a published structural interpretation, or field observation. None is claimed here.","MEASURED CONTEXT + TEMPLATE HYPOTHESIS; no field observation, no geologist review"
1085,1398,383200.0,4400000.0,4332.4,0.964091,0.450657,0.513434,1,16.2633,9.4201,4.0166,459.0,777.8,5392.3,0.4646,-31.8082,0.2638,0.6142,"Buried or cover-hidden ACTIVE fault (H72-A): the deformation-only view is confident (geodetic second invariant / shear / dilatation gradients and their coherence, earthquake-density kernel edge) while the surface view abstains (no DEM scarp, no slope lineament, no radiometric lineament) -- consistent with a young blind fault straining and micro-seismic beneath cover. HYPOTHESIS, not verified geology.",Anthropogenic subsidence from groundwater withdrawal; irrigation-related aquifer compaction; volcanic inflation or deflation (magma movement without discrete faulting); post-seismic afterslip or viscoelastic relaxation; seasonal hydrological loading; a strain transient on a creeping (aseismic) fault segment.,"Independent evidence of discrete offset: a displaced contact or marker bed, deflected or offset drainage, a facies termination, a fault-plane solution aligned with the lineament, a published structural interpretation, or field observation. None is claimed here.","MEASURED CONTEXT + TEMPLATE HYPOTHESIS; no field observation, no geologist review"
1087,1325,375900.0,4399800.0,1500.0,0.989403,0.40518,0.584224,1,17.5,9.2,5.4,372.2,650.9052,637.3,0.1291,-17.4798,0.2126,0.5394,"Buried or cover-hidden ACTIVE fault (H72-A): the deformation-only view is confident (geodetic second invariant / shear / dilatation gradients and their coherence, earthquake-density kernel edge) while the surface view abstains (no DEM scarp, no slope lineament, no radiometric lineament) -- consistent with a young blind fault straining and micro-seismic beneath cover. HYPOTHESIS, not verified geology.",Anthropogenic subsidence from groundwater withdrawal; irrigation-related aquifer compaction; volcanic inflation or deflation (magma movement without discrete faulting); post-seismic afterslip or viscoelastic relaxation; seasonal hydrological loading; a strain transient on a creeping (aseismic) fault segment.,"Independent evidence of discrete offset: a displaced contact or marker bed, deflected or offset drainage, a facies termination, a fault-plane solution aligned with the lineament, a published structural interpretation, or field observation. None is claimed here.","MEASURED CONTEXT + TEMPLATE HYPOTHESIS; no field observation, no geologist review"
1089,1408,384200.0,4399600.0,5408.3,0.957027,0.358274,0.598752,1,16.2,9.8,3.7,459.0,799.5314,5449.2,0.0989,-30.2967,0.2677,0.5827,"Buried or cover-hidden ACTIVE fault (H72-A): the deformation-only view is confident (geodetic second invariant / shear / dilatation gradients and their coherence, earthquake-density kernel edge) while the surface view abstains (no DEM scarp, no slope lineament, no radiometric lineament) -- consistent with a young blind fault straining and micro-seismic beneath cover. HYPOTHESIS, not verified geology.",Anthropogenic subsidence from groundwater withdrawal; irrigation-related aquifer compaction; volcanic inflation or deflation (magma movement without discrete faulting); post-seismic afterslip or viscoelastic relaxation; seasonal hydrological loading; a strain transient on a creeping (aseismic) fault segment.,"Independent evidence of discrete offset: a displaced contact or marker bed, deflected or offset drainage, a facies termination, a fault-plane solution aligned with the lineament, a published structural interpretation, or field observation. None is claimed here.","MEASURED CONTEXT + TEMPLATE HYPOTHESIS; no field observation, no geologist review"
1098,1361,379500.0,4398700.0,2051.8,0.962206,0.558622,0.403584,1,17.1051,9.3204,4.6395,410.6,773.2,2386.8,0.2084,-30.15,0.248,0.5709,"Buried or cover-hidden ACTIVE fault (H72-A): the deformation-only view is confident (geodetic second invariant / shear / dilatation gradients and their coherence, earthquake-density kernel edge) while the surface view abstains (no DEM scarp, no slope lineament, no radiometric lineament) -- consistent with a young blind fault straining and micro-seismic beneath cover. HYPOTHESIS, not verified geology.",Anthropogenic subsidence from groundwater withdrawal; irrigation-related aquifer compaction; volcanic inflation or deflation (magma movement without discrete faulting); post-seismic afterslip or viscoelastic relaxation; seasonal hydrological loading; a strain transient on a creeping (aseismic) fault segment.,"Independent evidence of discrete offset: a displaced contact or marker bed, deflected or offset drainage, a facies termination, a fault-plane solution aligned with the lineament, a published structural interpretation, or field observation. None is claimed here.","MEASURED CONTEXT + TEMPLATE HYPOTHESIS; no field observation, no geologist review"
1099,1327,376100.0,4398600.0,2102.4,0.993523,0.399214,0.594309,1,18.0603,10.3767,4.8397,372.2,665.3,833.0,0.1903,-18.2461,0.126,0.5906,"Buried or cover-hidden ACTIVE fault (H72-A): the deformation-only view is confident (geodetic second invariant / shear / dilatation gradients and their coherence, earthquake-density kernel edge) while the surface view abstains (no DEM scarp, no slope lineament, no radiometric lineament) -- consistent with a young blind fault straining and micro-seismic beneath cover. HYPOTHESIS, not verified geology.",Anthropogenic subsidence from groundwater withdrawal; irrigation-related aquifer compaction; volcanic inflation or deflation (magma movement without discrete faulting); post-seismic afterslip or viscoelastic relaxation; seasonal hydrological loading; a strain transient on a creeping (aseismic) fault segment.,"Independent evidence of discrete offset: a displaced contact or marker bed, deflected or offset drainage, a facies termination, a fault-plane solution aligned with the lineament, a published structural interpretation, or field observation. None is claimed here.","MEASURED CONTEXT + TEMPLATE HYPOTHESIS; no field observation, no geologist review"
1102,1280,371400.0,4398300.0,2119.0,0.978956,0.446747,0.532209,1,19.3019,11.6942,4.5,364.8756,607.0,1007.2,0.1092,-16.2005,0.437,0.5748,"Buried or cover-hidden ACTIVE fault (H72-A): the deformation-only view is confident (geodetic second invariant / shear / dilatation gradients and their coherence, earthquake-density kernel edge) while the surface view abstains (no DEM scarp, no slope lineament, no radiometric lineament) -- consistent with a young blind fault straining and micro-seismic beneath cover. HYPOTHESIS, not verified geology.",Anthropogenic subsidence from groundwater withdrawal; irrigation-related aquifer compaction; volcanic inflation or deflation (magma movement without discrete faulting); post-seismic afterslip or viscoelastic relaxation; seasonal hydrological loading; a strain transient on a creeping (aseismic) fault segment.,"Independent evidence of discrete offset: a displaced contact or marker bed, deflected or offset drainage, a facies termination, a fault-plane solution aligned with the lineament, a published structural interpretation, or field observation. None is claimed here.","MEASURED CONTEXT + TEMPLATE HYPOTHESIS; no field observation, no geologist review"
1102,1286,372000.0,4398300.0,1700.0,0.977829,0.354098,0.623731,1,19.3,11.7,4.5,364.8606,607.0,958.0,0.1359,-15.7812,0.1969,0.5276,"Buried or cover-hidden ACTIVE fault (H72-A): the deformation-only view is confident (geodetic second invariant / shear / dilatation gradients and their coherence, earthquake-density kernel edge) while the surface view abstains (no DEM scarp, no slope lineament, no radiometric lineament) -- consistent with a young blind fault straining and micro-seismic beneath cover. HYPOTHESIS, not verified geology.",Anthropogenic subsidence from groundwater withdrawal; irrigation-related aquifer compaction; volcanic inflation or deflation (magma movement without discrete faulting); post-seismic afterslip or viscoelastic relaxation; seasonal hydrological loading; a strain transient on a creeping (aseismic) fault segment.,"Independent evidence of discrete offset: a displaced contact or marker bed, deflected or offset drainage, a facies termination, a fault-plane solution aligned with the lineament, a published structural interpretation, or field observation. None is claimed here.","MEASURED CONTEXT + TEMPLATE HYPOTHESIS; no field observation, no geologist review"
1103,1283,371700.0,4398200.0,1923.5,0.979131,0.507648,0.471482,1,19.3,11.7,4.5,366.887,607.0,994.8,0.102,-15.8678,0.3819,0.4921,"Buried or cover-hidden ACTIVE fault (H72-A): the deformation-only view is confident (geodetic second invariant / shear / dilatation gradients and their coherence, earthquake-density kernel edge) while the surface view abstains (no DEM scarp, no slope lineament, no radiometric lineament) -- consistent with a young blind fault straining and micro-seismic beneath cover. HYPOTHESIS, not verified geology.",Anthropogenic subsidence from groundwater withdrawal; irrigation-related aquifer compaction; volcanic inflation or deflation (magma movement without discrete faulting); post-seismic afterslip or viscoelastic relaxation; seasonal hydrological loading; a strain transient on a creeping (aseismic) fault segment.,"Independent evidence of discrete offset: a displaced contact or marker bed, deflected or offset drainage, a facies termination, a fault-plane solution aligned with the lineament, a published structural interpretation, or field observation. None is claimed here.","MEASURED CONTEXT + TEMPLATE HYPOTHESIS; no field observation, no geologist review"
1104,1365,379900.0,4398100.0,2758.6,0.967211,0.36379,0.60342,1,17.3,10.1,3.6,404.2631,773.2,2917.5,0.2292,-30.0884,0.1969,0.5945,"Buried or cover-hidden ACTIVE fault (H72-A): the deformation-only view is confident (geodetic second invariant / shear / dilatation gradients and their coherence, earthquake-density kernel edge) while the surface view abstains (no DEM scarp, no slope lineament, no radiometric lineament) -- consistent with a young blind fault straining and micro-seismic beneath cover. HYPOTHESIS, not verified geology.",Anthropogenic subsidence from groundwater withdrawal; irrigation-related aquifer compaction; volcanic inflation or deflation (magma movement without discrete faulting); post-seismic afterslip or viscoelastic relaxation; seasonal hydrological loading; a strain transient on a creeping (aseismic) fault segment.,"Independent evidence of discrete offset: a displaced contact or marker bed, deflected or offset drainage, a facies termination, a fault-plane solution aligned with the lineament, a published structural interpretation, or field observation. None is claimed here.","MEASURED CONTEXT + TEMPLATE HYPOTHESIS; no field observation, no geologist review"
1105,1350,378400.0,4398000.0,2137.8,0.96331,0.388151,0.57516,1,18.1,10.7,4.3,401.9418,735.4,1987.2,0.2256,-27.6223,0.1811,0.5551,"Buried or cover-hidden ACTIVE fault (H72-A): the deformation-only view is confident (geodetic second invariant / shear / dilatation gradients and their coherence, earthquake-density kernel edge) while the surface view abstains (no DEM scarp, no slope lineament, no radiometric lineament) -- consistent with a young blind fault straining and micro-seismic beneath cover. HYPOTHESIS, not verified geology.",Anthropogenic subsidence from groundwater withdrawal; irrigation-related aquifer compaction; volcanic inflation or deflation (magma movement without discrete faulting); post-seismic afterslip or viscoelastic relaxation; seasonal hydrological loading; a strain transient on a creeping (aseismic) fault segment.,"Independent evidence of discrete offset: a displaced contact or marker bed, deflected or offset drainage, a facies termination, a fault-plane solution aligned with the lineament, a published structural interpretation, or field observation. None is claimed here.","MEASURED CONTEXT + TEMPLATE HYPOTHESIS; no field observation, no geologist review"
1106,1282,371600.0,4397900.0,1878.8,0.984364,0.428499,0.555864,1,19.3,11.7,4.5,372.9464,607.0,1016.6,0.1059,-15.4482,0.4882,0.6457,"Buried or cover-hidden ACTIVE fault (H72-A): the deformation-only view is confident (geodetic second invariant / shear / dilatation gradients and their coherence, earthquake-density kernel edge) while the surface view abstains (no DEM scarp, no slope lineament, no radiometric lineament) -- consistent with a young blind fault straining and micro-seismic beneath cover. HYPOTHESIS, not verified geology.",Anthropogenic subsidence from groundwater withdrawal; irrigation-related aquifer compaction; volcanic inflation or deflation (magma movement without discrete faulting); post-seismic afterslip or viscoelastic relaxation; seasonal hydrological loading; a strain transient on a creeping (aseismic) fault segment.,"Independent evidence of discrete offset: a displaced contact or marker bed, deflected or offset drainage, a facies termination, a fault-plane solution aligned with the lineament, a published structural interpretation, or field observation. None is claimed here.","MEASURED CONTEXT + TEMPLATE HYPOTHESIS; no field observation, no geologist review"
1109,1337,377100.0,4397600.0,2657.1,0.952476,0.636381,0.316095,1,18.3883,11.1325,4.3721,397.9,743.1882,1426.8,0.2091,-22.7651,0.1378,0.5748,"Buried or cover-hidden ACTIVE fault (H72-A): the deformation-only view is confident (geodetic second invariant / shear / dilatation gradients and their coherence, earthquake-density kernel edge) while the surface view abstains (no DEM scarp, no slope lineament, no radiometric lineament) -- consistent with a young blind fault straining and micro-seismic beneath cover. HYPOTHESIS, not verified geology.",Anthropogenic subsidence from groundwater withdrawal; irrigation-related aquifer compaction; volcanic inflation or deflation (magma movement without discrete faulting); post-seismic afterslip or viscoelastic relaxation; seasonal hydrological loading; a strain transient on a creeping (aseismic) fault segment.,"Independent evidence of discrete offset: a displaced contact or marker bed, deflected or offset drainage, a facies termination, a fault-plane solution aligned with the lineament, a published structural interpretation, or field observation. None is claimed here.","MEASURED CONTEXT + TEMPLATE HYPOTHESIS; no field observation, no geologist review"
1110,1282,371600.0,4397500.0,1708.8,0.994465,0.389934,0.604531,1,19.3,11.7,4.5,373.1,618.0119,1010.0,0.1125,-14.8922,0.3819,0.5157,"Buried or cover-hidden ACTIVE fault (H72-A): the deformation-only view is confident (geodetic second invariant / shear / dilatation gradients and their coherence, earthquake-density kernel edge) while the surface view abstains (no DEM scarp, no slope lineament, no radiometric lineament) -- consistent with a young blind fault straining and micro-seismic beneath cover. HYPOTHESIS, not verified geology.",Anthropogenic subsidence from groundwater withdrawal; irrigation-related aquifer compaction; volcanic inflation or deflation (magma movement without discrete faulting); post-seismic afterslip or viscoelastic relaxation; seasonal hydrological loading; a strain transient on a creeping (aseismic) fault segment.,"Independent evidence of discrete offset: a displaced contact or marker bed, deflected or offset drainage, a facies termination, a fault-plane solution aligned with the lineament, a published structural interpretation, or field observation. None is claimed here.","MEASURED CONTEXT + TEMPLATE HYPOTHESIS; no field observation, no geologist review"
1113,1283,371700.0,4397200.0,1529.7,0.983291,0.400458,0.582834,1,19.3,11.7,4.5,373.1,620.9,997.8,0.1123,-14.4554,0.3307,0.5039,"Buried or cover-hidden ACTIVE fault (H72-A): the deformation-only view is confident (geodetic second invariant / shear / dilatation gradients and their coherence, earthquake-density kernel edge) while the surface view abstains (no DEM scarp, no slope lineament, no radiometric lineament) -- consistent with a young blind fault straining and micro-seismic beneath cover. HYPOTHESIS, not verified geology.",Anthropogenic subsidence from groundwater withdrawal; irrigation-related aquifer compaction; volcanic inflation or deflation (magma movement without discrete faulting); post-seismic afterslip or viscoelastic relaxation; seasonal hydrological loading; a strain transient on a creeping (aseismic) fault segment.,"Independent evidence of discrete offset: a displaced contact or marker bed, deflected or offset drainage, a facies termination, a fault-plane solution aligned with the lineament, a published structural interpretation, or field observation. None is claimed here.","MEASURED CONTEXT + TEMPLATE HYPOTHESIS; no field observation, no geologist review"
1114,1079,351300.0,4397100.0,2137.8,0.965944,0.368677,0.597267,1,22.1,12.1,6.6,461.4,540.9,236.4,0.1269,-1.4384,0.252,0.4606,"Buried or cover-hidden ACTIVE fault (H72-A): the deformation-only view is confident (geodetic second invariant / shear / dilatation gradients and their coherence, earthquake-density kernel edge) while the surface view abstains (no DEM scarp, no slope lineament, no radiometric lineament) -- consistent with a young blind fault straining and micro-seismic beneath cover. HYPOTHESIS, not verified geology.",Anthropogenic subsidence from groundwater withdrawal; irrigation-related aquifer compaction; volcanic inflation or deflation (magma movement without discrete faulting); post-seismic afterslip or viscoelastic relaxation; seasonal hydrological loading; a strain transient on a creeping (aseismic) fault segment.,"Independent evidence of discrete offset: a displaced contact or marker bed, deflected or offset drainage, a facies termination, a fault-plane solution aligned with the lineament, a published structural interpretation, or field observation. None is claimed here.","MEASURED CONTEXT + TEMPLATE HYPOTHESIS; no field observation, no geologist review"
1116,1281,371500.0,4396900.0,1700.0,0.978985,0.439296,0.539689,1,19.3054,11.7065,4.4958,373.1,620.9,1003.9,0.0992,-14.0694,0.2008,0.5079,"Buried or cover-hidden ACTIVE fault (H72-A): the deformation-only view is confident (geodetic second invariant / shear / dilatation gradients and their coherence, earthquake-density kernel edge) while the surface view abstains (no DEM scarp, no slope lineament, no radiometric lineament) -- consistent with a young blind fault straining and micro-seismic beneath cover. HYPOTHESIS, not verified geology.",Anthropogenic subsidence from groundwater withdrawal; irrigation-related aquifer compaction; volcanic inflation or deflation (magma movement without discrete faulting); post-seismic afterslip or viscoelastic relaxation; seasonal hydrological loading; a strain transient on a creeping (aseismic) fault segment.,"Independent evidence of discrete offset: a displaced contact or marker bed, deflected or offset drainage, a facies termination, a fault-plane solution aligned with the lineament, a published structural interpretation, or field observation. None is claimed here.","MEASURED CONTEXT + TEMPLATE HYPOTHESIS; no field observation, no geologist review"
1117,1072,350600.0,4396800.0,2801.8,0.954888,0.463339,0.491549,1,22.0096,12.062,6.2332,461.4,542.0576,219.5,0.1277,-0.0533,0.2283,0.4528,"Buried or cover-hidden ACTIVE fault (H72-A): the deformation-only view is confident (geodetic second invariant / shear / dilatation gradients and their coherence, earthquake-density kernel edge) while the surface view abstains (no DEM scarp, no slope lineament, no radiometric lineament) -- consistent with a young blind fault straining and micro-seismic beneath cover. HYPOTHESIS, not verified geology.",Anthropogenic subsidence from groundwater withdrawal; irrigation-related aquifer compaction; volcanic inflation or deflation (magma movement without discrete faulting); post-seismic afterslip or viscoelastic relaxation; seasonal hydrological loading; a strain transient on a creeping (aseismic) fault segment.,"Independent evidence of discrete offset: a displaced contact or marker bed, deflected or offset drainage, a facies termination, a fault-plane solution aligned with the lineament, a published structural interpretation, or field observation. None is claimed here.","MEASURED CONTEXT + TEMPLATE HYPOTHESIS; no field observation, no geologist review"
1117,1078,351200.0,4396800.0,2202.3,0.952469,0.464475,0.487994,1,22.2433,12.3447,6.4083,461.4,540.9,254.3,0.1513,-1.2066,0.2598,0.4213,"Buried or cover-hidden ACTIVE fault (H72-A): the deformation-only view is confident (geodetic second invariant / shear / dilatation gradients and their coherence, earthquake-density kernel edge) while the surface view abstains (no DEM scarp, no slope lineament, no radiometric lineament) -- consistent with a young blind fault straining and micro-seismic beneath cover. HYPOTHESIS, not verified geology.",Anthropogenic subsidence from groundwater withdrawal; irrigation-related aquifer compaction; volcanic inflation or deflation (magma movement without discrete faulting); post-seismic afterslip or viscoelastic relaxation; seasonal hydrological loading; a strain transient on a creeping (aseismic) fault segment.,"Independent evidence of discrete offset: a displaced contact or marker bed, deflected or offset drainage, a facies termination, a fault-plane solution aligned with the lineament, a published structural interpretation, or field observation. None is claimed here.","MEASURED CONTEXT + TEMPLATE HYPOTHESIS; no field observation, no geologist review"
1117,1081,351500.0,4396800.0,1902.6,0.966084,0.591653,0.374431,1,22.2557,12.3594,6.4184,461.4,540.9,271.5,0.0843,-1.7842,0.2756,0.4094,"Buried or cover-hidden ACTIVE fault (H72-A): the deformation-only view is confident (geodetic second invariant / shear / dilatation gradients and their coherence, earthquake-density kernel edge) while the surface view abstains (no DEM scarp, no slope lineament, no radiometric lineament) -- consistent with a young blind fault straining and micro-seismic beneath cover. HYPOTHESIS, not verified geology.",Anthropogenic subsidence from groundwater withdrawal; irrigation-related aquifer compaction; volcanic inflation or deflation (magma movement without discrete faulting); post-seismic afterslip or viscoelastic relaxation; seasonal hydrological loading; a strain transient on a creeping (aseismic) fault segment.,"Independent evidence of discrete offset: a displaced contact or marker bed, deflected or offset drainage, a facies termination, a fault-plane solution aligned with the lineament, a published structural interpretation, or field observation. None is claimed here.","MEASURED CONTEXT + TEMPLATE HYPOTHESIS; no field observation, no geologist review"
1118,1075,350900.0,4396700.0,2500.0,0.966138,0.371204,0.594934,1,22.2438,12.3691,6.0663,461.4,540.9,245.7,0.1925,-0.6298,0.1614,0.4646,"Buried or cover-hidden ACTIVE fault (H72-A): the deformation-only view is confident (geodetic second invariant / shear / dilatation gradients and their coherence, earthquake-density kernel edge) while the surface view abstains (no DEM scarp, no slope lineament, no radiometric lineament) -- consistent with a young blind fault straining and micro-seismic beneath cover. HYPOTHESIS, not verified geology.",Anthropogenic subsidence from groundwater withdrawal; irrigation-related aquifer compaction; volcanic inflation or deflation (magma movement without discrete faulting); post-seismic afterslip or viscoelastic relaxation; seasonal hydrological loading; a strain transient on a creeping (aseismic) fault segment.,"Independent evidence of discrete offset: a displaced contact or marker bed, deflected or offset drainage, a facies termination, a fault-plane solution aligned with the lineament, a published structural interpretation, or field observation. None is claimed here.","MEASURED CONTEXT + TEMPLATE HYPOTHESIS; no field observation, no geologist review"
1120,1281,371500.0,4396500.0,1726.3,0.964719,0.382279,0.58244,1,20.436,13.0794,3.6074,373.1,620.9,961.6,0.0866,-13.445,0.2992,0.5197,"Buried or cover-hidden ACTIVE fault (H72-A): the deformation-only view is confident (geodetic second invariant / shear / dilatation gradients and their coherence, earthquake-density kernel edge) while the surface view abstains (no DEM scarp, no slope lineament, no radiometric lineament) -- consistent with a young blind fault straining and micro-seismic beneath cover. HYPOTHESIS, not verified geology.",Anthropogenic subsidence from groundwater withdrawal; irrigation-related aquifer compaction; volcanic inflation or deflation (magma movement without discrete faulting); post-seismic afterslip or viscoelastic relaxation; seasonal hydrological loading; a strain transient on a creeping (aseismic) fault segment.,"Independent evidence of discrete offset: a displaced contact or marker bed, deflected or offset drainage, a facies termination, a fault-plane solution aligned with the lineament, a published structural interpretation, or field observation. None is claimed here.","MEASURED CONTEXT + TEMPLATE HYPOTHESIS; no field observation, no geologist review"
1121,1070,350400.0,4396400.0,3015.0,0.970476,0.5192,0.451276,1,22.6,12.8,5.2,461.4,543.9572,242.1,0.0962,0.2928,0.2795,0.4567,"Buried or cover-hidden ACTIVE fault (H72-A): the deformation-only view is confident (geodetic second invariant / shear / dilatation gradients and their coherence, earthquake-density kernel edge) while the surface view abstains (no DEM scarp, no slope lineament, no radiometric lineament) -- consistent with a young blind fault straining and micro-seismic beneath cover. HYPOTHESIS, not verified geology.",Anthropogenic subsidence from groundwater withdrawal; irrigation-related aquifer compaction; volcanic inflation or deflation (magma movement without discrete faulting); post-seismic afterslip or viscoelastic relaxation; seasonal hydrological loading; a strain transient on a creeping (aseismic) fault segment.,"Independent evidence of discrete offset: a displaced contact or marker bed, deflected or offset drainage, a facies termination, a fault-plane solution aligned with the lineament, a published structural interpretation, or field observation. None is claimed here.","MEASURED CONTEXT + TEMPLATE HYPOTHESIS; no field observation, no geologist review"
1123,1319,375300.0,4396200.0,1860.1,0.975935,0.368239,0.607695,1,19.9427,12.0573,3.2287,397.9,682.8,1029.8,0.202,-16.5423,0.0866,0.5118,"Buried or cover-hidden ACTIVE fault (H72-A): the deformation-only view is confident (geodetic second invariant / shear / dilatation gradients and their coherence, earthquake-density kernel edge) while the surface view abstains (no DEM scarp, no slope lineament, no radiometric lineament) -- consistent with a young blind fault straining and micro-seismic beneath cover. HYPOTHESIS, not verified geology.",Anthropogenic subsidence from groundwater withdrawal; irrigation-related aquifer compaction; volcanic inflation or deflation (magma movement without discrete faulting); post-seismic afterslip or viscoelastic relaxation; seasonal hydrological loading; a strain transient on a creeping (aseismic) fault segment.,"Independent evidence of discrete offset: a displaced contact or marker bed, deflected or offset drainage, a facies termination, a fault-plane solution aligned with the lineament, a published structural interpretation, or field observation. None is claimed here.","MEASURED CONTEXT + TEMPLATE HYPOTHESIS; no field observation, no geologist review"
1125,1281,371500.0,4396000.0,1878.8,0.959902,0.367287,0.592614,1,20.7,13.4,3.4,373.1,620.9,908.6,0.1006,-12.6647,0.2559,0.5669,"Buried or cover-hidden ACTIVE fault (H72-A): the deformation-only view is confident (geodetic second invariant / shear / dilatation gradients and their coherence, earthquake-density kernel edge) while the surface view abstains (no DEM scarp, no slope lineament, no radiometric lineament) -- consistent with a young blind fault straining and micro-seismic beneath cover. HYPOTHESIS, not verified geology.",Anthropogenic subsidence from groundwater withdrawal; irrigation-related aquifer compaction; volcanic inflation or deflation (magma movement without discrete faulting); post-seismic afterslip or viscoelastic relaxation; seasonal hydrological loading; a strain transient on a creeping (aseismic) fault segment.,"Independent evidence of discrete offset: a displaced contact or marker bed, deflected or offset drainage, a facies termination, a fault-plane solution aligned with the lineament, a published structural interpretation, or field observation. None is claimed here.","MEASURED CONTEXT + TEMPLATE HYPOTHESIS; no field observation, no geologist review"
1126,1311,374500.0,4395900.0,1581.1,0.996242,0.405903,0.590339,1,19.8,12.2,3.3,397.9,641.436,854.0,0.1894,-14.6544,0.1457,0.5669,"Buried or cover-hidden ACTIVE fault (H72-A): the deformation-only view is confident (geodetic second invariant / shear / dilatation gradients and their coherence, earthquake-density kernel edge) while the surface view abstains (no DEM scarp, no slope lineament, no radiometric lineament) -- consistent with a young blind fault straining and micro-seismic beneath cover. HYPOTHESIS, not verified geology.",Anthropogenic subsidence from groundwater withdrawal; irrigation-related aquifer compaction; volcanic inflation or deflation (magma movement without discrete faulting); post-seismic afterslip or viscoelastic relaxation; seasonal hydrological loading; a strain transient on a creeping (aseismic) fault segment.,"Independent evidence of discrete offset: a displaced contact or marker bed, deflected or offset drainage, a facies termination, a fault-plane solution aligned with the lineament, a published structural interpretation, or field observation. None is claimed here.","MEASURED CONTEXT + TEMPLATE HYPOTHESIS; no field observation, no geologist review"
1127,1329,376300.0,4395800.0,2745.9,0.975383,0.554357,0.421026,1,20.0,12.0,3.2,397.9,692.2151,1528.9,0.2034,-19.7689,0.0906,0.5472,"Buried or cover-hidden ACTIVE fault (H72-A): the deformation-only view is confident (geodetic second invariant / shear / dilatation gradients and their coherence, earthquake-density kernel edge) while the surface view abstains (no DEM scarp, no slope lineament, no radiometric lineament) -- consistent with a young blind fault straining and micro-seismic beneath cover. HYPOTHESIS, not verified geology.",Anthropogenic subsidence from groundwater withdrawal; irrigation-related aquifer compaction; volcanic inflation or deflation (magma movement without discrete faulting); post-seismic afterslip or viscoelastic relaxation; seasonal hydrological loading; a strain transient on a creeping (aseismic) fault segment.,"Independent evidence of discrete offset: a displaced contact or marker bed, deflected or offset drainage, a facies termination, a fault-plane solution aligned with the lineament, a published structural interpretation, or field observation. None is claimed here.","MEASURED CONTEXT + TEMPLATE HYPOTHESIS; no field observation, no geologist review"
1128,1282,371600.0,4395700.0,1941.6,0.975557,0.474072,0.501485,1,20.7,13.4,3.4,373.1,625.5048,865.1,0.1475,-12.3883,0.4094,0.4882,"Buried or cover-hidden ACTIVE fault (H72-A): the deformation-only view is confident (geodetic second invariant / shear / dilatation gradients and their coherence, earthquake-density kernel edge) while the surface view abstains (no DEM scarp, no slope lineament, no radiometric lineament) -- consistent with a young blind fault straining and micro-seismic beneath cover. HYPOTHESIS, not verified geology.",Anthropogenic subsidence from groundwater withdrawal; irrigation-related aquifer compaction; volcanic inflation or deflation (magma movement without discrete faulting); post-seismic afterslip or viscoelastic relaxation; seasonal hydrological loading; a strain transient on a creeping (aseismic) fault segment.,"Independent evidence of discrete offset: a displaced contact or marker bed, deflected or offset drainage, a facies termination, a fault-plane solution aligned with the lineament, a published structural interpretation, or field observation. None is claimed here.","MEASURED CONTEXT + TEMPLATE HYPOTHESIS; no field observation, no geologist review"
1129,1307,374100.0,4395600.0,1500.0,0.99954,0.367268,0.632271,1,19.8,12.2,3.3,397.9,641.5079,799.4,0.1948,-13.8773,0.2244,0.5433,"Buried or cover-hidden ACTIVE fault (H72-A): the deformation-only view is confident (geodetic second invariant / shear / dilatation gradients and their coherence, earthquake-density kernel edge) while the surface view abstains (no DEM scarp, no slope lineament, no radiometric lineament) -- consistent with a young blind fault straining and micro-seismic beneath cover. HYPOTHESIS, not verified geology.",Anthropogenic subsidence from groundwater withdrawal; irrigation-related aquifer compaction; volcanic inflation or deflation (magma movement without discrete faulting); post-seismic afterslip or viscoelastic relaxation; seasonal hydrological loading; a strain transient on a creeping (aseismic) fault segment.,"Independent evidence of discrete offset: a displaced contact or marker bed, deflected or offset drainage, a facies termination, a fault-plane solution aligned with the lineament, a published structural interpretation, or field observation. None is claimed here.","MEASURED CONTEXT + TEMPLATE HYPOTHESIS; no field observation, no geologist review"
1130,1286,372000.0,4395500.0,1769.2,0.981828,0.380159,0.601669,1,20.7,13.4,3.4,373.1,629.8551,807.7,0.1182,-12.3626,0.2795,0.563,"Buried or cover-hidden ACTIVE fault (H72-A): the deformation-only view is confident (geodetic second invariant / shear / dilatation gradients and their coherence, earthquake-density kernel edge) while the surface view abstains (no DEM scarp, no slope lineament, no radiometric lineament) -- consistent with a young blind fault straining and micro-seismic beneath cover. HYPOTHESIS, not verified geology.",Anthropogenic subsidence from groundwater withdrawal; irrigation-related aquifer compaction; volcanic inflation or deflation (magma movement without discrete faulting); post-seismic afterslip or viscoelastic relaxation; seasonal hydrological loading; a strain transient on a creeping (aseismic) fault segment.,"Independent evidence of discrete offset: a displaced contact or marker bed, deflected or offset drainage, a facies termination, a fault-plane solution aligned with the lineament, a published structural interpretation, or field observation. None is claimed here.","MEASURED CONTEXT + TEMPLATE HYPOTHESIS; no field observation, no geologist review"
1130,1313,374700.0,4395500.0,1984.9,0.981631,0.359664,0.621967,1,19.8,12.2,3.3,397.9,683.2535,867.9,0.2252,-14.7234,0.2165,0.5157,"Buried or cover-hidden ACTIVE fault (H72-A): the deformation-only view is confident (geodetic second invariant / shear / dilatation gradients and their coherence, earthquake-density kernel edge) while the surface view abstains (no DEM scarp, no slope lineament, no radiometric lineament) -- consistent with a young blind fault straining and micro-seismic beneath cover. HYPOTHESIS, not verified geology.",Anthropogenic subsidence from groundwater withdrawal; irrigation-related aquifer compaction; volcanic inflation or deflation (magma movement without discrete faulting); post-seismic afterslip or viscoelastic relaxation; seasonal hydrological loading; a strain transient on a creeping (aseismic) fault segment.,"Independent evidence of discrete offset: a displaced contact or marker bed, deflected or offset drainage, a facies termination, a fault-plane solution aligned with the lineament, a published structural interpretation, or field observation. None is claimed here.","MEASURED CONTEXT + TEMPLATE HYPOTHESIS; no field observation, no geologist review"
1130,1321,375500.0,4395500.0,2119.0,0.968547,0.415523,0.553024,1,20.0,12.0,3.2,397.9,719.0721,1159.4,0.1924,-16.9734,0.1614,0.5354,"Buried or cover-hidden ACTIVE fault (H72-A): the deformation-only view is confident (geodetic second invariant / shear / dilatation gradients and their coherence, earthquake-density kernel edge) while the surface view abstains (no DEM scarp, no slope lineament, no radiometric lineament) -- consistent with a young blind fault straining and micro-seismic beneath cover. HYPOTHESIS, not verified geology.",Anthropogenic subsidence from groundwater withdrawal; irrigation-related aquifer compaction; volcanic inflation or deflation (magma movement without discrete faulting); post-seismic afterslip or viscoelastic relaxation; seasonal hydrological loading; a strain transient on a creeping (aseismic) fault segment.,"Independent evidence of discrete offset: a displaced contact or marker bed, deflected or offset drainage, a facies termination, a fault-plane solution aligned with the lineament, a published structural interpretation, or field observation. None is claimed here.","MEASURED CONTEXT + TEMPLATE HYPOTHESIS; no field observation, no geologist review"
1131,1325,375900.0,4395400.0,2195.4,0.958582,0.394196,0.564386,1,20.0,12.0,3.2,397.9,727.0,1360.2,0.2108,-18.232,0.189,0.5984,"Buried or cover-hidden ACTIVE fault (H72-A): the deformation-only view is confident (geodetic second invariant / shear / dilatation gradients and their coherence, earthquake-density kernel edge) while the surface view abstains (no DEM scarp, no slope lineament, no radiometric lineament) -- consistent with a young blind fault straining and micro-seismic beneath cover. HYPOTHESIS, not verified geology.",Anthropogenic subsidence from groundwater withdrawal; irrigation-related aquifer compaction; volcanic inflation or deflation (magma movement without discrete faulting); post-seismic afterslip or viscoelastic relaxation; seasonal hydrological loading; a strain transient on a creeping (aseismic) fault segment.,"Independent evidence of discrete offset: a displaced contact or marker bed, deflected or offset drainage, a facies termination, a fault-plane solution aligned with the lineament, a published structural interpretation, or field observation. None is claimed here.","MEASURED CONTEXT + TEMPLATE HYPOTHESIS; no field observation, no geologist review"
1131,1331,376500.0,4395400.0,2549.5,0.958582,0.560983,0.397598,1,20.0,12.0,3.2,397.9,729.188,1709.6,0.7225,-20.401,0.1339,0.6024,"Buried or cover-hidden ACTIVE fault (H72-A): the deformation-only view is confident (geodetic second invariant / shear / dilatation gradients and their coherence, earthquake-density kernel edge) while the surface view abstains (no DEM scarp, no slope lineament, no radiometric lineament) -- consistent with a young blind fault straining and micro-seismic beneath cover. HYPOTHESIS, not verified geology.",Anthropogenic subsidence from groundwater withdrawal; irrigation-related aquifer compaction; volcanic inflation or deflation (magma movement without discrete faulting); post-seismic afterslip or viscoelastic relaxation; seasonal hydrological loading; a strain transient on a creeping (aseismic) fault segment.,"Independent evidence of discrete offset: a displaced contact or marker bed, deflected or offset drainage, a facies termination, a fault-plane solution aligned with the lineament, a published structural interpretation, or field observation. None is claimed here.","MEASURED CONTEXT + TEMPLATE HYPOTHESIS; no field observation, no geologist review"
1132,1308,374200.0,4395300.0,1802.8,0.985817,0.355615,0.630202,1,19.8,12.2,3.3,397.9,645.4,795.3,0.1933,-13.8289,0.2165,0.5433,"Buried or cover-hidden ACTIVE fault (H72-A): the deformation-only view is confident (geodetic second invariant / shear / dilatation gradients and their coherence, earthquake-density kernel edge) while the surface view abstains (no DEM scarp, no slope lineament, no radiometric lineament) -- consistent with a young blind fault straining and micro-seismic beneath cover. HYPOTHESIS, not verified geology.",Anthropogenic subsidence from groundwater withdrawal; irrigation-related aquifer compaction; volcanic inflation or deflation (magma movement without discrete faulting); post-seismic afterslip or viscoelastic relaxation; seasonal hydrological loading; a strain transient on a creeping (aseismic) fault segment.,"Independent evidence of discrete offset: a displaced contact or marker bed, deflected or offset drainage, a facies termination, a fault-plane solution aligned with the lineament, a published structural interpretation, or field observation. None is claimed here.","MEASURED CONTEXT + TEMPLATE HYPOTHESIS; no field observation, no geologist review"
1133,1304,373800.0,4395200.0,1708.8,0.984434,0.351204,0.63323,1,19.8,12.2,3.3,391.4909,645.4,735.3,0.1162,-13.1505,0.2047,0.6063,"Buried or cover-hidden ACTIVE fault (H72-A): the deformation-only view is confident (geodetic second invariant / shear / dilatation gradients and their coherence, earthquake-density kernel edge) while the surface view abstains (no DEM scarp, no slope lineament, no radiometric lineament) -- consistent with a young blind fault straining and micro-seismic beneath cover. HYPOTHESIS, not verified geology.",Anthropogenic subsidence from groundwater withdrawal; irrigation-related aquifer compaction; volcanic inflation or deflation (magma movement without discrete faulting); post-seismic afterslip or viscoelastic relaxation; seasonal hydrological loading; a strain transient on a creeping (aseismic) fault segment.,"Independent evidence of discrete offset: a displaced contact or marker bed, deflected or offset drainage, a facies termination, a fault-plane solution aligned with the lineament, a published structural interpretation, or field observation. None is claimed here.","MEASURED CONTEXT + TEMPLATE HYPOTHESIS; no field observation, no geologist review"
1133,1311,374500.0,4395200.0,1726.3,0.981323,0.374377,0.606946,1,19.8,12.2,3.3,397.9,655.9235,831.4,0.1948,-14.2232,0.3031,0.5472,"Buried or cover-hidden ACTIVE fault (H72-A): the deformation-only view is confident (geodetic second invariant / shear / dilatation gradients and their coherence, earthquake-density kernel edge) while the surface view abstains (no DEM scarp, no slope lineament, no radiometric lineament) -- consistent with a young blind fault straining and micro-seismic beneath cover. HYPOTHESIS, not verified geology.",Anthropogenic subsidence from groundwater withdrawal; irrigation-related aquifer compaction; volcanic inflation or deflation (magma movement without discrete faulting); post-seismic afterslip or viscoelastic relaxation; seasonal hydrological loading; a strain transient on a creeping (aseismic) fault segment.,"Independent evidence of discrete offset: a displaced contact or marker bed, deflected or offset drainage, a facies termination, a fault-plane solution aligned with the lineament, a published structural interpretation, or field observation. None is claimed here.","MEASURED CONTEXT + TEMPLATE HYPOTHESIS; no field observation, no geologist review"
1134,1298,373200.0,4395100.0,1700.0,0.975852,0.350493,0.625359,1,20.2027,12.737,3.3447,373.1,645.4,707.5,0.1677,-12.5802,0.2638,0.5197,"Buried or cover-hidden ACTIVE fault (H72-A): the deformation-only view is confident (geodetic second invariant / shear / dilatation gradients and their coherence, earthquake-density kernel edge) while the surface view abstains (no DEM scarp, no slope lineament, no radiometric lineament) -- consistent with a young blind fault straining and micro-seismic beneath cover. HYPOTHESIS, not verified geology.",Anthropogenic subsidence from groundwater withdrawal; irrigation-related aquifer compaction; volcanic inflation or deflation (magma movement without discrete faulting); post-seismic afterslip or viscoelastic relaxation; seasonal hydrological loading; a strain transient on a creeping (aseismic) fault segment.,"Independent evidence of discrete offset: a displaced contact or marker bed, deflected or offset drainage, a facies termination, a fault-plane solution aligned with the lineament, a published structural interpretation, or field observation. None is claimed here.","MEASURED CONTEXT + TEMPLATE HYPOTHESIS; no field observation, no geologist review"
1156,1619,405300.0,4392900.0,2332.4,0.955107,0.506772,0.448334,1,15.3981,4.0441,10.6293,708.8,1206.5,3999.4,0.5965,-31.0846,0.4646,0.6811,"Buried or cover-hidden ACTIVE fault (H72-A): the deformation-only view is confident (geodetic second invariant / shear / dilatation gradients and their coherence, earthquake-density kernel edge) while the surface view abstains (no DEM scarp, no slope lineament, no radiometric lineament) -- consistent with a young blind fault straining and micro-seismic beneath cover. HYPOTHESIS, not verified geology.",Anthropogenic subsidence from groundwater withdrawal; irrigation-related aquifer compaction; volcanic inflation or deflation (magma movement without discrete faulting); post-seismic afterslip or viscoelastic relaxation; seasonal hydrological loading; a strain transient on a creeping (aseismic) fault segment.,"Independent evidence of discrete offset: a displaced contact or marker bed, deflected or offset drainage, a facies termination, a fault-plane solution aligned with the lineament, a published structural interpretation, or field observation. None is claimed here.","MEASURED CONTEXT + TEMPLATE HYPOTHESIS; no field observation, no geologist review"
1166,1297,373100.0,4391900.0,1500.0,0.951822,0.584233,0.367589,1,22.3358,15.0,1.3925,442.9,652.1242,578.4,0.4601,-12.0521,0.3898,0.5591,"Buried or cover-hidden ACTIVE fault (H72-A): the deformation-only view is confident (geodetic second invariant / shear / dilatation gradients and their coherence, earthquake-density kernel edge) while the surface view abstains (no DEM scarp, no slope lineament, no radiometric lineament) -- consistent with a young blind fault straining and micro-seismic beneath cover. HYPOTHESIS, not verified geology.",Anthropogenic subsidence from groundwater withdrawal; irrigation-related aquifer compaction; volcanic inflation or deflation (magma movement without discrete faulting); post-seismic afterslip or viscoelastic relaxation; seasonal hydrological loading; a strain transient on a creeping (aseismic) fault segment.,"Independent evidence of discrete offset: a displaced contact or marker bed, deflected or offset drainage, a facies termination, a fault-plane solution aligned with the lineament, a published structural interpretation, or field observation. None is claimed here.","MEASURED CONTEXT + TEMPLATE HYPOTHESIS; no field observation, no geologist review"
1197,1343,377700.0,4388800.0,2377.0,0.953856,0.477207,0.476649,1,21.743,15.0117,0.5227,457.6955,845.5,1854.9,0.2891,-20.9975,0.2795,0.6929,"Buried or cover-hidden ACTIVE fault (H72-A): the deformation-only view is confident (geodetic second invariant / shear / dilatation gradients and their coherence, earthquake-density kernel edge) while the surface view abstains (no DEM scarp, no slope lineament, no radiometric lineament) -- consistent with a young blind fault straining and micro-seismic beneath cover. HYPOTHESIS, not verified geology.",Anthropogenic subsidence from groundwater withdrawal; irrigation-related aquifer compaction; volcanic inflation or deflation (magma movement without discrete faulting); post-seismic afterslip or viscoelastic relaxation; seasonal hydrological loading; a strain transient on a creeping (aseismic) fault segment.,"Independent evidence of discrete offset: a displaced contact or marker bed, deflected or offset drainage, a facies termination, a fault-plane solution aligned with the lineament, a published structural interpretation, or field observation. None is claimed here.","MEASURED CONTEXT + TEMPLATE HYPOTHESIS; no field observation, no geologist review"
1197,1346,378000.0,4388800.0,2657.1,0.951263,0.378001,0.573262,1,21.7423,15.0108,0.5234,436.7,845.5,1850.9,0.3151,-21.2545,0.2677,0.6142,"Buried or cover-hidden ACTIVE fault (H72-A): the deformation-only view is confident (geodetic second invariant / shear / dilatation gradients and their coherence, earthquake-density kernel edge) while the surface view abstains (no DEM scarp, no slope lineament, no radiometric lineament) -- consistent with a young blind fault straining and micro-seismic beneath cover. HYPOTHESIS, not verified geology.",Anthropogenic subsidence from groundwater withdrawal; irrigation-related aquifer compaction; volcanic inflation or deflation (magma movement without discrete faulting); post-seismic afterslip or viscoelastic relaxation; seasonal hydrological loading; a strain transient on a creeping (aseismic) fault segment.,"Independent evidence of discrete offset: a displaced contact or marker bed, deflected or offset drainage, a facies termination, a fault-plane solution aligned with the lineament, a published structural interpretation, or field observation. None is claimed here.","MEASURED CONTEXT + TEMPLATE HYPOTHESIS; no field observation, no geologist review"
1198,1612,404600.0,4388700.0,3088.7,0.965722,0.5294,0.436322,1,17.7404,5.7915,11.0979,701.5,1285.0,3256.4,0.4484,-30.1806,0.4409,0.8346,"Buried or cover-hidden ACTIVE fault (H72-A): the deformation-only view is confident (geodetic second invariant / shear / dilatation gradients and their coherence, earthquake-density kernel edge) while the surface view abstains (no DEM scarp, no slope lineament, no radiometric lineament) -- consistent with a young blind fault straining and micro-seismic beneath cover. HYPOTHESIS, not verified geology.",Anthropogenic subsidence from groundwater withdrawal; irrigation-related aquifer compaction; volcanic inflation or deflation (magma movement without discrete faulting); post-seismic afterslip or viscoelastic relaxation; seasonal hydrological loading; a strain transient on a creeping (aseismic) fault segment.,"Independent evidence of discrete offset: a displaced contact or marker bed, deflected or offset drainage, a facies termination, a fault-plane solution aligned with the lineament, a published structural interpretation, or field observation. None is claimed here.","MEASURED CONTEXT + TEMPLATE HYPOTHESIS; no field observation, no geologist review"
1199,1617,405100.0,4388600.0,3577.7,0.965335,0.492834,0.472501,1,17.9213,5.9523,11.1381,701.5,1317.7256,3348.5,0.4812,-30.5892,0.4055,0.748,"Buried or cover-hidden ACTIVE fault (H72-A): the deformation-only view is confident (geodetic second invariant / shear / dilatation gradients and their coherence, earthquake-density kernel edge) while the surface view abstains (no DEM scarp, no slope lineament, no radiometric lineament) -- consistent with a young blind fault straining and micro-seismic beneath cover. HYPOTHESIS, not verified geology.",Anthropogenic subsidence from groundwater withdrawal; irrigation-related aquifer compaction; volcanic inflation or deflation (magma movement without discrete faulting); post-seismic afterslip or viscoelastic relaxation; seasonal hydrological loading; a strain transient on a creeping (aseismic) fault segment.,"Independent evidence of discrete offset: a displaced contact or marker bed, deflected or offset drainage, a facies termination, a fault-plane solution aligned with the lineament, a published structural interpretation, or field observation. None is claimed here.","MEASURED CONTEXT + TEMPLATE HYPOTHESIS; no field observation, no geologist review"
1201,1614,404800.0,4388400.0,3413.2,0.962415,0.495176,0.467239,1,18.2,6.2,11.2,701.5,1292.9967,3295.9,0.5031,-30.4657,0.437,0.7441,"Buried or cover-hidden ACTIVE fault (H72-A): the deformation-only view is confident (geodetic second invariant / shear / dilatation gradients and their coherence, earthquake-density kernel edge) while the surface view abstains (no DEM scarp, no slope lineament, no radiometric lineament) -- consistent with a young blind fault straining and micro-seismic beneath cover. HYPOTHESIS, not verified geology.",Anthropogenic subsidence from groundwater withdrawal; irrigation-related aquifer compaction; volcanic inflation or deflation (magma movement without discrete faulting); post-seismic afterslip or viscoelastic relaxation; seasonal hydrological loading; a strain transient on a creeping (aseismic) fault segment.,"Independent evidence of discrete offset: a displaced contact or marker bed, deflected or offset drainage, a facies termination, a fault-plane solution aligned with the lineament, a published structural interpretation, or field observation. None is claimed here.","MEASURED CONTEXT + TEMPLATE HYPOTHESIS; no field observation, no geologist review"
1202,1344,377800.0,4388300.0,2334.5,0.988651,0.3636,0.625052,1,22.4,15.8,-0.2,449.6846,845.5,1743.5,0.2121,-21.04,0.2402,0.3661,"Buried or cover-hidden ACTIVE fault (H72-A): the deformation-only view is confident (geodetic second invariant / shear / dilatation gradients and their coherence, earthquake-density kernel edge) while the surface view abstains (no DEM scarp, no slope lineament, no radiometric lineament) -- consistent with a young blind fault straining and micro-seismic beneath cover. HYPOTHESIS, not verified geology.",Anthropogenic subsidence from groundwater withdrawal; irrigation-related aquifer compaction; volcanic inflation or deflation (magma movement without discrete faulting); post-seismic afterslip or viscoelastic relaxation; seasonal hydrological loading; a strain transient on a creeping (aseismic) fault segment.,"Independent evidence of discrete offset: a displaced contact or marker bed, deflected or offset drainage, a facies termination, a fault-plane solution aligned with the lineament, a published structural interpretation, or field observation. None is claimed here.","MEASURED CONTEXT + TEMPLATE HYPOTHESIS; no field observation, no geologist review"
1203,1610,404400.0,4388200.0,3201.6,0.97259,0.528315,0.444275,1,18.2,6.2,11.2,701.5,1285.0,3142.2,0.5789,-30.2309,0.6181,0.6732,"Buried or cover-hidden ACTIVE fault (H72-A): the deformation-only view is confident (geodetic second invariant / shear / dilatation gradients and their coherence, earthquake-density kernel edge) while the surface view abstains (no DEM scarp, no slope lineament, no radiometric lineament) -- consistent with a young blind fault straining and micro-seismic beneath cover. HYPOTHESIS, not verified geology.",Anthropogenic subsidence from groundwater withdrawal; irrigation-related aquifer compaction; volcanic inflation or deflation (magma movement without discrete faulting); post-seismic afterslip or viscoelastic relaxation; seasonal hydrological loading; a strain transient on a creeping (aseismic) fault segment.,"Independent evidence of discrete offset: a displaced contact or marker bed, deflected or offset drainage, a facies termination, a fault-plane solution aligned with the lineament, a published structural interpretation, or field observation. None is claimed here.","MEASURED CONTEXT + TEMPLATE HYPOTHESIS; no field observation, no geologist review"
1206,1615,404900.0,4387900.0,3780.2,0.964196,0.547521,0.416675,1,18.2,6.2,11.2,701.5,1304.1653,3298.3,0.5754,-30.7742,0.4488,0.8189,"Buried or cover-hidden ACTIVE fault (H72-A): the deformation-only view is confident (geodetic second invariant / shear / dilatation gradients and their coherence, earthquake-density kernel edge) while the surface view abstains (no DEM scarp, no slope lineament, no radiometric lineament) -- consistent with a young blind fault straining and micro-seismic beneath cover. HYPOTHESIS, not verified geology.",Anthropogenic subsidence from groundwater withdrawal; irrigation-related aquifer compaction; volcanic inflation or deflation (magma movement without discrete faulting); post-seismic afterslip or viscoelastic relaxation; seasonal hydrological loading; a strain transient on a creeping (aseismic) fault segment.,"Independent evidence of discrete offset: a displaced contact or marker bed, deflected or offset drainage, a facies termination, a fault-plane solution aligned with the lineament, a published structural interpretation, or field observation. None is claimed here.","MEASURED CONTEXT + TEMPLATE HYPOTHESIS; no field observation, no geologist review"
1207,1612,404600.0,4387800.0,3612.5,0.952215,0.482552,0.469664,1,18.2,6.2,11.2,701.5,1299.9961,3188.1,0.5345,-30.6431,0.4764,0.7835,"Buried or cover-hidden ACTIVE fault (H72-A): the deformation-only view is confident (geodetic second invariant / shear / dilatation gradients and their coherence, earthquake-density kernel edge) while the surface view abstains (no DEM scarp, no slope lineament, no radiometric lineament) -- consistent with a young blind fault straining and micro-seismic beneath cover. HYPOTHESIS, not verified geology.",Anthropogenic subsidence from groundwater withdrawal; irrigation-related aquifer compaction; volcanic inflation or deflation (magma movement without discrete faulting); post-seismic afterslip or viscoelastic relaxation; seasonal hydrological loading; a strain transient on a creeping (aseismic) fault segment.,"Independent evidence of discrete offset: a displaced contact or marker bed, deflected or offset drainage, a facies termination, a fault-plane solution aligned with the lineament, a published structural interpretation, or field observation. None is claimed here.","MEASURED CONTEXT + TEMPLATE HYPOTHESIS; no field observation, no geologist review"
1209,1605,403900.0,4387600.0,3265.0,0.983123,0.374187,0.608936,1,18.2,6.2,11.2,701.5,1319.8063,2903.0,0.6536,-30.1141,0.5472,0.6535,"Buried or cover-hidden ACTIVE fault (H72-A): the deformation-only view is confident (geodetic second invariant / shear / dilatation gradients and their coherence, earthquake-density kernel edge) while the surface view abstains (no DEM scarp, no slope lineament, no radiometric lineament) -- consistent with a young blind fault straining and micro-seismic beneath cover. HYPOTHESIS, not verified geology.",Anthropogenic subsidence from groundwater withdrawal; irrigation-related aquifer compaction; volcanic inflation or deflation (magma movement without discrete faulting); post-seismic afterslip or viscoelastic relaxation; seasonal hydrological loading; a strain transient on a creeping (aseismic) fault segment.,"Independent evidence of discrete offset: a displaced contact or marker bed, deflected or offset drainage, a facies termination, a fault-plane solution aligned with the lineament, a published structural interpretation, or field observation. None is claimed here.","MEASURED CONTEXT + TEMPLATE HYPOTHESIS; no field observation, no geologist review"
1209,1609,404300.0,4387600.0,3535.5,0.95398,0.483237,0.470743,1,18.2,6.2,11.2,701.5,1319.7709,3072.0,0.7284,-30.5545,0.3819,0.7677,"Buried or cover-hidden ACTIVE fault (H72-A): the deformation-only view is confident (geodetic second invariant / shear / dilatation gradients and their coherence, earthquake-density kernel edge) while the surface view abstains (no DEM scarp, no slope lineament, no radiometric lineament) -- consistent with a young blind fault straining and micro-seismic beneath cover. HYPOTHESIS, not verified geology.",Anthropogenic subsidence from groundwater withdrawal; irrigation-related aquifer compaction; volcanic inflation or deflation (magma movement without discrete faulting); post-seismic afterslip or viscoelastic relaxation; seasonal hydrological loading; a strain transient on a creeping (aseismic) fault segment.,"Independent evidence of discrete offset: a displaced contact or marker bed, deflected or offset drainage, a facies termination, a fault-plane solution aligned with the lineament, a published structural interpretation, or field observation. None is claimed here.","MEASURED CONTEXT + TEMPLATE HYPOTHESIS; no field observation, no geologist review"
1209,1615,404900.0,4387600.0,3969.9,0.964196,0.354993,0.609203,1,18.2,6.2,11.2,701.5,1321.0491,3301.6,0.4442,-31.1379,0.5709,0.7165,"Buried or cover-hidden ACTIVE fault (H72-A): the deformation-only view is confident (geodetic second invariant / shear / dilatation gradients and their coherence, earthquake-density kernel edge) while the surface view abstains (no DEM scarp, no slope lineament, no radiometric lineament) -- consistent with a young blind fault straining and micro-seismic beneath cover. HYPOTHESIS, not verified geology.",Anthropogenic subsidence from groundwater withdrawal; irrigation-related aquifer compaction; volcanic inflation or deflation (magma movement without discrete faulting); post-seismic afterslip or viscoelastic relaxation; seasonal hydrological loading; a strain transient on a creeping (aseismic) fault segment.,"Independent evidence of discrete offset: a displaced contact or marker bed, deflected or offset drainage, a facies termination, a fault-plane solution aligned with the lineament, a published structural interpretation, or field observation. None is claimed here.","MEASURED CONTEXT + TEMPLATE HYPOTHESIS; no field observation, no geologist review"
1211,1612,404600.0,4387400.0,3889.7,0.972666,0.359639,0.613027,1,18.2,6.2,11.2,701.5,1333.9,3185.5,0.7084,-31.0495,0.5512,0.7874,"Buried or cover-hidden ACTIVE fault (H72-A): the deformation-only view is confident (geodetic second invariant / shear / dilatation gradients and their coherence, earthquake-density kernel edge) while the surface view abstains (no DEM scarp, no slope lineament, no radiometric lineament) -- consistent with a young blind fault straining and micro-seismic beneath cover. HYPOTHESIS, not verified geology.",Anthropogenic subsidence from groundwater withdrawal; irrigation-related aquifer compaction; volcanic inflation or deflation (magma movement without discrete faulting); post-seismic afterslip or viscoelastic relaxation; seasonal hydrological loading; a strain transient on a creeping (aseismic) fault segment.,"Independent evidence of discrete offset: a displaced contact or marker bed, deflected or offset drainage, a facies termination, a fault-plane solution aligned with the lineament, a published structural interpretation, or field observation. None is claimed here.","MEASURED CONTEXT + TEMPLATE HYPOTHESIS; no field observation, no geologist review"
1212,1603,403700.0,4387300.0,3383.8,0.987626,0.516065,0.471562,1,18.2,6.2,11.2,701.5,1333.9,2740.2,0.7045,-29.7971,0.5906,0.5669,"Buried or cover-hidden ACTIVE fault (H72-A): the deformation-only view is confident (geodetic second invariant / shear / dilatation gradients and their coherence, earthquake-density kernel edge) while the surface view abstains (no DEM scarp, no slope lineament, no radiometric lineament) -- consistent with a young blind fault straining and micro-seismic beneath cover. HYPOTHESIS, not verified geology.",Anthropogenic subsidence from groundwater withdrawal; irrigation-related aquifer compaction; volcanic inflation or deflation (magma movement without discrete faulting); post-seismic afterslip or viscoelastic relaxation; seasonal hydrological loading; a strain transient on a creeping (aseismic) fault segment.,"Independent evidence of discrete offset: a displaced contact or marker bed, deflected or offset drainage, a facies termination, a fault-plane solution aligned with the lineament, a published structural interpretation, or field observation. None is claimed here.","MEASURED CONTEXT + TEMPLATE HYPOTHESIS; no field observation, no geologist review"
1215,1265,369900.0,4387000.0,2102.4,0.986636,0.4363,0.550336,1,23.4,15.8,1.3,550.8677,696.3,866.3,0.1909,-16.8423,0.3543,0.5236,"Buried or cover-hidden ACTIVE fault (H72-A): the deformation-only view is confident (geodetic second invariant / shear / dilatation gradients and their coherence, earthquake-density kernel edge) while the surface view abstains (no DEM scarp, no slope lineament, no radiometric lineament) -- consistent with a young blind fault straining and micro-seismic beneath cover. HYPOTHESIS, not verified geology.",Anthropogenic subsidence from groundwater withdrawal; irrigation-related aquifer compaction; volcanic inflation or deflation (magma movement without discrete faulting); post-seismic afterslip or viscoelastic relaxation; seasonal hydrological loading; a strain transient on a creeping (aseismic) fault segment.,"Independent evidence of discrete offset: a displaced contact or marker bed, deflected or offset drainage, a facies termination, a fault-plane solution aligned with the lineament, a published structural interpretation, or field observation. None is claimed here.","MEASURED CONTEXT + TEMPLATE HYPOTHESIS; no field observation, no geologist review"
1215,1601,403500.0,4387000.0,3395.6,0.994995,0.383092,0.611903,1,18.2383,6.5832,10.9318,678.8151,1333.9,2572.1,0.5788,-29.357,0.5709,0.6457,"Buried or cover-hidden ACTIVE fault (H72-A): the deformation-only view is confident (geodetic second invariant / shear / dilatation gradients and their coherence, earthquake-density kernel edge) while the surface view abstains (no DEM scarp, no slope lineament, no radiometric lineament) -- consistent with a young blind fault straining and micro-seismic beneath cover. HYPOTHESIS, not verified geology.",Anthropogenic subsidence from groundwater withdrawal; irrigation-related aquifer compaction; volcanic inflation or deflation (magma movement without discrete faulting); post-seismic afterslip or viscoelastic relaxation; seasonal hydrological loading; a strain transient on a creeping (aseismic) fault segment.,"Independent evidence of discrete offset: a displaced contact or marker bed, deflected or offset drainage, a facies termination, a fault-plane solution aligned with the lineament, a published structural interpretation, or field observation. None is claimed here.","MEASURED CONTEXT + TEMPLATE HYPOTHESIS; no field observation, no geologist review"
1215,1613,404700.0,4387000.0,4245.0,0.988217,0.374542,0.613674,1,18.2,6.2,11.2,701.5,1333.9,3224.7,0.275,-31.5924,0.4291,0.6417,"Buried or cover-hidden ACTIVE fault (H72-A): the deformation-only view is confident (geodetic second invariant / shear / dilatation gradients and their coherence, earthquake-density kernel edge) while the surface view abstains (no DEM scarp, no slope lineament, no radiometric lineament) -- consistent with a young blind fault straining and micro-seismic beneath cover. HYPOTHESIS, not verified geology.",Anthropogenic subsidence from groundwater withdrawal; irrigation-related aquifer compaction; volcanic inflation or deflation (magma movement without discrete faulting); post-seismic afterslip or viscoelastic relaxation; seasonal hydrological loading; a strain transient on a creeping (aseismic) fault segment.,"Independent evidence of discrete offset: a displaced contact or marker bed, deflected or offset drainage, a facies termination, a fault-plane solution aligned with the lineament, a published structural interpretation, or field observation. None is claimed here.","MEASURED CONTEXT + TEMPLATE HYPOTHESIS; no field observation, no geologist review"
1215,1665,409900.0,4387000.0,5032.9,0.963869,0.384875,0.578993,1,16.5,3.5,12.4,748.9,1338.7,1188.7,0.5765,-26.1095,0.6929,0.5945,"Buried or cover-hidden ACTIVE fault (H72-A): the deformation-only view is confident (geodetic second invariant / shear / dilatation gradients and their coherence, earthquake-density kernel edge) while the surface view abstains (no DEM scarp, no slope lineament, no radiometric lineament) -- consistent with a young blind fault straining and micro-seismic beneath cover. HYPOTHESIS, not verified geology.",Anthropogenic subsidence from groundwater withdrawal; irrigation-related aquifer compaction; volcanic inflation or deflation (magma movement without discrete faulting); post-seismic afterslip or viscoelastic relaxation; seasonal hydrological loading; a strain transient on a creeping (aseismic) fault segment.,"Independent evidence of discrete offset: a displaced contact or marker bed, deflected or offset drainage, a facies termination, a fault-plane solution aligned with the lineament, a published structural interpretation, or field observation. None is claimed here.","MEASURED CONTEXT + TEMPLATE HYPOTHESIS; no field observation, no geologist review"
1216,1609,404300.0,4386900.0,4060.8,0.987268,0.435595,0.551672,1,18.3245,6.3245,11.1253,698.7977,1333.9,3061.3,0.5536,-31.1206,0.5039,0.8346,"Buried or cover-hidden ACTIVE fault (H72-A): the deformation-only view is confident (geodetic second invariant / shear / dilatation gradients and their coherence, earthquake-density kernel edge) while the surface view abstains (no DEM scarp, no slope lineament, no radiometric lineament) -- consistent with a young blind fault straining and micro-seismic beneath cover. HYPOTHESIS, not verified geology.",Anthropogenic subsidence from groundwater withdrawal; irrigation-related aquifer compaction; volcanic inflation or deflation (magma movement without discrete faulting); post-seismic afterslip or viscoelastic relaxation; seasonal hydrological loading; a strain transient on a creeping (aseismic) fault segment.,"Independent evidence of discrete offset: a displaced contact or marker bed, deflected or offset drainage, a facies termination, a fault-plane solution aligned with the lineament, a published structural interpretation, or field observation. None is claimed here.","MEASURED CONTEXT + TEMPLATE HYPOTHESIS; no field observation, no geologist review"
1217,1268,370200.0,4386800.0,2024.8,0.984018,0.410638,0.573379,1,23.6794,16.3188,0.9807,551.3,696.3,840.6,0.2474,-16.5991,0.3858,0.4921,"Buried or cover-hidden ACTIVE fault (H72-A): the deformation-only view is confident (geodetic second invariant / shear / dilatation gradients and their coherence, earthquake-density kernel edge) while the surface view abstains (no DEM scarp, no slope lineament, no radiometric lineament) -- consistent with a young blind fault straining and micro-seismic beneath cover. HYPOTHESIS, not verified geology.",Anthropogenic subsidence from groundwater withdrawal; irrigation-related aquifer compaction; volcanic inflation or deflation (magma movement without discrete faulting); post-seismic afterslip or viscoelastic relaxation; seasonal hydrological loading; a strain transient on a creeping (aseismic) fault segment.,"Independent evidence of discrete offset: a displaced contact or marker bed, deflected or offset drainage, a facies termination, a fault-plane solution aligned with the lineament, a published structural interpretation, or field observation. None is claimed here.","MEASURED CONTEXT + TEMPLATE HYPOTHESIS; no field observation, no geologist review"
1217,1274,370800.0,4386800.0,1902.6,0.990476,0.478299,0.512177,1,23.6783,16.3169,0.9819,551.3,740.6406,785.1,0.2173,-16.0463,0.3504,0.4764,"Buried or cover-hidden ACTIVE fault (H72-A): the deformation-only view is confident (geodetic second invariant / shear / dilatation gradients and their coherence, earthquake-density kernel edge) while the surface view abstains (no DEM scarp, no slope lineament, no radiometric lineament) -- consistent with a young blind fault straining and micro-seismic beneath cover. HYPOTHESIS, not verified geology.",Anthropogenic subsidence from groundwater withdrawal; irrigation-related aquifer compaction; volcanic inflation or deflation (magma movement without discrete faulting); post-seismic afterslip or viscoelastic relaxation; seasonal hydrological loading; a strain transient on a creeping (aseismic) fault segment.,"Independent evidence of discrete offset: a displaced contact or marker bed, deflected or offset drainage, a facies termination, a fault-plane solution aligned with the lineament, a published structural interpretation, or field observation. None is claimed here.","MEASURED CONTEXT + TEMPLATE HYPOTHESIS; no field observation, no geologist review"
1218,1613,404700.0,4386700.0,4468.8,0.979813,0.359366,0.620447,1,18.7277,6.7277,10.8834,690.0498,1333.9,3248.5,0.5734,-31.8758,0.5433,0.7441,"Buried or cover-hidden ACTIVE fault (H72-A): the deformation-only view is confident (geodetic second invariant / shear / dilatation gradients and their coherence, earthquake-density kernel edge) while the surface view abstains (no DEM scarp, no slope lineament, no radiometric lineament) -- consistent with a young blind fault straining and micro-seismic beneath cover. HYPOTHESIS, not verified geology.",Anthropogenic subsidence from groundwater withdrawal; irrigation-related aquifer compaction; volcanic inflation or deflation (magma movement without discrete faulting); post-seismic afterslip or viscoelastic relaxation; seasonal hydrological loading; a strain transient on a creeping (aseismic) fault segment.,"Independent evidence of discrete offset: a displaced contact or marker bed, deflected or offset drainage, a facies termination, a fault-plane solution aligned with the lineament, a published structural interpretation, or field observation. None is claimed here.","MEASURED CONTEXT + TEMPLATE HYPOTHESIS; no field observation, no geologist review"
1218,1621,405500.0,4386700.0,5021.0,0.995935,0.391254,0.60468,1,18.5458,6.1419,11.3584,690.081,1321.7,3374.6,0.2707,-32.6393,0.5354,0.7362,"Buried or cover-hidden ACTIVE fault (H72-A): the deformation-only view is confident (geodetic second invariant / shear / dilatation gradients and their coherence, earthquake-density kernel edge) while the surface view abstains (no DEM scarp, no slope lineament, no radiometric lineament) -- consistent with a young blind fault straining and micro-seismic beneath cover. HYPOTHESIS, not verified geology.",Anthropogenic subsidence from groundwater withdrawal; irrigation-related aquifer compaction; volcanic inflation or deflation (magma movement without discrete faulting); post-seismic afterslip or viscoelastic relaxation; seasonal hydrological loading; a strain transient on a creeping (aseismic) fault segment.,"Independent evidence of discrete offset: a displaced contact or marker bed, deflected or offset drainage, a facies termination, a fault-plane solution aligned with the lineament, a published structural interpretation, or field observation. None is claimed here.","MEASURED CONTEXT + TEMPLATE HYPOTHESIS; no field observation, no geologist review"
1219,1600,403400.0,4386600.0,3417.6,0.96371,0.382203,0.581507,1,19.0326,7.3429,10.4392,647.7325,1333.9,2501.8,0.4562,-29.0507,0.3228,0.8228,"Buried or cover-hidden ACTIVE fault (H72-A): the deformation-only view is confident (geodetic second invariant / shear / dilatation gradients and their coherence, earthquake-density kernel edge) while the surface view abstains (no DEM scarp, no slope lineament, no radiometric lineament) -- consistent with a young blind fault straining and micro-seismic beneath cover. HYPOTHESIS, not verified geology.",Anthropogenic subsidence from groundwater withdrawal; irrigation-related aquifer compaction; volcanic inflation or deflation (magma movement without discrete faulting); post-seismic afterslip or viscoelastic relaxation; seasonal hydrological loading; a strain transient on a creeping (aseismic) fault segment.,"Independent evidence of discrete offset: a displaced contact or marker bed, deflected or offset drainage, a facies termination, a fault-plane solution aligned with the lineament, a published structural interpretation, or field observation. None is claimed here.","MEASURED CONTEXT + TEMPLATE HYPOTHESIS; no field observation, no geologist review"
1221,1272,370600.0,4386400.0,1529.7,0.979318,0.546049,0.433269,1,24.1,17.1,0.5,551.3,718.8668,807.2,0.2199,-16.1856,0.4016,0.4252,"Buried or cover-hidden ACTIVE fault (H72-A): the deformation-only view is confident (geodetic second invariant / shear / dilatation gradients and their coherence, earthquake-density kernel edge) while the surface view abstains (no DEM scarp, no slope lineament, no radiometric lineament) -- consistent with a young blind fault straining and micro-seismic beneath cover. HYPOTHESIS, not verified geology.",Anthropogenic subsidence from groundwater withdrawal; irrigation-related aquifer compaction; volcanic inflation or deflation (magma movement without discrete faulting); post-seismic afterslip or viscoelastic relaxation; seasonal hydrological loading; a strain transient on a creeping (aseismic) fault segment.,"Independent evidence of discrete offset: a displaced contact or marker bed, deflected or offset drainage, a facies termination, a fault-plane solution aligned with the lineament, a published structural interpretation, or field observation. None is claimed here.","MEASURED CONTEXT + TEMPLATE HYPOTHESIS; no field observation, no geologist review"
1222,1265,369900.0,4386300.0,1720.5,0.986865,0.446887,0.539978,1,24.1,17.1,0.5,551.3,696.3,873.1,0.2154,-16.6703,0.4173,0.374,"Buried or cover-hidden ACTIVE fault (H72-A): the deformation-only view is confident (geodetic second invariant / shear / dilatation gradients and their coherence, earthquake-density kernel edge) while the surface view abstains (no DEM scarp, no slope lineament, no radiometric lineament) -- consistent with a young blind fault straining and micro-seismic beneath cover. HYPOTHESIS, not verified geology.",Anthropogenic subsidence from groundwater withdrawal; irrigation-related aquifer compaction; volcanic inflation or deflation (magma movement without discrete faulting); post-seismic afterslip or viscoelastic relaxation; seasonal hydrological loading; a strain transient on a creeping (aseismic) fault segment.,"Independent evidence of discrete offset: a displaced contact or marker bed, deflected or offset drainage, a facies termination, a fault-plane solution aligned with the lineament, a published structural interpretation, or field observation. None is claimed here.","MEASURED CONTEXT + TEMPLATE HYPOTHESIS; no field observation, no geologist review"
1222,1629,406300.0,4386300.0,5879.6,0.961206,0.369198,0.592008,1,18.7,6.1,11.7,679.8,1321.7,3318.0,0.9026,-33.1909,0.378,0.878,"Buried or cover-hidden ACTIVE fault (H72-A): the deformation-only view is confident (geodetic second invariant / shear / dilatation gradients and their coherence, earthquake-density kernel edge) while the surface view abstains (no DEM scarp, no slope lineament, no radiometric lineament) -- consistent with a young blind fault straining and micro-seismic beneath cover. HYPOTHESIS, not verified geology.",Anthropogenic subsidence from groundwater withdrawal; irrigation-related aquifer compaction; volcanic inflation or deflation (magma movement without discrete faulting); post-seismic afterslip or viscoelastic relaxation; seasonal hydrological loading; a strain transient on a creeping (aseismic) fault segment.,"Independent evidence of discrete offset: a displaced contact or marker bed, deflected or offset drainage, a facies termination, a fault-plane solution aligned with the lineament, a published structural interpretation, or field observation. None is claimed here.","MEASURED CONTEXT + TEMPLATE HYPOTHESIS; no field observation, no geologist review"
1222,1633,406700.0,4386300.0,6184.7,0.975833,0.395291,0.580542,1,18.7,6.1,11.7,679.8,1321.7,3162.5,1.2311,-33.0076,0.4016,0.9409,"Buried or cover-hidden ACTIVE fault (H72-A): the deformation-only view is confident (geodetic second invariant / shear / dilatation gradients and their coherence, earthquake-density kernel edge) while the surface view abstains (no DEM scarp, no slope lineament, no radiometric lineament) -- consistent with a young blind fault straining and micro-seismic beneath cover. HYPOTHESIS, not verified geology.",Anthropogenic subsidence from groundwater withdrawal; irrigation-related aquifer compaction; volcanic inflation or deflation (magma movement without discrete faulting); post-seismic afterslip or viscoelastic relaxation; seasonal hydrological loading; a strain transient on a creeping (aseismic) fault segment.,"Independent evidence of discrete offset: a displaced contact or marker bed, deflected or offset drainage, a facies termination, a fault-plane solution aligned with the lineament, a published structural interpretation, or field observation. None is claimed here.","MEASURED CONTEXT + TEMPLATE HYPOTHESIS; no field observation, no geologist review"
1223,1616,405000.0,4386200.0,5044.8,0.981812,0.508715,0.473098,1,19.2,7.2,10.6,679.8,1326.6942,3413.3,0.6732,-32.8319,0.5079,0.7835,"Buried or cover-hidden ACTIVE fault (H72-A): the deformation-only view is confident (geodetic second invariant / shear / dilatation gradients and their coherence, earthquake-density kernel edge) while the surface view abstains (no DEM scarp, no slope lineament, no radiometric lineament) -- consistent with a young blind fault straining and micro-seismic beneath cover. HYPOTHESIS, not verified geology.",Anthropogenic subsidence from groundwater withdrawal; irrigation-related aquifer compaction; volcanic inflation or deflation (magma movement without discrete faulting); post-seismic afterslip or viscoelastic relaxation; seasonal hydrological loading; a strain transient on a creeping (aseismic) fault segment.,"Independent evidence of discrete offset: a displaced contact or marker bed, deflected or offset drainage, a facies termination, a fault-plane solution aligned with the lineament, a published structural interpretation, or field observation. None is claimed here.","MEASURED CONTEXT + TEMPLATE HYPOTHESIS; no field observation, no geologist review"
1223,1623,405700.0,4386200.0,5515.4,0.999946,0.359227,0.64072,1,18.711,6.1241,11.6759,679.8,1321.7,3450.2,0.1894,-33.2758,0.5236,0.9724,"Buried or cover-hidden ACTIVE fault (H72-A): the deformation-only view is confident (geodetic second invariant / shear / dilatation gradients and their coherence, earthquake-density kernel edge) while the surface view abstains (no DEM scarp, no slope lineament, no radiometric lineament) -- consistent with a young blind fault straining and micro-seismic beneath cover. HYPOTHESIS, not verified geology.",Anthropogenic subsidence from groundwater withdrawal; irrigation-related aquifer compaction; volcanic inflation or deflation (magma movement without discrete faulting); post-seismic afterslip or viscoelastic relaxation; seasonal hydrological loading; a strain transient on a creeping (aseismic) fault segment.,"Independent evidence of discrete offset: a displaced contact or marker bed, deflected or offset drainage, a facies termination, a fault-plane solution aligned with the lineament, a published structural interpretation, or field observation. None is claimed here.","MEASURED CONTEXT + TEMPLATE HYPOTHESIS; no field observation, no geologist review"
1226,1617,405100.0,4385900.0,5255.5,0.961136,0.373888,0.587248,1,19.2,7.2,10.6,679.8,1324.2727,3447.8,0.649,-33.2036,0.4882,0.8307,"Buried or cover-hidden ACTIVE fault (H72-A): the deformation-only view is confident (geodetic second invariant / shear / dilatation gradients and their coherence, earthquake-density kernel edge) while the surface view abstains (no DEM scarp, no slope lineament, no radiometric lineament) -- consistent with a young blind fault straining and micro-seismic beneath cover. HYPOTHESIS, not verified geology.",Anthropogenic subsidence from groundwater withdrawal; irrigation-related aquifer compaction; volcanic inflation or deflation (magma movement without discrete faulting); post-seismic afterslip or viscoelastic relaxation; seasonal hydrological loading; a strain transient on a creeping (aseismic) fault segment.,"Independent evidence of discrete offset: a displaced contact or marker bed, deflected or offset drainage, a facies termination, a fault-plane solution aligned with the lineament, a published structural interpretation, or field observation. None is claimed here.","MEASURED CONTEXT + TEMPLATE HYPOTHESIS; no field observation, no geologist review"
1229,1616,405000.0,4385600.0,5280.2,0.966062,0.419582,0.54648,1,19.2,7.2,10.6,679.8,1326.6876,3456.1,0.1098,-33.4227,0.4685,0.878,"Buried or cover-hidden ACTIVE fault (H72-A): the deformation-only view is confident (geodetic second invariant / shear / dilatation gradients and their coherence, earthquake-density kernel edge) while the surface view abstains (no DEM scarp, no slope lineament, no radiometric lineament) -- consistent with a young blind fault straining and micro-seismic beneath cover. HYPOTHESIS, not verified geology.",Anthropogenic subsidence from groundwater withdrawal; irrigation-related aquifer compaction; volcanic inflation or deflation (magma movement without discrete faulting); post-seismic afterslip or viscoelastic relaxation; seasonal hydrological loading; a strain transient on a creeping (aseismic) fault segment.,"Independent evidence of discrete offset: a displaced contact or marker bed, deflected or offset drainage, a facies termination, a fault-plane solution aligned with the lineament, a published structural interpretation, or field observation. None is claimed here.","MEASURED CONTEXT + TEMPLATE HYPOTHESIS; no field observation, no geologist review"
1229,1620,405400.0,4385600.0,5646.2,0.999533,0.368506,0.631027,1,19.008,6.7776,11.0224,679.8,1321.7,3486.0,0.3632,-33.6654,0.5236,0.8386,"Buried or cover-hidden ACTIVE fault (H72-A): the deformation-only view is confident (geodetic second invariant / shear / dilatation gradients and their coherence, earthquake-density kernel edge) while the surface view abstains (no DEM scarp, no slope lineament, no radiometric lineament) -- consistent with a young blind fault straining and micro-seismic beneath cover. HYPOTHESIS, not verified geology.",Anthropogenic subsidence from groundwater withdrawal; irrigation-related aquifer compaction; volcanic inflation or deflation (magma movement without discrete faulting); post-seismic afterslip or viscoelastic relaxation; seasonal hydrological loading; a strain transient on a creeping (aseismic) fault segment.,"Independent evidence of discrete offset: a displaced contact or marker bed, deflected or offset drainage, a facies termination, a fault-plane solution aligned with the lineament, a published structural interpretation, or field observation. None is claimed here.","MEASURED CONTEXT + TEMPLATE HYPOTHESIS; no field observation, no geologist review"
1229,1626,406000.0,4385600.0,6155.5,0.998232,0.397182,0.60105,1,18.7,6.1,11.7,679.8,1321.7,3514.4,0.5427,-33.988,0.5591,0.748,"Buried or cover-hidden ACTIVE fault (H72-A): the deformation-only view is confident (geodetic second invariant / shear / dilatation gradients and their coherence, earthquake-density kernel edge) while the surface view abstains (no DEM scarp, no slope lineament, no radiometric lineament) -- consistent with a young blind fault straining and micro-seismic beneath cover. HYPOTHESIS, not verified geology.",Anthropogenic subsidence from groundwater withdrawal; irrigation-related aquifer compaction; volcanic inflation or deflation (magma movement without discrete faulting); post-seismic afterslip or viscoelastic relaxation; seasonal hydrological loading; a strain transient on a creeping (aseismic) fault segment.,"Independent evidence of discrete offset: a displaced contact or marker bed, deflected or offset drainage, a facies termination, a fault-plane solution aligned with the lineament, a published structural interpretation, or field observation. None is claimed here.","MEASURED CONTEXT + TEMPLATE HYPOTHESIS; no field observation, no geologist review"
1234,1617,405100.0,4385100.0,5594.6,0.966411,0.387655,0.578755,1,19.2,7.2,10.6,679.8,1324.264,3489.8,0.5997,-33.9498,0.6142,0.7402,"Buried or cover-hidden ACTIVE fault (H72-A): the deformation-only view is confident (geodetic second invariant / shear / dilatation gradients and their coherence, earthquake-density kernel edge) while the surface view abstains (no DEM scarp, no slope lineament, no radiometric lineament) -- consistent with a young blind fault straining and micro-seismic beneath cover. HYPOTHESIS, not verified geology.",Anthropogenic subsidence from groundwater withdrawal; irrigation-related aquifer compaction; volcanic inflation or deflation (magma movement without discrete faulting); post-seismic afterslip or viscoelastic relaxation; seasonal hydrological loading; a strain transient on a creeping (aseismic) fault segment.,"Independent evidence of discrete offset: a displaced contact or marker bed, deflected or offset drainage, a facies termination, a fault-plane solution aligned with the lineament, a published structural interpretation, or field observation. None is claimed here.","MEASURED CONTEXT + TEMPLATE HYPOTHESIS; no field observation, no geologist review"
1234,1622,405600.0,4385100.0,6037.4,0.993694,0.361994,0.6317,1,18.8096,6.3411,11.459,679.8,1321.7,3534.7,0.6282,-34.249,0.6102,0.7913,"Buried or cover-hidden ACTIVE fault (H72-A): the deformation-only view is confident (geodetic second invariant / shear / dilatation gradients and their coherence, earthquake-density kernel edge) while the surface view abstains (no DEM scarp, no slope lineament, no radiometric lineament) -- consistent with a young blind fault straining and micro-seismic beneath cover. HYPOTHESIS, not verified geology.",Anthropogenic subsidence from groundwater withdrawal; irrigation-related aquifer compaction; volcanic inflation or deflation (magma movement without discrete faulting); post-seismic afterslip or viscoelastic relaxation; seasonal hydrological loading; a strain transient on a creeping (aseismic) fault segment.,"Independent evidence of discrete offset: a displaced contact or marker bed, deflected or offset drainage, a facies termination, a fault-plane solution aligned with the lineament, a published structural interpretation, or field observation. None is claimed here.","MEASURED CONTEXT + TEMPLATE HYPOTHESIS; no field observation, no geologist review"
1235,1614,404800.0,4385000.0,5385.2,0.954913,0.363092,0.591821,1,19.2,7.2,10.6,679.8,1331.5173,3407.8,0.4926,-33.6429,0.4567,0.8228,"Buried or cover-hidden ACTIVE fault (H72-A): the deformation-only view is confident (geodetic second invariant / shear / dilatation gradients and their coherence, earthquake-density kernel edge) while the surface view abstains (no DEM scarp, no slope lineament, no radiometric lineament) -- consistent with a young blind fault straining and micro-seismic beneath cover. HYPOTHESIS, not verified geology.",Anthropogenic subsidence from groundwater withdrawal; irrigation-related aquifer compaction; volcanic inflation or deflation (magma movement without discrete faulting); post-seismic afterslip or viscoelastic relaxation; seasonal hydrological loading; a strain transient on a creeping (aseismic) fault segment.,"Independent evidence of discrete offset: a displaced contact or marker bed, deflected or offset drainage, a facies termination, a fault-plane solution aligned with the lineament, a published structural interpretation, or field observation. None is claimed here.","MEASURED CONTEXT + TEMPLATE HYPOTHESIS; no field observation, no geologist review"
1237,1623,405700.0,4384800.0,6265.0,0.986877,0.466804,0.520073,1,18.9648,6.4475,11.6048,679.8,1321.7,3563.2,0.829,-34.5036,0.4961,0.8386,"Buried or cover-hidden ACTIVE fault (H72-A): the deformation-only view is confident (geodetic second invariant / shear / dilatation gradients and their coherence, earthquake-density kernel edge) while the surface view abstains (no DEM scarp, no slope lineament, no radiometric lineament) -- consistent with a young blind fault straining and micro-seismic beneath cover. HYPOTHESIS, not verified geology.",Anthropogenic subsidence from groundwater withdrawal; irrigation-related aquifer compaction; volcanic inflation or deflation (magma movement without discrete faulting); post-seismic afterslip or viscoelastic relaxation; seasonal hydrological loading; a strain transient on a creeping (aseismic) fault segment.,"Independent evidence of discrete offset: a displaced contact or marker bed, deflected or offset drainage, a facies termination, a fault-plane solution aligned with the lineament, a published structural interpretation, or field observation. None is claimed here.","MEASURED CONTEXT + TEMPLATE HYPOTHESIS; no field observation, no geologist review"
1239,1255,368900.0,4384600.0,1772.0,0.9814,0.637993,0.343406,1,24.537,17.1797,-0.3398,509.781,726.6,968.4,0.2072,-16.5185,0.6063,0.4764,"Buried or cover-hidden ACTIVE fault (H72-A): the deformation-only view is confident (geodetic second invariant / shear / dilatation gradients and their coherence, earthquake-density kernel edge) while the surface view abstains (no DEM scarp, no slope lineament, no radiometric lineament) -- consistent with a young blind fault straining and micro-seismic beneath cover. HYPOTHESIS, not verified geology.",Anthropogenic subsidence from groundwater withdrawal; irrigation-related aquifer compaction; volcanic inflation or deflation (magma movement without discrete faulting); post-seismic afterslip or viscoelastic relaxation; seasonal hydrological loading; a strain transient on a creeping (aseismic) fault segment.,"Independent evidence of discrete offset: a displaced contact or marker bed, deflected or offset drainage, a facies termination, a fault-plane solution aligned with the lineament, a published structural interpretation, or field observation. None is claimed here.","MEASURED CONTEXT + TEMPLATE HYPOTHESIS; no field observation, no geologist review"
1244,1255,368900.0,4384100.0,1649.2,0.990749,0.41941,0.571339,1,24.6,17.2824,-0.5484,509.8078,726.6,969.7,0.2107,-16.3346,0.4528,0.3386,"Buried or cover-hidden ACTIVE fault (H72-A): the deformation-only view is confident (geodetic second invariant / shear / dilatation gradients and their coherence, earthquake-density kernel edge) while the surface view abstains (no DEM scarp, no slope lineament, no radiometric lineament) -- consistent with a young blind fault straining and micro-seismic beneath cover. HYPOTHESIS, not verified geology.",Anthropogenic subsidence from groundwater withdrawal; irrigation-related aquifer compaction; volcanic inflation or deflation (magma movement without discrete faulting); post-seismic afterslip or viscoelastic relaxation; seasonal hydrological loading; a strain transient on a creeping (aseismic) fault segment.,"Independent evidence of discrete offset: a displaced contact or marker bed, deflected or offset drainage, a facies termination, a fault-plane solution aligned with the lineament, a published structural interpretation, or field observation. None is claimed here.","MEASURED CONTEXT + TEMPLATE HYPOTHESIS; no field observation, no geologist review"
1245,1616,405000.0,4384000.0,5977.5,0.955262,0.350042,0.60522,1,20.0,7.9,10.4,679.8,1326.6702,3556.6,0.5045,-34.5514,0.5039,0.8386,"Buried or cover-hidden ACTIVE fault (H72-A): the deformation-only view is confident (geodetic second invariant / shear / dilatation gradients and their coherence, earthquake-density kernel edge) while the surface view abstains (no DEM scarp, no slope lineament, no radiometric lineament) -- consistent with a young blind fault straining and micro-seismic beneath cover. HYPOTHESIS, not verified geology.",Anthropogenic subsidence from groundwater withdrawal; irrigation-related aquifer compaction; volcanic inflation or deflation (magma movement without discrete faulting); post-seismic afterslip or viscoelastic relaxation; seasonal hydrological loading; a strain transient on a creeping (aseismic) fault segment.,"Independent evidence of discrete offset: a displaced contact or marker bed, deflected or offset drainage, a facies termination, a fault-plane solution aligned with the lineament, a published structural interpretation, or field observation. None is claimed here.","MEASURED CONTEXT + TEMPLATE HYPOTHESIS; no field observation, no geologist review"
1270,1004,343800.0,4381500.0,2126.0,0.95577,0.574769,0.381,1,23.5,16.4,0.5,815.1,659.4,477.9,0.103,-7.0859,0.3819,0.7441,"Buried or cover-hidden ACTIVE fault (H72-A): the deformation-only view is confident (geodetic second invariant / shear / dilatation gradients and their coherence, earthquake-density kernel edge) while the surface view abstains (no DEM scarp, no slope lineament, no radiometric lineament) -- consistent with a young blind fault straining and micro-seismic beneath cover. HYPOTHESIS, not verified geology.",Anthropogenic subsidence from groundwater withdrawal; irrigation-related aquifer compaction; volcanic inflation or deflation (magma movement without discrete faulting); post-seismic afterslip or viscoelastic relaxation; seasonal hydrological loading; a strain transient on a creeping (aseismic) fault segment.,"Independent evidence of discrete offset: a displaced contact or marker bed, deflected or offset drainage, a facies termination, a fault-plane solution aligned with the lineament, a published structural interpretation, or field observation. None is claimed here.","MEASURED CONTEXT + TEMPLATE HYPOTHESIS; no field observation, no geologist review"
1270,1033,346700.0,4381500.0,1720.5,0.975452,0.359011,0.616442,1,25.347,17.2314,1.0314,815.1,700.2,540.1,0.0855,-9.1572,0.3346,0.7756,"Buried or cover-hidden ACTIVE fault (H72-A): the deformation-only view is confident (geodetic second invariant / shear / dilatation gradients and their coherence, earthquake-density kernel edge) while the surface view abstains (no DEM scarp, no slope lineament, no radiometric lineament) -- consistent with a young blind fault straining and micro-seismic beneath cover. HYPOTHESIS, not verified geology.",Anthropogenic subsidence from groundwater withdrawal; irrigation-related aquifer compaction; volcanic inflation or deflation (magma movement without discrete faulting); post-seismic afterslip or viscoelastic relaxation; seasonal hydrological loading; a strain transient on a creeping (aseismic) fault segment.,"Independent evidence of discrete offset: a displaced contact or marker bed, deflected or offset drainage, a facies termination, a fault-plane solution aligned with the lineament, a published structural interpretation, or field observation. None is claimed here.","MEASURED CONTEXT + TEMPLATE HYPOTHESIS; no field observation, no geologist review"
1276,1027,346100.0,4380900.0,2039.6,0.972304,0.598673,0.373631,1,25.4501,17.4627,0.7373,815.1,678.8,518.5,0.1821,-8.6451,0.3071,0.7598,"Buried or cover-hidden ACTIVE fault (H72-A): the deformation-only view is confident (geodetic second invariant / shear / dilatation gradients and their coherence, earthquake-density kernel edge) while the surface view abstains (no DEM scarp, no slope lineament, no radiometric lineament) -- consistent with a young blind fault straining and micro-seismic beneath cover. HYPOTHESIS, not verified geology.",Anthropogenic subsidence from groundwater withdrawal; irrigation-related aquifer compaction; volcanic inflation or deflation (magma movement without discrete faulting); post-seismic afterslip or viscoelastic relaxation; seasonal hydrological loading; a strain transient on a creeping (aseismic) fault segment.,"Independent evidence of discrete offset: a displaced contact or marker bed, deflected or offset drainage, a facies termination, a fault-plane solution aligned with the lineament, a published structural interpretation, or field observation. None is claimed here.","MEASURED CONTEXT + TEMPLATE HYPOTHESIS; no field observation, no geologist review"
1277,1040,347400.0,4380800.0,2126.0,0.979965,0.53039,0.449575,1,26.3147,18.2014,1.0839,771.8065,700.2,521.5,0.312,-8.5164,0.311,0.7087,"Buried or cover-hidden ACTIVE fault (H72-A): the deformation-only view is confident (geodetic second invariant / shear / dilatation gradients and their coherence, earthquake-density kernel edge) while the surface view abstains (no DEM scarp, no slope lineament, no radiometric lineament) -- consistent with a young blind fault straining and micro-seismic beneath cover. HYPOTHESIS, not verified geology.",Anthropogenic subsidence from groundwater withdrawal; irrigation-related aquifer compaction; volcanic inflation or deflation (magma movement without discrete faulting); post-seismic afterslip or viscoelastic relaxation; seasonal hydrological loading; a strain transient on a creeping (aseismic) fault segment.,"Independent evidence of discrete offset: a displaced contact or marker bed, deflected or offset drainage, a facies termination, a fault-plane solution aligned with the lineament, a published structural interpretation, or field observation. None is claimed here.","MEASURED CONTEXT + TEMPLATE HYPOTHESIS; no field observation, no geologist review"
1279,1033,346700.0,4380600.0,2508.0,0.962803,0.381372,0.581431,1,25.7294,17.9176,0.3362,815.1,700.2,517.0,0.4371,-8.4708,0.3307,0.7638,"Buried or cover-hidden ACTIVE fault (H72-A): the deformation-only view is confident (geodetic second invariant / shear / dilatation gradients and their coherence, earthquake-density kernel edge) while the surface view abstains (no DEM scarp, no slope lineament, no radiometric lineament) -- consistent with a young blind fault straining and micro-seismic beneath cover. HYPOTHESIS, not verified geology.",Anthropogenic subsidence from groundwater withdrawal; irrigation-related aquifer compaction; volcanic inflation or deflation (magma movement without discrete faulting); post-seismic afterslip or viscoelastic relaxation; seasonal hydrological loading; a strain transient on a creeping (aseismic) fault segment.,"Independent evidence of discrete offset: a displaced contact or marker bed, deflected or offset drainage, a facies termination, a fault-plane solution aligned with the lineament, a published structural interpretation, or field observation. None is claimed here.","MEASURED CONTEXT + TEMPLATE HYPOTHESIS; no field observation, no geologist review"
1313,894,332800.0,4377200.0,1772.0,0.963272,0.501003,0.462269,1,24.4,17.0,-0.8,927.7,628.8,898.7,0.2949,-13.3284,0.3661,0.7165,"Buried or cover-hidden ACTIVE fault (H72-A): the deformation-only view is confident (geodetic second invariant / shear / dilatation gradients and their coherence, earthquake-density kernel edge) while the surface view abstains (no DEM scarp, no slope lineament, no radiometric lineament) -- consistent with a young blind fault straining and micro-seismic beneath cover. HYPOTHESIS, not verified geology.",Anthropogenic subsidence from groundwater withdrawal; irrigation-related aquifer compaction; volcanic inflation or deflation (magma movement without discrete faulting); post-seismic afterslip or viscoelastic relaxation; seasonal hydrological loading; a strain transient on a creeping (aseismic) fault segment.,"Independent evidence of discrete offset: a displaced contact or marker bed, deflected or offset drainage, a facies termination, a fault-plane solution aligned with the lineament, a published structural interpretation, or field observation. None is claimed here.","MEASURED CONTEXT + TEMPLATE HYPOTHESIS; no field observation, no geologist review"
1315,897,333100.0,4377000.0,1700.0,0.962561,0.365542,0.597019,1,24.6875,17.0863,-1.03,975.545,628.8,860.4,0.4351,-12.7911,0.2717,0.7402,"Buried or cover-hidden ACTIVE fault (H72-A): the deformation-only view is confident (geodetic second invariant / shear / dilatation gradients and their coherence, earthquake-density kernel edge) while the surface view abstains (no DEM scarp, no slope lineament, no radiometric lineament) -- consistent with a young blind fault straining and micro-seismic beneath cover. HYPOTHESIS, not verified geology.",Anthropogenic subsidence from groundwater withdrawal; irrigation-related aquifer compaction; volcanic inflation or deflation (magma movement without discrete faulting); post-seismic afterslip or viscoelastic relaxation; seasonal hydrological loading; a strain transient on a creeping (aseismic) fault segment.,"Independent evidence of discrete offset: a displaced contact or marker bed, deflected or offset drainage, a facies termination, a fault-plane solution aligned with the lineament, a published structural interpretation, or field observation. None is claimed here.","MEASURED CONTEXT + TEMPLATE HYPOTHESIS; no field observation, no geologist review"
1735,795,322900.0,4335000.0,4143.7,0.993202,0.380655,0.612548,1,46.5,32.1,-1.2,2073.8999,849.9,61.2,0.2308,-1.5535,0.6339,0.7283,"Buried or cover-hidden ACTIVE fault (H72-A): the deformation-only view is confident (geodetic second invariant / shear / dilatation gradients and their coherence, earthquake-density kernel edge) while the surface view abstains (no DEM scarp, no slope lineament, no radiometric lineament) -- consistent with a young blind fault straining and micro-seismic beneath cover. HYPOTHESIS, not verified geology.",Anthropogenic subsidence from groundwater withdrawal; irrigation-related aquifer compaction; volcanic inflation or deflation (magma movement without discrete faulting); post-seismic afterslip or viscoelastic relaxation; seasonal hydrological loading; a strain transient on a creeping (aseismic) fault segment.,"Independent evidence of discrete offset: a displaced contact or marker bed, deflected or offset drainage, a facies termination, a fault-plane solution aligned with the lineament, a published structural interpretation, or field observation. None is claimed here.","MEASURED CONTEXT + TEMPLATE HYPOTHESIS; no field observation, no geologist review"
1735,798,323200.0,4335000.0,3862.6,0.993202,0.381613,0.611589,1,46.5,32.1,-1.2,2073.8999,849.9,76.4,0.3069,-2.3342,0.5591,0.6063,"Buried or cover-hidden ACTIVE fault (H72-A): the deformation-only view is confident (geodetic second invariant / shear / dilatation gradients and their coherence, earthquake-density kernel edge) while the surface view abstains (no DEM scarp, no slope lineament, no radiometric lineament) -- consistent with a young blind fault straining and micro-seismic beneath cover. HYPOTHESIS, not verified geology.",Anthropogenic subsidence from groundwater withdrawal; irrigation-related aquifer compaction; volcanic inflation or deflation (magma movement without discrete faulting); post-seismic afterslip or viscoelastic relaxation; seasonal hydrological loading; a strain transient on a creeping (aseismic) fault segment.,"Independent evidence of discrete offset: a displaced contact or marker bed, deflected or offset drainage, a facies termination, a fault-plane solution aligned with the lineament, a published structural interpretation, or field observation. None is claimed here.","MEASURED CONTEXT + TEMPLATE HYPOTHESIS; no field observation, no geologist review"
1738,801,323500.0,4334700.0,3478.5,0.994805,0.38577,0.609035,1,46.5,32.1,-1.2,2073.8999,849.9,95.0,0.2829,-2.4793,0.8268,0.6496,"Buried or cover-hidden ACTIVE fault (H72-A): the deformation-only view is confident (geodetic second invariant / shear / dilatation gradients and their coherence, earthquake-density kernel edge) while the surface view abstains (no DEM scarp, no slope lineament, no radiometric lineament) -- consistent with a young blind fault straining and micro-seismic beneath cover. HYPOTHESIS, not verified geology.",Anthropogenic subsidence from groundwater withdrawal; irrigation-related aquifer compaction; volcanic inflation or deflation (magma movement without discrete faulting); post-seismic afterslip or viscoelastic relaxation; seasonal hydrological loading; a strain transient on a creeping (aseismic) fault segment.,"Independent evidence of discrete offset: a displaced contact or marker bed, deflected or offset drainage, a facies termination, a fault-plane solution aligned with the lineament, a published structural interpretation, or field observation. None is claimed here.","MEASURED CONTEXT + TEMPLATE HYPOTHESIS; no field observation, no geologist review"
1757,750,318400.0,4332800.0,4272.0,0.966249,0.429686,0.536563,1,47.0,32.7,-2.1,1863.6304,813.2,175.9,0.3557,-1.6647,0.4764,0.6969,"Buried or cover-hidden ACTIVE fault (H72-A): the deformation-only view is confident (geodetic second invariant / shear / dilatation gradients and their coherence, earthquake-density kernel edge) while the surface view abstains (no DEM scarp, no slope lineament, no radiometric lineament) -- consistent with a young blind fault straining and micro-seismic beneath cover. HYPOTHESIS, not verified geology.",Anthropogenic subsidence from groundwater withdrawal; irrigation-related aquifer compaction; volcanic inflation or deflation (magma movement without discrete faulting); post-seismic afterslip or viscoelastic relaxation; seasonal hydrological loading; a strain transient on a creeping (aseismic) fault segment.,"Independent evidence of discrete offset: a displaced contact or marker bed, deflected or offset drainage, a facies termination, a fault-plane solution aligned with the lineament, a published structural interpretation, or field observation. None is claimed here.","MEASURED CONTEXT + TEMPLATE HYPOTHESIS; no field observation, no geologist review"
1760,751,318500.0,4332500.0,4588.0,0.952504,0.624169,0.328335,1,47.0,32.7,-2.1,2090.8,811.8209,194.7,0.4755,-2.2307,0.4252,0.7795,"Buried or cover-hidden ACTIVE fault (H72-A): the deformation-only view is confident (geodetic second invariant / shear / dilatation gradients and their coherence, earthquake-density kernel edge) while the surface view abstains (no DEM scarp, no slope lineament, no radiometric lineament) -- consistent with a young blind fault straining and micro-seismic beneath cover. HYPOTHESIS, not verified geology.",Anthropogenic subsidence from groundwater withdrawal; irrigation-related aquifer compaction; volcanic inflation or deflation (magma movement without discrete faulting); post-seismic afterslip or viscoelastic relaxation; seasonal hydrological loading; a strain transient on a creeping (aseismic) fault segment.,"Independent evidence of discrete offset: a displaced contact or marker bed, deflected or offset drainage, a facies termination, a fault-plane solution aligned with the lineament, a published structural interpretation, or field observation. None is claimed here.","MEASURED CONTEXT + TEMPLATE HYPOTHESIS; no field observation, no geologist review"
1762,759,319300.0,4332300.0,5056.7,0.983215,0.517163,0.466052,1,47.0,32.7,-2.1,2090.8,808.6893,154.9,0.1245,-1.4594,0.5079,0.7008,"Buried or cover-hidden ACTIVE fault (H72-A): the deformation-only view is confident (geodetic second invariant / shear / dilatation gradients and their coherence, earthquake-density kernel edge) while the surface view abstains (no DEM scarp, no slope lineament, no radiometric lineament) -- consistent with a young blind fault straining and micro-seismic beneath cover. HYPOTHESIS, not verified geology.",Anthropogenic subsidence from groundwater withdrawal; irrigation-related aquifer compaction; volcanic inflation or deflation (magma movement without discrete faulting); post-seismic afterslip or viscoelastic relaxation; seasonal hydrological loading; a strain transient on a creeping (aseismic) fault segment.,"Independent evidence of discrete offset: a displaced contact or marker bed, deflected or offset drainage, a facies termination, a fault-plane solution aligned with the lineament, a published structural interpretation, or field observation. None is claimed here.","MEASURED CONTEXT + TEMPLATE HYPOTHESIS; no field observation, no geologist review"
1766,765,319900.0,4331900.0,5682.4,0.987061,0.520279,0.466782,1,46.9983,32.7051,-2.0591,2090.8,829.2,159.5,0.5155,-1.7251,0.5039,0.6535,"Buried or cover-hidden ACTIVE fault (H72-A): the deformation-only view is confident (geodetic second invariant / shear / dilatation gradients and their coherence, earthquake-density kernel edge) while the surface view abstains (no DEM scarp, no slope lineament, no radiometric lineament) -- consistent with a young blind fault straining and micro-seismic beneath cover. HYPOTHESIS, not verified geology.",Anthropogenic subsidence from groundwater withdrawal; irrigation-related aquifer compaction; volcanic inflation or deflation (magma movement without discrete faulting); post-seismic afterslip or viscoelastic relaxation; seasonal hydrological loading; a strain transient on a creeping (aseismic) fault segment.,"Independent evidence of discrete offset: a displaced contact or marker bed, deflected or offset drainage, a facies termination, a fault-plane solution aligned with the lineament, a published structural interpretation, or field observation. None is claimed here.","MEASURED CONTEXT + TEMPLATE HYPOTHESIS; no field observation, no geologist review"
1767,772,320600.0,4331800.0,5636.5,0.997407,0.633646,0.363762,1,46.9,33.0,0.3,2208.7039,829.2,127.2,0.2101,-1.164,0.4016,0.6929,"Buried or cover-hidden ACTIVE fault (H72-A): the deformation-only view is confident (geodetic second invariant / shear / dilatation gradients and their coherence, earthquake-density kernel edge) while the surface view abstains (no DEM scarp, no slope lineament, no radiometric lineament) -- consistent with a young blind fault straining and micro-seismic beneath cover. HYPOTHESIS, not verified geology.",Anthropogenic subsidence from groundwater withdrawal; irrigation-related aquifer compaction; volcanic inflation or deflation (magma movement without discrete faulting); post-seismic afterslip or viscoelastic relaxation; seasonal hydrological loading; a strain transient on a creeping (aseismic) fault segment.,"Independent evidence of discrete offset: a displaced contact or marker bed, deflected or offset drainage, a facies termination, a fault-plane solution aligned with the lineament, a published structural interpretation, or field observation. None is claimed here.","MEASURED CONTEXT + TEMPLATE HYPOTHESIS; no field observation, no geologist review"
1767,775,320900.0,4331800.0,5366.6,0.978924,0.601764,0.37716,1,46.9,33.0,0.3,2382.1863,829.2,110.4,0.3879,-0.8387,0.4409,0.6299,"Buried or cover-hidden ACTIVE fault (H72-A): the deformation-only view is confident (geodetic second invariant / shear / dilatation gradients and their coherence, earthquake-density kernel edge) while the surface view abstains (no DEM scarp, no slope lineament, no radiometric lineament) -- consistent with a young blind fault straining and micro-seismic beneath cover. HYPOTHESIS, not verified geology.",Anthropogenic subsidence from groundwater withdrawal; irrigation-related aquifer compaction; volcanic inflation or deflation (magma movement without discrete faulting); post-seismic afterslip or viscoelastic relaxation; seasonal hydrological loading; a strain transient on a creeping (aseismic) fault segment.,"Independent evidence of discrete offset: a displaced contact or marker bed, deflected or offset drainage, a facies termination, a fault-plane solution aligned with the lineament, a published structural interpretation, or field observation. None is claimed here.","MEASURED CONTEXT + TEMPLATE HYPOTHESIS; no field observation, no geologist review"
1769,785,321900.0,4331600.0,4390.9,0.976722,0.592008,0.384714,1,46.9,33.0,0.3,2382.7,850.7501,69.8,0.2893,-0.1494,0.5079,0.7717,"Buried or cover-hidden ACTIVE fault (H72-A): the deformation-only view is confident (geodetic second invariant / shear / dilatation gradients and their coherence, earthquake-density kernel edge) while the surface view abstains (no DEM scarp, no slope lineament, no radiometric lineament) -- consistent with a young blind fault straining and micro-seismic beneath cover. HYPOTHESIS, not verified geology.",Anthropogenic subsidence from groundwater withdrawal; irrigation-related aquifer compaction; volcanic inflation or deflation (magma movement without discrete faulting); post-seismic afterslip or viscoelastic relaxation; seasonal hydrological loading; a strain transient on a creeping (aseismic) fault segment.,"Independent evidence of discrete offset: a displaced contact or marker bed, deflected or offset drainage, a facies termination, a fault-plane solution aligned with the lineament, a published structural interpretation, or field observation. None is claimed here.","MEASURED CONTEXT + TEMPLATE HYPOTHESIS; no field observation, no geologist review"
1791,860,329400.0,4329400.0,2500.0,0.967566,0.450004,0.517563,1,45.7837,30.927,2.9811,3509.2429,858.2,1409.8,0.3069,-21.2984,0.2559,0.8976,"Buried or cover-hidden ACTIVE fault (H72-A): the deformation-only view is confident (geodetic second invariant / shear / dilatation gradients and their coherence, earthquake-density kernel edge) while the surface view abstains (no DEM scarp, no slope lineament, no radiometric lineament) -- consistent with a young blind fault straining and micro-seismic beneath cover. HYPOTHESIS, not verified geology.",Anthropogenic subsidence from groundwater withdrawal; irrigation-related aquifer compaction; volcanic inflation or deflation (magma movement without discrete faulting); post-seismic afterslip or viscoelastic relaxation; seasonal hydrological loading; a strain transient on a creeping (aseismic) fault segment.,"Independent evidence of discrete offset: a displaced contact or marker bed, deflected or offset drainage, a facies termination, a fault-plane solution aligned with the lineament, a published structural interpretation, or field observation. None is claimed here.","MEASURED CONTEXT + TEMPLATE HYPOTHESIS; no field observation, no geologist review"
1801,895,332900.0,4328400.0,1772.0,0.978689,0.421917,0.556772,1,46.0,30.8,4.3,3667.8999,875.7939,1471.8,0.1878,-22.281,0.4685,0.8189,"Buried or cover-hidden ACTIVE fault (H72-A): the deformation-only view is confident (geodetic second invariant / shear / dilatation gradients and their coherence, earthquake-density kernel edge) while the surface view abstains (no DEM scarp, no slope lineament, no radiometric lineament) -- consistent with a young blind fault straining and micro-seismic beneath cover. HYPOTHESIS, not verified geology.",Anthropogenic subsidence from groundwater withdrawal; irrigation-related aquifer compaction; volcanic inflation or deflation (magma movement without discrete faulting); post-seismic afterslip or viscoelastic relaxation; seasonal hydrological loading; a strain transient on a creeping (aseismic) fault segment.,"Independent evidence of discrete offset: a displaced contact or marker bed, deflected or offset drainage, a facies termination, a fault-plane solution aligned with the lineament, a published structural interpretation, or field observation. None is claimed here.","MEASURED CONTEXT + TEMPLATE HYPOTHESIS; no field observation, no geologist review"
1803,874,330800.0,4328200.0,1843.9,0.962238,0.429344,0.532894,1,46.9,31.2,3.4,3667.8999,836.8851,1382.5,1.6817,-20.078,0.5276,0.7992,"Buried or cover-hidden ACTIVE fault (H72-A): the deformation-only view is confident (geodetic second invariant / shear / dilatation gradients and their coherence, earthquake-density kernel edge) while the surface view abstains (no DEM scarp, no slope lineament, no radiometric lineament) -- consistent with a young blind fault straining and micro-seismic beneath cover. HYPOTHESIS, not verified geology.",Anthropogenic subsidence from groundwater withdrawal; irrigation-related aquifer compaction; volcanic inflation or deflation (magma movement without discrete faulting); post-seismic afterslip or viscoelastic relaxation; seasonal hydrological loading; a strain transient on a creeping (aseismic) fault segment.,"Independent evidence of discrete offset: a displaced contact or marker bed, deflected or offset drainage, a facies termination, a fault-plane solution aligned with the lineament, a published structural interpretation, or field observation. None is claimed here.","MEASURED CONTEXT + TEMPLATE HYPOTHESIS; no field observation, no geologist review"
1804,871,330500.0,4328100.0,1581.1,0.950822,0.582634,0.368189,1,46.9,31.2,3.4,3667.8999,834.5,1292.0,1.6434,-19.0929,0.5433,0.8465,"Buried or cover-hidden ACTIVE fault (H72-A): the deformation-only view is confident (geodetic second invariant / shear / dilatation gradients and their coherence, earthquake-density kernel edge) while the surface view abstains (no DEM scarp, no slope lineament, no radiometric lineament) -- consistent with a young blind fault straining and micro-seismic beneath cover. HYPOTHESIS, not verified geology.",Anthropogenic subsidence from groundwater withdrawal; irrigation-related aquifer compaction; volcanic inflation or deflation (magma movement without discrete faulting); post-seismic afterslip or viscoelastic relaxation; seasonal hydrological loading; a strain transient on a creeping (aseismic) fault segment.,"Independent evidence of discrete offset: a displaced contact or marker bed, deflected or offset drainage, a facies termination, a fault-plane solution aligned with the lineament, a published structural interpretation, or field observation. None is claimed here.","MEASURED CONTEXT + TEMPLATE HYPOTHESIS; no field observation, no geologist review"
1804,880,331400.0,4328100.0,1720.5,0.963824,0.359417,0.604407,1,46.9,31.2,3.4,3667.8999,834.5,1412.8,0.7005,-20.8135,0.5039,0.7835,"Buried or cover-hidden ACTIVE fault (H72-A): the deformation-only view is confident (geodetic second invariant / shear / dilatation gradients and their coherence, earthquake-density kernel edge) while the surface view abstains (no DEM scarp, no slope lineament, no radiometric lineament) -- consistent with a young blind fault straining and micro-seismic beneath cover. HYPOTHESIS, not verified geology.",Anthropogenic subsidence from groundwater withdrawal; irrigation-related aquifer compaction; volcanic inflation or deflation (magma movement without discrete faulting); post-seismic afterslip or viscoelastic relaxation; seasonal hydrological loading; a strain transient on a creeping (aseismic) fault segment.,"Independent evidence of discrete offset: a displaced contact or marker bed, deflected or offset drainage, a facies termination, a fault-plane solution aligned with the lineament, a published structural interpretation, or field observation. None is claimed here.","MEASURED CONTEXT + TEMPLATE HYPOTHESIS; no field observation, no geologist review"
1806,874,330800.0,4327900.0,1627.9,0.958918,0.57303,0.385888,1,46.9,31.2,3.4,3667.8999,834.5,1251.9,1.3975,-19.0033,0.5118,0.8346,"Buried or cover-hidden ACTIVE fault (H72-A): the deformation-only view is confident (geodetic second invariant / shear / dilatation gradients and their coherence, earthquake-density kernel edge) while the surface view abstains (no DEM scarp, no slope lineament, no radiometric lineament) -- consistent with a young blind fault straining and micro-seismic beneath cover. HYPOTHESIS, not verified geology.",Anthropogenic subsidence from groundwater withdrawal; irrigation-related aquifer compaction; volcanic inflation or deflation (magma movement without discrete faulting); post-seismic afterslip or viscoelastic relaxation; seasonal hydrological loading; a strain transient on a creeping (aseismic) fault segment.,"Independent evidence of discrete offset: a displaced contact or marker bed, deflected or offset drainage, a facies termination, a fault-plane solution aligned with the lineament, a published structural interpretation, or field observation. None is claimed here.","MEASURED CONTEXT + TEMPLATE HYPOTHESIS; no field observation, no geologist review"
1937,1065,349900.0,4314800.0,6735.7,0.976151,0.582253,0.393898,1,40.3,22.2,11.5,10940.9004,1588.4,417.6,0.6991,-13.8272,0.4094,0.7717,"Buried or cover-hidden ACTIVE fault (H72-A): the deformation-only view is confident (geodetic second invariant / shear / dilatation gradients and their coherence, earthquake-density kernel edge) while the surface view abstains (no DEM scarp, no slope lineament, no radiometric lineament) -- consistent with a young blind fault straining and micro-seismic beneath cover. HYPOTHESIS, not verified geology.",Anthropogenic subsidence from groundwater withdrawal; irrigation-related aquifer compaction; volcanic inflation or deflation (magma movement without discrete faulting); post-seismic afterslip or viscoelastic relaxation; seasonal hydrological loading; a strain transient on a creeping (aseismic) fault segment.,"Independent evidence of discrete offset: a displaced contact or marker bed, deflected or offset drainage, a facies termination, a fault-plane solution aligned with the lineament, a published structural interpretation, or field observation. None is claimed here.","MEASURED CONTEXT + TEMPLATE HYPOTHESIS; no field observation, no geologist review"
1940,1063,349700.0,4314500.0,7093.7,0.97549,0.364368,0.611123,1,40.3,22.2,11.5,10940.9004,1597.2982,468.9,1.0353,-14.6047,0.3937,0.8189,"Buried or cover-hidden ACTIVE fault (H72-A): the deformation-only view is confident (geodetic second invariant / shear / dilatation gradients and their coherence, earthquake-density kernel edge) while the surface view abstains (no DEM scarp, no slope lineament, no radiometric lineament) -- consistent with a young blind fault straining and micro-seismic beneath cover. HYPOTHESIS, not verified geology.",Anthropogenic subsidence from groundwater withdrawal; irrigation-related aquifer compaction; volcanic inflation or deflation (magma movement without discrete faulting); post-seismic afterslip or viscoelastic relaxation; seasonal hydrological loading; a strain transient on a creeping (aseismic) fault segment.,"Independent evidence of discrete offset: a displaced contact or marker bed, deflected or offset drainage, a facies termination, a fault-plane solution aligned with the lineament, a published structural interpretation, or field observation. None is claimed here.","MEASURED CONTEXT + TEMPLATE HYPOTHESIS; no field observation, no geologist review"
1940,1067,350100.0,4314500.0,6841.1,0.97741,0.515922,0.461489,1,40.3,22.2,11.5,10940.9004,1597.2798,433.1,0.6231,-14.242,0.5118,0.7874,"Buried or cover-hidden ACTIVE fault (H72-A): the deformation-only view is confident (geodetic second invariant / shear / dilatation gradients and their coherence, earthquake-density kernel edge) while the surface view abstains (no DEM scarp, no slope lineament, no radiometric lineament) -- consistent with a young blind fault straining and micro-seismic beneath cover. HYPOTHESIS, not verified geology.",Anthropogenic subsidence from groundwater withdrawal; irrigation-related aquifer compaction; volcanic inflation or deflation (magma movement without discrete faulting); post-seismic afterslip or viscoelastic relaxation; seasonal hydrological loading; a strain transient on a creeping (aseismic) fault segment.,"Independent evidence of discrete offset: a displaced contact or marker bed, deflected or offset drainage, a facies termination, a fault-plane solution aligned with the lineament, a published structural interpretation, or field observation. None is claimed here.","MEASURED CONTEXT + TEMPLATE HYPOTHESIS; no field observation, no geologist review"
1949,1084,351800.0,4313600.0,6080.3,0.965303,0.547077,0.418226,1,39.981,21.781,11.7489,9008.4004,1734.5,325.8,0.802,-12.2906,0.3583,0.7756,"Buried or cover-hidden ACTIVE fault (H72-A): the deformation-only view is confident (geodetic second invariant / shear / dilatation gradients and their coherence, earthquake-density kernel edge) while the surface view abstains (no DEM scarp, no slope lineament, no radiometric lineament) -- consistent with a young blind fault straining and micro-seismic beneath cover. HYPOTHESIS, not verified geology.",Anthropogenic subsidence from groundwater withdrawal; irrigation-related aquifer compaction; volcanic inflation or deflation (magma movement without discrete faulting); post-seismic afterslip or viscoelastic relaxation; seasonal hydrological loading; a strain transient on a creeping (aseismic) fault segment.,"Independent evidence of discrete offset: a displaced contact or marker bed, deflected or offset drainage, a facies termination, a fault-plane solution aligned with the lineament, a published structural interpretation, or field observation. None is claimed here.","MEASURED CONTEXT + TEMPLATE HYPOTHESIS; no field observation, no geologist review"
1952,1113,354700.0,4313300.0,3858.8,0.972165,0.390036,0.582129,1,40.6661,21.2839,12.5855,9008.4004,1962.1399,78.6,0.6282,-1.3999,0.3819,0.7717,"Buried or cover-hidden ACTIVE fault (H72-A): the deformation-only view is confident (geodetic second invariant / shear / dilatation gradients and their coherence, earthquake-density kernel edge) while the surface view abstains (no DEM scarp, no slope lineament, no radiometric lineament) -- consistent with a young blind fault straining and micro-seismic beneath cover. HYPOTHESIS, not verified geology.",Anthropogenic subsidence from groundwater withdrawal; irrigation-related aquifer compaction; volcanic inflation or deflation (magma movement without discrete faulting); post-seismic afterslip or viscoelastic relaxation; seasonal hydrological loading; a strain transient on a creeping (aseismic) fault segment.,"Independent evidence of discrete offset: a displaced contact or marker bed, deflected or offset drainage, a facies termination, a fault-plane solution aligned with the lineament, a published structural interpretation, or field observation. None is claimed here.","MEASURED CONTEXT + TEMPLATE HYPOTHESIS; no field observation, no geologist review"
1953,1079,351300.0,4313200.0,6276.9,0.977144,0.516883,0.46026,1,40.8,22.6,11.6,9008.4004,1734.5,384.1,0.6006,-13.2969,0.5039,0.7874,"Buried or cover-hidden ACTIVE fault (H72-A): the deformation-only view is confident (geodetic second invariant / shear / dilatation gradients and their coherence, earthquake-density kernel edge) while the surface view abstains (no DEM scarp, no slope lineament, no radiometric lineament) -- consistent with a young blind fault straining and micro-seismic beneath cover. HYPOTHESIS, not verified geology.",Anthropogenic subsidence from groundwater withdrawal; irrigation-related aquifer compaction; volcanic inflation or deflation (magma movement without discrete faulting); post-seismic afterslip or viscoelastic relaxation; seasonal hydrological loading; a strain transient on a creeping (aseismic) fault segment.,"Independent evidence of discrete offset: a displaced contact or marker bed, deflected or offset drainage, a facies termination, a fault-plane solution aligned with the lineament, a published structural interpretation, or field observation. None is claimed here.","MEASURED CONTEXT + TEMPLATE HYPOTHESIS; no field observation, no geologist review"
1953,1104,353800.0,4313200.0,4318.6,0.963529,0.400401,0.563129,1,41.0,21.4,12.6,9008.4004,1780.5,136.8,0.5717,-4.1829,0.4409,0.7559,"Buried or cover-hidden ACTIVE fault (H72-A): the deformation-only view is confident (geodetic second invariant / shear / dilatation gradients and their coherence, earthquake-density kernel edge) while the surface view abstains (no DEM scarp, no slope lineament, no radiometric lineament) -- consistent with a young blind fault straining and micro-seismic beneath cover. HYPOTHESIS, not verified geology.",Anthropogenic subsidence from groundwater withdrawal; irrigation-related aquifer compaction; volcanic inflation or deflation (magma movement without discrete faulting); post-seismic afterslip or viscoelastic relaxation; seasonal hydrological loading; a strain transient on a creeping (aseismic) fault segment.,"Independent evidence of discrete offset: a displaced contact or marker bed, deflected or offset drainage, a facies termination, a fault-plane solution aligned with the lineament, a published structural interpretation, or field observation. None is claimed here.","MEASURED CONTEXT + TEMPLATE HYPOTHESIS; no field observation, no geologist review"
1954,1082,351600.0,4313100.0,5968.2,0.973593,0.530739,0.442853,1,40.8,22.6,11.6,9008.4004,1734.5,345.5,0.446,-12.2916,0.374,0.7598,"Buried or cover-hidden ACTIVE fault (H72-A): the deformation-only view is confident (geodetic second invariant / shear / dilatation gradients and their coherence, earthquake-density kernel edge) while the surface view abstains (no DEM scarp, no slope lineament, no radiometric lineament) -- consistent with a young blind fault straining and micro-seismic beneath cover. HYPOTHESIS, not verified geology.",Anthropogenic subsidence from groundwater withdrawal; irrigation-related aquifer compaction; volcanic inflation or deflation (magma movement without discrete faulting); post-seismic afterslip or viscoelastic relaxation; seasonal hydrological loading; a strain transient on a creeping (aseismic) fault segment.,"Independent evidence of discrete offset: a displaced contact or marker bed, deflected or offset drainage, a facies termination, a fault-plane solution aligned with the lineament, a published structural interpretation, or field observation. None is claimed here.","MEASURED CONTEXT + TEMPLATE HYPOTHESIS; no field observation, no geologist review"
1955,1076,351000.0,4313000.0,6441.3,0.971422,0.597664,0.373758,1,41.2206,22.9155,11.1443,9008.4004,1734.5,435.1,0.3151,-14.1625,0.3898,0.7717,"Buried or cover-hidden ACTIVE fault (H72-A): the deformation-only view is confident (geodetic second invariant / shear / dilatation gradients and their coherence, earthquake-density kernel edge) while the surface view abstains (no DEM scarp, no slope lineament, no radiometric lineament) -- consistent with a young blind fault straining and micro-seismic beneath cover. HYPOTHESIS, not verified geology.",Anthropogenic subsidence from groundwater withdrawal; irrigation-related aquifer compaction; volcanic inflation or deflation (magma movement without discrete faulting); post-seismic afterslip or viscoelastic relaxation; seasonal hydrological loading; a strain transient on a creeping (aseismic) fault segment.,"Independent evidence of discrete offset: a displaced contact or marker bed, deflected or offset drainage, a facies termination, a fault-plane solution aligned with the lineament, a published structural interpretation, or field observation. None is claimed here.","MEASURED CONTEXT + TEMPLATE HYPOTHESIS; no field observation, no geologist review"
1955,1101,353500.0,4313000.0,4386.3,0.959775,0.412663,0.547112,1,41.0,21.4,12.6,9008.4004,1780.5,151.8,0.4412,-4.5628,0.4528,0.7677,"Buried or cover-hidden ACTIVE fault (H72-A): the deformation-only view is confident (geodetic second invariant / shear / dilatation gradients and their coherence, earthquake-density kernel edge) while the surface view abstains (no DEM scarp, no slope lineament, no radiometric lineament) -- consistent with a young blind fault straining and micro-seismic beneath cover. HYPOTHESIS, not verified geology.",Anthropogenic subsidence from groundwater withdrawal; irrigation-related aquifer compaction; volcanic inflation or deflation (magma movement without discrete faulting); post-seismic afterslip or viscoelastic relaxation; seasonal hydrological loading; a strain transient on a creeping (aseismic) fault segment.,"Independent evidence of discrete offset: a displaced contact or marker bed, deflected or offset drainage, a facies termination, a fault-plane solution aligned with the lineament, a published structural interpretation, or field observation. None is claimed here.","MEASURED CONTEXT + TEMPLATE HYPOTHESIS; no field observation, no geologist review"
1957,1097,353100.0,4312800.0,4560.7,0.958467,0.488067,0.4704,1,40.962,21.6278,12.4102,9008.4004,1780.5,179.4,0.8687,-5.6825,0.5079,0.7795,"Buried or cover-hidden ACTIVE fault (H72-A): the deformation-only view is confident (geodetic second invariant / shear / dilatation gradients and their coherence, earthquake-density kernel edge) while the surface view abstains (no DEM scarp, no slope lineament, no radiometric lineament) -- consistent with a young blind fault straining and micro-seismic beneath cover. HYPOTHESIS, not verified geology.",Anthropogenic subsidence from groundwater withdrawal; irrigation-related aquifer compaction; volcanic inflation or deflation (magma movement without discrete faulting); post-seismic afterslip or viscoelastic relaxation; seasonal hydrological loading; a strain transient on a creeping (aseismic) fault segment.,"Independent evidence of discrete offset: a displaced contact or marker bed, deflected or offset drainage, a facies termination, a fault-plane solution aligned with the lineament, a published structural interpretation, or field observation. None is claimed here.","MEASURED CONTEXT + TEMPLATE HYPOTHESIS; no field observation, no geologist review"
1961,1072,350600.0,4312400.0,6555.2,0.981019,0.64229,0.338728,1,42.0,23.5,10.3,9283.7432,1662.5962,529.6,0.714,-15.8072,0.4646,0.7638,"Buried or cover-hidden ACTIVE fault (H72-A): the deformation-only view is confident (geodetic second invariant / shear / dilatation gradients and their coherence, earthquake-density kernel edge) while the surface view abstains (no DEM scarp, no slope lineament, no radiometric lineament) -- consistent with a young blind fault straining and micro-seismic beneath cover. HYPOTHESIS, not verified geology.",Anthropogenic subsidence from groundwater withdrawal; irrigation-related aquifer compaction; volcanic inflation or deflation (magma movement without discrete faulting); post-seismic afterslip or viscoelastic relaxation; seasonal hydrological loading; a strain transient on a creeping (aseismic) fault segment.,"Independent evidence of discrete offset: a displaced contact or marker bed, deflected or offset drainage, a facies termination, a fault-plane solution aligned with the lineament, a published structural interpretation, or field observation. None is claimed here.","MEASURED CONTEXT + TEMPLATE HYPOTHESIS; no field observation, no geologist review"
1964,1077,351100.0,4312100.0,5980.8,0.956509,0.492878,0.463631,1,40.982,22.7365,11.4029,9008.4004,1638.4,421.5,0.5849,-13.5727,0.4528,0.752,"Buried or cover-hidden ACTIVE fault (H72-A): the deformation-only view is confident (geodetic second invariant / shear / dilatation gradients and their coherence, earthquake-density kernel edge) while the surface view abstains (no DEM scarp, no slope lineament, no radiometric lineament) -- consistent with a young blind fault straining and micro-seismic beneath cover. HYPOTHESIS, not verified geology.",Anthropogenic subsidence from groundwater withdrawal; irrigation-related aquifer compaction; volcanic inflation or deflation (magma movement without discrete faulting); post-seismic afterslip or viscoelastic relaxation; seasonal hydrological loading; a strain transient on a creeping (aseismic) fault segment.,"Independent evidence of discrete offset: a displaced contact or marker bed, deflected or offset drainage, a facies termination, a fault-plane solution aligned with the lineament, a published structural interpretation, or field observation. None is claimed here.","MEASURED CONTEXT + TEMPLATE HYPOTHESIS; no field observation, no geologist review"
1998,1057,349100.0,4308700.0,5508.2,0.959159,0.597987,0.361172,1,43.4667,26.1334,9.0888,11342.4004,1618.5732,1848.9,0.9941,-26.9285,0.3425,0.7559,"Buried or cover-hidden ACTIVE fault (H72-A): the deformation-only view is confident (geodetic second invariant / shear / dilatation gradients and their coherence, earthquake-density kernel edge) while the surface view abstains (no DEM scarp, no slope lineament, no radiometric lineament) -- consistent with a young blind fault straining and micro-seismic beneath cover. HYPOTHESIS, not verified geology.",Anthropogenic subsidence from groundwater withdrawal; irrigation-related aquifer compaction; volcanic inflation or deflation (magma movement without discrete faulting); post-seismic afterslip or viscoelastic relaxation; seasonal hydrological loading; a strain transient on a creeping (aseismic) fault segment.,"Independent evidence of discrete offset: a displaced contact or marker bed, deflected or offset drainage, a facies termination, a fault-plane solution aligned with the lineament, a published structural interpretation, or field observation. None is claimed here.","MEASURED CONTEXT + TEMPLATE HYPOTHESIS; no field observation, no geologist review"
2019,1070,350400.0,4306600.0,6484.6,0.956056,0.365332,0.590723,1,46.2,26.9,9.6,10325.6504,1633.4186,1857.2,0.5599,-25.9331,0.3031,0.7835,"Buried or cover-hidden ACTIVE fault (H72-A): the deformation-only view is confident (geodetic second invariant / shear / dilatation gradients and their coherence, earthquake-density kernel edge) while the surface view abstains (no DEM scarp, no slope lineament, no radiometric lineament) -- consistent with a young blind fault straining and micro-seismic beneath cover. HYPOTHESIS, not verified geology.",Anthropogenic subsidence from groundwater withdrawal; irrigation-related aquifer compaction; volcanic inflation or deflation (magma movement without discrete faulting); post-seismic afterslip or viscoelastic relaxation; seasonal hydrological loading; a strain transient on a creeping (aseismic) fault segment.,"Independent evidence of discrete offset: a displaced contact or marker bed, deflected or offset drainage, a facies termination, a fault-plane solution aligned with the lineament, a published structural interpretation, or field observation. None is claimed here.","MEASURED CONTEXT + TEMPLATE HYPOTHESIS; no field observation, no geologist review"
2022,1071,350500.0,4306300.0,6500.0,0.970064,0.512637,0.457426,1,46.2,26.9,9.6,9892.916,1610.9761,1902.4,0.6332,-26.1795,0.3346,0.6457,"Buried or cover-hidden ACTIVE fault (H72-A): the deformation-only view is confident (geodetic second invariant / shear / dilatation gradients and their coherence, earthquake-density kernel edge) while the surface view abstains (no DEM scarp, no slope lineament, no radiometric lineament) -- consistent with a young blind fault straining and micro-seismic beneath cover. HYPOTHESIS, not verified geology.",Anthropogenic subsidence from groundwater withdrawal; irrigation-related aquifer compaction; volcanic inflation or deflation (magma movement without discrete faulting); post-seismic afterslip or viscoelastic relaxation; seasonal hydrological loading; a strain transient on a creeping (aseismic) fault segment.,"Independent evidence of discrete offset: a displaced contact or marker bed, deflected or offset drainage, a facies termination, a fault-plane solution aligned with the lineament, a published structural interpretation, or field observation. None is claimed here.","MEASURED CONTEXT + TEMPLATE HYPOTHESIS; no field observation, no geologist review"
2025,1080,351400.0,4306000.0,6640.0,0.964389,0.396967,0.567423,1,45.0,26.2,11.5,9160.7998,1604.6,1468.7,1.2777,-24.1969,0.4213,0.7362,"Buried or cover-hidden ACTIVE fault (H72-A): the deformation-only view is confident (geodetic second invariant / shear / dilatation gradients and their coherence, earthquake-density kernel edge) while the surface view abstains (no DEM scarp, no slope lineament, no radiometric lineament) -- consistent with a young blind fault straining and micro-seismic beneath cover. HYPOTHESIS, not verified geology.",Anthropogenic subsidence from groundwater withdrawal; irrigation-related aquifer compaction; volcanic inflation or deflation (magma movement without discrete faulting); post-seismic afterslip or viscoelastic relaxation; seasonal hydrological loading; a strain transient on a creeping (aseismic) fault segment.,"Independent evidence of discrete offset: a displaced contact or marker bed, deflected or offset drainage, a facies termination, a fault-plane solution aligned with the lineament, a published structural interpretation, or field observation. None is claimed here.","MEASURED CONTEXT + TEMPLATE HYPOTHESIS; no field observation, no geologist review"
2027,1069,350300.0,4305800.0,6198.4,0.968788,0.395132,0.573656,1,46.2066,26.9099,9.6121,10756.4609,1618.4969,2179.0,0.5543,-27.5376,0.5394,0.6102,"Buried or cover-hidden ACTIVE fault (H72-A): the deformation-only view is confident (geodetic second invariant / shear / dilatation gradients and their coherence, earthquake-density kernel edge) while the surface view abstains (no DEM scarp, no slope lineament, no radiometric lineament) -- consistent with a young blind fault straining and micro-seismic beneath cover. HYPOTHESIS, not verified geology.",Anthropogenic subsidence from groundwater withdrawal; irrigation-related aquifer compaction; volcanic inflation or deflation (magma movement without discrete faulting); post-seismic afterslip or viscoelastic relaxation; seasonal hydrological loading; a strain transient on a creeping (aseismic) fault segment.,"Independent evidence of discrete offset: a displaced contact or marker bed, deflected or offset drainage, a facies termination, a fault-plane solution aligned with the lineament, a published structural interpretation, or field observation. None is claimed here.","MEASURED CONTEXT + TEMPLATE HYPOTHESIS; no field observation, no geologist review"
2033,1070,350400.0,4305200.0,6220.1,0.979039,0.443821,0.535217,1,46.8,27.8,10.7,10323.2178,1614.7238,2231.5,0.62,-28.2602,0.3661,0.7087,"Buried or cover-hidden ACTIVE fault (H72-A): the deformation-only view is confident (geodetic second invariant / shear / dilatation gradients and their coherence, earthquake-density kernel edge) while the surface view abstains (no DEM scarp, no slope lineament, no radiometric lineament) -- consistent with a young blind fault straining and micro-seismic beneath cover. HYPOTHESIS, not verified geology.",Anthropogenic subsidence from groundwater withdrawal; irrigation-related aquifer compaction; volcanic inflation or deflation (magma movement without discrete faulting); post-seismic afterslip or viscoelastic relaxation; seasonal hydrological loading; a strain transient on a creeping (aseismic) fault segment.,"Independent evidence of discrete offset: a displaced contact or marker bed, deflected or offset drainage, a facies termination, a fault-plane solution aligned with the lineament, a published structural interpretation, or field observation. None is claimed here.","MEASURED CONTEXT + TEMPLATE HYPOTHESIS; no field observation, no geologist review"
2033,1073,350700.0,4305200.0,6519.2,0.958042,0.400965,0.557077,1,46.7754,27.7385,10.8353,9160.7998,1604.6,2090.8,0.6207,-27.6735,0.3583,0.6457,"Buried or cover-hidden ACTIVE fault (H72-A): the deformation-only view is confident (geodetic second invariant / shear / dilatation gradients and their coherence, earthquake-density kernel edge) while the surface view abstains (no DEM scarp, no slope lineament, no radiometric lineament) -- consistent with a young blind fault straining and micro-seismic beneath cover. HYPOTHESIS, not verified geology.",Anthropogenic subsidence from groundwater withdrawal; irrigation-related aquifer compaction; volcanic inflation or deflation (magma movement without discrete faulting); post-seismic afterslip or viscoelastic relaxation; seasonal hydrological loading; a strain transient on a creeping (aseismic) fault segment.,"Independent evidence of discrete offset: a displaced contact or marker bed, deflected or offset drainage, a facies termination, a fault-plane solution aligned with the lineament, a published structural interpretation, or field observation. None is claimed here.","MEASURED CONTEXT + TEMPLATE HYPOTHESIS; no field observation, no geologist review"
2037,1072,350600.0,4304800.0,6364.0,0.968252,0.543478,0.424774,1,46.8,27.8,10.7,9450.6279,1610.2343,2214.3,0.7029,-28.5526,0.437,0.689,"Buried or cover-hidden ACTIVE fault (H72-A): the deformation-only view is confident (geodetic second invariant / shear / dilatation gradients and their coherence, earthquake-density kernel edge) while the surface view abstains (no DEM scarp, no slope lineament, no radiometric lineament) -- consistent with a young blind fault straining and micro-seismic beneath cover. HYPOTHESIS, not verified geology.",Anthropogenic subsidence from groundwater withdrawal; irrigation-related aquifer compaction; volcanic inflation or deflation (magma movement without discrete faulting); post-seismic afterslip or viscoelastic relaxation; seasonal hydrological loading; a strain transient on a creeping (aseismic) fault segment.,"Independent evidence of discrete offset: a displaced contact or marker bed, deflected or offset drainage, a facies termination, a fault-plane solution aligned with the lineament, a published structural interpretation, or field observation. None is claimed here.","MEASURED CONTEXT + TEMPLATE HYPOTHESIS; no field observation, no geologist review"
2038,1061,349500.0,4304700.0,5261.2,0.974837,0.399747,0.57509,1,46.8,27.8,10.7,10911.5479,1642.2695,2454.1,0.4947,-29.2584,0.2598,0.4764,"Buried or cover-hidden ACTIVE fault (H72-A): the deformation-only view is confident (geodetic second invariant / shear / dilatation gradients and their coherence, earthquake-density kernel edge) while the surface view abstains (no DEM scarp, no slope lineament, no radiometric lineament) -- consistent with a young blind fault straining and micro-seismic beneath cover. HYPOTHESIS, not verified geology.",Anthropogenic subsidence from groundwater withdrawal; irrigation-related aquifer compaction; volcanic inflation or deflation (magma movement without discrete faulting); post-seismic afterslip or viscoelastic relaxation; seasonal hydrological loading; a strain transient on a creeping (aseismic) fault segment.,"Independent evidence of discrete offset: a displaced contact or marker bed, deflected or offset drainage, a facies termination, a fault-plane solution aligned with the lineament, a published structural interpretation, or field observation. None is claimed here.","MEASURED CONTEXT + TEMPLATE HYPOTHESIS; no field observation, no geologist review"
2038,1064,349800.0,4304700.0,5557.9,0.973348,0.487293,0.486055,1,46.8,27.8,10.7,10912.7725,1642.2164,2401.6,0.7319,-29.1499,0.378,0.5315,"Buried or cover-hidden ACTIVE fault (H72-A): the deformation-only view is confident (geodetic second invariant / shear / dilatation gradients and their coherence, earthquake-density kernel edge) while the surface view abstains (no DEM scarp, no slope lineament, no radiometric lineament) -- consistent with a young blind fault straining and micro-seismic beneath cover. HYPOTHESIS, not verified geology.",Anthropogenic subsidence from groundwater withdrawal; irrigation-related aquifer compaction; volcanic inflation or deflation (magma movement without discrete faulting); post-seismic afterslip or viscoelastic relaxation; seasonal hydrological loading; a strain transient on a creeping (aseismic) fault segment.,"Independent evidence of discrete offset: a displaced contact or marker bed, deflected or offset drainage, a facies termination, a fault-plane solution aligned with the lineament, a published structural interpretation, or field observation. None is claimed here.","MEASURED CONTEXT + TEMPLATE HYPOTHESIS; no field observation, no geologist review"
2041,1064,349800.0,4304400.0,5500.0,0.965392,0.373908,0.591485,1,46.8,27.8,10.7,9798.417,1690.5034,2371.6,0.5478,-29.1924,0.4764,0.5354,"Buried or cover-hidden ACTIVE fault (H72-A): the deformation-only view is confident (geodetic second invariant / shear / dilatation gradients and their coherence, earthquake-density kernel edge) while the surface view abstains (no DEM scarp, no slope lineament, no radiometric lineament) -- consistent with a young blind fault straining and micro-seismic beneath cover. HYPOTHESIS, not verified geology.",Anthropogenic subsidence from groundwater withdrawal; irrigation-related aquifer compaction; volcanic inflation or deflation (magma movement without discrete faulting); post-seismic afterslip or viscoelastic relaxation; seasonal hydrological loading; a strain transient on a creeping (aseismic) fault segment.,"Independent evidence of discrete offset: a displaced contact or marker bed, deflected or offset drainage, a facies termination, a fault-plane solution aligned with the lineament, a published structural interpretation, or field observation. None is claimed here.","MEASURED CONTEXT + TEMPLATE HYPOTHESIS; no field observation, no geologist review"
2042,1067,350100.0,4304300.0,5685.9,0.975928,0.519479,0.456449,1,46.8,27.8,10.7,9503.0996,1703.3,2337.3,0.7519,-29.2355,0.5157,0.6772,"Buried or cover-hidden ACTIVE fault (H72-A): the deformation-only view is confident (geodetic second invariant / shear / dilatation gradients and their coherence, earthquake-density kernel edge) while the surface view abstains (no DEM scarp, no slope lineament, no radiometric lineament) -- consistent with a young blind fault straining and micro-seismic beneath cover. HYPOTHESIS, not verified geology.",Anthropogenic subsidence from groundwater withdrawal; irrigation-related aquifer compaction; volcanic inflation or deflation (magma movement without discrete faulting); post-seismic afterslip or viscoelastic relaxation; seasonal hydrological loading; a strain transient on a creeping (aseismic) fault segment.,"Independent evidence of discrete offset: a displaced contact or marker bed, deflected or offset drainage, a facies termination, a fault-plane solution aligned with the lineament, a published structural interpretation, or field observation. None is claimed here.","MEASURED CONTEXT + TEMPLATE HYPOTHESIS; no field observation, no geologist review"
2042,1072,350600.0,4304300.0,6105.7,0.968252,0.559225,0.409026,1,46.8,27.8,10.7,9144.5254,1709.1759,2253.5,0.8869,-29.0306,0.4528,0.5591,"Buried or cover-hidden ACTIVE fault (H72-A): the deformation-only view is confident (geodetic second invariant / shear / dilatation gradients and their coherence, earthquake-density kernel edge) while the surface view abstains (no DEM scarp, no slope lineament, no radiometric lineament) -- consistent with a young blind fault straining and micro-seismic beneath cover. HYPOTHESIS, not verified geology.",Anthropogenic subsidence from groundwater withdrawal; irrigation-related aquifer compaction; volcanic inflation or deflation (magma movement without discrete faulting); post-seismic afterslip or viscoelastic relaxation; seasonal hydrological loading; a strain transient on a creeping (aseismic) fault segment.,"Independent evidence of discrete offset: a displaced contact or marker bed, deflected or offset drainage, a facies termination, a fault-plane solution aligned with the lineament, a published structural interpretation, or field observation. None is claimed here.","MEASURED CONTEXT + TEMPLATE HYPOTHESIS; no field observation, no geologist review"
2045,1066,350000.0,4304000.0,5437.8,0.951276,0.649717,0.30156,1,46.8,27.8,10.7,9503.0996,1703.3,2329.5,0.7534,-29.3375,0.5276,0.7323,"Buried or cover-hidden ACTIVE fault (H72-A): the deformation-only view is confident (geodetic second invariant / shear / dilatation gradients and their coherence, earthquake-density kernel edge) while the surface view abstains (no DEM scarp, no slope lineament, no radiometric lineament) -- consistent with a young blind fault straining and micro-seismic beneath cover. HYPOTHESIS, not verified geology.",Anthropogenic subsidence from groundwater withdrawal; irrigation-related aquifer compaction; volcanic inflation or deflation (magma movement without discrete faulting); post-seismic afterslip or viscoelastic relaxation; seasonal hydrological loading; a strain transient on a creeping (aseismic) fault segment.,"Independent evidence of discrete offset: a displaced contact or marker bed, deflected or offset drainage, a facies termination, a fault-plane solution aligned with the lineament, a published structural interpretation, or field observation. None is claimed here.","MEASURED CONTEXT + TEMPLATE HYPOTHESIS; no field observation, no geologist review"
2057,1391,382500.0,4302800.0,4468.8,0.957223,0.415342,0.541882,1,33.3,16.5,11.9,1386.4,2341.2949,1371.0,1.0964,-16.6211,0.6496,0.748,"Buried or cover-hidden ACTIVE fault (H72-A): the deformation-only view is confident (geodetic second invariant / shear / dilatation gradients and their coherence, earthquake-density kernel edge) while the surface view abstains (no DEM scarp, no slope lineament, no radiometric lineament) -- consistent with a young blind fault straining and micro-seismic beneath cover. HYPOTHESIS, not verified geology.",Anthropogenic subsidence from groundwater withdrawal; irrigation-related aquifer compaction; volcanic inflation or deflation (magma movement without discrete faulting); post-seismic afterslip or viscoelastic relaxation; seasonal hydrological loading; a strain transient on a creeping (aseismic) fault segment.,"Independent evidence of discrete offset: a displaced contact or marker bed, deflected or offset drainage, a facies termination, a fault-plane solution aligned with the lineament, a published structural interpretation, or field observation. None is claimed here.","MEASURED CONTEXT + TEMPLATE HYPOTHESIS; no field observation, no geologist review"
2057,1403,383700.0,4302800.0,5197.1,0.953529,0.557023,0.396507,1,32.0,16.3,11.6,1386.4,2366.7302,1614.7,0.2112,-18.7654,0.5945,0.752,"Buried or cover-hidden ACTIVE fault (H72-A): the deformation-only view is confident (geodetic second invariant / shear / dilatation gradients and their coherence, earthquake-density kernel edge) while the surface view abstains (no DEM scarp, no slope lineament, no radiometric lineament) -- consistent with a young blind fault straining and micro-seismic beneath cover. HYPOTHESIS, not verified geology.",Anthropogenic subsidence from groundwater withdrawal; irrigation-related aquifer compaction; volcanic inflation or deflation (magma movement without discrete faulting); post-seismic afterslip or viscoelastic relaxation; seasonal hydrological loading; a strain transient on a creeping (aseismic) fault segment.,"Independent evidence of discrete offset: a displaced contact or marker bed, deflected or offset drainage, a facies termination, a fault-plane solution aligned with the lineament, a published structural interpretation, or field observation. None is claimed here.","MEASURED CONTEXT + TEMPLATE HYPOTHESIS; no field observation, no geologist review"
2058,1395,382900.0,4302700.0,4666.9,0.974815,0.45345,0.521365,1,33.3,16.5,11.9,1386.4,2401.0405,1446.1,0.8878,-17.1913,0.4331,0.8031,"Buried or cover-hidden ACTIVE fault (H72-A): the deformation-only view is confident (geodetic second invariant / shear / dilatation gradients and their coherence, earthquake-density kernel edge) while the surface view abstains (no DEM scarp, no slope lineament, no radiometric lineament) -- consistent with a young blind fault straining and micro-seismic beneath cover. HYPOTHESIS, not verified geology.",Anthropogenic subsidence from groundwater withdrawal; irrigation-related aquifer compaction; volcanic inflation or deflation (magma movement without discrete faulting); post-seismic afterslip or viscoelastic relaxation; seasonal hydrological loading; a strain transient on a creeping (aseismic) fault segment.,"Independent evidence of discrete offset: a displaced contact or marker bed, deflected or offset drainage, a facies termination, a fault-plane solution aligned with the lineament, a published structural interpretation, or field observation. None is claimed here.","MEASURED CONTEXT + TEMPLATE HYPOTHESIS; no field observation, no geologist review"
2058,1400,383400.0,4302700.0,5021.0,0.97047,0.3587,0.61177,1,32.1946,16.3299,11.6449,1386.4,2405.1221,1536.3,0.4604,-18.0448,0.5787,0.8346,"Buried or cover-hidden ACTIVE fault (H72-A): the deformation-only view is confident (geodetic second invariant / shear / dilatation gradients and their coherence, earthquake-density kernel edge) while the surface view abstains (no DEM scarp, no slope lineament, no radiometric lineament) -- consistent with a young blind fault straining and micro-seismic beneath cover. HYPOTHESIS, not verified geology.",Anthropogenic subsidence from groundwater withdrawal; irrigation-related aquifer compaction; volcanic inflation or deflation (magma movement without discrete faulting); post-seismic afterslip or viscoelastic relaxation; seasonal hydrological loading; a strain transient on a creeping (aseismic) fault segment.,"Independent evidence of discrete offset: a displaced contact or marker bed, deflected or offset drainage, a facies termination, a fault-plane solution aligned with the lineament, a published structural interpretation, or field observation. None is claimed here.","MEASURED CONTEXT + TEMPLATE HYPOTHESIS; no field observation, no geologist review"
2060,1392,382600.0,4302500.0,4313.9,0.961178,0.489045,0.472133,1,33.3,16.5,11.9,1386.4,2455.9841,1335.6,1.0286,-16.297,0.6024,0.7559,"Buried or cover-hidden ACTIVE fault (H72-A): the deformation-only view is confident (geodetic second invariant / shear / dilatation gradients and their coherence, earthquake-density kernel edge) while the surface view abstains (no DEM scarp, no slope lineament, no radiometric lineament) -- consistent with a young blind fault straining and micro-seismic beneath cover. HYPOTHESIS, not verified geology.",Anthropogenic subsidence from groundwater withdrawal; irrigation-related aquifer compaction; volcanic inflation or deflation (magma movement without discrete faulting); post-seismic afterslip or viscoelastic relaxation; seasonal hydrological loading; a strain transient on a creeping (aseismic) fault segment.,"Independent evidence of discrete offset: a displaced contact or marker bed, deflected or offset drainage, a facies termination, a fault-plane solution aligned with the lineament, a published structural interpretation, or field observation. None is claimed here.","MEASURED CONTEXT + TEMPLATE HYPOTHESIS; no field observation, no geologist review"
2061,1389,382300.0,4302400.0,4036.1,0.955738,0.525414,0.430324,1,33.3,16.5,11.9,1386.4,2482.4185,1231.3,1.1876,-15.5689,0.5079,0.7559,"Buried or cover-hidden ACTIVE fault (H72-A): the deformation-only view is confident (geodetic second invariant / shear / dilatation gradients and their coherence, earthquake-density kernel edge) while the surface view abstains (no DEM scarp, no slope lineament, no radiometric lineament) -- consistent with a young blind fault straining and micro-seismic beneath cover. HYPOTHESIS, not verified geology.",Anthropogenic subsidence from groundwater withdrawal; irrigation-related aquifer compaction; volcanic inflation or deflation (magma movement without discrete faulting); post-seismic afterslip or viscoelastic relaxation; seasonal hydrological loading; a strain transient on a creeping (aseismic) fault segment.,"Independent evidence of discrete offset: a displaced contact or marker bed, deflected or offset drainage, a facies termination, a fault-plane solution aligned with the lineament, a published structural interpretation, or field observation. None is claimed here.","MEASURED CONTEXT + TEMPLATE HYPOTHESIS; no field observation, no geologist review"
2061,1399,383300.0,4302400.0,4738.1,0.956176,0.351686,0.60449,1,32.452,16.3695,11.7043,1386.4,2520.0388,1448.0,0.7824,-17.2829,0.4606,0.8071,"Buried or cover-hidden ACTIVE fault (H72-A): the deformation-only view is confident (geodetic second invariant / shear / dilatation gradients and their coherence, earthquake-density kernel edge) while the surface view abstains (no DEM scarp, no slope lineament, no radiometric lineament) -- consistent with a young blind fault straining and micro-seismic beneath cover. HYPOTHESIS, not verified geology.",Anthropogenic subsidence from groundwater withdrawal; irrigation-related aquifer compaction; volcanic inflation or deflation (magma movement without discrete faulting); post-seismic afterslip or viscoelastic relaxation; seasonal hydrological loading; a strain transient on a creeping (aseismic) fault segment.,"Independent evidence of discrete offset: a displaced contact or marker bed, deflected or offset drainage, a facies termination, a fault-plane solution aligned with the lineament, a published structural interpretation, or field observation. None is claimed here.","MEASURED CONTEXT + TEMPLATE HYPOTHESIS; no field observation, no geologist review"
2062,1395,382900.0,4302300.0,4384.1,0.967477,0.41802,0.549457,1,33.3,16.5,11.9,1386.4,2549.8528,1355.6,0.9558,-16.4487,0.5315,0.7953,"Buried or cover-hidden ACTIVE fault (H72-A): the deformation-only view is confident (geodetic second invariant / shear / dilatation gradients and their coherence, earthquake-density kernel edge) while the surface view abstains (no DEM scarp, no slope lineament, no radiometric lineament) -- consistent with a young blind fault straining and micro-seismic beneath cover. HYPOTHESIS, not verified geology.",Anthropogenic subsidence from groundwater withdrawal; irrigation-related aquifer compaction; volcanic inflation or deflation (magma movement without discrete faulting); post-seismic afterslip or viscoelastic relaxation; seasonal hydrological loading; a strain transient on a creeping (aseismic) fault segment.,"Independent evidence of discrete offset: a displaced contact or marker bed, deflected or offset drainage, a facies termination, a fault-plane solution aligned with the lineament, a published structural interpretation, or field observation. None is claimed here.","MEASURED CONTEXT + TEMPLATE HYPOTHESIS; no field observation, no geologist review"
2065,1076,351000.0,4302000.0,5671.9,0.960029,0.533799,0.42623,1,47.8342,26.2417,12.8925,7327.0,1710.1,2225.5,1.7073,-29.4651,0.4016,0.6496,"Buried or cover-hidden ACTIVE fault (H72-A): the deformation-only view is confident (geodetic second invariant / shear / dilatation gradients and their coherence, earthquake-density kernel edge) while the surface view abstains (no DEM scarp, no slope lineament, no radiometric lineament) -- consistent with a young blind fault straining and micro-seismic beneath cover. HYPOTHESIS, not verified geology.",Anthropogenic subsidence from groundwater withdrawal; irrigation-related aquifer compaction; volcanic inflation or deflation (magma movement without discrete faulting); post-seismic afterslip or viscoelastic relaxation; seasonal hydrological loading; a strain transient on a creeping (aseismic) fault segment.,"Independent evidence of discrete offset: a displaced contact or marker bed, deflected or offset drainage, a facies termination, a fault-plane solution aligned with the lineament, a published structural interpretation, or field observation. None is claimed here.","MEASURED CONTEXT + TEMPLATE HYPOTHESIS; no field observation, no geologist review"
2169,1166,360000.0,4291600.0,1931.3,0.96359,0.469864,0.493726,1,42.2,15.6,23.8,5901.6001,2314.0,16.8,23.8946,-6.8227,0.4961,0.7205,"Buried or cover-hidden ACTIVE fault (H72-A): the deformation-only view is confident (geodetic second invariant / shear / dilatation gradients and their coherence, earthquake-density kernel edge) while the surface view abstains (no DEM scarp, no slope lineament, no radiometric lineament) -- consistent with a young blind fault straining and micro-seismic beneath cover. HYPOTHESIS, not verified geology.",Anthropogenic subsidence from groundwater withdrawal; irrigation-related aquifer compaction; volcanic inflation or deflation (magma movement without discrete faulting); post-seismic afterslip or viscoelastic relaxation; seasonal hydrological loading; a strain transient on a creeping (aseismic) fault segment.,"Independent evidence of discrete offset: a displaced contact or marker bed, deflected or offset drainage, a facies termination, a fault-plane solution aligned with the lineament, a published structural interpretation, or field observation. None is claimed here.","MEASURED CONTEXT + TEMPLATE HYPOTHESIS; no field observation, no geologist review"
2170,1163,359700.0,4291500.0,2247.2,0.982733,0.435227,0.547505,1,42.2,15.6,23.8,5901.6001,2314.0,8.2,15.8337,-6.3612,0.6693,0.6181,"Buried or cover-hidden ACTIVE fault (H72-A): the deformation-only view is confident (geodetic second invariant / shear / dilatation gradients and their coherence, earthquake-density kernel edge) while the surface view abstains (no DEM scarp, no slope lineament, no radiometric lineament) -- consistent with a young blind fault straining and micro-seismic beneath cover. HYPOTHESIS, not verified geology.",Anthropogenic subsidence from groundwater withdrawal; irrigation-related aquifer compaction; volcanic inflation or deflation (magma movement without discrete faulting); post-seismic afterslip or viscoelastic relaxation; seasonal hydrological loading; a strain transient on a creeping (aseismic) fault segment.,"Independent evidence of discrete offset: a displaced contact or marker bed, deflected or offset drainage, a facies termination, a fault-plane solution aligned with the lineament, a published structural interpretation, or field observation. None is claimed here.","MEASURED CONTEXT + TEMPLATE HYPOTHESIS; no field observation, no geologist review"
2188,1118,355200.0,4289700.0,6888.4,0.958239,0.562367,0.395872,1,45.9037,15.9086,27.1841,5801.2002,2437.7,209.5,0.4506,-9.2503,0.4252,0.6575,"Buried or cover-hidden ACTIVE fault (H72-A): the deformation-only view is confident (geodetic second invariant / shear / dilatation gradients and their coherence, earthquake-density kernel edge) while the surface view abstains (no DEM scarp, no slope lineament, no radiometric lineament) -- consistent with a young blind fault straining and micro-seismic beneath cover. HYPOTHESIS, not verified geology.",Anthropogenic subsidence from groundwater withdrawal; irrigation-related aquifer compaction; volcanic inflation or deflation (magma movement without discrete faulting); post-seismic afterslip or viscoelastic relaxation; seasonal hydrological loading; a strain transient on a creeping (aseismic) fault segment.,"Independent evidence of discrete offset: a displaced contact or marker bed, deflected or offset drainage, a facies termination, a fault-plane solution aligned with the lineament, a published structural interpretation, or field observation. None is claimed here.","MEASURED CONTEXT + TEMPLATE HYPOTHESIS; no field observation, no geologist review"
2190,1126,356000.0,4289500.0,6139.2,0.966674,0.565712,0.400962,1,45.9,15.9,27.2,5801.2002,2437.7,203.5,2.1854,-8.3848,0.5787,0.5433,"Buried or cover-hidden ACTIVE fault (H72-A): the deformation-only view is confident (geodetic second invariant / shear / dilatation gradients and their coherence, earthquake-density kernel edge) while the surface view abstains (no DEM scarp, no slope lineament, no radiometric lineament) -- consistent with a young blind fault straining and micro-seismic beneath cover. HYPOTHESIS, not verified geology.",Anthropogenic subsidence from groundwater withdrawal; irrigation-related aquifer compaction; volcanic inflation or deflation (magma movement without discrete faulting); post-seismic afterslip or viscoelastic relaxation; seasonal hydrological loading; a strain transient on a creeping (aseismic) fault segment.,"Independent evidence of discrete offset: a displaced contact or marker bed, deflected or offset drainage, a facies termination, a fault-plane solution aligned with the lineament, a published structural interpretation, or field observation. None is claimed here.","MEASURED CONTEXT + TEMPLATE HYPOTHESIS; no field observation, no geologist review"
2192,1120,355400.0,4289300.0,6768.3,0.958832,0.462907,0.495925,1,45.9647,15.7707,27.2647,5801.2002,2437.7,244.3,1.5603,-9.9319,0.4567,0.6811,"Buried or cover-hidden ACTIVE fault (H72-A): the deformation-only view is confident (geodetic second invariant / shear / dilatation gradients and their coherence, earthquake-density kernel edge) while the surface view abstains (no DEM scarp, no slope lineament, no radiometric lineament) -- consistent with a young blind fault straining and micro-seismic beneath cover. HYPOTHESIS, not verified geology.",Anthropogenic subsidence from groundwater withdrawal; irrigation-related aquifer compaction; volcanic inflation or deflation (magma movement without discrete faulting); post-seismic afterslip or viscoelastic relaxation; seasonal hydrological loading; a strain transient on a creeping (aseismic) fault segment.,"Independent evidence of discrete offset: a displaced contact or marker bed, deflected or offset drainage, a facies termination, a fault-plane solution aligned with the lineament, a published structural interpretation, or field observation. None is claimed here.","MEASURED CONTEXT + TEMPLATE HYPOTHESIS; no field observation, no geologist review"
2195,1121,355500.0,4289000.0,6744.6,0.959321,0.356821,0.6025,1,46.0858,15.5284,27.3858,5801.2002,2437.7,270.3,1.7438,-10.4485,0.4173,0.6614,"Buried or cover-hidden ACTIVE fault (H72-A): the deformation-only view is confident (geodetic second invariant / shear / dilatation gradients and their coherence, earthquake-density kernel edge) while the surface view abstains (no DEM scarp, no slope lineament, no radiometric lineament) -- consistent with a young blind fault straining and micro-seismic beneath cover. HYPOTHESIS, not verified geology.",Anthropogenic subsidence from groundwater withdrawal; irrigation-related aquifer compaction; volcanic inflation or deflation (magma movement without discrete faulting); post-seismic afterslip or viscoelastic relaxation; seasonal hydrological loading; a strain transient on a creeping (aseismic) fault segment.,"Independent evidence of discrete offset: a displaced contact or marker bed, deflected or offset drainage, a facies termination, a fault-plane solution aligned with the lineament, a published structural interpretation, or field observation. None is claimed here.","MEASURED CONTEXT + TEMPLATE HYPOTHESIS; no field observation, no geologist review"
2196,1118,355200.0,4288900.0,7060.5,0.971654,0.484964,0.48669,1,46.1012,15.5035,27.3988,5801.2002,2437.7,283.9,0.5792,-10.9771,0.4331,0.6693,"Buried or cover-hidden ACTIVE fault (H72-A): the deformation-only view is confident (geodetic second invariant / shear / dilatation gradients and their coherence, earthquake-density kernel edge) while the surface view abstains (no DEM scarp, no slope lineament, no radiometric lineament) -- consistent with a young blind fault straining and micro-seismic beneath cover. HYPOTHESIS, not verified geology.",Anthropogenic subsidence from groundwater withdrawal; irrigation-related aquifer compaction; volcanic inflation or deflation (magma movement without discrete faulting); post-seismic afterslip or viscoelastic relaxation; seasonal hydrological loading; a strain transient on a creeping (aseismic) fault segment.,"Independent evidence of discrete offset: a displaced contact or marker bed, deflected or offset drainage, a facies termination, a fault-plane solution aligned with the lineament, a published structural interpretation, or field observation. None is claimed here.","MEASURED CONTEXT + TEMPLATE HYPOTHESIS; no field observation, no geologist review"
2217,1195,362900.0,4286800.0,3612.5,0.97702,0.473006,0.504015,1,42.1,13.5267,26.3733,6057.6914,2618.5,105.4,7.5048,-10.4118,0.4488,0.6102,"Buried or cover-hidden ACTIVE fault (H72-A): the deformation-only view is confident (geodetic second invariant / shear / dilatation gradients and their coherence, earthquake-density kernel edge) while the surface view abstains (no DEM scarp, no slope lineament, no radiometric lineament) -- consistent with a young blind fault straining and micro-seismic beneath cover. HYPOTHESIS, not verified geology.",Anthropogenic subsidence from groundwater withdrawal; irrigation-related aquifer compaction; volcanic inflation or deflation (magma movement without discrete faulting); post-seismic afterslip or viscoelastic relaxation; seasonal hydrological loading; a strain transient on a creeping (aseismic) fault segment.,"Independent evidence of discrete offset: a displaced contact or marker bed, deflected or offset drainage, a facies termination, a fault-plane solution aligned with the lineament, a published structural interpretation, or field observation. None is claimed here.","MEASURED CONTEXT + TEMPLATE HYPOTHESIS; no field observation, no geologist review"
2221,1199,363300.0,4286400.0,4060.8,0.983488,0.564722,0.418766,1,42.1,13.3,26.6,4786.1001,2624.3728,97.6,6.2356,-10.6126,0.5906,0.6772,"Buried or cover-hidden ACTIVE fault (H72-A): the deformation-only view is confident (geodetic second invariant / shear / dilatation gradients and their coherence, earthquake-density kernel edge) while the surface view abstains (no DEM scarp, no slope lineament, no radiometric lineament) -- consistent with a young blind fault straining and micro-seismic beneath cover. HYPOTHESIS, not verified geology.",Anthropogenic subsidence from groundwater withdrawal; irrigation-related aquifer compaction; volcanic inflation or deflation (magma movement without discrete faulting); post-seismic afterslip or viscoelastic relaxation; seasonal hydrological loading; a strain transient on a creeping (aseismic) fault segment.,"Independent evidence of discrete offset: a displaced contact or marker bed, deflected or offset drainage, a facies termination, a fault-plane solution aligned with the lineament, a published structural interpretation, or field observation. None is claimed here.","MEASURED CONTEXT + TEMPLATE HYPOTHESIS; no field observation, no geologist review"
2250,1117,355100.0,4283500.0,9899.5,0.971606,0.498515,0.473091,1,45.6388,14.9423,28.2605,5633.7998,2963.8,612.4,1.3447,-16.2341,0.5118,0.5709,"Buried or cover-hidden ACTIVE fault (H72-A): the deformation-only view is confident (geodetic second invariant / shear / dilatation gradients and their coherence, earthquake-density kernel edge) while the surface view abstains (no DEM scarp, no slope lineament, no radiometric lineament) -- consistent with a young blind fault straining and micro-seismic beneath cover. HYPOTHESIS, not verified geology.",Anthropogenic subsidence from groundwater withdrawal; irrigation-related aquifer compaction; volcanic inflation or deflation (magma movement without discrete faulting); post-seismic afterslip or viscoelastic relaxation; seasonal hydrological loading; a strain transient on a creeping (aseismic) fault segment.,"Independent evidence of discrete offset: a displaced contact or marker bed, deflected or offset drainage, a facies termination, a fault-plane solution aligned with the lineament, a published structural interpretation, or field observation. None is claimed here.","MEASURED CONTEXT + TEMPLATE HYPOTHESIS; no field observation, no geologist review"
2253,1119,355300.0,4283200.0,9976.5,0.977268,0.405313,0.571954,1,44.6991,14.5139,27.9139,5633.7998,2963.8,655.1,1.9712,-16.9672,0.563,0.4961,"Buried or cover-hidden ACTIVE fault (H72-A): the deformation-only view is confident (geodetic second invariant / shear / dilatation gradients and their coherence, earthquake-density kernel edge) while the surface view abstains (no DEM scarp, no slope lineament, no radiometric lineament) -- consistent with a young blind fault straining and micro-seismic beneath cover. HYPOTHESIS, not verified geology.",Anthropogenic subsidence from groundwater withdrawal; irrigation-related aquifer compaction; volcanic inflation or deflation (magma movement without discrete faulting); post-seismic afterslip or viscoelastic relaxation; seasonal hydrological loading; a strain transient on a creeping (aseismic) fault segment.,"Independent evidence of discrete offset: a displaced contact or marker bed, deflected or offset drainage, a facies termination, a fault-plane solution aligned with the lineament, a published structural interpretation, or field observation. None is claimed here.","MEASURED CONTEXT + TEMPLATE HYPOTHESIS; no field observation, no geologist review"
2255,1116,355000.0,4283000.0,10327.6,0.993434,0.37413,0.619304,1,44.8468,14.583,27.8617,5633.7998,2963.8,702.8,1.2402,-17.1645,0.5906,0.5945,"Buried or cover-hidden ACTIVE fault (H72-A): the deformation-only view is confident (geodetic second invariant / shear / dilatation gradients and their coherence, earthquake-density kernel edge) while the surface view abstains (no DEM scarp, no slope lineament, no radiometric lineament) -- consistent with a young blind fault straining and micro-seismic beneath cover. HYPOTHESIS, not verified geology.",Anthropogenic subsidence from groundwater withdrawal; irrigation-related aquifer compaction; volcanic inflation or deflation (magma movement without discrete faulting); post-seismic afterslip or viscoelastic relaxation; seasonal hydrological loading; a strain transient on a creeping (aseismic) fault segment.,"Independent evidence of discrete offset: a displaced contact or marker bed, deflected or offset drainage, a facies termination, a fault-plane solution aligned with the lineament, a published structural interpretation, or field observation. None is claimed here.","MEASURED CONTEXT + TEMPLATE HYPOTHESIS; no field observation, no geologist review"
2284,1909,434300.0,4280100.0,4400.0,0.997388,0.598406,0.398982,1,15.5,5.5,9.1,309.0,964.2473,1160.8,1.7699,-23.2842,0.4606,0.5354,"Buried or cover-hidden ACTIVE fault (H72-A): the deformation-only view is confident (geodetic second invariant / shear / dilatation gradients and their coherence, earthquake-density kernel edge) while the surface view abstains (no DEM scarp, no slope lineament, no radiometric lineament) -- consistent with a young blind fault straining and micro-seismic beneath cover. HYPOTHESIS, not verified geology.",Anthropogenic subsidence from groundwater withdrawal; irrigation-related aquifer compaction; volcanic inflation or deflation (magma movement without discrete faulting); post-seismic afterslip or viscoelastic relaxation; seasonal hydrological loading; a strain transient on a creeping (aseismic) fault segment.,"Independent evidence of discrete offset: a displaced contact or marker bed, deflected or offset drainage, a facies termination, a fault-plane solution aligned with the lineament, a published structural interpretation, or field observation. None is claimed here.","MEASURED CONTEXT + TEMPLATE HYPOTHESIS; no field observation, no geologist review"
2295,1144,357800.0,4279000.0,9900.5,0.969369,0.614249,0.35512,1,42.3,12.9,26.5,4941.2002,3050.8,1373.4,2.9497,-20.8701,0.5787,0.4764,"Buried or cover-hidden ACTIVE fault (H72-A): the deformation-only view is confident (geodetic second invariant / shear / dilatation gradients and their coherence, earthquake-density kernel edge) while the surface view abstains (no DEM scarp, no slope lineament, no radiometric lineament) -- consistent with a young blind fault straining and micro-seismic beneath cover. HYPOTHESIS, not verified geology.",Anthropogenic subsidence from groundwater withdrawal; irrigation-related aquifer compaction; volcanic inflation or deflation (magma movement without discrete faulting); post-seismic afterslip or viscoelastic relaxation; seasonal hydrological loading; a strain transient on a creeping (aseismic) fault segment.,"Independent evidence of discrete offset: a displaced contact or marker bed, deflected or offset drainage, a facies termination, a fault-plane solution aligned with the lineament, a published structural interpretation, or field observation. None is claimed here.","MEASURED CONTEXT + TEMPLATE HYPOTHESIS; no field observation, no geologist review"
2311,1119,355300.0,4277400.0,7000.7,0.97617,0.356713,0.619457,1,42.3781,12.4927,27.4861,4941.2002,3159.6001,1985.2,0.7559,-22.0676,0.2795,0.6654,"Buried or cover-hidden ACTIVE fault (H72-A): the deformation-only view is confident (geodetic second invariant / shear / dilatation gradients and their coherence, earthquake-density kernel edge) while the surface view abstains (no DEM scarp, no slope lineament, no radiometric lineament) -- consistent with a young blind fault straining and micro-seismic beneath cover. HYPOTHESIS, not verified geology.",Anthropogenic subsidence from groundwater withdrawal; irrigation-related aquifer compaction; volcanic inflation or deflation (magma movement without discrete faulting); post-seismic afterslip or viscoelastic relaxation; seasonal hydrological loading; a strain transient on a creeping (aseismic) fault segment.,"Independent evidence of discrete offset: a displaced contact or marker bed, deflected or offset drainage, a facies termination, a fault-plane solution aligned with the lineament, a published structural interpretation, or field observation. None is claimed here.","MEASURED CONTEXT + TEMPLATE HYPOTHESIS; no field observation, no geologist review"
2316,1120,355400.0,4276900.0,6717.9,0.967401,0.352086,0.615315,1,41.8,12.3,28.0,4941.2002,3159.6001,2016.1,0.6794,-22.1073,0.374,0.7165,"Buried or cover-hidden ACTIVE fault (H72-A): the deformation-only view is confident (geodetic second invariant / shear / dilatation gradients and their coherence, earthquake-density kernel edge) while the surface view abstains (no DEM scarp, no slope lineament, no radiometric lineament) -- consistent with a young blind fault straining and micro-seismic beneath cover. HYPOTHESIS, not verified geology.",Anthropogenic subsidence from groundwater withdrawal; irrigation-related aquifer compaction; volcanic inflation or deflation (magma movement without discrete faulting); post-seismic afterslip or viscoelastic relaxation; seasonal hydrological loading; a strain transient on a creeping (aseismic) fault segment.,"Independent evidence of discrete offset: a displaced contact or marker bed, deflected or offset drainage, a facies termination, a fault-plane solution aligned with the lineament, a published structural interpretation, or field observation. None is claimed here.","MEASURED CONTEXT + TEMPLATE HYPOTHESIS; no field observation, no geologist review"
2326,1143,357700.0,4275900.0,7964.9,0.959496,0.418623,0.540872,1,41.2,12.1,27.3,4093.6001,3472.8999,1821.4,1.5314,-23.2027,0.3583,0.7047,"Buried or cover-hidden ACTIVE fault (H72-A): the deformation-only view is confident (geodetic second invariant / shear / dilatation gradients and their coherence, earthquake-density kernel edge) while the surface view abstains (no DEM scarp, no slope lineament, no radiometric lineament) -- consistent with a young blind fault straining and micro-seismic beneath cover. HYPOTHESIS, not verified geology.",Anthropogenic subsidence from groundwater withdrawal; irrigation-related aquifer compaction; volcanic inflation or deflation (magma movement without discrete faulting); post-seismic afterslip or viscoelastic relaxation; seasonal hydrological loading; a strain transient on a creeping (aseismic) fault segment.,"Independent evidence of discrete offset: a displaced contact or marker bed, deflected or offset drainage, a facies termination, a fault-plane solution aligned with the lineament, a published structural interpretation, or field observation. None is claimed here.","MEASURED CONTEXT + TEMPLATE HYPOTHESIS; no field observation, no geologist review"
2327,1139,357300.0,4275800.0,7566.4,0.956106,0.49517,0.460936,1,41.2,12.1,27.3,4093.6001,3472.8999,1993.7,0.6671,-23.6532,0.3543,0.6772,"Buried or cover-hidden ACTIVE fault (H72-A): the deformation-only view is confident (geodetic second invariant / shear / dilatation gradients and their coherence, earthquake-density kernel edge) while the surface view abstains (no DEM scarp, no slope lineament, no radiometric lineament) -- consistent with a young blind fault straining and micro-seismic beneath cover. HYPOTHESIS, not verified geology.",Anthropogenic subsidence from groundwater withdrawal; irrigation-related aquifer compaction; volcanic inflation or deflation (magma movement without discrete faulting); post-seismic afterslip or viscoelastic relaxation; seasonal hydrological loading; a strain transient on a creeping (aseismic) fault segment.,"Independent evidence of discrete offset: a displaced contact or marker bed, deflected or offset drainage, a facies termination, a fault-plane solution aligned with the lineament, a published structural interpretation, or field observation. None is claimed here.","MEASURED CONTEXT + TEMPLATE HYPOTHESIS; no field observation, no geologist review"
2328,1150,358400.0,4275700.0,8500.0,0.977731,0.579473,0.398258,1,41.2,12.1,27.3,4693.8521,3501.3235,1558.8,1.7715,-22.4139,0.5551,0.6614,"Buried or cover-hidden ACTIVE fault (H72-A): the deformation-only view is confident (geodetic second invariant / shear / dilatation gradients and their coherence, earthquake-density kernel edge) while the surface view abstains (no DEM scarp, no slope lineament, no radiometric lineament) -- consistent with a young blind fault straining and micro-seismic beneath cover. HYPOTHESIS, not verified geology.",Anthropogenic subsidence from groundwater withdrawal; irrigation-related aquifer compaction; volcanic inflation or deflation (magma movement without discrete faulting); post-seismic afterslip or viscoelastic relaxation; seasonal hydrological loading; a strain transient on a creeping (aseismic) fault segment.,"Independent evidence of discrete offset: a displaced contact or marker bed, deflected or offset drainage, a facies termination, a fault-plane solution aligned with the lineament, a published structural interpretation, or field observation. None is claimed here.","MEASURED CONTEXT + TEMPLATE HYPOTHESIS; no field observation, no geologist review"
2329,1136,357000.0,4275600.0,7206.9,0.964424,0.380693,0.583732,1,41.4627,12.1876,27.6065,4093.6001,3472.8999,2106.9,0.9197,-23.8342,0.3307,0.6181,"Buried or cover-hidden ACTIVE fault (H72-A): the deformation-only view is confident (geodetic second invariant / shear / dilatation gradients and their coherence, earthquake-density kernel edge) while the surface view abstains (no DEM scarp, no slope lineament, no radiometric lineament) -- consistent with a young blind fault straining and micro-seismic beneath cover. HYPOTHESIS, not verified geology.",Anthropogenic subsidence from groundwater withdrawal; irrigation-related aquifer compaction; volcanic inflation or deflation (magma movement without discrete faulting); post-seismic afterslip or viscoelastic relaxation; seasonal hydrological loading; a strain transient on a creeping (aseismic) fault segment.,"Independent evidence of discrete offset: a displaced contact or marker bed, deflected or offset drainage, a facies termination, a fault-plane solution aligned with the lineament, a published structural interpretation, or field observation. None is claimed here.","MEASURED CONTEXT + TEMPLATE HYPOTHESIS; no field observation, no geologist review"
2329,1144,357800.0,4275600.0,7915.8,0.970089,0.373527,0.596562,1,41.2,12.1,27.3,4093.6001,3472.8999,1853.8,1.0041,-23.3835,0.3898,0.6535,"Buried or cover-hidden ACTIVE fault (H72-A): the deformation-only view is confident (geodetic second invariant / shear / dilatation gradients and their coherence, earthquake-density kernel edge) while the surface view abstains (no DEM scarp, no slope lineament, no radiometric lineament) -- consistent with a young blind fault straining and micro-seismic beneath cover. HYPOTHESIS, not verified geology.",Anthropogenic subsidence from groundwater withdrawal; irrigation-related aquifer compaction; volcanic inflation or deflation (magma movement without discrete faulting); post-seismic afterslip or viscoelastic relaxation; seasonal hydrological loading; a strain transient on a creeping (aseismic) fault segment.,"Independent evidence of discrete offset: a displaced contact or marker bed, deflected or offset drainage, a facies termination, a fault-plane solution aligned with the lineament, a published structural interpretation, or field observation. None is claimed here.","MEASURED CONTEXT + TEMPLATE HYPOTHESIS; no field observation, no geologist review"
2330,1139,357300.0,4275500.0,7424.3,0.963431,0.422495,0.540936,1,40.9896,11.9661,27.3765,4093.6001,3472.8999,2060.0,0.7359,-23.9324,0.2717,0.6772,"Buried or cover-hidden ACTIVE fault (H72-A): the deformation-only view is confident (geodetic second invariant / shear / dilatation gradients and their coherence, earthquake-density kernel edge) while the surface view abstains (no DEM scarp, no slope lineament, no radiometric lineament) -- consistent with a young blind fault straining and micro-seismic beneath cover. HYPOTHESIS, not verified geology.",Anthropogenic subsidence from groundwater withdrawal; irrigation-related aquifer compaction; volcanic inflation or deflation (magma movement without discrete faulting); post-seismic afterslip or viscoelastic relaxation; seasonal hydrological loading; a strain transient on a creeping (aseismic) fault segment.,"Independent evidence of discrete offset: a displaced contact or marker bed, deflected or offset drainage, a facies termination, a fault-plane solution aligned with the lineament, a published structural interpretation, or field observation. None is claimed here.","MEASURED CONTEXT + TEMPLATE HYPOTHESIS; no field observation, no geologist review"
2333,1149,358300.0,4275200.0,8207.9,0.979699,0.432397,0.547302,1,40.3252,11.5433,27.6181,4339.9756,3484.5664,1751.0,1.0924,-23.1769,0.4803,0.7165,"Buried or cover-hidden ACTIVE fault (H72-A): the deformation-only view is confident (geodetic second invariant / shear / dilatation gradients and their coherence, earthquake-density kernel edge) while the surface view abstains (no DEM scarp, no slope lineament, no radiometric lineament) -- consistent with a young blind fault straining and micro-seismic beneath cover. HYPOTHESIS, not verified geology.",Anthropogenic subsidence from groundwater withdrawal; irrigation-related aquifer compaction; volcanic inflation or deflation (magma movement without discrete faulting); post-seismic afterslip or viscoelastic relaxation; seasonal hydrological loading; a strain transient on a creeping (aseismic) fault segment.,"Independent evidence of discrete offset: a displaced contact or marker bed, deflected or offset drainage, a facies termination, a fault-plane solution aligned with the lineament, a published structural interpretation, or field observation. None is claimed here.","MEASURED CONTEXT + TEMPLATE HYPOTHESIS; no field observation, no geologist review"
2334,1137,357100.0,4275100.0,7068.2,0.967379,0.387757,0.579622,1,40.2921,11.2567,27.8914,4093.6001,3472.8999,2183.4,0.6574,-24.257,0.3819,0.5984,"Buried or cover-hidden ACTIVE fault (H72-A): the deformation-only view is confident (geodetic second invariant / shear / dilatation gradients and their coherence, earthquake-density kernel edge) while the surface view abstains (no DEM scarp, no slope lineament, no radiometric lineament) -- consistent with a young blind fault straining and micro-seismic beneath cover. HYPOTHESIS, not verified geology.",Anthropogenic subsidence from groundwater withdrawal; irrigation-related aquifer compaction; volcanic inflation or deflation (magma movement without discrete faulting); post-seismic afterslip or viscoelastic relaxation; seasonal hydrological loading; a strain transient on a creeping (aseismic) fault segment.,"Independent evidence of discrete offset: a displaced contact or marker bed, deflected or offset drainage, a facies termination, a fault-plane solution aligned with the lineament, a published structural interpretation, or field observation. None is claimed here.","MEASURED CONTEXT + TEMPLATE HYPOTHESIS; no field observation, no geologist review"
2335,1928,436200.0,4275000.0,4455.3,0.9843,0.625528,0.358773,1,15.5,7.0,7.2,356.5,962.6,1384.3,1.6254,-22.6668,0.5669,0.7677,"Buried or cover-hidden ACTIVE fault (H72-A): the deformation-only view is confident (geodetic second invariant / shear / dilatation gradients and their coherence, earthquake-density kernel edge) while the surface view abstains (no DEM scarp, no slope lineament, no radiometric lineament) -- consistent with a young blind fault straining and micro-seismic beneath cover. HYPOTHESIS, not verified geology.",Anthropogenic subsidence from groundwater withdrawal; irrigation-related aquifer compaction; volcanic inflation or deflation (magma movement without discrete faulting); post-seismic afterslip or viscoelastic relaxation; seasonal hydrological loading; a strain transient on a creeping (aseismic) fault segment.,"Independent evidence of discrete offset: a displaced contact or marker bed, deflected or offset drainage, a facies termination, a fault-plane solution aligned with the lineament, a published structural interpretation, or field observation. None is claimed here.","MEASURED CONTEXT + TEMPLATE HYPOTHESIS; no field observation, no geologist review"
2341,1104,353800.0,4274400.0,3860.1,0.968613,0.355913,0.6127,1,41.7,11.1,29.4,3933.2383,3100.0823,1171.4,0.6526,-15.988,0.5079,0.3937,"Buried or cover-hidden ACTIVE fault (H72-A): the deformation-only view is confident (geodetic second invariant / shear / dilatation gradients and their coherence, earthquake-density kernel edge) while the surface view abstains (no DEM scarp, no slope lineament, no radiometric lineament) -- consistent with a young blind fault straining and micro-seismic beneath cover. HYPOTHESIS, not verified geology.",Anthropogenic subsidence from groundwater withdrawal; irrigation-related aquifer compaction; volcanic inflation or deflation (magma movement without discrete faulting); post-seismic afterslip or viscoelastic relaxation; seasonal hydrological loading; a strain transient on a creeping (aseismic) fault segment.,"Independent evidence of discrete offset: a displaced contact or marker bed, deflected or offset drainage, a facies termination, a fault-plane solution aligned with the lineament, a published structural interpretation, or field observation. None is claimed here.","MEASURED CONTEXT + TEMPLATE HYPOTHESIS; no field observation, no geologist review"
2343,1159,359300.0,4274200.0,8720.7,0.989283,0.370588,0.618695,1,40.0,11.6,27.1,5882.2998,3679.3276,1734.7,1.1301,-23.2479,0.3898,0.6732,"Buried or cover-hidden ACTIVE fault (H72-A): the deformation-only view is confident (geodetic second invariant / shear / dilatation gradients and their coherence, earthquake-density kernel edge) while the surface view abstains (no DEM scarp, no slope lineament, no radiometric lineament) -- consistent with a young blind fault straining and micro-seismic beneath cover. HYPOTHESIS, not verified geology.",Anthropogenic subsidence from groundwater withdrawal; irrigation-related aquifer compaction; volcanic inflation or deflation (magma movement without discrete faulting); post-seismic afterslip or viscoelastic relaxation; seasonal hydrological loading; a strain transient on a creeping (aseismic) fault segment.,"Independent evidence of discrete offset: a displaced contact or marker bed, deflected or offset drainage, a facies termination, a fault-plane solution aligned with the lineament, a published structural interpretation, or field observation. None is claimed here.","MEASURED CONTEXT + TEMPLATE HYPOTHESIS; no field observation, no geologist review"
2344,1156,359000.0,4274100.0,8407.7,0.993739,0.3567,0.637038,1,40.0475,11.505,27.385,5882.2998,3707.3,1887.0,1.024,-23.8668,0.4094,0.689,"Buried or cover-hidden ACTIVE fault (H72-A): the deformation-only view is confident (geodetic second invariant / shear / dilatation gradients and their coherence, earthquake-density kernel edge) while the surface view abstains (no DEM scarp, no slope lineament, no radiometric lineament) -- consistent with a young blind fault straining and micro-seismic beneath cover. HYPOTHESIS, not verified geology.",Anthropogenic subsidence from groundwater withdrawal; irrigation-related aquifer compaction; volcanic inflation or deflation (magma movement without discrete faulting); post-seismic afterslip or viscoelastic relaxation; seasonal hydrological loading; a strain transient on a creeping (aseismic) fault segment.,"Independent evidence of discrete offset: a displaced contact or marker bed, deflected or offset drainage, a facies termination, a fault-plane solution aligned with the lineament, a published structural interpretation, or field observation. None is claimed here.","MEASURED CONTEXT + TEMPLATE HYPOTHESIS; no field observation, no geologist review"
2344,1164,359800.0,4274100.0,8634.8,0.97391,0.504202,0.469708,1,40.0,11.6,27.1,5882.2998,3707.3,1607.2,1.3719,-22.713,0.5118,0.685,"Buried or cover-hidden ACTIVE fault (H72-A): the deformation-only view is confident (geodetic second invariant / shear / dilatation gradients and their coherence, earthquake-density kernel edge) while the surface view abstains (no DEM scarp, no slope lineament, no radiometric lineament) -- consistent with a young blind fault straining and micro-seismic beneath cover. HYPOTHESIS, not verified geology.",Anthropogenic subsidence from groundwater withdrawal; irrigation-related aquifer compaction; volcanic inflation or deflation (magma movement without discrete faulting); post-seismic afterslip or viscoelastic relaxation; seasonal hydrological loading; a strain transient on a creeping (aseismic) fault segment.,"Independent evidence of discrete offset: a displaced contact or marker bed, deflected or offset drainage, a facies termination, a fault-plane solution aligned with the lineament, a published structural interpretation, or field observation. None is claimed here.","MEASURED CONTEXT + TEMPLATE HYPOTHESIS; no field observation, no geologist review"
2347,1165,359900.0,4273800.0,8612.8,0.977617,0.433761,0.543856,1,40.0,11.6,27.1,5882.2998,3707.3,1683.2,0.9889,-23.108,0.5827,0.6732,"Buried or cover-hidden ACTIVE fault (H72-A): the deformation-only view is confident (geodetic second invariant / shear / dilatation gradients and their coherence, earthquake-density kernel edge) while the surface view abstains (no DEM scarp, no slope lineament, no radiometric lineament) -- consistent with a young blind fault straining and micro-seismic beneath cover. HYPOTHESIS, not verified geology.",Anthropogenic subsidence from groundwater withdrawal; irrigation-related aquifer compaction; volcanic inflation or deflation (magma movement without discrete faulting); post-seismic afterslip or viscoelastic relaxation; seasonal hydrological loading; a strain transient on a creeping (aseismic) fault segment.,"Independent evidence of discrete offset: a displaced contact or marker bed, deflected or offset drainage, a facies termination, a fault-plane solution aligned with the lineament, a published structural interpretation, or field observation. None is claimed here.","MEASURED CONTEXT + TEMPLATE HYPOTHESIS; no field observation, no geologist review"
2348,1898,433200.0,4273700.0,3860.1,0.986481,0.625204,0.361277,1,18.1,8.0,7.9,356.5,1119.2,693.5,2.0056,-19.6912,0.5472,0.8031,"Buried or cover-hidden ACTIVE fault (H72-A): the deformation-only view is confident (geodetic second invariant / shear / dilatation gradients and their coherence, earthquake-density kernel edge) while the surface view abstains (no DEM scarp, no slope lineament, no radiometric lineament) -- consistent with a young blind fault straining and micro-seismic beneath cover. HYPOTHESIS, not verified geology.",Anthropogenic subsidence from groundwater withdrawal; irrigation-related aquifer compaction; volcanic inflation or deflation (magma movement without discrete faulting); post-seismic afterslip or viscoelastic relaxation; seasonal hydrological loading; a strain transient on a creeping (aseismic) fault segment.,"Independent evidence of discrete offset: a displaced contact or marker bed, deflected or offset drainage, a facies termination, a fault-plane solution aligned with the lineament, a published structural interpretation, or field observation. None is claimed here.","MEASURED CONTEXT + TEMPLATE HYPOTHESIS; no field observation, no geologist review"
2349,1104,353800.0,4273600.0,3443.8,0.982691,0.438299,0.544392,1,41.7,11.1,29.4,3933.3276,3122.6001,1068.7,0.7003,-14.889,0.5079,0.2717,"Buried or cover-hidden ACTIVE fault (H72-A): the deformation-only view is confident (geodetic second invariant / shear / dilatation gradients and their coherence, earthquake-density kernel edge) while the surface view abstains (no DEM scarp, no slope lineament, no radiometric lineament) -- consistent with a young blind fault straining and micro-seismic beneath cover. HYPOTHESIS, not verified geology.",Anthropogenic subsidence from groundwater withdrawal; irrigation-related aquifer compaction; volcanic inflation or deflation (magma movement without discrete faulting); post-seismic afterslip or viscoelastic relaxation; seasonal hydrological loading; a strain transient on a creeping (aseismic) fault segment.,"Independent evidence of discrete offset: a displaced contact or marker bed, deflected or offset drainage, a facies termination, a fault-plane solution aligned with the lineament, a published structural interpretation, or field observation. None is claimed here.","MEASURED CONTEXT + TEMPLATE HYPOTHESIS; no field observation, no geologist review"
2350,1164,359800.0,4273500.0,8793.2,0.976309,0.448156,0.528153,1,40.0,11.6,27.1,5882.2998,3707.3,1818.0,0.8714,-23.7793,0.6142,0.6299,"Buried or cover-hidden ACTIVE fault (H72-A): the deformation-only view is confident (geodetic second invariant / shear / dilatation gradients and their coherence, earthquake-density kernel edge) while the surface view abstains (no DEM scarp, no slope lineament, no radiometric lineament) -- consistent with a young blind fault straining and micro-seismic beneath cover. HYPOTHESIS, not verified geology.",Anthropogenic subsidence from groundwater withdrawal; irrigation-related aquifer compaction; volcanic inflation or deflation (magma movement without discrete faulting); post-seismic afterslip or viscoelastic relaxation; seasonal hydrological loading; a strain transient on a creeping (aseismic) fault segment.,"Independent evidence of discrete offset: a displaced contact or marker bed, deflected or offset drainage, a facies termination, a fault-plane solution aligned with the lineament, a published structural interpretation, or field observation. None is claimed here.","MEASURED CONTEXT + TEMPLATE HYPOTHESIS; no field observation, no geologist review"
2364,1190,362400.0,4272100.0,7045.6,0.950422,0.37008,0.580342,1,39.9,11.3,27.0,5882.2998,4395.459,1960.5,1.1223,-23.5228,0.4843,0.6929,"Buried or cover-hidden ACTIVE fault (H72-A): the deformation-only view is confident (geodetic second invariant / shear / dilatation gradients and their coherence, earthquake-density kernel edge) while the surface view abstains (no DEM scarp, no slope lineament, no radiometric lineament) -- consistent with a young blind fault straining and micro-seismic beneath cover. HYPOTHESIS, not verified geology.",Anthropogenic subsidence from groundwater withdrawal; irrigation-related aquifer compaction; volcanic inflation or deflation (magma movement without discrete faulting); post-seismic afterslip or viscoelastic relaxation; seasonal hydrological loading; a strain transient on a creeping (aseismic) fault segment.,"Independent evidence of discrete offset: a displaced contact or marker bed, deflected or offset drainage, a facies termination, a fault-plane solution aligned with the lineament, a published structural interpretation, or field observation. None is claimed here.","MEASURED CONTEXT + TEMPLATE HYPOTHESIS; no field observation, no geologist review"
2365,1194,362800.0,4272000.0,6780.1,0.955529,0.367783,0.587746,1,39.8892,11.2892,27.0,6053.1831,4880.7002,1961.6,1.0218,-23.5436,0.5039,0.7598,"Buried or cover-hidden ACTIVE fault (H72-A): the deformation-only view is confident (geodetic second invariant / shear / dilatation gradients and their coherence, earthquake-density kernel edge) while the surface view abstains (no DEM scarp, no slope lineament, no radiometric lineament) -- consistent with a young blind fault straining and micro-seismic beneath cover. HYPOTHESIS, not verified geology.",Anthropogenic subsidence from groundwater withdrawal; irrigation-related aquifer compaction; volcanic inflation or deflation (magma movement without discrete faulting); post-seismic afterslip or viscoelastic relaxation; seasonal hydrological loading; a strain transient on a creeping (aseismic) fault segment.,"Independent evidence of discrete offset: a displaced contact or marker bed, deflected or offset drainage, a facies termination, a fault-plane solution aligned with the lineament, a published structural interpretation, or field observation. None is claimed here.","MEASURED CONTEXT + TEMPLATE HYPOTHESIS; no field observation, no geologist review"
2366,1175,360900.0,4271900.0,8422.0,0.968267,0.511507,0.45676,1,39.971,11.5129,27.071,5882.2998,4223.3999,1948.3,1.126,-23.4543,0.5709,0.7441,"Buried or cover-hidden ACTIVE fault (H72-A): the deformation-only view is confident (geodetic second invariant / shear / dilatation gradients and their coherence, earthquake-density kernel edge) while the surface view abstains (no DEM scarp, no slope lineament, no radiometric lineament) -- consistent with a young blind fault straining and micro-seismic beneath cover. HYPOTHESIS, not verified geology.",Anthropogenic subsidence from groundwater withdrawal; irrigation-related aquifer compaction; volcanic inflation or deflation (magma movement without discrete faulting); post-seismic afterslip or viscoelastic relaxation; seasonal hydrological loading; a strain transient on a creeping (aseismic) fault segment.,"Independent evidence of discrete offset: a displaced contact or marker bed, deflected or offset drainage, a facies termination, a fault-plane solution aligned with the lineament, a published structural interpretation, or field observation. None is claimed here.","MEASURED CONTEXT + TEMPLATE HYPOTHESIS; no field observation, no geologist review"
2367,1201,363500.0,4271800.0,6370.2,0.951308,0.424881,0.526426,1,39.7,11.1,27.0,9032.2002,4880.7002,1957.9,0.9294,-23.6411,0.563,0.7244,"Buried or cover-hidden ACTIVE fault (H72-A): the deformation-only view is confident (geodetic second invariant / shear / dilatation gradients and their coherence, earthquake-density kernel edge) while the surface view abstains (no DEM scarp, no slope lineament, no radiometric lineament) -- consistent with a young blind fault straining and micro-seismic beneath cover. HYPOTHESIS, not verified geology.",Anthropogenic subsidence from groundwater withdrawal; irrigation-related aquifer compaction; volcanic inflation or deflation (magma movement without discrete faulting); post-seismic afterslip or viscoelastic relaxation; seasonal hydrological loading; a strain transient on a creeping (aseismic) fault segment.,"Independent evidence of discrete offset: a displaced contact or marker bed, deflected or offset drainage, a facies termination, a fault-plane solution aligned with the lineament, a published structural interpretation, or field observation. None is claimed here.","MEASURED CONTEXT + TEMPLATE HYPOTHESIS; no field observation, no geologist review"
2370,1179,361300.0,4271500.0,8292.8,0.979978,0.417893,0.562085,1,39.8737,11.2737,27.0263,5882.2998,4223.3999,1891.7,0.9905,-22.8504,0.626,0.5354,"Buried or cover-hidden ACTIVE fault (H72-A): the deformation-only view is confident (geodetic second invariant / shear / dilatation gradients and their coherence, earthquake-density kernel edge) while the surface view abstains (no DEM scarp, no slope lineament, no radiometric lineament) -- consistent with a young blind fault straining and micro-seismic beneath cover. HYPOTHESIS, not verified geology.",Anthropogenic subsidence from groundwater withdrawal; irrigation-related aquifer compaction; volcanic inflation or deflation (magma movement without discrete faulting); post-seismic afterslip or viscoelastic relaxation; seasonal hydrological loading; a strain transient on a creeping (aseismic) fault segment.,"Independent evidence of discrete offset: a displaced contact or marker bed, deflected or offset drainage, a facies termination, a fault-plane solution aligned with the lineament, a published structural interpretation, or field observation. None is claimed here.","MEASURED CONTEXT + TEMPLATE HYPOTHESIS; no field observation, no geologist review"
2386,1116,355000.0,4269900.0,2996.7,0.981301,0.351743,0.629558,1,40.397,9.8618,29.297,2639.2,3846.6001,727.5,0.4954,-12.8997,0.4213,0.2165,"Buried or cover-hidden ACTIVE fault (H72-A): the deformation-only view is confident (geodetic second invariant / shear / dilatation gradients and their coherence, earthquake-density kernel edge) while the surface view abstains (no DEM scarp, no slope lineament, no radiometric lineament) -- consistent with a young blind fault straining and micro-seismic beneath cover. HYPOTHESIS, not verified geology.",Anthropogenic subsidence from groundwater withdrawal; irrigation-related aquifer compaction; volcanic inflation or deflation (magma movement without discrete faulting); post-seismic afterslip or viscoelastic relaxation; seasonal hydrological loading; a strain transient on a creeping (aseismic) fault segment.,"Independent evidence of discrete offset: a displaced contact or marker bed, deflected or offset drainage, a facies termination, a fault-plane solution aligned with the lineament, a published structural interpretation, or field observation. None is claimed here.","MEASURED CONTEXT + TEMPLATE HYPOTHESIS; no field observation, no geologist review"
2389,1116,355000.0,4269600.0,2879.2,0.991936,0.374371,0.617565,1,40.4036,9.853,29.3505,2639.2,3846.6001,670.7,0.5463,-12.7124,0.4685,0.1496,"Buried or cover-hidden ACTIVE fault (H72-A): the deformation-only view is confident (geodetic second invariant / shear / dilatation gradients and their coherence, earthquake-density kernel edge) while the surface view abstains (no DEM scarp, no slope lineament, no radiometric lineament) -- consistent with a young blind fault straining and micro-seismic beneath cover. HYPOTHESIS, not verified geology.",Anthropogenic subsidence from groundwater withdrawal; irrigation-related aquifer compaction; volcanic inflation or deflation (magma movement without discrete faulting); post-seismic afterslip or viscoelastic relaxation; seasonal hydrological loading; a strain transient on a creeping (aseismic) fault segment.,"Independent evidence of discrete offset: a displaced contact or marker bed, deflected or offset drainage, a facies termination, a fault-plane solution aligned with the lineament, a published structural interpretation, or field observation. None is claimed here.","MEASURED CONTEXT + TEMPLATE HYPOTHESIS; no field observation, no geologist review"
2395,1416,385000.0,4269000.0,1562.0,0.990013,0.411013,0.579,1,44.1367,16.6851,23.1963,33324.1016,4456.0,404.6,1.8692,-13.1155,0.4409,0.6535,"Buried or cover-hidden ACTIVE fault (H72-A): the deformation-only view is confident (geodetic second invariant / shear / dilatation gradients and their coherence, earthquake-density kernel edge) while the surface view abstains (no DEM scarp, no slope lineament, no radiometric lineament) -- consistent with a young blind fault straining and micro-seismic beneath cover. HYPOTHESIS, not verified geology.",Anthropogenic subsidence from groundwater withdrawal; irrigation-related aquifer compaction; volcanic inflation or deflation (magma movement without discrete faulting); post-seismic afterslip or viscoelastic relaxation; seasonal hydrological loading; a strain transient on a creeping (aseismic) fault segment.,"Independent evidence of discrete offset: a displaced contact or marker bed, deflected or offset drainage, a facies termination, a fault-plane solution aligned with the lineament, a published structural interpretation, or field observation. None is claimed here.","MEASURED CONTEXT + TEMPLATE HYPOTHESIS; no field observation, no geologist review"
2398,1414,384800.0,4268700.0,1920.9,0.997528,0.505103,0.492425,1,44.2,16.7,23.2,38195.0273,4514.8262,427.9,1.4953,-13.6895,0.4134,0.6693,"Buried or cover-hidden ACTIVE fault (H72-A): the deformation-only view is confident (geodetic second invariant / shear / dilatation gradients and their coherence, earthquake-density kernel edge) while the surface view abstains (no DEM scarp, no slope lineament, no radiometric lineament) -- consistent with a young blind fault straining and micro-seismic beneath cover. HYPOTHESIS, not verified geology.",Anthropogenic subsidence from groundwater withdrawal; irrigation-related aquifer compaction; volcanic inflation or deflation (magma movement without discrete faulting); post-seismic afterslip or viscoelastic relaxation; seasonal hydrological loading; a strain transient on a creeping (aseismic) fault segment.,"Independent evidence of discrete offset: a displaced contact or marker bed, deflected or offset drainage, a facies termination, a fault-plane solution aligned with the lineament, a published structural interpretation, or field observation. None is claimed here.","MEASURED CONTEXT + TEMPLATE HYPOTHESIS; no field observation, no geologist review"
2398,1417,385100.0,4268700.0,1697.1,0.975091,0.572618,0.402473,1,43.7997,16.6058,23.1765,33324.1016,4456.0,408.7,1.4828,-13.9556,0.437,0.5866,"Buried or cover-hidden ACTIVE fault (H72-A): the deformation-only view is confident (geodetic second invariant / shear / dilatation gradients and their coherence, earthquake-density kernel edge) while the surface view abstains (no DEM scarp, no slope lineament, no radiometric lineament) -- consistent with a young blind fault straining and micro-seismic beneath cover. HYPOTHESIS, not verified geology.",Anthropogenic subsidence from groundwater withdrawal; irrigation-related aquifer compaction; volcanic inflation or deflation (magma movement without discrete faulting); post-seismic afterslip or viscoelastic relaxation; seasonal hydrological loading; a strain transient on a creeping (aseismic) fault segment.,"Independent evidence of discrete offset: a displaced contact or marker bed, deflected or offset drainage, a facies termination, a fault-plane solution aligned with the lineament, a published structural interpretation, or field observation. None is claimed here.","MEASURED CONTEXT + TEMPLATE HYPOTHESIS; no field observation, no geologist review"
2399,1123,355700.0,4268600.0,3252.7,0.985595,0.390467,0.595128,1,40.1,10.1,29.3,2639.2,3860.4062,665.7,0.1345,-14.2988,0.626,0.3071,"Buried or cover-hidden ACTIVE fault (H72-A): the deformation-only view is confident (geodetic second invariant / shear / dilatation gradients and their coherence, earthquake-density kernel edge) while the surface view abstains (no DEM scarp, no slope lineament, no radiometric lineament) -- consistent with a young blind fault straining and micro-seismic beneath cover. HYPOTHESIS, not verified geology.",Anthropogenic subsidence from groundwater withdrawal; irrigation-related aquifer compaction; volcanic inflation or deflation (magma movement without discrete faulting); post-seismic afterslip or viscoelastic relaxation; seasonal hydrological loading; a strain transient on a creeping (aseismic) fault segment.,"Independent evidence of discrete offset: a displaced contact or marker bed, deflected or offset drainage, a facies termination, a fault-plane solution aligned with the lineament, a published structural interpretation, or field observation. None is claimed here.","MEASURED CONTEXT + TEMPLATE HYPOTHESIS; no field observation, no geologist review"
2403,1121,355500.0,4268200.0,2832.0,0.990978,0.366665,0.624312,1,40.1,10.1,29.3,2639.2,3946.0017,553.1,0.6721,-13.437,0.5315,0.248,"Buried or cover-hidden ACTIVE fault (H72-A): the deformation-only view is confident (geodetic second invariant / shear / dilatation gradients and their coherence, earthquake-density kernel edge) while the surface view abstains (no DEM scarp, no slope lineament, no radiometric lineament) -- consistent with a young blind fault straining and micro-seismic beneath cover. HYPOTHESIS, not verified geology.",Anthropogenic subsidence from groundwater withdrawal; irrigation-related aquifer compaction; volcanic inflation or deflation (magma movement without discrete faulting); post-seismic afterslip or viscoelastic relaxation; seasonal hydrological loading; a strain transient on a creeping (aseismic) fault segment.,"Independent evidence of discrete offset: a displaced contact or marker bed, deflected or offset drainage, a facies termination, a fault-plane solution aligned with the lineament, a published structural interpretation, or field observation. None is claimed here.","MEASURED CONTEXT + TEMPLATE HYPOTHESIS; no field observation, no geologist review"
2403,1188,362200.0,4268200.0,8363.0,0.966078,0.350785,0.615293,1,40.1,11.5,27.3,4477.2998,4954.3374,1378.2,0.7033,-20.8222,0.5709,0.748,"Buried or cover-hidden ACTIVE fault (H72-A): the deformation-only view is confident (geodetic second invariant / shear / dilatation gradients and their coherence, earthquake-density kernel edge) while the surface view abstains (no DEM scarp, no slope lineament, no radiometric lineament) -- consistent with a young blind fault straining and micro-seismic beneath cover. HYPOTHESIS, not verified geology.",Anthropogenic subsidence from groundwater withdrawal; irrigation-related aquifer compaction; volcanic inflation or deflation (magma movement without discrete faulting); post-seismic afterslip or viscoelastic relaxation; seasonal hydrological loading; a strain transient on a creeping (aseismic) fault segment.,"Independent evidence of discrete offset: a displaced contact or marker bed, deflected or offset drainage, a facies termination, a fault-plane solution aligned with the lineament, a published structural interpretation, or field observation. None is claimed here.","MEASURED CONTEXT + TEMPLATE HYPOTHESIS; no field observation, no geologist review"
2404,1129,356300.0,4268100.0,3324.2,0.961739,0.564024,0.397716,1,40.1,10.1,29.3,2639.2,4022.9211,715.4,0.9021,-15.4793,0.563,0.4528,"Buried or cover-hidden ACTIVE fault (H72-A): the deformation-only view is confident (geodetic second invariant / shear / dilatation gradients and their coherence, earthquake-density kernel edge) while the surface view abstains (no DEM scarp, no slope lineament, no radiometric lineament) -- consistent with a young blind fault straining and micro-seismic beneath cover. HYPOTHESIS, not verified geology.",Anthropogenic subsidence from groundwater withdrawal; irrigation-related aquifer compaction; volcanic inflation or deflation (magma movement without discrete faulting); post-seismic afterslip or viscoelastic relaxation; seasonal hydrological loading; a strain transient on a creeping (aseismic) fault segment.,"Independent evidence of discrete offset: a displaced contact or marker bed, deflected or offset drainage, a facies termination, a fault-plane solution aligned with the lineament, a published structural interpretation, or field observation. None is claimed here.","MEASURED CONTEXT + TEMPLATE HYPOTHESIS; no field observation, no geologist review"
2407,1490,392400.0,4267800.0,3088.7,0.988515,0.358928,0.629587,1,40.0,14.6,22.5,19208.4004,4015.8,716.2,1.4645,-15.2839,0.6535,0.7913,"Buried or cover-hidden ACTIVE fault (H72-A): the deformation-only view is confident (geodetic second invariant / shear / dilatation gradients and their coherence, earthquake-density kernel edge) while the surface view abstains (no DEM scarp, no slope lineament, no radiometric lineament) -- consistent with a young blind fault straining and micro-seismic beneath cover. HYPOTHESIS, not verified geology.",Anthropogenic subsidence from groundwater withdrawal; irrigation-related aquifer compaction; volcanic inflation or deflation (magma movement without discrete faulting); post-seismic afterslip or viscoelastic relaxation; seasonal hydrological loading; a strain transient on a creeping (aseismic) fault segment.,"Independent evidence of discrete offset: a displaced contact or marker bed, deflected or offset drainage, a facies termination, a fault-plane solution aligned with the lineament, a published structural interpretation, or field observation. None is claimed here.","MEASURED CONTEXT + TEMPLATE HYPOTHESIS; no field observation, no geologist review"
2408,1127,356100.0,4267700.0,2900.0,0.969061,0.372943,0.596118,1,40.1,10.1,29.3,2639.2,3952.5,625.0,0.6076,-14.5512,0.4488,0.3465,"Buried or cover-hidden ACTIVE fault (H72-A): the deformation-only view is confident (geodetic second invariant / shear / dilatation gradients and their coherence, earthquake-density kernel edge) while the surface view abstains (no DEM scarp, no slope lineament, no radiometric lineament) -- consistent with a young blind fault straining and micro-seismic beneath cover. HYPOTHESIS, not verified geology.",Anthropogenic subsidence from groundwater withdrawal; irrigation-related aquifer compaction; volcanic inflation or deflation (magma movement without discrete faulting); post-seismic afterslip or viscoelastic relaxation; seasonal hydrological loading; a strain transient on a creeping (aseismic) fault segment.,"Independent evidence of discrete offset: a displaced contact or marker bed, deflected or offset drainage, a facies termination, a fault-plane solution aligned with the lineament, a published structural interpretation, or field observation. None is claimed here.","MEASURED CONTEXT + TEMPLATE HYPOTHESIS; no field observation, no geologist review"
2408,1487,392100.0,4267700.0,3328.7,0.996674,0.429743,0.566931,1,40.0,14.6,22.5,19208.4004,4015.8,721.8,0.9994,-15.548,0.7638,0.7402,"Buried or cover-hidden ACTIVE fault (H72-A): the deformation-only view is confident (geodetic second invariant / shear / dilatation gradients and their coherence, earthquake-density kernel edge) while the surface view abstains (no DEM scarp, no slope lineament, no radiometric lineament) -- consistent with a young blind fault straining and micro-seismic beneath cover. HYPOTHESIS, not verified geology.",Anthropogenic subsidence from groundwater withdrawal; irrigation-related aquifer compaction; volcanic inflation or deflation (magma movement without discrete faulting); post-seismic afterslip or viscoelastic relaxation; seasonal hydrological loading; a strain transient on a creeping (aseismic) fault segment.,"Independent evidence of discrete offset: a displaced contact or marker bed, deflected or offset drainage, a facies termination, a fault-plane solution aligned with the lineament, a published structural interpretation, or field observation. None is claimed here.","MEASURED CONTEXT + TEMPLATE HYPOTHESIS; no field observation, no geologist review"
2409,1137,357100.0,4267600.0,3635.9,0.975173,0.403358,0.571815,1,40.225,10.4039,28.6858,2639.2,4345.2998,845.7,0.1851,-16.9312,0.626,0.4528,"Buried or cover-hidden ACTIVE fault (H72-A): the deformation-only view is confident (geodetic second invariant / shear / dilatation gradients and their coherence, earthquake-density kernel edge) while the surface view abstains (no DEM scarp, no slope lineament, no radiometric lineament) -- consistent with a young blind fault straining and micro-seismic beneath cover. HYPOTHESIS, not verified geology.",Anthropogenic subsidence from groundwater withdrawal; irrigation-related aquifer compaction; volcanic inflation or deflation (magma movement without discrete faulting); post-seismic afterslip or viscoelastic relaxation; seasonal hydrological loading; a strain transient on a creeping (aseismic) fault segment.,"Independent evidence of discrete offset: a displaced contact or marker bed, deflected or offset drainage, a facies termination, a fault-plane solution aligned with the lineament, a published structural interpretation, or field observation. None is claimed here.","MEASURED CONTEXT + TEMPLATE HYPOTHESIS; no field observation, no geologist review"
2411,1133,356700.0,4267400.0,3190.6,0.951555,0.508378,0.443177,1,40.6522,10.2104,29.5761,2639.2,4334.3154,718.9,1.0361,-15.793,0.5197,0.5197,"Buried or cover-hidden ACTIVE fault (H72-A): the deformation-only view is confident (geodetic second invariant / shear / dilatation gradients and their coherence, earthquake-density kernel edge) while the surface view abstains (no DEM scarp, no slope lineament, no radiometric lineament) -- consistent with a young blind fault straining and micro-seismic beneath cover. HYPOTHESIS, not verified geology.",Anthropogenic subsidence from groundwater withdrawal; irrigation-related aquifer compaction; volcanic inflation or deflation (magma movement without discrete faulting); post-seismic afterslip or viscoelastic relaxation; seasonal hydrological loading; a strain transient on a creeping (aseismic) fault segment.,"Independent evidence of discrete offset: a displaced contact or marker bed, deflected or offset drainage, a facies termination, a fault-plane solution aligned with the lineament, a published structural interpretation, or field observation. None is claimed here.","MEASURED CONTEXT + TEMPLATE HYPOTHESIS; no field observation, no geologist review"
2416,1129,356300.0,4266900.0,2594.2,0.976731,0.380401,0.596331,1,41.1,10.3,29.8,2639.2,4023.1506,579.2,0.5905,-14.3527,0.5748,0.4567,"Buried or cover-hidden ACTIVE fault (H72-A): the deformation-only view is confident (geodetic second invariant / shear / dilatation gradients and their coherence, earthquake-density kernel edge) while the surface view abstains (no DEM scarp, no slope lineament, no radiometric lineament) -- consistent with a young blind fault straining and micro-seismic beneath cover. HYPOTHESIS, not verified geology.",Anthropogenic subsidence from groundwater withdrawal; irrigation-related aquifer compaction; volcanic inflation or deflation (magma movement without discrete faulting); post-seismic afterslip or viscoelastic relaxation; seasonal hydrological loading; a strain transient on a creeping (aseismic) fault segment.,"Independent evidence of discrete offset: a displaced contact or marker bed, deflected or offset drainage, a facies termination, a fault-plane solution aligned with the lineament, a published structural interpretation, or field observation. None is claimed here.","MEASURED CONTEXT + TEMPLATE HYPOTHESIS; no field observation, no geologist review"
2421,1531,396500.0,4266400.0,3328.7,0.975246,0.352511,0.622735,1,40.3,15.4,21.5,9637.5996,4033.1416,692.5,1.6716,-13.7557,0.7559,0.878,"Buried or cover-hidden ACTIVE fault (H72-A): the deformation-only view is confident (geodetic second invariant / shear / dilatation gradients and their coherence, earthquake-density kernel edge) while the surface view abstains (no DEM scarp, no slope lineament, no radiometric lineament) -- consistent with a young blind fault straining and micro-seismic beneath cover. HYPOTHESIS, not verified geology.",Anthropogenic subsidence from groundwater withdrawal; irrigation-related aquifer compaction; volcanic inflation or deflation (magma movement without discrete faulting); post-seismic afterslip or viscoelastic relaxation; seasonal hydrological loading; a strain transient on a creeping (aseismic) fault segment.,"Independent evidence of discrete offset: a displaced contact or marker bed, deflected or offset drainage, a facies termination, a fault-plane solution aligned with the lineament, a published structural interpretation, or field observation. None is claimed here.","MEASURED CONTEXT + TEMPLATE HYPOTHESIS; no field observation, no geologist review"
2421,1534,396800.0,4266400.0,3080.6,0.974478,0.417823,0.556655,1,40.3,15.4,21.5,9637.5996,3985.4619,657.6,1.6721,-13.5148,0.6654,0.9094,"Buried or cover-hidden ACTIVE fault (H72-A): the deformation-only view is confident (geodetic second invariant / shear / dilatation gradients and their coherence, earthquake-density kernel edge) while the surface view abstains (no DEM scarp, no slope lineament, no radiometric lineament) -- consistent with a young blind fault straining and micro-seismic beneath cover. HYPOTHESIS, not verified geology.",Anthropogenic subsidence from groundwater withdrawal; irrigation-related aquifer compaction; volcanic inflation or deflation (magma movement without discrete faulting); post-seismic afterslip or viscoelastic relaxation; seasonal hydrological loading; a strain transient on a creeping (aseismic) fault segment.,"Independent evidence of discrete offset: a displaced contact or marker bed, deflected or offset drainage, a facies termination, a fault-plane solution aligned with the lineament, a published structural interpretation, or field observation. None is claimed here.","MEASURED CONTEXT + TEMPLATE HYPOTHESIS; no field observation, no geologist review"
2422,1134,356800.0,4266300.0,2816.0,0.980498,0.407674,0.572824,1,41.0659,10.4195,29.6464,2639.2,4409.752,638.0,0.7882,-15.1855,0.5906,0.4961,"Buried or cover-hidden ACTIVE fault (H72-A): the deformation-only view is confident (geodetic second invariant / shear / dilatation gradients and their coherence, earthquake-density kernel edge) while the surface view abstains (no DEM scarp, no slope lineament, no radiometric lineament) -- consistent with a young blind fault straining and micro-seismic beneath cover. HYPOTHESIS, not verified geology.",Anthropogenic subsidence from groundwater withdrawal; irrigation-related aquifer compaction; volcanic inflation or deflation (magma movement without discrete faulting); post-seismic afterslip or viscoelastic relaxation; seasonal hydrological loading; a strain transient on a creeping (aseismic) fault segment.,"Independent evidence of discrete offset: a displaced contact or marker bed, deflected or offset drainage, a facies termination, a fault-plane solution aligned with the lineament, a published structural interpretation, or field observation. None is claimed here.","MEASURED CONTEXT + TEMPLATE HYPOTHESIS; no field observation, no geologist review"
2423,1500,393400.0,4266200.0,3956.0,0.957179,0.427135,0.530044,1,41.4916,15.7958,22.0597,12694.4141,4163.3164,985.8,1.3283,-17.8195,0.5669,0.6693,"Buried or cover-hidden ACTIVE fault (H72-A): the deformation-only view is confident (geodetic second invariant / shear / dilatation gradients and their coherence, earthquake-density kernel edge) while the surface view abstains (no DEM scarp, no slope lineament, no radiometric lineament) -- consistent with a young blind fault straining and micro-seismic beneath cover. HYPOTHESIS, not verified geology.",Anthropogenic subsidence from groundwater withdrawal; irrigation-related aquifer compaction; volcanic inflation or deflation (magma movement without discrete faulting); post-seismic afterslip or viscoelastic relaxation; seasonal hydrological loading; a strain transient on a creeping (aseismic) fault segment.,"Independent evidence of discrete offset: a displaced contact or marker bed, deflected or offset drainage, a facies termination, a fault-plane solution aligned with the lineament, a published structural interpretation, or field observation. None is claimed here.","MEASURED CONTEXT + TEMPLATE HYPOTHESIS; no field observation, no geologist review"
2423,1525,395900.0,4266200.0,3860.1,0.975694,0.381359,0.594335,1,40.3,15.4,21.5,9637.5996,4083.134,809.3,1.5699,-14.8818,0.6535,0.8071,"Buried or cover-hidden ACTIVE fault (H72-A): the deformation-only view is confident (geodetic second invariant / shear / dilatation gradients and their coherence, earthquake-density kernel edge) while the surface view abstains (no DEM scarp, no slope lineament, no radiometric lineament) -- consistent with a young blind fault straining and micro-seismic beneath cover. HYPOTHESIS, not verified geology.",Anthropogenic subsidence from groundwater withdrawal; irrigation-related aquifer compaction; volcanic inflation or deflation (magma movement without discrete faulting); post-seismic afterslip or viscoelastic relaxation; seasonal hydrological loading; a strain transient on a creeping (aseismic) fault segment.,"Independent evidence of discrete offset: a displaced contact or marker bed, deflected or offset drainage, a facies termination, a fault-plane solution aligned with the lineament, a published structural interpretation, or field observation. None is claimed here.","MEASURED CONTEXT + TEMPLATE HYPOTHESIS; no field observation, no geologist review"
2424,1468,390200.0,4266100.0,3023.2,0.975973,0.415056,0.560917,1,43.4,17.0,22.9,19208.4004,4367.1001,652.2,0.8692,-15.1548,0.6693,0.752,"Buried or cover-hidden ACTIVE fault (H72-A): the deformation-only view is confident (geodetic second invariant / shear / dilatation gradients and their coherence, earthquake-density kernel edge) while the surface view abstains (no DEM scarp, no slope lineament, no radiometric lineament) -- consistent with a young blind fault straining and micro-seismic beneath cover. HYPOTHESIS, not verified geology.",Anthropogenic subsidence from groundwater withdrawal; irrigation-related aquifer compaction; volcanic inflation or deflation (magma movement without discrete faulting); post-seismic afterslip or viscoelastic relaxation; seasonal hydrological loading; a strain transient on a creeping (aseismic) fault segment.,"Independent evidence of discrete offset: a displaced contact or marker bed, deflected or offset drainage, a facies termination, a fault-plane solution aligned with the lineament, a published structural interpretation, or field observation. None is claimed here.","MEASURED CONTEXT + TEMPLATE HYPOTHESIS; no field observation, no geologist review"
2424,1483,391700.0,4266100.0,4304.6,0.963405,0.54377,0.419636,1,41.9,16.0,22.4,19208.4004,4280.3999,839.0,1.4616,-17.2216,0.6969,0.748,"Buried or cover-hidden ACTIVE fault (H72-A): the deformation-only view is confident (geodetic second invariant / shear / dilatation gradients and their coherence, earthquake-density kernel edge) while the surface view abstains (no DEM scarp, no slope lineament, no radiometric lineament) -- consistent with a young blind fault straining and micro-seismic beneath cover. HYPOTHESIS, not verified geology.",Anthropogenic subsidence from groundwater withdrawal; irrigation-related aquifer compaction; volcanic inflation or deflation (magma movement without discrete faulting); post-seismic afterslip or viscoelastic relaxation; seasonal hydrological loading; a strain transient on a creeping (aseismic) fault segment.,"Independent evidence of discrete offset: a displaced contact or marker bed, deflected or offset drainage, a facies termination, a fault-plane solution aligned with the lineament, a published structural interpretation, or field observation. None is claimed here.","MEASURED CONTEXT + TEMPLATE HYPOTHESIS; no field observation, no geologist review"
2424,1528,396200.0,4266100.0,3744.3,0.968629,0.421384,0.547245,1,40.3,15.4,21.5,9637.5996,4093.8,799.4,1.7555,-14.9773,0.7756,0.8937,"Buried or cover-hidden ACTIVE fault (H72-A): the deformation-only view is confident (geodetic second invariant / shear / dilatation gradients and their coherence, earthquake-density kernel edge) while the surface view abstains (no DEM scarp, no slope lineament, no radiometric lineament) -- consistent with a young blind fault straining and micro-seismic beneath cover. HYPOTHESIS, not verified geology.",Anthropogenic subsidence from groundwater withdrawal; irrigation-related aquifer compaction; volcanic inflation or deflation (magma movement without discrete faulting); post-seismic afterslip or viscoelastic relaxation; seasonal hydrological loading; a strain transient on a creeping (aseismic) fault segment.,"Independent evidence of discrete offset: a displaced contact or marker bed, deflected or offset drainage, a facies termination, a fault-plane solution aligned with the lineament, a published structural interpretation, or field observation. None is claimed here.","MEASURED CONTEXT + TEMPLATE HYPOTHESIS; no field observation, no geologist review"
2424,1531,396500.0,4266100.0,3500.0,0.963399,0.472955,0.490444,1,40.3,15.4,21.5,9637.5996,4093.8,769.4,1.8606,-14.8187,0.7953,0.8386,"Buried or cover-hidden ACTIVE fault (H72-A): the deformation-only view is confident (geodetic second invariant / shear / dilatation gradients and their coherence, earthquake-density kernel edge) while the surface view abstains (no DEM scarp, no slope lineament, no radiometric lineament) -- consistent with a young blind fault straining and micro-seismic beneath cover. HYPOTHESIS, not verified geology.",Anthropogenic subsidence from groundwater withdrawal; irrigation-related aquifer compaction; volcanic inflation or deflation (magma movement without discrete faulting); post-seismic afterslip or viscoelastic relaxation; seasonal hydrological loading; a strain transient on a creeping (aseismic) fault segment.,"Independent evidence of discrete offset: a displaced contact or marker bed, deflected or offset drainage, a facies termination, a fault-plane solution aligned with the lineament, a published structural interpretation, or field observation. None is claimed here.","MEASURED CONTEXT + TEMPLATE HYPOTHESIS; no field observation, no geologist review"
2425,1473,390700.0,4266000.0,3498.6,0.966947,0.617854,0.349093,1,43.4,17.0,22.9,19208.4004,4338.3735,704.1,0.9209,-15.8565,0.5669,0.5866,"Buried or cover-hidden ACTIVE fault (H72-A): the deformation-only view is confident (geodetic second invariant / shear / dilatation gradients and their coherence, earthquake-density kernel edge) while the surface view abstains (no DEM scarp, no slope lineament, no radiometric lineament) -- consistent with a young blind fault straining and micro-seismic beneath cover. HYPOTHESIS, not verified geology.",Anthropogenic subsidence from groundwater withdrawal; irrigation-related aquifer compaction; volcanic inflation or deflation (magma movement without discrete faulting); post-seismic afterslip or viscoelastic relaxation; seasonal hydrological loading; a strain transient on a creeping (aseismic) fault segment.,"Independent evidence of discrete offset: a displaced contact or marker bed, deflected or offset drainage, a facies termination, a fault-plane solution aligned with the lineament, a published structural interpretation, or field observation. None is claimed here.","MEASURED CONTEXT + TEMPLATE HYPOTHESIS; no field observation, no geologist review"
2426,1133,356700.0,4265900.0,2630.6,0.98258,0.370309,0.612272,1,41.1,10.3,29.8,2639.2,4415.04,589.1,1.242,-14.7206,0.5787,0.626,"Buried or cover-hidden ACTIVE fault (H72-A): the deformation-only view is confident (geodetic second invariant / shear / dilatation gradients and their coherence, earthquake-density kernel edge) while the surface view abstains (no DEM scarp, no slope lineament, no radiometric lineament) -- consistent with a young blind fault straining and micro-seismic beneath cover. HYPOTHESIS, not verified geology.",Anthropogenic subsidence from groundwater withdrawal; irrigation-related aquifer compaction; volcanic inflation or deflation (magma movement without discrete faulting); post-seismic afterslip or viscoelastic relaxation; seasonal hydrological loading; a strain transient on a creeping (aseismic) fault segment.,"Independent evidence of discrete offset: a displaced contact or marker bed, deflected or offset drainage, a facies termination, a fault-plane solution aligned with the lineament, a published structural interpretation, or field observation. None is claimed here.","MEASURED CONTEXT + TEMPLATE HYPOTHESIS; no field observation, no geologist review"
2427,1464,389800.0,4265800.0,2900.0,0.97829,0.599498,0.378792,1,43.4,17.0,22.9,19208.4004,4367.1001,593.4,1.5299,-13.9563,0.5118,0.7283,"Buried or cover-hidden ACTIVE fault (H72-A): the deformation-only view is confident (geodetic second invariant / shear / dilatation gradients and their coherence, earthquake-density kernel edge) while the surface view abstains (no DEM scarp, no slope lineament, no radiometric lineament) -- consistent with a young blind fault straining and micro-seismic beneath cover. HYPOTHESIS, not verified geology.",Anthropogenic subsidence from groundwater withdrawal; irrigation-related aquifer compaction; volcanic inflation or deflation (magma movement without discrete faulting); post-seismic afterslip or viscoelastic relaxation; seasonal hydrological loading; a strain transient on a creeping (aseismic) fault segment.,"Independent evidence of discrete offset: a displaced contact or marker bed, deflected or offset drainage, a facies termination, a fault-plane solution aligned with the lineament, a published structural interpretation, or field observation. None is claimed here.","MEASURED CONTEXT + TEMPLATE HYPOTHESIS; no field observation, no geologist review"
2427,1468,390200.0,4265800.0,3201.6,0.976928,0.430112,0.546817,1,43.4,17.0,22.9,19208.4004,4367.1001,638.8,1.571,-14.6272,0.4921,0.7795,"Buried or cover-hidden ACTIVE fault (H72-A): the deformation-only view is confident (geodetic second invariant / shear / dilatation gradients and their coherence, earthquake-density kernel edge) while the surface view abstains (no DEM scarp, no slope lineament, no radiometric lineament) -- consistent with a young blind fault straining and micro-seismic beneath cover. HYPOTHESIS, not verified geology.",Anthropogenic subsidence from groundwater withdrawal; irrigation-related aquifer compaction; volcanic inflation or deflation (magma movement without discrete faulting); post-seismic afterslip or viscoelastic relaxation; seasonal hydrological loading; a strain transient on a creeping (aseismic) fault segment.,"Independent evidence of discrete offset: a displaced contact or marker bed, deflected or offset drainage, a facies termination, a fault-plane solution aligned with the lineament, a published structural interpretation, or field observation. None is claimed here.","MEASURED CONTEXT + TEMPLATE HYPOTHESIS; no field observation, no geologist review"
2427,1483,391700.0,4265800.0,4005.0,0.970984,0.421422,0.549562,1,41.9,16.0,22.4,19208.4004,4280.3999,831.8,1.2202,-16.6832,0.6417,0.7047,"Buried or cover-hidden ACTIVE fault (H72-A): the deformation-only view is confident (geodetic second invariant / shear / dilatation gradients and their coherence, earthquake-density kernel edge) while the surface view abstains (no DEM scarp, no slope lineament, no radiometric lineament) -- consistent with a young blind fault straining and micro-seismic beneath cover. HYPOTHESIS, not verified geology.",Anthropogenic subsidence from groundwater withdrawal; irrigation-related aquifer compaction; volcanic inflation or deflation (magma movement without discrete faulting); post-seismic afterslip or viscoelastic relaxation; seasonal hydrological loading; a strain transient on a creeping (aseismic) fault segment.,"Independent evidence of discrete offset: a displaced contact or marker bed, deflected or offset drainage, a facies termination, a fault-plane solution aligned with the lineament, a published structural interpretation, or field observation. None is claimed here.","MEASURED CONTEXT + TEMPLATE HYPOTHESIS; no field observation, no geologist review"
2427,1489,392300.0,4265800.0,4000.0,0.956554,0.451362,0.505192,1,41.9,16.0,22.4,19208.4004,4280.3999,905.2,1.1118,-17.2774,0.6102,0.5827,"Buried or cover-hidden ACTIVE fault (H72-A): the deformation-only view is confident (geodetic second invariant / shear / dilatation gradients and their coherence, earthquake-density kernel edge) while the surface view abstains (no DEM scarp, no slope lineament, no radiometric lineament) -- consistent with a young blind fault straining and micro-seismic beneath cover. HYPOTHESIS, not verified geology.",Anthropogenic subsidence from groundwater withdrawal; irrigation-related aquifer compaction; volcanic inflation or deflation (magma movement without discrete faulting); post-seismic afterslip or viscoelastic relaxation; seasonal hydrological loading; a strain transient on a creeping (aseismic) fault segment.,"Independent evidence of discrete offset: a displaced contact or marker bed, deflected or offset drainage, a facies termination, a fault-plane solution aligned with the lineament, a published structural interpretation, or field observation. None is claimed here.","MEASURED CONTEXT + TEMPLATE HYPOTHESIS; no field observation, no geologist review"
2427,1525,395900.0,4265800.0,4159.3,0.964024,0.366088,0.597937,1,40.3,15.4,21.5,9637.5996,4093.8,882.1,1.5099,-15.7443,0.6929,0.9213,"Buried or cover-hidden ACTIVE fault (H72-A): the deformation-only view is confident (geodetic second invariant / shear / dilatation gradients and their coherence, earthquake-density kernel edge) while the surface view abstains (no DEM scarp, no slope lineament, no radiometric lineament) -- consistent with a young blind fault straining and micro-seismic beneath cover. HYPOTHESIS, not verified geology.",Anthropogenic subsidence from groundwater withdrawal; irrigation-related aquifer compaction; volcanic inflation or deflation (magma movement without discrete faulting); post-seismic afterslip or viscoelastic relaxation; seasonal hydrological loading; a strain transient on a creeping (aseismic) fault segment.,"Independent evidence of discrete offset: a displaced contact or marker bed, deflected or offset drainage, a facies termination, a fault-plane solution aligned with the lineament, a published structural interpretation, or field observation. None is claimed here.","MEASURED CONTEXT + TEMPLATE HYPOTHESIS; no field observation, no geologist review"
2427,1528,396200.0,4265800.0,3920.5,0.959353,0.432708,0.526645,1,40.3,15.4,21.5,9637.5996,4093.8,860.7,1.4557,-15.6858,0.8583,0.8701,"Buried or cover-hidden ACTIVE fault (H72-A): the deformation-only view is confident (geodetic second invariant / shear / dilatation gradients and their coherence, earthquake-density kernel edge) while the surface view abstains (no DEM scarp, no slope lineament, no radiometric lineament) -- consistent with a young blind fault straining and micro-seismic beneath cover. HYPOTHESIS, not verified geology.",Anthropogenic subsidence from groundwater withdrawal; irrigation-related aquifer compaction; volcanic inflation or deflation (magma movement without discrete faulting); post-seismic afterslip or viscoelastic relaxation; seasonal hydrological loading; a strain transient on a creeping (aseismic) fault segment.,"Independent evidence of discrete offset: a displaced contact or marker bed, deflected or offset drainage, a facies termination, a fault-plane solution aligned with the lineament, a published structural interpretation, or field observation. None is claimed here.","MEASURED CONTEXT + TEMPLATE HYPOTHESIS; no field observation, no geologist review"
2427,1531,396500.0,4265800.0,3687.8,0.956849,0.353133,0.603716,1,40.3,15.4,21.5,9637.5996,4093.8,839.2,1.5626,-15.6272,0.7362,0.9252,"Buried or cover-hidden ACTIVE fault (H72-A): the deformation-only view is confident (geodetic second invariant / shear / dilatation gradients and their coherence, earthquake-density kernel edge) while the surface view abstains (no DEM scarp, no slope lineament, no radiometric lineament) -- consistent with a young blind fault straining and micro-seismic beneath cover. HYPOTHESIS, not verified geology.",Anthropogenic subsidence from groundwater withdrawal; irrigation-related aquifer compaction; volcanic inflation or deflation (magma movement without discrete faulting); post-seismic afterslip or viscoelastic relaxation; seasonal hydrological loading; a strain transient on a creeping (aseismic) fault segment.,"Independent evidence of discrete offset: a displaced contact or marker bed, deflected or offset drainage, a facies termination, a fault-plane solution aligned with the lineament, a published structural interpretation, or field observation. None is claimed here.","MEASURED CONTEXT + TEMPLATE HYPOTHESIS; no field observation, no geologist review"
2428,1138,357200.0,4265700.0,3106.4,0.999388,0.389769,0.609618,1,40.9073,10.9744,28.933,2639.2,4428.6001,692.6,1.0513,-15.9299,0.4882,0.6732,"Buried or cover-hidden ACTIVE fault (H72-A): the deformation-only view is confident (geodetic second invariant / shear / dilatation gradients and their coherence, earthquake-density kernel edge) while the surface view abstains (no DEM scarp, no slope lineament, no radiometric lineament) -- consistent with a young blind fault straining and micro-seismic beneath cover. HYPOTHESIS, not verified geology.",Anthropogenic subsidence from groundwater withdrawal; irrigation-related aquifer compaction; volcanic inflation or deflation (magma movement without discrete faulting); post-seismic afterslip or viscoelastic relaxation; seasonal hydrological loading; a strain transient on a creeping (aseismic) fault segment.,"Independent evidence of discrete offset: a displaced contact or marker bed, deflected or offset drainage, a facies termination, a fault-plane solution aligned with the lineament, a published structural interpretation, or field observation. None is claimed here.","MEASURED CONTEXT + TEMPLATE HYPOTHESIS; no field observation, no geologist review"
2428,1471,390500.0,4265700.0,3500.0,0.975218,0.633449,0.341769,1,43.4,17.0,22.9,19208.4004,4367.1001,668.5,1.5662,-14.9427,0.5669,0.626,"Buried or cover-hidden ACTIVE fault (H72-A): the deformation-only view is confident (geodetic second invariant / shear / dilatation gradients and their coherence, earthquake-density kernel edge) while the surface view abstains (no DEM scarp, no slope lineament, no radiometric lineament) -- consistent with a young blind fault straining and micro-seismic beneath cover. HYPOTHESIS, not verified geology.",Anthropogenic subsidence from groundwater withdrawal; irrigation-related aquifer compaction; volcanic inflation or deflation (magma movement without discrete faulting); post-seismic afterslip or viscoelastic relaxation; seasonal hydrological loading; a strain transient on a creeping (aseismic) fault segment.,"Independent evidence of discrete offset: a displaced contact or marker bed, deflected or offset drainage, a facies termination, a fault-plane solution aligned with the lineament, a published structural interpretation, or field observation. None is claimed here.","MEASURED CONTEXT + TEMPLATE HYPOTHESIS; no field observation, no geologist review"
2428,1535,396900.0,4265700.0,3465.5,0.956941,0.46907,0.487871,1,40.3,15.4,21.5,9637.5996,4010.1965,838.3,1.2846,-15.8476,0.7795,0.8504,"Buried or cover-hidden ACTIVE fault (H72-A): the deformation-only view is confident (geodetic second invariant / shear / dilatation gradients and their coherence, earthquake-density kernel edge) while the surface view abstains (no DEM scarp, no slope lineament, no radiometric lineament) -- consistent with a young blind fault straining and micro-seismic beneath cover. HYPOTHESIS, not verified geology.",Anthropogenic subsidence from groundwater withdrawal; irrigation-related aquifer compaction; volcanic inflation or deflation (magma movement without discrete faulting); post-seismic afterslip or viscoelastic relaxation; seasonal hydrological loading; a strain transient on a creeping (aseismic) fault segment.,"Independent evidence of discrete offset: a displaced contact or marker bed, deflected or offset drainage, a facies termination, a fault-plane solution aligned with the lineament, a published structural interpretation, or field observation. None is claimed here.","MEASURED CONTEXT + TEMPLATE HYPOTHESIS; no field observation, no geologist review"
2429,1132,356600.0,4265600.0,2502.0,0.953771,0.361112,0.592659,1,41.4383,10.7134,29.894,3453.9739,4316.5146,549.9,1.0335,-14.3151,0.6339,0.6299,"Buried or cover-hidden ACTIVE fault (H72-A): the deformation-only view is confident (geodetic second invariant / shear / dilatation gradients and their coherence, earthquake-density kernel edge) while the surface view abstains (no DEM scarp, no slope lineament, no radiometric lineament) -- consistent with a young blind fault straining and micro-seismic beneath cover. HYPOTHESIS, not verified geology.",Anthropogenic subsidence from groundwater withdrawal; irrigation-related aquifer compaction; volcanic inflation or deflation (magma movement without discrete faulting); post-seismic afterslip or viscoelastic relaxation; seasonal hydrological loading; a strain transient on a creeping (aseismic) fault segment.,"Independent evidence of discrete offset: a displaced contact or marker bed, deflected or offset drainage, a facies termination, a fault-plane solution aligned with the lineament, a published structural interpretation, or field observation. None is claimed here.","MEASURED CONTEXT + TEMPLATE HYPOTHESIS; no field observation, no geologist review"
2430,1527,396100.0,4265500.0,3905.1,0.95974,0.384609,0.575131,1,40.7256,15.7274,21.3363,9637.5996,4093.8,926.3,1.6633,-16.3806,0.7165,0.9803,"Buried or cover-hidden ACTIVE fault (H72-A): the deformation-only view is confident (geodetic second invariant / shear / dilatation gradients and their coherence, earthquake-density kernel edge) while the surface view abstains (no DEM scarp, no slope lineament, no radiometric lineament) -- consistent with a young blind fault straining and micro-seismic beneath cover. HYPOTHESIS, not verified geology.",Anthropogenic subsidence from groundwater withdrawal; irrigation-related aquifer compaction; volcanic inflation or deflation (magma movement without discrete faulting); post-seismic afterslip or viscoelastic relaxation; seasonal hydrological loading; a strain transient on a creeping (aseismic) fault segment.,"Independent evidence of discrete offset: a displaced contact or marker bed, deflected or offset drainage, a facies termination, a fault-plane solution aligned with the lineament, a published structural interpretation, or field observation. None is claimed here.","MEASURED CONTEXT + TEMPLATE HYPOTHESIS; no field observation, no geologist review"
2431,1139,357300.0,4265400.0,3000.0,0.999651,0.352429,0.647222,1,41.904,11.4725,29.3134,5199.8125,4428.6001,696.9,1.0362,-16.0946,0.5709,0.748,"Buried or cover-hidden ACTIVE fault (H72-A): the deformation-only view is confident (geodetic second invariant / shear / dilatation gradients and their coherence, earthquake-density kernel edge) while the surface view abstains (no DEM scarp, no slope lineament, no radiometric lineament) -- consistent with a young blind fault straining and micro-seismic beneath cover. HYPOTHESIS, not verified geology.",Anthropogenic subsidence from groundwater withdrawal; irrigation-related aquifer compaction; volcanic inflation or deflation (magma movement without discrete faulting); post-seismic afterslip or viscoelastic relaxation; seasonal hydrological loading; a strain transient on a creeping (aseismic) fault segment.,"Independent evidence of discrete offset: a displaced contact or marker bed, deflected or offset drainage, a facies termination, a fault-plane solution aligned with the lineament, a published structural interpretation, or field observation. None is claimed here.","MEASURED CONTEXT + TEMPLATE HYPOTHESIS; no field observation, no geologist review"
2432,1134,356800.0,4265300.0,2642.0,0.999115,0.354587,0.644528,1,42.4805,11.9753,30.0699,6079.4907,4428.6001,578.6,1.2536,-14.7073,0.4528,0.6811,"Buried or cover-hidden ACTIVE fault (H72-A): the deformation-only view is confident (geodetic second invariant / shear / dilatation gradients and their coherence, earthquake-density kernel edge) while the surface view abstains (no DEM scarp, no slope lineament, no radiometric lineament) -- consistent with a young blind fault straining and micro-seismic beneath cover. HYPOTHESIS, not verified geology.",Anthropogenic subsidence from groundwater withdrawal; irrigation-related aquifer compaction; volcanic inflation or deflation (magma movement without discrete faulting); post-seismic afterslip or viscoelastic relaxation; seasonal hydrological loading; a strain transient on a creeping (aseismic) fault segment.,"Independent evidence of discrete offset: a displaced contact or marker bed, deflected or offset drainage, a facies termination, a fault-plane solution aligned with the lineament, a published structural interpretation, or field observation. None is claimed here.","MEASURED CONTEXT + TEMPLATE HYPOTHESIS; no field observation, no geologist review"
2433,1143,357700.0,4265200.0,3061.0,0.986306,0.373114,0.613192,1,42.5895,11.7951,29.5957,6948.0732,4428.6001,781.5,1.023,-16.9902,0.5236,0.7244,"Buried or cover-hidden ACTIVE fault (H72-A): the deformation-only view is confident (geodetic second invariant / shear / dilatation gradients and their coherence, earthquake-density kernel edge) while the surface view abstains (no DEM scarp, no slope lineament, no radiometric lineament) -- consistent with a young blind fault straining and micro-seismic beneath cover. HYPOTHESIS, not verified geology.",Anthropogenic subsidence from groundwater withdrawal; irrigation-related aquifer compaction; volcanic inflation or deflation (magma movement without discrete faulting); post-seismic afterslip or viscoelastic relaxation; seasonal hydrological loading; a strain transient on a creeping (aseismic) fault segment.,"Independent evidence of discrete offset: a displaced contact or marker bed, deflected or offset drainage, a facies termination, a fault-plane solution aligned with the lineament, a published structural interpretation, or field observation. None is claimed here.","MEASURED CONTEXT + TEMPLATE HYPOTHESIS; no field observation, no geologist review"
2434,1139,357300.0,4265100.0,2745.9,0.996087,0.585674,0.410413,1,42.6,11.8,29.6,6974.8999,4428.6001,675.9,1.5192,-15.9908,0.5709,0.7874,"Buried or cover-hidden ACTIVE fault (H72-A): the deformation-only view is confident (geodetic second invariant / shear / dilatation gradients and their coherence, earthquake-density kernel edge) while the surface view abstains (no DEM scarp, no slope lineament, no radiometric lineament) -- consistent with a young blind fault straining and micro-seismic beneath cover. HYPOTHESIS, not verified geology.",Anthropogenic subsidence from groundwater withdrawal; irrigation-related aquifer compaction; volcanic inflation or deflation (magma movement without discrete faulting); post-seismic afterslip or viscoelastic relaxation; seasonal hydrological loading; a strain transient on a creeping (aseismic) fault segment.,"Independent evidence of discrete offset: a displaced contact or marker bed, deflected or offset drainage, a facies termination, a fault-plane solution aligned with the lineament, a published structural interpretation, or field observation. None is claimed here.","MEASURED CONTEXT + TEMPLATE HYPOTHESIS; no field observation, no geologist review"
2434,1146,358000.0,4265100.0,3182.8,0.989889,0.416021,0.573868,1,42.6,11.8,29.6,6974.8999,4428.6001,848.7,0.8258,-17.6121,0.6969,0.4488,"Buried or cover-hidden ACTIVE fault (H72-A): the deformation-only view is confident (geodetic second invariant / shear / dilatation gradients and their coherence, earthquake-density kernel edge) while the surface view abstains (no DEM scarp, no slope lineament, no radiometric lineament) -- consistent with a young blind fault straining and micro-seismic beneath cover. HYPOTHESIS, not verified geology.",Anthropogenic subsidence from groundwater withdrawal; irrigation-related aquifer compaction; volcanic inflation or deflation (magma movement without discrete faulting); post-seismic afterslip or viscoelastic relaxation; seasonal hydrological loading; a strain transient on a creeping (aseismic) fault segment.,"Independent evidence of discrete offset: a displaced contact or marker bed, deflected or offset drainage, a facies termination, a fault-plane solution aligned with the lineament, a published structural interpretation, or field observation. None is claimed here.","MEASURED CONTEXT + TEMPLATE HYPOTHESIS; no field observation, no geologist review"
2435,1135,356900.0,4265000.0,2441.3,0.987988,0.540387,0.447601,1,42.7892,12.2414,30.0414,6974.8999,4428.6001,579.0,1.3902,-14.8459,0.5433,0.6417,"Buried or cover-hidden ACTIVE fault (H72-A): the deformation-only view is confident (geodetic second invariant / shear / dilatation gradients and their coherence, earthquake-density kernel edge) while the surface view abstains (no DEM scarp, no slope lineament, no radiometric lineament) -- consistent with a young blind fault straining and micro-seismic beneath cover. HYPOTHESIS, not verified geology.",Anthropogenic subsidence from groundwater withdrawal; irrigation-related aquifer compaction; volcanic inflation or deflation (magma movement without discrete faulting); post-seismic afterslip or viscoelastic relaxation; seasonal hydrological loading; a strain transient on a creeping (aseismic) fault segment.,"Independent evidence of discrete offset: a displaced contact or marker bed, deflected or offset drainage, a facies termination, a fault-plane solution aligned with the lineament, a published structural interpretation, or field observation. None is claimed here.","MEASURED CONTEXT + TEMPLATE HYPOTHESIS; no field observation, no geologist review"
2435,1489,392300.0,4265000.0,3200.0,0.956462,0.57258,0.383882,1,43.1,17.2,22.0,20065.8574,4280.3999,868.4,1.7188,-15.6651,0.5866,0.5236,"Buried or cover-hidden ACTIVE fault (H72-A): the deformation-only view is confident (geodetic second invariant / shear / dilatation gradients and their coherence, earthquake-density kernel edge) while the surface view abstains (no DEM scarp, no slope lineament, no radiometric lineament) -- consistent with a young blind fault straining and micro-seismic beneath cover. HYPOTHESIS, not verified geology.",Anthropogenic subsidence from groundwater withdrawal; irrigation-related aquifer compaction; volcanic inflation or deflation (magma movement without discrete faulting); post-seismic afterslip or viscoelastic relaxation; seasonal hydrological loading; a strain transient on a creeping (aseismic) fault segment.,"Independent evidence of discrete offset: a displaced contact or marker bed, deflected or offset drainage, a facies termination, a fault-plane solution aligned with the lineament, a published structural interpretation, or field observation. None is claimed here.","MEASURED CONTEXT + TEMPLATE HYPOTHESIS; no field observation, no geologist review"
2437,1139,357300.0,4264800.0,2500.0,0.986093,0.397309,0.588784,1,42.6,11.8,29.6,6974.8999,4428.6001,649.8,1.088,-15.871,0.5866,0.7559,"Buried or cover-hidden ACTIVE fault (H72-A): the deformation-only view is confident (geodetic second invariant / shear / dilatation gradients and their coherence, earthquake-density kernel edge) while the surface view abstains (no DEM scarp, no slope lineament, no radiometric lineament) -- consistent with a young blind fault straining and micro-seismic beneath cover. HYPOTHESIS, not verified geology.",Anthropogenic subsidence from groundwater withdrawal; irrigation-related aquifer compaction; volcanic inflation or deflation (magma movement without discrete faulting); post-seismic afterslip or viscoelastic relaxation; seasonal hydrological loading; a strain transient on a creeping (aseismic) fault segment.,"Independent evidence of discrete offset: a displaced contact or marker bed, deflected or offset drainage, a facies termination, a fault-plane solution aligned with the lineament, a published structural interpretation, or field observation. None is claimed here.","MEASURED CONTEXT + TEMPLATE HYPOTHESIS; no field observation, no geologist review"
2438,1136,357000.0,4264700.0,2247.2,0.994776,0.536642,0.458134,1,42.7297,12.1027,29.9027,6974.8999,4428.6001,576.2,1.3686,-14.9906,0.4409,0.6811,"Buried or cover-hidden ACTIVE fault (H72-A): the deformation-only view is confident (geodetic second invariant / shear / dilatation gradients and their coherence, earthquake-density kernel edge) while the surface view abstains (no DEM scarp, no slope lineament, no radiometric lineament) -- consistent with a young blind fault straining and micro-seismic beneath cover. HYPOTHESIS, not verified geology.",Anthropogenic subsidence from groundwater withdrawal; irrigation-related aquifer compaction; volcanic inflation or deflation (magma movement without discrete faulting); post-seismic afterslip or viscoelastic relaxation; seasonal hydrological loading; a strain transient on a creeping (aseismic) fault segment.,"Independent evidence of discrete offset: a displaced contact or marker bed, deflected or offset drainage, a facies termination, a fault-plane solution aligned with the lineament, a published structural interpretation, or field observation. None is claimed here.","MEASURED CONTEXT + TEMPLATE HYPOTHESIS; no field observation, no geologist review"
2440,1142,357600.0,4264500.0,2475.9,0.985024,0.381911,0.603113,1,42.6,11.8,29.6,6974.8999,4428.6001,691.6,1.1917,-16.537,0.5827,0.5984,"Buried or cover-hidden ACTIVE fault (H72-A): the deformation-only view is confident (geodetic second invariant / shear / dilatation gradients and their coherence, earthquake-density kernel edge) while the surface view abstains (no DEM scarp, no slope lineament, no radiometric lineament) -- consistent with a young blind fault straining and micro-seismic beneath cover. HYPOTHESIS, not verified geology.",Anthropogenic subsidence from groundwater withdrawal; irrigation-related aquifer compaction; volcanic inflation or deflation (magma movement without discrete faulting); post-seismic afterslip or viscoelastic relaxation; seasonal hydrological loading; a strain transient on a creeping (aseismic) fault segment.,"Independent evidence of discrete offset: a displaced contact or marker bed, deflected or offset drainage, a facies termination, a fault-plane solution aligned with the lineament, a published structural interpretation, or field observation. None is claimed here.","MEASURED CONTEXT + TEMPLATE HYPOTHESIS; no field observation, no geologist review"
2440,1148,358200.0,4264500.0,2920.6,0.984532,0.371527,0.613005,1,42.6,11.8,29.6,6974.8999,4428.6001,837.2,1.0268,-17.9438,0.5551,0.5906,"Buried or cover-hidden ACTIVE fault (H72-A): the deformation-only view is confident (geodetic second invariant / shear / dilatation gradients and their coherence, earthquake-density kernel edge) while the surface view abstains (no DEM scarp, no slope lineament, no radiometric lineament) -- consistent with a young blind fault straining and micro-seismic beneath cover. HYPOTHESIS, not verified geology.",Anthropogenic subsidence from groundwater withdrawal; irrigation-related aquifer compaction; volcanic inflation or deflation (magma movement without discrete faulting); post-seismic afterslip or viscoelastic relaxation; seasonal hydrological loading; a strain transient on a creeping (aseismic) fault segment.,"Independent evidence of discrete offset: a displaced contact or marker bed, deflected or offset drainage, a facies termination, a fault-plane solution aligned with the lineament, a published structural interpretation, or field observation. None is claimed here.","MEASURED CONTEXT + TEMPLATE HYPOTHESIS; no field observation, no geologist review"
2441,1139,357300.0,4264400.0,2193.2,0.99564,0.471863,0.523776,1,42.6,11.8,29.6,6974.8999,4428.6001,615.0,0.8586,-15.7113,0.6063,0.6417,"Buried or cover-hidden ACTIVE fault (H72-A): the deformation-only view is confident (geodetic second invariant / shear / dilatation gradients and their coherence, earthquake-density kernel edge) while the surface view abstains (no DEM scarp, no slope lineament, no radiometric lineament) -- consistent with a young blind fault straining and micro-seismic beneath cover. HYPOTHESIS, not verified geology.",Anthropogenic subsidence from groundwater withdrawal; irrigation-related aquifer compaction; volcanic inflation or deflation (magma movement without discrete faulting); post-seismic afterslip or viscoelastic relaxation; seasonal hydrological loading; a strain transient on a creeping (aseismic) fault segment.,"Independent evidence of discrete offset: a displaced contact or marker bed, deflected or offset drainage, a facies termination, a fault-plane solution aligned with the lineament, a published structural interpretation, or field observation. None is claimed here.","MEASURED CONTEXT + TEMPLATE HYPOTHESIS; no field observation, no geologist review"
2442,1549,398300.0,4264300.0,3000.0,0.950473,0.49663,0.453844,1,40.5,16.2,20.6,7995.7002,4281.8408,1280.1,1.1042,-19.7144,0.4764,0.5512,"Buried or cover-hidden ACTIVE fault (H72-A): the deformation-only view is confident (geodetic second invariant / shear / dilatation gradients and their coherence, earthquake-density kernel edge) while the surface view abstains (no DEM scarp, no slope lineament, no radiometric lineament) -- consistent with a young blind fault straining and micro-seismic beneath cover. HYPOTHESIS, not verified geology.",Anthropogenic subsidence from groundwater withdrawal; irrigation-related aquifer compaction; volcanic inflation or deflation (magma movement without discrete faulting); post-seismic afterslip or viscoelastic relaxation; seasonal hydrological loading; a strain transient on a creeping (aseismic) fault segment.,"Independent evidence of discrete offset: a displaced contact or marker bed, deflected or offset drainage, a facies termination, a fault-plane solution aligned with the lineament, a published structural interpretation, or field observation. None is claimed here.","MEASURED CONTEXT + TEMPLATE HYPOTHESIS; no field observation, no geologist review"
2443,1554,398800.0,4264200.0,2502.0,0.952647,0.540933,0.411714,1,40.5,16.2,20.6,7995.7002,4380.7539,1341.0,1.0365,-20.0748,0.4961,0.6063,"Buried or cover-hidden ACTIVE fault (H72-A): the deformation-only view is confident (geodetic second invariant / shear / dilatation gradients and their coherence, earthquake-density kernel edge) while the surface view abstains (no DEM scarp, no slope lineament, no radiometric lineament) -- consistent with a young blind fault straining and micro-seismic beneath cover. HYPOTHESIS, not verified geology.",Anthropogenic subsidence from groundwater withdrawal; irrigation-related aquifer compaction; volcanic inflation or deflation (magma movement without discrete faulting); post-seismic afterslip or viscoelastic relaxation; seasonal hydrological loading; a strain transient on a creeping (aseismic) fault segment.,"Independent evidence of discrete offset: a displaced contact or marker bed, deflected or offset drainage, a facies termination, a fault-plane solution aligned with the lineament, a published structural interpretation, or field observation. None is claimed here.","MEASURED CONTEXT + TEMPLATE HYPOTHESIS; no field observation, no geologist review"
2444,1140,357400.0,4264100.0,2051.8,0.998356,0.488382,0.509975,1,42.6,11.8,29.6,6974.8999,4428.6001,609.0,1.1918,-15.8464,0.5394,0.563,"Buried or cover-hidden ACTIVE fault (H72-A): the deformation-only view is confident (geodetic second invariant / shear / dilatation gradients and their coherence, earthquake-density kernel edge) while the surface view abstains (no DEM scarp, no slope lineament, no radiometric lineament) -- consistent with a young blind fault straining and micro-seismic beneath cover. HYPOTHESIS, not verified geology.",Anthropogenic subsidence from groundwater withdrawal; irrigation-related aquifer compaction; volcanic inflation or deflation (magma movement without discrete faulting); post-seismic afterslip or viscoelastic relaxation; seasonal hydrological loading; a strain transient on a creeping (aseismic) fault segment.,"Independent evidence of discrete offset: a displaced contact or marker bed, deflected or offset drainage, a facies termination, a fault-plane solution aligned with the lineament, a published structural interpretation, or field observation. None is claimed here.","MEASURED CONTEXT + TEMPLATE HYPOTHESIS; no field observation, no geologist review"
2445,1148,358200.0,4264000.0,2642.0,0.983409,0.392029,0.59138,1,42.6,11.8,29.6,6974.8999,4428.6001,783.4,1.3094,-17.7907,0.6654,0.6969,"Buried or cover-hidden ACTIVE fault (H72-A): the deformation-only view is confident (geodetic second invariant / shear / dilatation gradients and their coherence, earthquake-density kernel edge) while the surface view abstains (no DEM scarp, no slope lineament, no radiometric lineament) -- consistent with a young blind fault straining and micro-seismic beneath cover. HYPOTHESIS, not verified geology.",Anthropogenic subsidence from groundwater withdrawal; irrigation-related aquifer compaction; volcanic inflation or deflation (magma movement without discrete faulting); post-seismic afterslip or viscoelastic relaxation; seasonal hydrological loading; a strain transient on a creeping (aseismic) fault segment.,"Independent evidence of discrete offset: a displaced contact or marker bed, deflected or offset drainage, a facies termination, a fault-plane solution aligned with the lineament, a published structural interpretation, or field observation. None is claimed here.","MEASURED CONTEXT + TEMPLATE HYPOTHESIS; no field observation, no geologist review"
2446,1548,398200.0,4263900.0,3125.7,0.959248,0.645693,0.313556,1,40.5,16.2,20.6,7995.7002,4390.7002,1375.4,0.9857,-20.5765,0.4803,0.626,"Buried or cover-hidden ACTIVE fault (H72-A): the deformation-only view is confident (geodetic second invariant / shear / dilatation gradients and their coherence, earthquake-density kernel edge) while the surface view abstains (no DEM scarp, no slope lineament, no radiometric lineament) -- consistent with a young blind fault straining and micro-seismic beneath cover. HYPOTHESIS, not verified geology.",Anthropogenic subsidence from groundwater withdrawal; irrigation-related aquifer compaction; volcanic inflation or deflation (magma movement without discrete faulting); post-seismic afterslip or viscoelastic relaxation; seasonal hydrological loading; a strain transient on a creeping (aseismic) fault segment.,"Independent evidence of discrete offset: a displaced contact or marker bed, deflected or offset drainage, a facies termination, a fault-plane solution aligned with the lineament, a published structural interpretation, or field observation. None is claimed here.","MEASURED CONTEXT + TEMPLATE HYPOTHESIS; no field observation, no geologist review"
2446,1551,398500.0,4263900.0,2828.4,0.954462,0.44763,0.506833,1,40.5,16.2,20.6,7995.7002,4390.7002,1406.0,1.0031,-20.7783,0.4646,0.685,"Buried or cover-hidden ACTIVE fault (H72-A): the deformation-only view is confident (geodetic second invariant / shear / dilatation gradients and their coherence, earthquake-density kernel edge) while the surface view abstains (no DEM scarp, no slope lineament, no radiometric lineament) -- consistent with a young blind fault straining and micro-seismic beneath cover. HYPOTHESIS, not verified geology.",Anthropogenic subsidence from groundwater withdrawal; irrigation-related aquifer compaction; volcanic inflation or deflation (magma movement without discrete faulting); post-seismic afterslip or viscoelastic relaxation; seasonal hydrological loading; a strain transient on a creeping (aseismic) fault segment.,"Independent evidence of discrete offset: a displaced contact or marker bed, deflected or offset drainage, a facies termination, a fault-plane solution aligned with the lineament, a published structural interpretation, or field observation. None is claimed here.","MEASURED CONTEXT + TEMPLATE HYPOTHESIS; no field observation, no geologist review"
2448,1144,357800.0,4263700.0,2147.1,0.984421,0.483764,0.500657,1,42.6861,11.8559,29.607,6974.8999,4428.6001,659.3,1.211,-16.6185,0.5,0.6457,"Buried or cover-hidden ACTIVE fault (H72-A): the deformation-only view is confident (geodetic second invariant / shear / dilatation gradients and their coherence, earthquake-density kernel edge) while the surface view abstains (no DEM scarp, no slope lineament, no radiometric lineament) -- consistent with a young blind fault straining and micro-seismic beneath cover. HYPOTHESIS, not verified geology.",Anthropogenic subsidence from groundwater withdrawal; irrigation-related aquifer compaction; volcanic inflation or deflation (magma movement without discrete faulting); post-seismic afterslip or viscoelastic relaxation; seasonal hydrological loading; a strain transient on a creeping (aseismic) fault segment.,"Independent evidence of discrete offset: a displaced contact or marker bed, deflected or offset drainage, a facies termination, a fault-plane solution aligned with the lineament, a published structural interpretation, or field observation. None is claimed here.","MEASURED CONTEXT + TEMPLATE HYPOTHESIS; no field observation, no geologist review"
2448,1149,358300.0,4263700.0,2600.0,0.963221,0.538648,0.424574,1,42.6828,11.8537,29.6067,6598.7344,4455.1904,772.3,1.0344,-17.8975,0.6339,0.7756,"Buried or cover-hidden ACTIVE fault (H72-A): the deformation-only view is confident (geodetic second invariant / shear / dilatation gradients and their coherence, earthquake-density kernel edge) while the surface view abstains (no DEM scarp, no slope lineament, no radiometric lineament) -- consistent with a young blind fault straining and micro-seismic beneath cover. HYPOTHESIS, not verified geology.",Anthropogenic subsidence from groundwater withdrawal; irrigation-related aquifer compaction; volcanic inflation or deflation (magma movement without discrete faulting); post-seismic afterslip or viscoelastic relaxation; seasonal hydrological loading; a strain transient on a creeping (aseismic) fault segment.,"Independent evidence of discrete offset: a displaced contact or marker bed, deflected or offset drainage, a facies termination, a fault-plane solution aligned with the lineament, a published structural interpretation, or field observation. None is claimed here.","MEASURED CONTEXT + TEMPLATE HYPOTHESIS; no field observation, no geologist review"
2459,1145,357900.0,4262600.0,2000.0,0.953809,0.450645,0.503164,1,46.3,14.2,29.9,6974.8999,4415.8687,571.6,1.3588,-15.9914,0.5866,0.7598,"Buried or cover-hidden ACTIVE fault (H72-A): the deformation-only view is confident (geodetic second invariant / shear / dilatation gradients and their coherence, earthquake-density kernel edge) while the surface view abstains (no DEM scarp, no slope lineament, no radiometric lineament) -- consistent with a young blind fault straining and micro-seismic beneath cover. HYPOTHESIS, not verified geology.",Anthropogenic subsidence from groundwater withdrawal; irrigation-related aquifer compaction; volcanic inflation or deflation (magma movement without discrete faulting); post-seismic afterslip or viscoelastic relaxation; seasonal hydrological loading; a strain transient on a creeping (aseismic) fault segment.,"Independent evidence of discrete offset: a displaced contact or marker bed, deflected or offset drainage, a facies termination, a fault-plane solution aligned with the lineament, a published structural interpretation, or field observation. None is claimed here.","MEASURED CONTEXT + TEMPLATE HYPOTHESIS; no field observation, no geologist review"
2465,1211,364500.0,4262000.0,7660.9,0.969416,0.411489,0.557927,1,45.0,14.8,27.2,7117.7998,6122.061,789.8,0.6512,-16.7293,0.5984,0.7638,"Buried or cover-hidden ACTIVE fault (H72-A): the deformation-only view is confident (geodetic second invariant / shear / dilatation gradients and their coherence, earthquake-density kernel edge) while the surface view abstains (no DEM scarp, no slope lineament, no radiometric lineament) -- consistent with a young blind fault straining and micro-seismic beneath cover. HYPOTHESIS, not verified geology.",Anthropogenic subsidence from groundwater withdrawal; irrigation-related aquifer compaction; volcanic inflation or deflation (magma movement without discrete faulting); post-seismic afterslip or viscoelastic relaxation; seasonal hydrological loading; a strain transient on a creeping (aseismic) fault segment.,"Independent evidence of discrete offset: a displaced contact or marker bed, deflected or offset drainage, a facies termination, a fault-plane solution aligned with the lineament, a published structural interpretation, or field observation. None is claimed here.","MEASURED CONTEXT + TEMPLATE HYPOTHESIS; no field observation, no geologist review"
2472,1161,359500.0,4261300.0,3132.1,0.962549,0.424012,0.538537,1,46.9089,15.5471,29.3074,4352.1001,4538.2002,741.1,1.1274,-18.7287,0.6378,0.7126,"Buried or cover-hidden ACTIVE fault (H72-A): the deformation-only view is confident (geodetic second invariant / shear / dilatation gradients and their coherence, earthquake-density kernel edge) while the surface view abstains (no DEM scarp, no slope lineament, no radiometric lineament) -- consistent with a young blind fault straining and micro-seismic beneath cover. HYPOTHESIS, not verified geology.",Anthropogenic subsidence from groundwater withdrawal; irrigation-related aquifer compaction; volcanic inflation or deflation (magma movement without discrete faulting); post-seismic afterslip or viscoelastic relaxation; seasonal hydrological loading; a strain transient on a creeping (aseismic) fault segment.,"Independent evidence of discrete offset: a displaced contact or marker bed, deflected or offset drainage, a facies termination, a fault-plane solution aligned with the lineament, a published structural interpretation, or field observation. None is claimed here.","MEASURED CONTEXT + TEMPLATE HYPOTHESIS; no field observation, no geologist review"
2479,1207,364100.0,4260600.0,6312.7,0.970784,0.370829,0.599955,1,46.3,15.9,27.7,7117.7998,5847.7324,850.4,0.3553,-18.0173,0.7953,0.8701,"Buried or cover-hidden ACTIVE fault (H72-A): the deformation-only view is confident (geodetic second invariant / shear / dilatation gradients and their coherence, earthquake-density kernel edge) while the surface view abstains (no DEM scarp, no slope lineament, no radiometric lineament) -- consistent with a young blind fault straining and micro-seismic beneath cover. HYPOTHESIS, not verified geology.",Anthropogenic subsidence from groundwater withdrawal; irrigation-related aquifer compaction; volcanic inflation or deflation (magma movement without discrete faulting); post-seismic afterslip or viscoelastic relaxation; seasonal hydrological loading; a strain transient on a creeping (aseismic) fault segment.,"Independent evidence of discrete offset: a displaced contact or marker bed, deflected or offset drainage, a facies termination, a fault-plane solution aligned with the lineament, a published structural interpretation, or field observation. None is claimed here.","MEASURED CONTEXT + TEMPLATE HYPOTHESIS; no field observation, no geologist review"
2482,1207,364100.0,4260300.0,6087.7,0.961019,0.563624,0.397395,1,46.3,15.9,27.7,7117.7998,5658.1929,855.2,1.1771,-18.2163,0.5551,0.878,"Buried or cover-hidden ACTIVE fault (H72-A): the deformation-only view is confident (geodetic second invariant / shear / dilatation gradients and their coherence, earthquake-density kernel edge) while the surface view abstains (no DEM scarp, no slope lineament, no radiometric lineament) -- consistent with a young blind fault straining and micro-seismic beneath cover. HYPOTHESIS, not verified geology.",Anthropogenic subsidence from groundwater withdrawal; irrigation-related aquifer compaction; volcanic inflation or deflation (magma movement without discrete faulting); post-seismic afterslip or viscoelastic relaxation; seasonal hydrological loading; a strain transient on a creeping (aseismic) fault segment.,"Independent evidence of discrete offset: a displaced contact or marker bed, deflected or offset drainage, a facies termination, a fault-plane solution aligned with the lineament, a published structural interpretation, or field observation. None is claimed here.","MEASURED CONTEXT + TEMPLATE HYPOTHESIS; no field observation, no geologist review"
2482,1568,400200.0,4260300.0,2109.5,0.974373,0.352175,0.622199,1,40.0,17.8,18.7,7995.7002,4975.1675,1054.5,0.295,-17.3422,0.5079,0.563,"Buried or cover-hidden ACTIVE fault (H72-A): the deformation-only view is confident (geodetic second invariant / shear / dilatation gradients and their coherence, earthquake-density kernel edge) while the surface view abstains (no DEM scarp, no slope lineament, no radiometric lineament) -- consistent with a young blind fault straining and micro-seismic beneath cover. HYPOTHESIS, not verified geology.",Anthropogenic subsidence from groundwater withdrawal; irrigation-related aquifer compaction; volcanic inflation or deflation (magma movement without discrete faulting); post-seismic afterslip or viscoelastic relaxation; seasonal hydrological loading; a strain transient on a creeping (aseismic) fault segment.,"Independent evidence of discrete offset: a displaced contact or marker bed, deflected or offset drainage, a facies termination, a fault-plane solution aligned with the lineament, a published structural interpretation, or field observation. None is claimed here.","MEASURED CONTEXT + TEMPLATE HYPOTHESIS; no field observation, no geologist review"
2570,2023,445700.0,4251500.0,14312.6,0.961451,0.607876,0.353574,1,15.468,7.612,5.7,723.1,981.8495,517.3,0.3762,-10.9003,0.3583,0.5748,"Buried or cover-hidden ACTIVE fault (H72-A): the deformation-only view is confident (geodetic second invariant / shear / dilatation gradients and their coherence, earthquake-density kernel edge) while the surface view abstains (no DEM scarp, no slope lineament, no radiometric lineament) -- consistent with a young blind fault straining and micro-seismic beneath cover. HYPOTHESIS, not verified geology.",Anthropogenic subsidence from groundwater withdrawal; irrigation-related aquifer compaction; volcanic inflation or deflation (magma movement without discrete faulting); post-seismic afterslip or viscoelastic relaxation; seasonal hydrological loading; a strain transient on a creeping (aseismic) fault segment.,"Independent evidence of discrete offset: a displaced contact or marker bed, deflected or offset drainage, a facies termination, a fault-plane solution aligned with the lineament, a published structural interpretation, or field observation. None is claimed here.","MEASURED CONTEXT + TEMPLATE HYPOTHESIS; no field observation, no geologist review"
2684,2058,449200.0,4240100.0,16646.0,0.976452,0.605413,0.371039,1,15.7,7.9,5.7,2530.3,711.0,310.8,1.0663,-9.0905,0.6496,0.9252,"Buried or cover-hidden ACTIVE fault (H72-A): the deformation-only view is confident (geodetic second invariant / shear / dilatation gradients and their coherence, earthquake-density kernel edge) while the surface view abstains (no DEM scarp, no slope lineament, no radiometric lineament) -- consistent with a young blind fault straining and micro-seismic beneath cover. HYPOTHESIS, not verified geology.",Anthropogenic subsidence from groundwater withdrawal; irrigation-related aquifer compaction; volcanic inflation or deflation (magma movement without discrete faulting); post-seismic afterslip or viscoelastic relaxation; seasonal hydrological loading; a strain transient on a creeping (aseismic) fault segment.,"Independent evidence of discrete offset: a displaced contact or marker bed, deflected or offset drainage, a facies termination, a fault-plane solution aligned with the lineament, a published structural interpretation, or field observation. None is claimed here.","MEASURED CONTEXT + TEMPLATE HYPOTHESIS; no field observation, no geologist review"
2997,1892,432600.0,4208800.0,6621.9,0.950505,0.388766,0.561739,1,31.6,20.9,3.6,1173.892,1047.1821,2156.9,1.4954,-24.7687,0.563,0.7598,"Buried or cover-hidden ACTIVE fault (H72-A): the deformation-only view is confident (geodetic second invariant / shear / dilatation gradients and their coherence, earthquake-density kernel edge) while the surface view abstains (no DEM scarp, no slope lineament, no radiometric lineament) -- consistent with a young blind fault straining and micro-seismic beneath cover. HYPOTHESIS, not verified geology.",Anthropogenic subsidence from groundwater withdrawal; irrigation-related aquifer compaction; volcanic inflation or deflation (magma movement without discrete faulting); post-seismic afterslip or viscoelastic relaxation; seasonal hydrological loading; a strain transient on a creeping (aseismic) fault segment.,"Independent evidence of discrete offset: a displaced contact or marker bed, deflected or offset drainage, a facies termination, a fault-plane solution aligned with the lineament, a published structural interpretation, or field observation. None is claimed here.","MEASURED CONTEXT + TEMPLATE HYPOTHESIS; no field observation, no geologist review"
2998,1888,432200.0,4208700.0,6985.7,0.953272,0.404672,0.5486,1,31.6,20.9,3.6,1165.6138,1035.7,2109.8,1.6586,-24.4649,0.5748,0.7283,"Buried or cover-hidden ACTIVE fault (H72-A): the deformation-only view is confident (geodetic second invariant / shear / dilatation gradients and their coherence, earthquake-density kernel edge) while the surface view abstains (no DEM scarp, no slope lineament, no radiometric lineament) -- consistent with a young blind fault straining and micro-seismic beneath cover. HYPOTHESIS, not verified geology.",Anthropogenic subsidence from groundwater withdrawal; irrigation-related aquifer compaction; volcanic inflation or deflation (magma movement without discrete faulting); post-seismic afterslip or viscoelastic relaxation; seasonal hydrological loading; a strain transient on a creeping (aseismic) fault segment.,"Independent evidence of discrete offset: a displaced contact or marker bed, deflected or offset drainage, a facies termination, a fault-plane solution aligned with the lineament, a published structural interpretation, or field observation. None is claimed here.","MEASURED CONTEXT + TEMPLATE HYPOTHESIS; no field observation, no geologist review"
2998,1901,433500.0,4208700.0,5728.0,0.988921,0.486309,0.502612,1,31.5302,20.8442,3.5162,993.8,1023.2039,2359.6,2.1304,-25.608,0.6299,0.7244,"Buried or cover-hidden ACTIVE fault (H72-A): the deformation-only view is confident (geodetic second invariant / shear / dilatation gradients and their coherence, earthquake-density kernel edge) while the surface view abstains (no DEM scarp, no slope lineament, no radiometric lineament) -- consistent with a young blind fault straining and micro-seismic beneath cover. HYPOTHESIS, not verified geology.",Anthropogenic subsidence from groundwater withdrawal; irrigation-related aquifer compaction; volcanic inflation or deflation (magma movement without discrete faulting); post-seismic afterslip or viscoelastic relaxation; seasonal hydrological loading; a strain transient on a creeping (aseismic) fault segment.,"Independent evidence of discrete offset: a displaced contact or marker bed, deflected or offset drainage, a facies termination, a fault-plane solution aligned with the lineament, a published structural interpretation, or field observation. None is claimed here.","MEASURED CONTEXT + TEMPLATE HYPOTHESIS; no field observation, no geologist review"
2998,1904,433800.0,4208700.0,5440.6,0.981603,0.547883,0.43372,1,31.233,20.6064,3.1596,993.8,970.0059,2367.2,1.1654,-25.6972,0.5118,0.7087,"Buried or cover-hidden ACTIVE fault (H72-A): the deformation-only view is confident (geodetic second invariant / shear / dilatation gradients and their coherence, earthquake-density kernel edge) while the surface view abstains (no DEM scarp, no slope lineament, no radiometric lineament) -- consistent with a young blind fault straining and micro-seismic beneath cover. HYPOTHESIS, not verified geology.",Anthropogenic subsidence from groundwater withdrawal; irrigation-related aquifer compaction; volcanic inflation or deflation (magma movement without discrete faulting); post-seismic afterslip or viscoelastic relaxation; seasonal hydrological loading; a strain transient on a creeping (aseismic) fault segment.,"Independent evidence of discrete offset: a displaced contact or marker bed, deflected or offset drainage, a facies termination, a fault-plane solution aligned with the lineament, a published structural interpretation, or field observation. None is claimed here.","MEASURED CONTEXT + TEMPLATE HYPOTHESIS; no field observation, no geologist review"
2998,1909,434300.0,4208700.0,4964.9,0.984275,0.5004,0.483875,1,31.1,20.5,3.0,993.8,946.2,2366.9,2.1287,-25.8363,0.3937,0.7126,"Buried or cover-hidden ACTIVE fault (H72-A): the deformation-only view is confident (geodetic second invariant / shear / dilatation gradients and their coherence, earthquake-density kernel edge) while the surface view abstains (no DEM scarp, no slope lineament, no radiometric lineament) -- consistent with a young blind fault straining and micro-seismic beneath cover. HYPOTHESIS, not verified geology.",Anthropogenic subsidence from groundwater withdrawal; irrigation-related aquifer compaction; volcanic inflation or deflation (magma movement without discrete faulting); post-seismic afterslip or viscoelastic relaxation; seasonal hydrological loading; a strain transient on a creeping (aseismic) fault segment.,"Independent evidence of discrete offset: a displaced contact or marker bed, deflected or offset drainage, a facies termination, a fault-plane solution aligned with the lineament, a published structural interpretation, or field observation. None is claimed here.","MEASURED CONTEXT + TEMPLATE HYPOTHESIS; no field observation, no geologist review"
2998,1919,435300.0,4208700.0,4031.1,0.979673,0.384272,0.595401,1,31.1,20.5,3.0,993.8,946.2,2286.2,1.2625,-26.0835,0.3898,0.6929,"Buried or cover-hidden ACTIVE fault (H72-A): the deformation-only view is confident (geodetic second invariant / shear / dilatation gradients and their coherence, earthquake-density kernel edge) while the surface view abstains (no DEM scarp, no slope lineament, no radiometric lineament) -- consistent with a young blind fault straining and micro-seismic beneath cover. HYPOTHESIS, not verified geology.",Anthropogenic subsidence from groundwater withdrawal; irrigation-related aquifer compaction; volcanic inflation or deflation (magma movement without discrete faulting); post-seismic afterslip or viscoelastic relaxation; seasonal hydrological loading; a strain transient on a creeping (aseismic) fault segment.,"Independent evidence of discrete offset: a displaced contact or marker bed, deflected or offset drainage, a facies termination, a fault-plane solution aligned with the lineament, a published structural interpretation, or field observation. None is claimed here.","MEASURED CONTEXT + TEMPLATE HYPOTHESIS; no field observation, no geologist review"
2998,1933,436700.0,4208700.0,2801.8,0.957055,0.537734,0.419321,1,30.6,20.1,2.6,909.2,937.7,2328.7,1.1963,-27.1127,0.4882,0.6732,"Buried or cover-hidden ACTIVE fault (H72-A): the deformation-only view is confident (geodetic second invariant / shear / dilatation gradients and their coherence, earthquake-density kernel edge) while the surface view abstains (no DEM scarp, no slope lineament, no radiometric lineament) -- consistent with a young blind fault straining and micro-seismic beneath cover. HYPOTHESIS, not verified geology.",Anthropogenic subsidence from groundwater withdrawal; irrigation-related aquifer compaction; volcanic inflation or deflation (magma movement without discrete faulting); post-seismic afterslip or viscoelastic relaxation; seasonal hydrological loading; a strain transient on a creeping (aseismic) fault segment.,"Independent evidence of discrete offset: a displaced contact or marker bed, deflected or offset drainage, a facies termination, a fault-plane solution aligned with the lineament, a published structural interpretation, or field observation. None is claimed here.","MEASURED CONTEXT + TEMPLATE HYPOTHESIS; no field observation, no geologist review"
3000,1912,434600.0,4208500.0,4617.4,0.97748,0.410473,0.567007,1,31.1,20.5,3.0,993.8,946.2,2392.4,1.8245,-25.9163,0.4882,0.7244,"Buried or cover-hidden ACTIVE fault (H72-A): the deformation-only view is confident (geodetic second invariant / shear / dilatation gradients and their coherence, earthquake-density kernel edge) while the surface view abstains (no DEM scarp, no slope lineament, no radiometric lineament) -- consistent with a young blind fault straining and micro-seismic beneath cover. HYPOTHESIS, not verified geology.",Anthropogenic subsidence from groundwater withdrawal; irrigation-related aquifer compaction; volcanic inflation or deflation (magma movement without discrete faulting); post-seismic afterslip or viscoelastic relaxation; seasonal hydrological loading; a strain transient on a creeping (aseismic) fault segment.,"Independent evidence of discrete offset: a displaced contact or marker bed, deflected or offset drainage, a facies termination, a fault-plane solution aligned with the lineament, a published structural interpretation, or field observation. None is claimed here.","MEASURED CONTEXT + TEMPLATE HYPOTHESIS; no field observation, no geologist review"
3001,1890,432400.0,4208400.0,6726.8,0.992869,0.464849,0.528019,1,31.6,20.9,3.6,1009.483,1035.7,2291.9,1.3216,-24.8669,0.5118,0.7402,"Buried or cover-hidden ACTIVE fault (H72-A): the deformation-only view is confident (geodetic second invariant / shear / dilatation gradients and their coherence, earthquake-density kernel edge) while the surface view abstains (no DEM scarp, no slope lineament, no radiometric lineament) -- consistent with a young blind fault straining and micro-seismic beneath cover. HYPOTHESIS, not verified geology.",Anthropogenic subsidence from groundwater withdrawal; irrigation-related aquifer compaction; volcanic inflation or deflation (magma movement without discrete faulting); post-seismic afterslip or viscoelastic relaxation; seasonal hydrological loading; a strain transient on a creeping (aseismic) fault segment.,"Independent evidence of discrete offset: a displaced contact or marker bed, deflected or offset drainage, a facies termination, a fault-plane solution aligned with the lineament, a published structural interpretation, or field observation. None is claimed here.","MEASURED CONTEXT + TEMPLATE HYPOTHESIS; no field observation, no geologist review"
3001,1919,435300.0,4208400.0,3921.7,0.980854,0.387567,0.593287,1,31.1,20.5,3.0,993.8,946.2,2345.3,1.5355,-26.1336,0.3898,0.7008,"Buried or cover-hidden ACTIVE fault (H72-A): the deformation-only view is confident (geodetic second invariant / shear / dilatation gradients and their coherence, earthquake-density kernel edge) while the surface view abstains (no DEM scarp, no slope lineament, no radiometric lineament) -- consistent with a young blind fault straining and micro-seismic beneath cover. HYPOTHESIS, not verified geology.",Anthropogenic subsidence from groundwater withdrawal; irrigation-related aquifer compaction; volcanic inflation or deflation (magma movement without discrete faulting); post-seismic afterslip or viscoelastic relaxation; seasonal hydrological loading; a strain transient on a creeping (aseismic) fault segment.,"Independent evidence of discrete offset: a displaced contact or marker bed, deflected or offset drainage, a facies termination, a fault-plane solution aligned with the lineament, a published structural interpretation, or field observation. None is claimed here.","MEASURED CONTEXT + TEMPLATE HYPOTHESIS; no field observation, no geologist review"
3002,1936,437000.0,4208300.0,2332.4,0.962663,0.364234,0.598428,1,30.6,20.1,2.6,909.2,937.7,2411.9,1.0895,-27.4961,0.3976,0.6535,"Buried or cover-hidden ACTIVE fault (H72-A): the deformation-only view is confident (geodetic second invariant / shear / dilatation gradients and their coherence, earthquake-density kernel edge) while the surface view abstains (no DEM scarp, no slope lineament, no radiometric lineament) -- consistent with a young blind fault straining and micro-seismic beneath cover. HYPOTHESIS, not verified geology.",Anthropogenic subsidence from groundwater withdrawal; irrigation-related aquifer compaction; volcanic inflation or deflation (magma movement without discrete faulting); post-seismic afterslip or viscoelastic relaxation; seasonal hydrological loading; a strain transient on a creeping (aseismic) fault segment.,"Independent evidence of discrete offset: a displaced contact or marker bed, deflected or offset drainage, a facies termination, a fault-plane solution aligned with the lineament, a published structural interpretation, or field observation. None is claimed here.","MEASURED CONTEXT + TEMPLATE HYPOTHESIS; no field observation, no geologist review"
3003,1898,433200.0,4208200.0,5903.4,0.994608,0.398192,0.596416,1,31.6182,20.9182,3.559,993.8,1035.7,2546.1,1.1215,-25.7079,0.5472,0.7913,"Buried or cover-hidden ACTIVE fault (H72-A): the deformation-only view is confident (geodetic second invariant / shear / dilatation gradients and their coherence, earthquake-density kernel edge) while the surface view abstains (no DEM scarp, no slope lineament, no radiometric lineament) -- consistent with a young blind fault straining and micro-seismic beneath cover. HYPOTHESIS, not verified geology.",Anthropogenic subsidence from groundwater withdrawal; irrigation-related aquifer compaction; volcanic inflation or deflation (magma movement without discrete faulting); post-seismic afterslip or viscoelastic relaxation; seasonal hydrological loading; a strain transient on a creeping (aseismic) fault segment.,"Independent evidence of discrete offset: a displaced contact or marker bed, deflected or offset drainage, a facies termination, a fault-plane solution aligned with the lineament, a published structural interpretation, or field observation. None is claimed here.","MEASURED CONTEXT + TEMPLATE HYPOTHESIS; no field observation, no geologist review"
3003,1901,433500.0,4208200.0,5608.9,0.990686,0.48198,0.508705,1,31.5502,20.8686,3.4741,993.8,1023.2025,2540.3,0.8591,-25.7431,0.5118,0.7835,"Buried or cover-hidden ACTIVE fault (H72-A): the deformation-only view is confident (geodetic second invariant / shear / dilatation gradients and their coherence, earthquake-density kernel edge) while the surface view abstains (no DEM scarp, no slope lineament, no radiometric lineament) -- consistent with a young blind fault straining and micro-seismic beneath cover. HYPOTHESIS, not verified geology.",Anthropogenic subsidence from groundwater withdrawal; irrigation-related aquifer compaction; volcanic inflation or deflation (magma movement without discrete faulting); post-seismic afterslip or viscoelastic relaxation; seasonal hydrological loading; a strain transient on a creeping (aseismic) fault segment.,"Independent evidence of discrete offset: a displaced contact or marker bed, deflected or offset drainage, a facies termination, a fault-plane solution aligned with the lineament, a published structural interpretation, or field observation. None is claimed here.","MEASURED CONTEXT + TEMPLATE HYPOTHESIS; no field observation, no geologist review"
3003,1913,434700.0,4208200.0,4438.5,0.986566,0.375082,0.611485,1,31.1312,20.5625,2.9509,993.8,946.2,2456.9,1.643,-25.9678,0.5315,0.7677,"Buried or cover-hidden ACTIVE fault (H72-A): the deformation-only view is confident (geodetic second invariant / shear / dilatation gradients and their coherence, earthquake-density kernel edge) while the surface view abstains (no DEM scarp, no slope lineament, no radiometric lineament) -- consistent with a young blind fault straining and micro-seismic beneath cover. HYPOTHESIS, not verified geology.",Anthropogenic subsidence from groundwater withdrawal; irrigation-related aquifer compaction; volcanic inflation or deflation (magma movement without discrete faulting); post-seismic afterslip or viscoelastic relaxation; seasonal hydrological loading; a strain transient on a creeping (aseismic) fault segment.,"Independent evidence of discrete offset: a displaced contact or marker bed, deflected or offset drainage, a facies termination, a fault-plane solution aligned with the lineament, a published structural interpretation, or field observation. None is claimed here.","MEASURED CONTEXT + TEMPLATE HYPOTHESIS; no field observation, no geologist review"
3004,1930,436400.0,4208100.0,2785.7,0.957249,0.540952,0.416297,1,30.821,20.542,2.3544,918.8917,937.7,2379.0,0.6728,-26.9115,0.4291,0.7008,"Buried or cover-hidden ACTIVE fault (H72-A): the deformation-only view is confident (geodetic second invariant / shear / dilatation gradients and their coherence, earthquake-density kernel edge) while the surface view abstains (no DEM scarp, no slope lineament, no radiometric lineament) -- consistent with a young blind fault straining and micro-seismic beneath cover. HYPOTHESIS, not verified geology.",Anthropogenic subsidence from groundwater withdrawal; irrigation-related aquifer compaction; volcanic inflation or deflation (magma movement without discrete faulting); post-seismic afterslip or viscoelastic relaxation; seasonal hydrological loading; a strain transient on a creeping (aseismic) fault segment.,"Independent evidence of discrete offset: a displaced contact or marker bed, deflected or offset drainage, a facies termination, a fault-plane solution aligned with the lineament, a published structural interpretation, or field observation. None is claimed here.","MEASURED CONTEXT + TEMPLATE HYPOTHESIS; no field observation, no geologist review"
3005,1895,432900.0,4208000.0,6166.0,0.989521,0.519803,0.469718,1,31.7799,21.0799,3.1951,993.8,1035.7,2569.0,0.7796,-25.5452,0.6378,0.7283,"Buried or cover-hidden ACTIVE fault (H72-A): the deformation-only view is confident (geodetic second invariant / shear / dilatation gradients and their coherence, earthquake-density kernel edge) while the surface view abstains (no DEM scarp, no slope lineament, no radiometric lineament) -- consistent with a young blind fault straining and micro-seismic beneath cover. HYPOTHESIS, not verified geology.",Anthropogenic subsidence from groundwater withdrawal; irrigation-related aquifer compaction; volcanic inflation or deflation (magma movement without discrete faulting); post-seismic afterslip or viscoelastic relaxation; seasonal hydrological loading; a strain transient on a creeping (aseismic) fault segment.,"Independent evidence of discrete offset: a displaced contact or marker bed, deflected or offset drainage, a facies termination, a fault-plane solution aligned with the lineament, a published structural interpretation, or field observation. None is claimed here.","MEASURED CONTEXT + TEMPLATE HYPOTHESIS; no field observation, no geologist review"
3006,1915,434900.0,4207900.0,4177.3,0.99431,0.36756,0.626749,1,31.5554,21.4108,2.2844,993.8,946.2,2499.2,1.154,-26.0593,0.4961,0.7165,"Buried or cover-hidden ACTIVE fault (H72-A): the deformation-only view is confident (geodetic second invariant / shear / dilatation gradients and their coherence, earthquake-density kernel edge) while the surface view abstains (no DEM scarp, no slope lineament, no radiometric lineament) -- consistent with a young blind fault straining and micro-seismic beneath cover. HYPOTHESIS, not verified geology.",Anthropogenic subsidence from groundwater withdrawal; irrigation-related aquifer compaction; volcanic inflation or deflation (magma movement without discrete faulting); post-seismic afterslip or viscoelastic relaxation; seasonal hydrological loading; a strain transient on a creeping (aseismic) fault segment.,"Independent evidence of discrete offset: a displaced contact or marker bed, deflected or offset drainage, a facies termination, a fault-plane solution aligned with the lineament, a published structural interpretation, or field observation. None is claimed here.","MEASURED CONTEXT + TEMPLATE HYPOTHESIS; no field observation, no geologist review"
3007,1869,430300.0,4207800.0,7032.8,0.9741,0.356104,0.617997,1,32.1567,20.999,2.8732,1387.8,1120.7,1536.0,1.9336,-19.7361,0.4961,0.9252,"Buried or cover-hidden ACTIVE fault (H72-A): the deformation-only view is confident (geodetic second invariant / shear / dilatation gradients and their coherence, earthquake-density kernel edge) while the surface view abstains (no DEM scarp, no slope lineament, no radiometric lineament) -- consistent with a young blind fault straining and micro-seismic beneath cover. HYPOTHESIS, not verified geology.",Anthropogenic subsidence from groundwater withdrawal; irrigation-related aquifer compaction; volcanic inflation or deflation (magma movement without discrete faulting); post-seismic afterslip or viscoelastic relaxation; seasonal hydrological loading; a strain transient on a creeping (aseismic) fault segment.,"Independent evidence of discrete offset: a displaced contact or marker bed, deflected or offset drainage, a facies termination, a fault-plane solution aligned with the lineament, a published structural interpretation, or field observation. None is claimed here.","MEASURED CONTEXT + TEMPLATE HYPOTHESIS; no field observation, no geologist review"
3007,1908,434200.0,4207800.0,4850.8,0.994595,0.399696,0.594899,1,31.6971,21.6943,2.0617,993.8,946.2,2644.6,1.1242,-25.8375,0.5669,0.7047,"Buried or cover-hidden ACTIVE fault (H72-A): the deformation-only view is confident (geodetic second invariant / shear / dilatation gradients and their coherence, earthquake-density kernel edge) while the surface view abstains (no DEM scarp, no slope lineament, no radiometric lineament) -- consistent with a young blind fault straining and micro-seismic beneath cover. HYPOTHESIS, not verified geology.",Anthropogenic subsidence from groundwater withdrawal; irrigation-related aquifer compaction; volcanic inflation or deflation (magma movement without discrete faulting); post-seismic afterslip or viscoelastic relaxation; seasonal hydrological loading; a strain transient on a creeping (aseismic) fault segment.,"Independent evidence of discrete offset: a displaced contact or marker bed, deflected or offset drainage, a facies termination, a fault-plane solution aligned with the lineament, a published structural interpretation, or field observation. None is claimed here.","MEASURED CONTEXT + TEMPLATE HYPOTHESIS; no field observation, no geologist review"
3007,1922,435600.0,4207800.0,3471.3,0.988994,0.404285,0.584709,1,31.5975,21.6752,1.9681,993.8,943.6466,2443.2,1.0285,-26.4178,0.5276,0.7126,"Buried or cover-hidden ACTIVE fault (H72-A): the deformation-only view is confident (geodetic second invariant / shear / dilatation gradients and their coherence, earthquake-density kernel edge) while the surface view abstains (no DEM scarp, no slope lineament, no radiometric lineament) -- consistent with a young blind fault straining and micro-seismic beneath cover. HYPOTHESIS, not verified geology.",Anthropogenic subsidence from groundwater withdrawal; irrigation-related aquifer compaction; volcanic inflation or deflation (magma movement without discrete faulting); post-seismic afterslip or viscoelastic relaxation; seasonal hydrological loading; a strain transient on a creeping (aseismic) fault segment.,"Independent evidence of discrete offset: a displaced contact or marker bed, deflected or offset drainage, a facies termination, a fault-plane solution aligned with the lineament, a published structural interpretation, or field observation. None is claimed here.","MEASURED CONTEXT + TEMPLATE HYPOTHESIS; no field observation, no geologist review"
3007,1931,436500.0,4207800.0,2596.2,0.982612,0.378992,0.60362,1,31.3664,21.6328,1.7484,909.2,937.7,2429.4,1.2467,-27.0745,0.4291,0.7402,"Buried or cover-hidden ACTIVE fault (H72-A): the deformation-only view is confident (geodetic second invariant / shear / dilatation gradients and their coherence, earthquake-density kernel edge) while the surface view abstains (no DEM scarp, no slope lineament, no radiometric lineament) -- consistent with a young blind fault straining and micro-seismic beneath cover. HYPOTHESIS, not verified geology.",Anthropogenic subsidence from groundwater withdrawal; irrigation-related aquifer compaction; volcanic inflation or deflation (magma movement without discrete faulting); post-seismic afterslip or viscoelastic relaxation; seasonal hydrological loading; a strain transient on a creeping (aseismic) fault segment.,"Independent evidence of discrete offset: a displaced contact or marker bed, deflected or offset drainage, a facies termination, a fault-plane solution aligned with the lineament, a published structural interpretation, or field observation. None is claimed here.","MEASURED CONTEXT + TEMPLATE HYPOTHESIS; no field observation, no geologist review"
3008,1935,436900.0,4207700.0,2184.0,0.991149,0.398928,0.592221,1,31.5,21.9,1.6,909.2,937.7,2474.0,0.6748,-27.4517,0.5039,0.7126,"Buried or cover-hidden ACTIVE fault (H72-A): the deformation-only view is confident (geodetic second invariant / shear / dilatation gradients and their coherence, earthquake-density kernel edge) while the surface view abstains (no DEM scarp, no slope lineament, no radiometric lineament) -- consistent with a young blind fault straining and micro-seismic beneath cover. HYPOTHESIS, not verified geology.",Anthropogenic subsidence from groundwater withdrawal; irrigation-related aquifer compaction; volcanic inflation or deflation (magma movement without discrete faulting); post-seismic afterslip or viscoelastic relaxation; seasonal hydrological loading; a strain transient on a creeping (aseismic) fault segment.,"Independent evidence of discrete offset: a displaced contact or marker bed, deflected or offset drainage, a facies termination, a fault-plane solution aligned with the lineament, a published structural interpretation, or field observation. None is claimed here.","MEASURED CONTEXT + TEMPLATE HYPOTHESIS; no field observation, no geologist review"
3010,1908,434200.0,4207500.0,4816.6,0.996522,0.357779,0.638742,1,31.8,21.9,1.9,993.8,946.2,2688.0,1.0851,-25.7801,0.6063,0.7205,"Buried or cover-hidden ACTIVE fault (H72-A): the deformation-only view is confident (geodetic second invariant / shear / dilatation gradients and their coherence, earthquake-density kernel edge) while the surface view abstains (no DEM scarp, no slope lineament, no radiometric lineament) -- consistent with a young blind fault straining and micro-seismic beneath cover. HYPOTHESIS, not verified geology.",Anthropogenic subsidence from groundwater withdrawal; irrigation-related aquifer compaction; volcanic inflation or deflation (magma movement without discrete faulting); post-seismic afterslip or viscoelastic relaxation; seasonal hydrological loading; a strain transient on a creeping (aseismic) fault segment.,"Independent evidence of discrete offset: a displaced contact or marker bed, deflected or offset drainage, a facies termination, a fault-plane solution aligned with the lineament, a published structural interpretation, or field observation. None is claimed here.","MEASURED CONTEXT + TEMPLATE HYPOTHESIS; no field observation, no geologist review"
3010,1923,435700.0,4207500.0,3324.2,0.989073,0.388157,0.600917,1,31.6504,21.9,1.7504,993.8,941.9625,2443.0,1.3079,-26.3939,0.4567,0.7087,"Buried or cover-hidden ACTIVE fault (H72-A): the deformation-only view is confident (geodetic second invariant / shear / dilatation gradients and their coherence, earthquake-density kernel edge) while the surface view abstains (no DEM scarp, no slope lineament, no radiometric lineament) -- consistent with a young blind fault straining and micro-seismic beneath cover. HYPOTHESIS, not verified geology.",Anthropogenic subsidence from groundwater withdrawal; irrigation-related aquifer compaction; volcanic inflation or deflation (magma movement without discrete faulting); post-seismic afterslip or viscoelastic relaxation; seasonal hydrological loading; a strain transient on a creeping (aseismic) fault segment.,"Independent evidence of discrete offset: a displaced contact or marker bed, deflected or offset drainage, a facies termination, a fault-plane solution aligned with the lineament, a published structural interpretation, or field observation. None is claimed here.","MEASURED CONTEXT + TEMPLATE HYPOTHESIS; no field observation, no geologist review"
3010,1931,436500.0,4207500.0,2531.8,0.993567,0.399461,0.594106,1,31.5,21.9,1.6,909.2,937.7,2424.4,1.297,-26.9486,0.4528,0.7283,"Buried or cover-hidden ACTIVE fault (H72-A): the deformation-only view is confident (geodetic second invariant / shear / dilatation gradients and their coherence, earthquake-density kernel edge) while the surface view abstains (no DEM scarp, no slope lineament, no radiometric lineament) -- consistent with a young blind fault straining and micro-seismic beneath cover. HYPOTHESIS, not verified geology.",Anthropogenic subsidence from groundwater withdrawal; irrigation-related aquifer compaction; volcanic inflation or deflation (magma movement without discrete faulting); post-seismic afterslip or viscoelastic relaxation; seasonal hydrological loading; a strain transient on a creeping (aseismic) fault segment.,"Independent evidence of discrete offset: a displaced contact or marker bed, deflected or offset drainage, a facies termination, a fault-plane solution aligned with the lineament, a published structural interpretation, or field observation. None is claimed here.","MEASURED CONTEXT + TEMPLATE HYPOTHESIS; no field observation, no geologist review"
3011,1911,434500.0,4207400.0,4510.0,0.994545,0.486976,0.507569,1,31.8,21.9,1.9,993.8,946.2,2634.1,1.3218,-25.846,0.5276,0.7402,"Buried or cover-hidden ACTIVE fault (H72-A): the deformation-only view is confident (geodetic second invariant / shear / dilatation gradients and their coherence, earthquake-density kernel edge) while the surface view abstains (no DEM scarp, no slope lineament, no radiometric lineament) -- consistent with a young blind fault straining and micro-seismic beneath cover. HYPOTHESIS, not verified geology.",Anthropogenic subsidence from groundwater withdrawal; irrigation-related aquifer compaction; volcanic inflation or deflation (magma movement without discrete faulting); post-seismic afterslip or viscoelastic relaxation; seasonal hydrological loading; a strain transient on a creeping (aseismic) fault segment.,"Independent evidence of discrete offset: a displaced contact or marker bed, deflected or offset drainage, a facies termination, a fault-plane solution aligned with the lineament, a published structural interpretation, or field observation. None is claimed here.","MEASURED CONTEXT + TEMPLATE HYPOTHESIS; no field observation, no geologist review"
3012,1928,436200.0,4207300.0,2807.1,0.995763,0.47616,0.519603,1,31.5,21.9,1.6,952.4136,937.7,2388.6,1.2188,-26.5867,0.4016,0.748,"Buried or cover-hidden ACTIVE fault (H72-A): the deformation-only view is confident (geodetic second invariant / shear / dilatation gradients and their coherence, earthquake-density kernel edge) while the surface view abstains (no DEM scarp, no slope lineament, no radiometric lineament) -- consistent with a young blind fault straining and micro-seismic beneath cover. HYPOTHESIS, not verified geology.",Anthropogenic subsidence from groundwater withdrawal; irrigation-related aquifer compaction; volcanic inflation or deflation (magma movement without discrete faulting); post-seismic afterslip or viscoelastic relaxation; seasonal hydrological loading; a strain transient on a creeping (aseismic) fault segment.,"Independent evidence of discrete offset: a displaced contact or marker bed, deflected or offset drainage, a facies termination, a fault-plane solution aligned with the lineament, a published structural interpretation, or field observation. None is claimed here.","MEASURED CONTEXT + TEMPLATE HYPOTHESIS; no field observation, no geologist review"
3013,1919,435300.0,4207200.0,3701.4,0.992415,0.527109,0.465306,1,31.8,21.9,1.9,993.8,942.4852,2476.7,2.0465,-26.0417,0.5039,0.7205,"Buried or cover-hidden ACTIVE fault (H72-A): the deformation-only view is confident (geodetic second invariant / shear / dilatation gradients and their coherence, earthquake-density kernel edge) while the surface view abstains (no DEM scarp, no slope lineament, no radiometric lineament) -- consistent with a young blind fault straining and micro-seismic beneath cover. HYPOTHESIS, not verified geology.",Anthropogenic subsidence from groundwater withdrawal; irrigation-related aquifer compaction; volcanic inflation or deflation (magma movement without discrete faulting); post-seismic afterslip or viscoelastic relaxation; seasonal hydrological loading; a strain transient on a creeping (aseismic) fault segment.,"Independent evidence of discrete offset: a displaced contact or marker bed, deflected or offset drainage, a facies termination, a fault-plane solution aligned with the lineament, a published structural interpretation, or field observation. None is claimed here.","MEASURED CONTEXT + TEMPLATE HYPOTHESIS; no field observation, no geologist review"
3013,1934,436800.0,4207200.0,2202.3,0.989587,0.405897,0.58369,1,31.5,21.9,1.6,909.2,933.042,2427.2,1.2357,-26.9897,0.3898,0.6772,"Buried or cover-hidden ACTIVE fault (H72-A): the deformation-only view is confident (geodetic second invariant / shear / dilatation gradients and their coherence, earthquake-density kernel edge) while the surface view abstains (no DEM scarp, no slope lineament, no radiometric lineament) -- consistent with a young blind fault straining and micro-seismic beneath cover. HYPOTHESIS, not verified geology.",Anthropogenic subsidence from groundwater withdrawal; irrigation-related aquifer compaction; volcanic inflation or deflation (magma movement without discrete faulting); post-seismic afterslip or viscoelastic relaxation; seasonal hydrological loading; a strain transient on a creeping (aseismic) fault segment.,"Independent evidence of discrete offset: a displaced contact or marker bed, deflected or offset drainage, a facies termination, a fault-plane solution aligned with the lineament, a published structural interpretation, or field observation. None is claimed here.","MEASURED CONTEXT + TEMPLATE HYPOTHESIS; no field observation, no geologist review"
3014,1908,434200.0,4207100.0,4800.0,0.9959,0.380223,0.615677,1,31.8,21.9,1.9,993.8,930.8077,2726.2,1.4482,-25.6759,0.5551,0.752,"Buried or cover-hidden ACTIVE fault (H72-A): the deformation-only view is confident (geodetic second invariant / shear / dilatation gradients and their coherence, earthquake-density kernel edge) while the surface view abstains (no DEM scarp, no slope lineament, no radiometric lineament) -- consistent with a young blind fault straining and micro-seismic beneath cover. HYPOTHESIS, not verified geology.",Anthropogenic subsidence from groundwater withdrawal; irrigation-related aquifer compaction; volcanic inflation or deflation (magma movement without discrete faulting); post-seismic afterslip or viscoelastic relaxation; seasonal hydrological loading; a strain transient on a creeping (aseismic) fault segment.,"Independent evidence of discrete offset: a displaced contact or marker bed, deflected or offset drainage, a facies termination, a fault-plane solution aligned with the lineament, a published structural interpretation, or field observation. None is claimed here.","MEASURED CONTEXT + TEMPLATE HYPOTHESIS; no field observation, no geologist review"
3015,1900,433400.0,4207000.0,5600.0,0.996411,0.382171,0.614239,1,32.0,21.3,2.7,993.8,1008.218,2835.6,0.9295,-26.0833,0.5315,0.7402,"Buried or cover-hidden ACTIVE fault (H72-A): the deformation-only view is confident (geodetic second invariant / shear / dilatation gradients and their coherence, earthquake-density kernel edge) while the surface view abstains (no DEM scarp, no slope lineament, no radiometric lineament) -- consistent with a young blind fault straining and micro-seismic beneath cover. HYPOTHESIS, not verified geology.",Anthropogenic subsidence from groundwater withdrawal; irrigation-related aquifer compaction; volcanic inflation or deflation (magma movement without discrete faulting); post-seismic afterslip or viscoelastic relaxation; seasonal hydrological loading; a strain transient on a creeping (aseismic) fault segment.,"Independent evidence of discrete offset: a displaced contact or marker bed, deflected or offset drainage, a facies termination, a fault-plane solution aligned with the lineament, a published structural interpretation, or field observation. None is claimed here.","MEASURED CONTEXT + TEMPLATE HYPOTHESIS; no field observation, no geologist review"
3015,1941,437500.0,4207000.0,1500.0,0.980594,0.395881,0.584712,1,31.4351,21.8286,1.5546,909.2,901.9645,2492.8,0.7312,-27.4017,0.5276,0.7205,"Buried or cover-hidden ACTIVE fault (H72-A): the deformation-only view is confident (geodetic second invariant / shear / dilatation gradients and their coherence, earthquake-density kernel edge) while the surface view abstains (no DEM scarp, no slope lineament, no radiometric lineament) -- consistent with a young blind fault straining and micro-seismic beneath cover. HYPOTHESIS, not verified geology.",Anthropogenic subsidence from groundwater withdrawal; irrigation-related aquifer compaction; volcanic inflation or deflation (magma movement without discrete faulting); post-seismic afterslip or viscoelastic relaxation; seasonal hydrological loading; a strain transient on a creeping (aseismic) fault segment.,"Independent evidence of discrete offset: a displaced contact or marker bed, deflected or offset drainage, a facies termination, a fault-plane solution aligned with the lineament, a published structural interpretation, or field observation. None is claimed here.","MEASURED CONTEXT + TEMPLATE HYPOTHESIS; no field observation, no geologist review"
3016,1913,434700.0,4206900.0,4300.0,0.992533,0.402527,0.590006,1,31.8,21.9,1.9,993.8,907.5527,2616.5,0.8253,-25.7487,0.4882,0.7441,"Buried or cover-hidden ACTIVE fault (H72-A): the deformation-only view is confident (geodetic second invariant / shear / dilatation gradients and their coherence, earthquake-density kernel edge) while the surface view abstains (no DEM scarp, no slope lineament, no radiometric lineament) -- consistent with a young blind fault straining and micro-seismic beneath cover. HYPOTHESIS, not verified geology.",Anthropogenic subsidence from groundwater withdrawal; irrigation-related aquifer compaction; volcanic inflation or deflation (magma movement without discrete faulting); post-seismic afterslip or viscoelastic relaxation; seasonal hydrological loading; a strain transient on a creeping (aseismic) fault segment.,"Independent evidence of discrete offset: a displaced contact or marker bed, deflected or offset drainage, a facies termination, a fault-plane solution aligned with the lineament, a published structural interpretation, or field observation. None is claimed here.","MEASURED CONTEXT + TEMPLATE HYPOTHESIS; no field observation, no geologist review"
3016,1925,435900.0,4206900.0,3100.0,0.99881,0.458217,0.540593,1,31.5316,21.9,1.6316,993.8,890.5754,2402.7,1.0349,-26.2302,0.4173,0.7677,"Buried or cover-hidden ACTIVE fault (H72-A): the deformation-only view is confident (geodetic second invariant / shear / dilatation gradients and their coherence, earthquake-density kernel edge) while the surface view abstains (no DEM scarp, no slope lineament, no radiometric lineament) -- consistent with a young blind fault straining and micro-seismic beneath cover. HYPOTHESIS, not verified geology.",Anthropogenic subsidence from groundwater withdrawal; irrigation-related aquifer compaction; volcanic inflation or deflation (magma movement without discrete faulting); post-seismic afterslip or viscoelastic relaxation; seasonal hydrological loading; a strain transient on a creeping (aseismic) fault segment.,"Independent evidence of discrete offset: a displaced contact or marker bed, deflected or offset drainage, a facies termination, a fault-plane solution aligned with the lineament, a published structural interpretation, or field observation. None is claimed here.","MEASURED CONTEXT + TEMPLATE HYPOTHESIS; no field observation, no geologist review"
3016,1929,436300.0,4206900.0,2700.0,0.999622,0.384888,0.614734,1,31.5,21.9,1.6,935.6508,888.5931,2371.6,0.7713,-26.4464,0.3937,0.7559,"Buried or cover-hidden ACTIVE fault (H72-A): the deformation-only view is confident (geodetic second invariant / shear / dilatation gradients and their coherence, earthquake-density kernel edge) while the surface view abstains (no DEM scarp, no slope lineament, no radiometric lineament) -- consistent with a young blind fault straining and micro-seismic beneath cover. HYPOTHESIS, not verified geology.",Anthropogenic subsidence from groundwater withdrawal; irrigation-related aquifer compaction; volcanic inflation or deflation (magma movement without discrete faulting); post-seismic afterslip or viscoelastic relaxation; seasonal hydrological loading; a strain transient on a creeping (aseismic) fault segment.,"Independent evidence of discrete offset: a displaced contact or marker bed, deflected or offset drainage, a facies termination, a fault-plane solution aligned with the lineament, a published structural interpretation, or field observation. None is claimed here.","MEASURED CONTEXT + TEMPLATE HYPOTHESIS; no field observation, no geologist review"
3016,1936,437000.0,4206900.0,2000.0,0.99292,0.449502,0.543418,1,31.5,21.9,1.6,909.2,888.6252,2417.8,0.8704,-26.8986,0.4567,0.6693,"Buried or cover-hidden ACTIVE fault (H72-A): the deformation-only view is confident (geodetic second invariant / shear / dilatation gradients and their coherence, earthquake-density kernel edge) while the surface view abstains (no DEM scarp, no slope lineament, no radiometric lineament) -- consistent with a young blind fault straining and micro-seismic beneath cover. HYPOTHESIS, not verified geology.",Anthropogenic subsidence from groundwater withdrawal; irrigation-related aquifer compaction; volcanic inflation or deflation (magma movement without discrete faulting); post-seismic afterslip or viscoelastic relaxation; seasonal hydrological loading; a strain transient on a creeping (aseismic) fault segment.,"Independent evidence of discrete offset: a displaced contact or marker bed, deflected or offset drainage, a facies termination, a fault-plane solution aligned with the lineament, a published structural interpretation, or field observation. None is claimed here.","MEASURED CONTEXT + TEMPLATE HYPOTHESIS; no field observation, no geologist review"
3017,1922,435600.0,4206800.0,3401.5,0.998724,0.597448,0.401276,1,31.7099,21.9,1.8099,993.8,889.2806,2437.3,0.5159,-26.035,0.4724,0.7441,"Buried or cover-hidden ACTIVE fault (H72-A): the deformation-only view is confident (geodetic second invariant / shear / dilatation gradients and their coherence, earthquake-density kernel edge) while the surface view abstains (no DEM scarp, no slope lineament, no radiometric lineament) -- consistent with a young blind fault straining and micro-seismic beneath cover. HYPOTHESIS, not verified geology.",Anthropogenic subsidence from groundwater withdrawal; irrigation-related aquifer compaction; volcanic inflation or deflation (magma movement without discrete faulting); post-seismic afterslip or viscoelastic relaxation; seasonal hydrological loading; a strain transient on a creeping (aseismic) fault segment.,"Independent evidence of discrete offset: a displaced contact or marker bed, deflected or offset drainage, a facies termination, a fault-plane solution aligned with the lineament, a published structural interpretation, or field observation. None is claimed here.","MEASURED CONTEXT + TEMPLATE HYPOTHESIS; no field observation, no geologist review"
3017,1933,436700.0,4206800.0,2302.2,0.999305,0.503605,0.4957,1,31.5,21.9,1.6,909.2,873.8029,2390.8,0.6909,-26.6351,0.4685,0.6811,"Buried or cover-hidden ACTIVE fault (H72-A): the deformation-only view is confident (geodetic second invariant / shear / dilatation gradients and their coherence, earthquake-density kernel edge) while the surface view abstains (no DEM scarp, no slope lineament, no radiometric lineament) -- consistent with a young blind fault straining and micro-seismic beneath cover. HYPOTHESIS, not verified geology.",Anthropogenic subsidence from groundwater withdrawal; irrigation-related aquifer compaction; volcanic inflation or deflation (magma movement without discrete faulting); post-seismic afterslip or viscoelastic relaxation; seasonal hydrological loading; a strain transient on a creeping (aseismic) fault segment.,"Independent evidence of discrete offset: a displaced contact or marker bed, deflected or offset drainage, a facies termination, a fault-plane solution aligned with the lineament, a published structural interpretation, or field observation. None is claimed here.","MEASURED CONTEXT + TEMPLATE HYPOTHESIS; no field observation, no geologist review"
3020,1922,435600.0,4206500.0,3423.4,0.996557,0.448734,0.547823,1,31.7099,21.9,1.8099,993.8,881.3295,2393.8,0.6513,-25.8955,0.5039,0.6969,"Buried or cover-hidden ACTIVE fault (H72-A): the deformation-only view is confident (geodetic second invariant / shear / dilatation gradients and their coherence, earthquake-density kernel edge) while the surface view abstains (no DEM scarp, no slope lineament, no radiometric lineament) -- consistent with a young blind fault straining and micro-seismic beneath cover. HYPOTHESIS, not verified geology.",Anthropogenic subsidence from groundwater withdrawal; irrigation-related aquifer compaction; volcanic inflation or deflation (magma movement without discrete faulting); post-seismic afterslip or viscoelastic relaxation; seasonal hydrological loading; a strain transient on a creeping (aseismic) fault segment.,"Independent evidence of discrete offset: a displaced contact or marker bed, deflected or offset drainage, a facies termination, a fault-plane solution aligned with the lineament, a published structural interpretation, or field observation. None is claimed here.","MEASURED CONTEXT + TEMPLATE HYPOTHESIS; no field observation, no geologist review"
3020,1930,436400.0,4206500.0,2630.6,0.998515,0.418953,0.579562,1,31.5,21.9,1.6,918.888,864.4,2319.3,0.6427,-26.2024,0.437,0.7362,"Buried or cover-hidden ACTIVE fault (H72-A): the deformation-only view is confident (geodetic second invariant / shear / dilatation gradients and their coherence, earthquake-density kernel edge) while the surface view abstains (no DEM scarp, no slope lineament, no radiometric lineament) -- consistent with a young blind fault straining and micro-seismic beneath cover. HYPOTHESIS, not verified geology.",Anthropogenic subsidence from groundwater withdrawal; irrigation-related aquifer compaction; volcanic inflation or deflation (magma movement without discrete faulting); post-seismic afterslip or viscoelastic relaxation; seasonal hydrological loading; a strain transient on a creeping (aseismic) fault segment.,"Independent evidence of discrete offset: a displaced contact or marker bed, deflected or offset drainage, a facies termination, a fault-plane solution aligned with the lineament, a published structural interpretation, or field observation. None is claimed here.","MEASURED CONTEXT + TEMPLATE HYPOTHESIS; no field observation, no geologist review"
3020,1933,436700.0,4206500.0,2334.5,0.999026,0.350442,0.648584,1,31.5,21.9,1.6,909.2,864.4,2335.4,0.6416,-26.3385,0.5039,0.7283,"Buried or cover-hidden ACTIVE fault (H72-A): the deformation-only view is confident (geodetic second invariant / shear / dilatation gradients and their coherence, earthquake-density kernel edge) while the surface view abstains (no DEM scarp, no slope lineament, no radiometric lineament) -- consistent with a young blind fault straining and micro-seismic beneath cover. HYPOTHESIS, not verified geology.",Anthropogenic subsidence from groundwater withdrawal; irrigation-related aquifer compaction; volcanic inflation or deflation (magma movement without discrete faulting); post-seismic afterslip or viscoelastic relaxation; seasonal hydrological loading; a strain transient on a creeping (aseismic) fault segment.,"Independent evidence of discrete offset: a displaced contact or marker bed, deflected or offset drainage, a facies termination, a fault-plane solution aligned with the lineament, a published structural interpretation, or field observation. None is claimed here.","MEASURED CONTEXT + TEMPLATE HYPOTHESIS; no field observation, no geologist review"
3021,1927,436100.0,4206400.0,2942.8,0.998956,0.352759,0.646197,1,31.5,21.9,1.6,969.1735,864.4,2304.1,0.7383,-26.0024,0.4803,0.7283,"Buried or cover-hidden ACTIVE fault (H72-A): the deformation-only view is confident (geodetic second invariant / shear / dilatation gradients and their coherence, earthquake-density kernel edge) while the surface view abstains (no DEM scarp, no slope lineament, no radiometric lineament) -- consistent with a young blind fault straining and micro-seismic beneath cover. HYPOTHESIS, not verified geology.",Anthropogenic subsidence from groundwater withdrawal; irrigation-related aquifer compaction; volcanic inflation or deflation (magma movement without discrete faulting); post-seismic afterslip or viscoelastic relaxation; seasonal hydrological loading; a strain transient on a creeping (aseismic) fault segment.,"Independent evidence of discrete offset: a displaced contact or marker bed, deflected or offset drainage, a facies termination, a fault-plane solution aligned with the lineament, a published structural interpretation, or field observation. None is claimed here.","MEASURED CONTEXT + TEMPLATE HYPOTHESIS; no field observation, no geologist review"
3021,1936,437000.0,4206400.0,2061.6,0.998315,0.432568,0.565747,1,31.5,21.9,1.6,909.2,864.4,2329.1,0.7038,-26.3512,0.4843,0.7441,"Buried or cover-hidden ACTIVE fault (H72-A): the deformation-only view is confident (geodetic second invariant / shear / dilatation gradients and their coherence, earthquake-density kernel edge) while the surface view abstains (no DEM scarp, no slope lineament, no radiometric lineament) -- consistent with a young blind fault straining and micro-seismic beneath cover. HYPOTHESIS, not verified geology.",Anthropogenic subsidence from groundwater withdrawal; irrigation-related aquifer compaction; volcanic inflation or deflation (magma movement without discrete faulting); post-seismic afterslip or viscoelastic relaxation; seasonal hydrological loading; a strain transient on a creeping (aseismic) fault segment.,"Independent evidence of discrete offset: a displaced contact or marker bed, deflected or offset drainage, a facies termination, a fault-plane solution aligned with the lineament, a published structural interpretation, or field observation. None is claimed here.","MEASURED CONTEXT + TEMPLATE HYPOTHESIS; no field observation, no geologist review"
3021,1939,437300.0,4206400.0,1772.0,0.975364,0.450816,0.524548,1,31.5,21.9,1.6,909.2,864.4,2353.2,0.6273,-26.4934,0.5276,0.6417,"Buried or cover-hidden ACTIVE fault (H72-A): the deformation-only view is confident (geodetic second invariant / shear / dilatation gradients and their coherence, earthquake-density kernel edge) while the surface view abstains (no DEM scarp, no slope lineament, no radiometric lineament) -- consistent with a young blind fault straining and micro-seismic beneath cover. HYPOTHESIS, not verified geology.",Anthropogenic subsidence from groundwater withdrawal; irrigation-related aquifer compaction; volcanic inflation or deflation (magma movement without discrete faulting); post-seismic afterslip or viscoelastic relaxation; seasonal hydrological loading; a strain transient on a creeping (aseismic) fault segment.,"Independent evidence of discrete offset: a displaced contact or marker bed, deflected or offset drainage, a facies termination, a fault-plane solution aligned with the lineament, a published structural interpretation, or field observation. None is claimed here.","MEASURED CONTEXT + TEMPLATE HYPOTHESIS; no field observation, no geologist review"
3022,1916,435000.0,4206300.0,4044.7,0.998943,0.436649,0.562294,1,31.8,21.9,1.9,993.8,888.6,2474.9,1.0095,-25.6942,0.5039,0.7835,"Buried or cover-hidden ACTIVE fault (H72-A): the deformation-only view is confident (geodetic second invariant / shear / dilatation gradients and their coherence, earthquake-density kernel edge) while the surface view abstains (no DEM scarp, no slope lineament, no radiometric lineament) -- consistent with a young blind fault straining and micro-seismic beneath cover. HYPOTHESIS, not verified geology.",Anthropogenic subsidence from groundwater withdrawal; irrigation-related aquifer compaction; volcanic inflation or deflation (magma movement without discrete faulting); post-seismic afterslip or viscoelastic relaxation; seasonal hydrological loading; a strain transient on a creeping (aseismic) fault segment.,"Independent evidence of discrete offset: a displaced contact or marker bed, deflected or offset drainage, a facies termination, a fault-plane solution aligned with the lineament, a published structural interpretation, or field observation. None is claimed here.","MEASURED CONTEXT + TEMPLATE HYPOTHESIS; no field observation, no geologist review"
3024,1899,433300.0,4206100.0,5755.9,0.988883,0.352708,0.636175,1,32.0,21.3,2.7,993.8,977.2,2838.8,1.1499,-26.4653,0.5,0.8661,"Buried or cover-hidden ACTIVE fault (H72-A): the deformation-only view is confident (geodetic second invariant / shear / dilatation gradients and their coherence, earthquake-density kernel edge) while the surface view abstains (no DEM scarp, no slope lineament, no radiometric lineament) -- consistent with a young blind fault straining and micro-seismic beneath cover. HYPOTHESIS, not verified geology.",Anthropogenic subsidence from groundwater withdrawal; irrigation-related aquifer compaction; volcanic inflation or deflation (magma movement without discrete faulting); post-seismic afterslip or viscoelastic relaxation; seasonal hydrological loading; a strain transient on a creeping (aseismic) fault segment.,"Independent evidence of discrete offset: a displaced contact or marker bed, deflected or offset drainage, a facies termination, a fault-plane solution aligned with the lineament, a published structural interpretation, or field observation. None is claimed here.","MEASURED CONTEXT + TEMPLATE HYPOTHESIS; no field observation, no geologist review"
3024,1904,433800.0,4206100.0,5261.2,0.995836,0.446601,0.549235,1,31.8532,21.7405,2.1127,993.8,912.1599,2753.8,0.332,-26.0495,0.5079,0.8898,"Buried or cover-hidden ACTIVE fault (H72-A): the deformation-only view is confident (geodetic second invariant / shear / dilatation gradients and their coherence, earthquake-density kernel edge) while the surface view abstains (no DEM scarp, no slope lineament, no radiometric lineament) -- consistent with a young blind fault straining and micro-seismic beneath cover. HYPOTHESIS, not verified geology.",Anthropogenic subsidence from groundwater withdrawal; irrigation-related aquifer compaction; volcanic inflation or deflation (magma movement without discrete faulting); post-seismic afterslip or viscoelastic relaxation; seasonal hydrological loading; a strain transient on a creeping (aseismic) fault segment.,"Independent evidence of discrete offset: a displaced contact or marker bed, deflected or offset drainage, a facies termination, a fault-plane solution aligned with the lineament, a published structural interpretation, or field observation. None is claimed here.","MEASURED CONTEXT + TEMPLATE HYPOTHESIS; no field observation, no geologist review"
3024,1921,435500.0,4206100.0,3590.3,0.972526,0.472117,0.500409,1,31.7693,21.9,1.8693,993.8,886.124,2338.1,0.8579,-25.6907,0.5276,0.7008,"Buried or cover-hidden ACTIVE fault (H72-A): the deformation-only view is confident (geodetic second invariant / shear / dilatation gradients and their coherence, earthquake-density kernel edge) while the surface view abstains (no DEM scarp, no slope lineament, no radiometric lineament) -- consistent with a young blind fault straining and micro-seismic beneath cover. HYPOTHESIS, not verified geology.",Anthropogenic subsidence from groundwater withdrawal; irrigation-related aquifer compaction; volcanic inflation or deflation (magma movement without discrete faulting); post-seismic afterslip or viscoelastic relaxation; seasonal hydrological loading; a strain transient on a creeping (aseismic) fault segment.,"Independent evidence of discrete offset: a displaced contact or marker bed, deflected or offset drainage, a facies termination, a fault-plane solution aligned with the lineament, a published structural interpretation, or field observation. None is claimed here.","MEASURED CONTEXT + TEMPLATE HYPOTHESIS; no field observation, no geologist review"
3024,1924,435800.0,4206100.0,3298.5,0.979159,0.49703,0.48213,1,31.591,21.9,1.691,993.8,871.7397,2291.7,0.8077,-25.7359,0.5236,0.6772,"Buried or cover-hidden ACTIVE fault (H72-A): the deformation-only view is confident (geodetic second invariant / shear / dilatation gradients and their coherence, earthquake-density kernel edge) while the surface view abstains (no DEM scarp, no slope lineament, no radiometric lineament) -- consistent with a young blind fault straining and micro-seismic beneath cover. HYPOTHESIS, not verified geology.",Anthropogenic subsidence from groundwater withdrawal; irrigation-related aquifer compaction; volcanic inflation or deflation (magma movement without discrete faulting); post-seismic afterslip or viscoelastic relaxation; seasonal hydrological loading; a strain transient on a creeping (aseismic) fault segment.,"Independent evidence of discrete offset: a displaced contact or marker bed, deflected or offset drainage, a facies termination, a fault-plane solution aligned with the lineament, a published structural interpretation, or field observation. None is claimed here.","MEASURED CONTEXT + TEMPLATE HYPOTHESIS; no field observation, no geologist review"
3025,1911,434500.0,4206000.0,4589.1,0.997395,0.413558,0.583836,1,31.8,21.9,1.9,993.8,888.6,2580.6,1.0516,-25.7104,0.4528,0.7953,"Buried or cover-hidden ACTIVE fault (H72-A): the deformation-only view is confident (geodetic second invariant / shear / dilatation gradients and their coherence, earthquake-density kernel edge) while the surface view abstains (no DEM scarp, no slope lineament, no radiometric lineament) -- consistent with a young blind fault straining and micro-seismic beneath cover. HYPOTHESIS, not verified geology.",Anthropogenic subsidence from groundwater withdrawal; irrigation-related aquifer compaction; volcanic inflation or deflation (magma movement without discrete faulting); post-seismic afterslip or viscoelastic relaxation; seasonal hydrological loading; a strain transient on a creeping (aseismic) fault segment.,"Independent evidence of discrete offset: a displaced contact or marker bed, deflected or offset drainage, a facies termination, a fault-plane solution aligned with the lineament, a published structural interpretation, or field observation. None is claimed here.","MEASURED CONTEXT + TEMPLATE HYPOTHESIS; no field observation, no geologist review"
3025,1933,436700.0,4206000.0,2469.8,0.993624,0.36711,0.626515,1,31.5,21.9,1.6,909.2,864.4,2228.2,0.8037,-25.8049,0.4488,0.748,"Buried or cover-hidden ACTIVE fault (H72-A): the deformation-only view is confident (geodetic second invariant / shear / dilatation gradients and their coherence, earthquake-density kernel edge) while the surface view abstains (no DEM scarp, no slope lineament, no radiometric lineament) -- consistent with a young blind fault straining and micro-seismic beneath cover. HYPOTHESIS, not verified geology.",Anthropogenic subsidence from groundwater withdrawal; irrigation-related aquifer compaction; volcanic inflation or deflation (magma movement without discrete faulting); post-seismic afterslip or viscoelastic relaxation; seasonal hydrological loading; a strain transient on a creeping (aseismic) fault segment.,"Independent evidence of discrete offset: a displaced contact or marker bed, deflected or offset drainage, a facies termination, a fault-plane solution aligned with the lineament, a published structural interpretation, or field observation. None is claimed here.","MEASURED CONTEXT + TEMPLATE HYPOTHESIS; no field observation, no geologist review"
3026,1914,434800.0,4205900.0,4317.4,0.994081,0.419061,0.57502,1,31.8,21.9,1.9,993.8,888.6,2474.6,0.7408,-25.6642,0.5787,0.752,"Buried or cover-hidden ACTIVE fault (H72-A): the deformation-only view is confident (geodetic second invariant / shear / dilatation gradients and their coherence, earthquake-density kernel edge) while the surface view abstains (no DEM scarp, no slope lineament, no radiometric lineament) -- consistent with a young blind fault straining and micro-seismic beneath cover. HYPOTHESIS, not verified geology.",Anthropogenic subsidence from groundwater withdrawal; irrigation-related aquifer compaction; volcanic inflation or deflation (magma movement without discrete faulting); post-seismic afterslip or viscoelastic relaxation; seasonal hydrological loading; a strain transient on a creeping (aseismic) fault segment.,"Independent evidence of discrete offset: a displaced contact or marker bed, deflected or offset drainage, a facies termination, a fault-plane solution aligned with the lineament, a published structural interpretation, or field observation. None is claimed here.","MEASURED CONTEXT + TEMPLATE HYPOTHESIS; no field observation, no geologist review"
3026,1927,436100.0,4205900.0,3067.6,0.97728,0.559965,0.417316,1,31.5,21.9,1.6,969.1725,864.4,2206.3,0.6001,-25.6337,0.5079,0.7165,"Buried or cover-hidden ACTIVE fault (H72-A): the deformation-only view is confident (geodetic second invariant / shear / dilatation gradients and their coherence, earthquake-density kernel edge) while the surface view abstains (no DEM scarp, no slope lineament, no radiometric lineament) -- consistent with a young blind fault straining and micro-seismic beneath cover. HYPOTHESIS, not verified geology.",Anthropogenic subsidence from groundwater withdrawal; irrigation-related aquifer compaction; volcanic inflation or deflation (magma movement without discrete faulting); post-seismic afterslip or viscoelastic relaxation; seasonal hydrological loading; a strain transient on a creeping (aseismic) fault segment.,"Independent evidence of discrete offset: a displaced contact or marker bed, deflected or offset drainage, a facies termination, a fault-plane solution aligned with the lineament, a published structural interpretation, or field observation. None is claimed here.","MEASURED CONTEXT + TEMPLATE HYPOTHESIS; no field observation, no geologist review"
3026,1936,437000.0,4205900.0,2236.1,0.99398,0.410759,0.583221,1,31.5,21.9,1.6,909.2,864.4,2217.3,0.5871,-25.7344,0.5394,0.6457,"Buried or cover-hidden ACTIVE fault (H72-A): the deformation-only view is confident (geodetic second invariant / shear / dilatation gradients and their coherence, earthquake-density kernel edge) while the surface view abstains (no DEM scarp, no slope lineament, no radiometric lineament) -- consistent with a young blind fault straining and micro-seismic beneath cover. HYPOTHESIS, not verified geology.",Anthropogenic subsidence from groundwater withdrawal; irrigation-related aquifer compaction; volcanic inflation or deflation (magma movement without discrete faulting); post-seismic afterslip or viscoelastic relaxation; seasonal hydrological loading; a strain transient on a creeping (aseismic) fault segment.,"Independent evidence of discrete offset: a displaced contact or marker bed, deflected or offset drainage, a facies termination, a fault-plane solution aligned with the lineament, a published structural interpretation, or field observation. None is claimed here.","MEASURED CONTEXT + TEMPLATE HYPOTHESIS; no field observation, no geologist review"
3027,1901,433500.0,4205800.0,5608.9,0.989749,0.426843,0.562907,1,31.9721,21.3838,2.5882,993.8,964.8224,2777.0,0.7383,-26.4,0.5591,0.8307,"Buried or cover-hidden ACTIVE fault (H72-A): the deformation-only view is confident (geodetic second invariant / shear / dilatation gradients and their coherence, earthquake-density kernel edge) while the surface view abstains (no DEM scarp, no slope lineament, no radiometric lineament) -- consistent with a young blind fault straining and micro-seismic beneath cover. HYPOTHESIS, not verified geology.",Anthropogenic subsidence from groundwater withdrawal; irrigation-related aquifer compaction; volcanic inflation or deflation (magma movement without discrete faulting); post-seismic afterslip or viscoelastic relaxation; seasonal hydrological loading; a strain transient on a creeping (aseismic) fault segment.,"Independent evidence of discrete offset: a displaced contact or marker bed, deflected or offset drainage, a facies termination, a fault-plane solution aligned with the lineament, a published structural interpretation, or field observation. None is claimed here.","MEASURED CONTEXT + TEMPLATE HYPOTHESIS; no field observation, no geologist review"
3027,1930,436400.0,4205800.0,2823.1,0.990419,0.495919,0.4945,1,31.5,21.9,1.6,918.8866,864.4,2175.6,0.4472,-25.5719,0.374,0.7402,"Buried or cover-hidden ACTIVE fault (H72-A): the deformation-only view is confident (geodetic second invariant / shear / dilatation gradients and their coherence, earthquake-density kernel edge) while the surface view abstains (no DEM scarp, no slope lineament, no radiometric lineament) -- consistent with a young blind fault straining and micro-seismic beneath cover. HYPOTHESIS, not verified geology.",Anthropogenic subsidence from groundwater withdrawal; irrigation-related aquifer compaction; volcanic inflation or deflation (magma movement without discrete faulting); post-seismic afterslip or viscoelastic relaxation; seasonal hydrological loading; a strain transient on a creeping (aseismic) fault segment.,"Independent evidence of discrete offset: a displaced contact or marker bed, deflected or offset drainage, a facies termination, a fault-plane solution aligned with the lineament, a published structural interpretation, or field observation. None is claimed here.","MEASURED CONTEXT + TEMPLATE HYPOTHESIS; no field observation, no geologist review"
3028,1911,434500.0,4205700.0,4657.3,0.998416,0.366646,0.63177,1,31.8,21.9,1.9,993.8,888.6,2531.3,0.7055,-25.6908,0.5315,0.7835,"Buried or cover-hidden ACTIVE fault (H72-A): the deformation-only view is confident (geodetic second invariant / shear / dilatation gradients and their coherence, earthquake-density kernel edge) while the surface view abstains (no DEM scarp, no slope lineament, no radiometric lineament) -- consistent with a young blind fault straining and micro-seismic beneath cover. HYPOTHESIS, not verified geology.",Anthropogenic subsidence from groundwater withdrawal; irrigation-related aquifer compaction; volcanic inflation or deflation (magma movement without discrete faulting); post-seismic afterslip or viscoelastic relaxation; seasonal hydrological loading; a strain transient on a creeping (aseismic) fault segment.,"Independent evidence of discrete offset: a displaced contact or marker bed, deflected or offset drainage, a facies termination, a fault-plane solution aligned with the lineament, a published structural interpretation, or field observation. None is claimed here.","MEASURED CONTEXT + TEMPLATE HYPOTHESIS; no field observation, no geologist review"
3028,1933,436700.0,4205700.0,2594.2,0.986274,0.367097,0.619177,1,31.5,21.9,1.6,909.2,864.4,2160.4,0.3891,-25.4765,0.4528,0.7598,"Buried or cover-hidden ACTIVE fault (H72-A): the deformation-only view is confident (geodetic second invariant / shear / dilatation gradients and their coherence, earthquake-density kernel edge) while the surface view abstains (no DEM scarp, no slope lineament, no radiometric lineament) -- consistent with a young blind fault straining and micro-seismic beneath cover. HYPOTHESIS, not verified geology.",Anthropogenic subsidence from groundwater withdrawal; irrigation-related aquifer compaction; volcanic inflation or deflation (magma movement without discrete faulting); post-seismic afterslip or viscoelastic relaxation; seasonal hydrological loading; a strain transient on a creeping (aseismic) fault segment.,"Independent evidence of discrete offset: a displaced contact or marker bed, deflected or offset drainage, a facies termination, a fault-plane solution aligned with the lineament, a published structural interpretation, or field observation. None is claimed here.","MEASURED CONTEXT + TEMPLATE HYPOTHESIS; no field observation, no geologist review"
3029,1905,433900.0,4205600.0,5263.1,0.992612,0.377341,0.615271,1,31.8136,21.8593,1.9542,993.8,894.6045,2646.8,0.828,-25.9096,0.5315,0.8622,"Buried or cover-hidden ACTIVE fault (H72-A): the deformation-only view is confident (geodetic second invariant / shear / dilatation gradients and their coherence, earthquake-density kernel edge) while the surface view abstains (no DEM scarp, no slope lineament, no radiometric lineament) -- consistent with a young blind fault straining and micro-seismic beneath cover. HYPOTHESIS, not verified geology.",Anthropogenic subsidence from groundwater withdrawal; irrigation-related aquifer compaction; volcanic inflation or deflation (magma movement without discrete faulting); post-seismic afterslip or viscoelastic relaxation; seasonal hydrological loading; a strain transient on a creeping (aseismic) fault segment.,"Independent evidence of discrete offset: a displaced contact or marker bed, deflected or offset drainage, a facies termination, a fault-plane solution aligned with the lineament, a published structural interpretation, or field observation. None is claimed here.","MEASURED CONTEXT + TEMPLATE HYPOTHESIS; no field observation, no geologist review"
3029,1927,436100.0,4205600.0,3178.0,0.966973,0.438071,0.528902,1,31.5,21.9,1.6,969.1719,864.4,2135.6,0.4528,-25.3745,0.4843,0.7165,"Buried or cover-hidden ACTIVE fault (H72-A): the deformation-only view is confident (geodetic second invariant / shear / dilatation gradients and their coherence, earthquake-density kernel edge) while the surface view abstains (no DEM scarp, no slope lineament, no radiometric lineament) -- consistent with a young blind fault straining and micro-seismic beneath cover. HYPOTHESIS, not verified geology.",Anthropogenic subsidence from groundwater withdrawal; irrigation-related aquifer compaction; volcanic inflation or deflation (magma movement without discrete faulting); post-seismic afterslip or viscoelastic relaxation; seasonal hydrological loading; a strain transient on a creeping (aseismic) fault segment.,"Independent evidence of discrete offset: a displaced contact or marker bed, deflected or offset drainage, a facies termination, a fault-plane solution aligned with the lineament, a published structural interpretation, or field observation. None is claimed here.","MEASURED CONTEXT + TEMPLATE HYPOTHESIS; no field observation, no geologist review"
3030,1899,433300.0,4205500.0,5869.4,0.996531,0.450568,0.545963,1,32.0,21.3,2.7,993.8,977.2,2719.7,0.3289,-26.2492,0.5906,0.937,"Buried or cover-hidden ACTIVE fault (H72-A): the deformation-only view is confident (geodetic second invariant / shear / dilatation gradients and their coherence, earthquake-density kernel edge) while the surface view abstains (no DEM scarp, no slope lineament, no radiometric lineament) -- consistent with a young blind fault straining and micro-seismic beneath cover. HYPOTHESIS, not verified geology.",Anthropogenic subsidence from groundwater withdrawal; irrigation-related aquifer compaction; volcanic inflation or deflation (magma movement without discrete faulting); post-seismic afterslip or viscoelastic relaxation; seasonal hydrological loading; a strain transient on a creeping (aseismic) fault segment.,"Independent evidence of discrete offset: a displaced contact or marker bed, deflected or offset drainage, a facies termination, a fault-plane solution aligned with the lineament, a published structural interpretation, or field observation. None is claimed here.","MEASURED CONTEXT + TEMPLATE HYPOTHESIS; no field observation, no geologist review"
3030,1937,437100.0,4205500.0,2360.1,0.97914,0.542742,0.436398,1,31.5,21.9,1.6,909.2,864.4,2113.0,0.1928,-25.1981,0.5787,0.6811,"Buried or cover-hidden ACTIVE fault (H72-A): the deformation-only view is confident (geodetic second invariant / shear / dilatation gradients and their coherence, earthquake-density kernel edge) while the surface view abstains (no DEM scarp, no slope lineament, no radiometric lineament) -- consistent with a young blind fault straining and micro-seismic beneath cover. HYPOTHESIS, not verified geology.",Anthropogenic subsidence from groundwater withdrawal; irrigation-related aquifer compaction; volcanic inflation or deflation (magma movement without discrete faulting); post-seismic afterslip or viscoelastic relaxation; seasonal hydrological loading; a strain transient on a creeping (aseismic) fault segment.,"Independent evidence of discrete offset: a displaced contact or marker bed, deflected or offset drainage, a facies termination, a fault-plane solution aligned with the lineament, a published structural interpretation, or field observation. None is claimed here.","MEASURED CONTEXT + TEMPLATE HYPOTHESIS; no field observation, no geologist review"
3031,1909,434300.0,4205400.0,4933.6,0.995754,0.448302,0.547451,1,31.8,21.9,1.9,993.8,888.6,2491.9,0.48,-25.4796,0.5433,0.7677,"Buried or cover-hidden ACTIVE fault (H72-A): the deformation-only view is confident (geodetic second invariant / shear / dilatation gradients and their coherence, earthquake-density kernel edge) while the surface view abstains (no DEM scarp, no slope lineament, no radiometric lineament) -- consistent with a young blind fault straining and micro-seismic beneath cover. HYPOTHESIS, not verified geology.",Anthropogenic subsidence from groundwater withdrawal; irrigation-related aquifer compaction; volcanic inflation or deflation (magma movement without discrete faulting); post-seismic afterslip or viscoelastic relaxation; seasonal hydrological loading; a strain transient on a creeping (aseismic) fault segment.,"Independent evidence of discrete offset: a displaced contact or marker bed, deflected or offset drainage, a facies termination, a fault-plane solution aligned with the lineament, a published structural interpretation, or field observation. None is claimed here.","MEASURED CONTEXT + TEMPLATE HYPOTHESIS; no field observation, no geologist review"
3032,1894,432800.0,4205300.0,6403.1,0.999235,0.356002,0.643233,1,32.0,21.3,2.7,993.8,977.2,2652.8,0.2823,-26.1202,0.5787,0.8465,"Buried or cover-hidden ACTIVE fault (H72-A): the deformation-only view is confident (geodetic second invariant / shear / dilatation gradients and their coherence, earthquake-density kernel edge) while the surface view abstains (no DEM scarp, no slope lineament, no radiometric lineament) -- consistent with a young blind fault straining and micro-seismic beneath cover. HYPOTHESIS, not verified geology.",Anthropogenic subsidence from groundwater withdrawal; irrigation-related aquifer compaction; volcanic inflation or deflation (magma movement without discrete faulting); post-seismic afterslip or viscoelastic relaxation; seasonal hydrological loading; a strain transient on a creeping (aseismic) fault segment.,"Independent evidence of discrete offset: a displaced contact or marker bed, deflected or offset drainage, a facies termination, a fault-plane solution aligned with the lineament, a published structural interpretation, or field observation. None is claimed here.","MEASURED CONTEXT + TEMPLATE HYPOTHESIS; no field observation, no geologist review"
3032,1931,436500.0,4205300.0,2968.2,0.989537,0.408214,0.581323,1,31.5,21.9,1.6,909.2,864.4,2041.7,0.168,-25.0116,0.4843,0.7362,"Buried or cover-hidden ACTIVE fault (H72-A): the deformation-only view is confident (geodetic second invariant / shear / dilatation gradients and their coherence, earthquake-density kernel edge) while the surface view abstains (no DEM scarp, no slope lineament, no radiometric lineament) -- consistent with a young blind fault straining and micro-seismic beneath cover. HYPOTHESIS, not verified geology.",Anthropogenic subsidence from groundwater withdrawal; irrigation-related aquifer compaction; volcanic inflation or deflation (magma movement without discrete faulting); post-seismic afterslip or viscoelastic relaxation; seasonal hydrological loading; a strain transient on a creeping (aseismic) fault segment.,"Independent evidence of discrete offset: a displaced contact or marker bed, deflected or offset drainage, a facies termination, a fault-plane solution aligned with the lineament, a published structural interpretation, or field observation. None is claimed here.","MEASURED CONTEXT + TEMPLATE HYPOTHESIS; no field observation, no geologist review"
3033,1898,433200.0,4205200.0,6044.0,0.997109,0.428645,0.568464,1,32.0,21.3,2.7,993.8,971.9977,2629.1,1.6769,-25.888,0.5906,0.878,"Buried or cover-hidden ACTIVE fault (H72-A): the deformation-only view is confident (geodetic second invariant / shear / dilatation gradients and their coherence, earthquake-density kernel edge) while the surface view abstains (no DEM scarp, no slope lineament, no radiometric lineament) -- consistent with a young blind fault straining and micro-seismic beneath cover. HYPOTHESIS, not verified geology.",Anthropogenic subsidence from groundwater withdrawal; irrigation-related aquifer compaction; volcanic inflation or deflation (magma movement without discrete faulting); post-seismic afterslip or viscoelastic relaxation; seasonal hydrological loading; a strain transient on a creeping (aseismic) fault segment.,"Independent evidence of discrete offset: a displaced contact or marker bed, deflected or offset drainage, a facies termination, a fault-plane solution aligned with the lineament, a published structural interpretation, or field observation. None is claimed here.","MEASURED CONTEXT + TEMPLATE HYPOTHESIS; no field observation, no geologist review"
3033,1927,436100.0,4205200.0,3361.5,0.990133,0.395285,0.594849,1,31.5,21.9,1.6,969.1713,859.9467,2024.8,0.1149,-24.9761,0.4921,0.7047,"Buried or cover-hidden ACTIVE fault (H72-A): the deformation-only view is confident (geodetic second invariant / shear / dilatation gradients and their coherence, earthquake-density kernel edge) while the surface view abstains (no DEM scarp, no slope lineament, no radiometric lineament) -- consistent with a young blind fault straining and micro-seismic beneath cover. HYPOTHESIS, not verified geology.",Anthropogenic subsidence from groundwater withdrawal; irrigation-related aquifer compaction; volcanic inflation or deflation (magma movement without discrete faulting); post-seismic afterslip or viscoelastic relaxation; seasonal hydrological loading; a strain transient on a creeping (aseismic) fault segment.,"Independent evidence of discrete offset: a displaced contact or marker bed, deflected or offset drainage, a facies termination, a fault-plane solution aligned with the lineament, a published structural interpretation, or field observation. None is claimed here.","MEASURED CONTEXT + TEMPLATE HYPOTHESIS; no field observation, no geologist review"
3034,1922,435600.0,4205100.0,3847.1,0.9739,0.41762,0.55628,1,31.7099,21.9,1.8099,993.8,870.6816,2074.4,0.2241,-24.9783,0.5079,0.7126,"Buried or cover-hidden ACTIVE fault (H72-A): the deformation-only view is confident (geodetic second invariant / shear / dilatation gradients and their coherence, earthquake-density kernel edge) while the surface view abstains (no DEM scarp, no slope lineament, no radiometric lineament) -- consistent with a young blind fault straining and micro-seismic beneath cover. HYPOTHESIS, not verified geology.",Anthropogenic subsidence from groundwater withdrawal; irrigation-related aquifer compaction; volcanic inflation or deflation (magma movement without discrete faulting); post-seismic afterslip or viscoelastic relaxation; seasonal hydrological loading; a strain transient on a creeping (aseismic) fault segment.,"Independent evidence of discrete offset: a displaced contact or marker bed, deflected or offset drainage, a facies termination, a fault-plane solution aligned with the lineament, a published structural interpretation, or field observation. None is claimed here.","MEASURED CONTEXT + TEMPLATE HYPOTHESIS; no field observation, no geologist review"
3034,1941,437500.0,4205100.0,2343.1,0.953758,0.498553,0.455205,1,31.435,21.8285,1.5545,909.2,850.3635,2017.4,0.1565,-24.6056,0.4803,0.7441,"Buried or cover-hidden ACTIVE fault (H72-A): the deformation-only view is confident (geodetic second invariant / shear / dilatation gradients and their coherence, earthquake-density kernel edge) while the surface view abstains (no DEM scarp, no slope lineament, no radiometric lineament) -- consistent with a young blind fault straining and micro-seismic beneath cover. HYPOTHESIS, not verified geology.",Anthropogenic subsidence from groundwater withdrawal; irrigation-related aquifer compaction; volcanic inflation or deflation (magma movement without discrete faulting); post-seismic afterslip or viscoelastic relaxation; seasonal hydrological loading; a strain transient on a creeping (aseismic) fault segment.,"Independent evidence of discrete offset: a displaced contact or marker bed, deflected or offset drainage, a facies termination, a fault-plane solution aligned with the lineament, a published structural interpretation, or field observation. None is claimed here.","MEASURED CONTEXT + TEMPLATE HYPOTHESIS; no field observation, no geologist review"
3035,1919,435300.0,4205000.0,4159.3,0.978175,0.360877,0.617299,1,31.8,21.9,1.9,993.8,872.6653,2091.6,0.0796,-24.9607,0.6024,0.7559,"Buried or cover-hidden ACTIVE fault (H72-A): the deformation-only view is confident (geodetic second invariant / shear / dilatation gradients and their coherence, earthquake-density kernel edge) while the surface view abstains (no DEM scarp, no slope lineament, no radiometric lineament) -- consistent with a young blind fault straining and micro-seismic beneath cover. HYPOTHESIS, not verified geology.",Anthropogenic subsidence from groundwater withdrawal; irrigation-related aquifer compaction; volcanic inflation or deflation (magma movement without discrete faulting); post-seismic afterslip or viscoelastic relaxation; seasonal hydrological loading; a strain transient on a creeping (aseismic) fault segment.,"Independent evidence of discrete offset: a displaced contact or marker bed, deflected or offset drainage, a facies termination, a fault-plane solution aligned with the lineament, a published structural interpretation, or field observation. None is claimed here.","MEASURED CONTEXT + TEMPLATE HYPOTHESIS; no field observation, no geologist review"
3036,1933,436700.0,4204900.0,3048.0,0.988267,0.350582,0.637686,1,31.5,21.9,1.6,909.2,834.1435,1931.0,0.1503,-24.4815,0.5354,0.7323,"Buried or cover-hidden ACTIVE fault (H72-A): the deformation-only view is confident (geodetic second invariant / shear / dilatation gradients and their coherence, earthquake-density kernel edge) while the surface view abstains (no DEM scarp, no slope lineament, no radiometric lineament) -- consistent with a young blind fault straining and micro-seismic beneath cover. HYPOTHESIS, not verified geology.",Anthropogenic subsidence from groundwater withdrawal; irrigation-related aquifer compaction; volcanic inflation or deflation (magma movement without discrete faulting); post-seismic afterslip or viscoelastic relaxation; seasonal hydrological loading; a strain transient on a creeping (aseismic) fault segment.,"Independent evidence of discrete offset: a displaced contact or marker bed, deflected or offset drainage, a facies termination, a fault-plane solution aligned with the lineament, a published structural interpretation, or field observation. None is claimed here.","MEASURED CONTEXT + TEMPLATE HYPOTHESIS; no field observation, no geologist review"
3036,1952,438600.0,4204900.0,2039.6,0.951136,0.45378,0.497356,1,30.5,20.8,0.9,909.2,819.1144,2022.7,0.1231,-24.3628,0.5945,0.7795,"Buried or cover-hidden ACTIVE fault (H72-A): the deformation-only view is confident (geodetic second invariant / shear / dilatation gradients and their coherence, earthquake-density kernel edge) while the surface view abstains (no DEM scarp, no slope lineament, no radiometric lineament) -- consistent with a young blind fault straining and micro-seismic beneath cover. HYPOTHESIS, not verified geology.",Anthropogenic subsidence from groundwater withdrawal; irrigation-related aquifer compaction; volcanic inflation or deflation (magma movement without discrete faulting); post-seismic afterslip or viscoelastic relaxation; seasonal hydrological loading; a strain transient on a creeping (aseismic) fault segment.,"Independent evidence of discrete offset: a displaced contact or marker bed, deflected or offset drainage, a facies termination, a fault-plane solution aligned with the lineament, a published structural interpretation, or field observation. None is claimed here.","MEASURED CONTEXT + TEMPLATE HYPOTHESIS; no field observation, no geologist review"
3037,1892,432600.0,4204800.0,6735.7,0.998829,0.37512,0.623709,1,32.0,21.3,2.7,993.8,932.4622,2470.1,0.2137,-25.2118,0.5276,0.8504,"Buried or cover-hidden ACTIVE fault (H72-A): the deformation-only view is confident (geodetic second invariant / shear / dilatation gradients and their coherence, earthquake-density kernel edge) while the surface view abstains (no DEM scarp, no slope lineament, no radiometric lineament) -- consistent with a young blind fault straining and micro-seismic beneath cover. HYPOTHESIS, not verified geology.",Anthropogenic subsidence from groundwater withdrawal; irrigation-related aquifer compaction; volcanic inflation or deflation (magma movement without discrete faulting); post-seismic afterslip or viscoelastic relaxation; seasonal hydrological loading; a strain transient on a creeping (aseismic) fault segment.,"Independent evidence of discrete offset: a displaced contact or marker bed, deflected or offset drainage, a facies termination, a fault-plane solution aligned with the lineament, a published structural interpretation, or field observation. None is claimed here.","MEASURED CONTEXT + TEMPLATE HYPOTHESIS; no field observation, no geologist review"
3037,1915,434900.0,4204800.0,4606.5,0.99669,0.370505,0.626185,1,31.8,21.9,1.9,993.8,860.0105,2127.8,0.1048,-24.8737,0.4882,0.8307,"Buried or cover-hidden ACTIVE fault (H72-A): the deformation-only view is confident (geodetic second invariant / shear / dilatation gradients and their coherence, earthquake-density kernel edge) while the surface view abstains (no DEM scarp, no slope lineament, no radiometric lineament) -- consistent with a young blind fault straining and micro-seismic beneath cover. HYPOTHESIS, not verified geology.",Anthropogenic subsidence from groundwater withdrawal; irrigation-related aquifer compaction; volcanic inflation or deflation (magma movement without discrete faulting); post-seismic afterslip or viscoelastic relaxation; seasonal hydrological loading; a strain transient on a creeping (aseismic) fault segment.,"Independent evidence of discrete offset: a displaced contact or marker bed, deflected or offset drainage, a facies termination, a fault-plane solution aligned with the lineament, a published structural interpretation, or field observation. None is claimed here.","MEASURED CONTEXT + TEMPLATE HYPOTHESIS; no field observation, no geologist review"
3037,1926,436000.0,4204800.0,3662.0,0.988312,0.575258,0.413054,1,31.5,21.9,1.6,985.9325,825.5186,1928.9,0.2986,-24.6059,0.5079,0.7283,"Buried or cover-hidden ACTIVE fault (H72-A): the deformation-only view is confident (geodetic second invariant / shear / dilatation gradients and their coherence, earthquake-density kernel edge) while the surface view abstains (no DEM scarp, no slope lineament, no radiometric lineament) -- consistent with a young blind fault straining and micro-seismic beneath cover. HYPOTHESIS, not verified geology.",Anthropogenic subsidence from groundwater withdrawal; irrigation-related aquifer compaction; volcanic inflation or deflation (magma movement without discrete faulting); post-seismic afterslip or viscoelastic relaxation; seasonal hydrological loading; a strain transient on a creeping (aseismic) fault segment.,"Independent evidence of discrete offset: a displaced contact or marker bed, deflected or offset drainage, a facies termination, a fault-plane solution aligned with the lineament, a published structural interpretation, or field observation. None is claimed here.","MEASURED CONTEXT + TEMPLATE HYPOTHESIS; no field observation, no geologist review"
3038,1897,433100.0,4204700.0,6296.8,0.997204,0.361327,0.635877,1,32.0,21.3,2.7,993.8,928.3,2442.1,0.1746,-25.1173,0.5118,0.8268,"Buried or cover-hidden ACTIVE fault (H72-A): the deformation-only view is confident (geodetic second invariant / shear / dilatation gradients and their coherence, earthquake-density kernel edge) while the surface view abstains (no DEM scarp, no slope lineament, no radiometric lineament) -- consistent with a young blind fault straining and micro-seismic beneath cover. HYPOTHESIS, not verified geology.",Anthropogenic subsidence from groundwater withdrawal; irrigation-related aquifer compaction; volcanic inflation or deflation (magma movement without discrete faulting); post-seismic afterslip or viscoelastic relaxation; seasonal hydrological loading; a strain transient on a creeping (aseismic) fault segment.,"Independent evidence of discrete offset: a displaced contact or marker bed, deflected or offset drainage, a facies termination, a fault-plane solution aligned with the lineament, a published structural interpretation, or field observation. None is claimed here.","MEASURED CONTEXT + TEMPLATE HYPOTHESIS; no field observation, no geologist review"
3038,1907,434100.0,4204700.0,5371.2,0.994862,0.50033,0.494532,1,31.8,21.9,1.9,993.8,857.3,2292.5,0.0823,-24.8648,0.5157,0.7677,"Buried or cover-hidden ACTIVE fault (H72-A): the deformation-only view is confident (geodetic second invariant / shear / dilatation gradients and their coherence, earthquake-density kernel edge) while the surface view abstains (no DEM scarp, no slope lineament, no radiometric lineament) -- consistent with a young blind fault straining and micro-seismic beneath cover. HYPOTHESIS, not verified geology.",Anthropogenic subsidence from groundwater withdrawal; irrigation-related aquifer compaction; volcanic inflation or deflation (magma movement without discrete faulting); post-seismic afterslip or viscoelastic relaxation; seasonal hydrological loading; a strain transient on a creeping (aseismic) fault segment.,"Independent evidence of discrete offset: a displaced contact or marker bed, deflected or offset drainage, a facies termination, a fault-plane solution aligned with the lineament, a published structural interpretation, or field observation. None is claimed here.","MEASURED CONTEXT + TEMPLATE HYPOTHESIS; no field observation, no geologist review"
3038,1930,436400.0,4204700.0,3405.9,0.986443,0.459778,0.526664,1,31.5,21.9,1.6,918.8847,821.8,1871.0,0.1473,-24.3524,0.5394,0.7677,"Buried or cover-hidden ACTIVE fault (H72-A): the deformation-only view is confident (geodetic second invariant / shear / dilatation gradients and their coherence, earthquake-density kernel edge) while the surface view abstains (no DEM scarp, no slope lineament, no radiometric lineament) -- consistent with a young blind fault straining and micro-seismic beneath cover. HYPOTHESIS, not verified geology.",Anthropogenic subsidence from groundwater withdrawal; irrigation-related aquifer compaction; volcanic inflation or deflation (magma movement without discrete faulting); post-seismic afterslip or viscoelastic relaxation; seasonal hydrological loading; a strain transient on a creeping (aseismic) fault segment.,"Independent evidence of discrete offset: a displaced contact or marker bed, deflected or offset drainage, a facies termination, a fault-plane solution aligned with the lineament, a published structural interpretation, or field observation. None is claimed here.","MEASURED CONTEXT + TEMPLATE HYPOTHESIS; no field observation, no geologist review"
3038,1936,437000.0,4204700.0,2973.2,0.980111,0.364469,0.615642,1,31.5,21.9,1.6,909.2,821.8,1875.5,0.1257,-24.1019,0.5118,0.7598,"Buried or cover-hidden ACTIVE fault (H72-A): the deformation-only view is confident (geodetic second invariant / shear / dilatation gradients and their coherence, earthquake-density kernel edge) while the surface view abstains (no DEM scarp, no slope lineament, no radiometric lineament) -- consistent with a young blind fault straining and micro-seismic beneath cover. HYPOTHESIS, not verified geology.",Anthropogenic subsidence from groundwater withdrawal; irrigation-related aquifer compaction; volcanic inflation or deflation (magma movement without discrete faulting); post-seismic afterslip or viscoelastic relaxation; seasonal hydrological loading; a strain transient on a creeping (aseismic) fault segment.,"Independent evidence of discrete offset: a displaced contact or marker bed, deflected or offset drainage, a facies termination, a fault-plane solution aligned with the lineament, a published structural interpretation, or field observation. None is claimed here.","MEASURED CONTEXT + TEMPLATE HYPOTHESIS; no field observation, no geologist review"
3039,1955,438900.0,4204600.0,2302.2,0.965894,0.368931,0.596962,1,30.5,20.8,0.9,909.2,807.1,1918.8,0.2736,-23.8928,0.5512,0.8031,"Buried or cover-hidden ACTIVE fault (H72-A): the deformation-only view is confident (geodetic second invariant / shear / dilatation gradients and their coherence, earthquake-density kernel edge) while the surface view abstains (no DEM scarp, no slope lineament, no radiometric lineament) -- consistent with a young blind fault straining and micro-seismic beneath cover. HYPOTHESIS, not verified geology.",Anthropogenic subsidence from groundwater withdrawal; irrigation-related aquifer compaction; volcanic inflation or deflation (magma movement without discrete faulting); post-seismic afterslip or viscoelastic relaxation; seasonal hydrological loading; a strain transient on a creeping (aseismic) fault segment.,"Independent evidence of discrete offset: a displaced contact or marker bed, deflected or offset drainage, a facies termination, a fault-plane solution aligned with the lineament, a published structural interpretation, or field observation. None is claimed here.","MEASURED CONTEXT + TEMPLATE HYPOTHESIS; no field observation, no geologist review"
3040,1891,432500.0,4204500.0,6928.9,0.988934,0.39121,0.597724,1,32.0,21.3,2.7,993.8,928.3,2327.5,0.8253,-24.6244,0.5591,0.8425,"Buried or cover-hidden ACTIVE fault (H72-A): the deformation-only view is confident (geodetic second invariant / shear / dilatation gradients and their coherence, earthquake-density kernel edge) while the surface view abstains (no DEM scarp, no slope lineament, no radiometric lineament) -- consistent with a young blind fault straining and micro-seismic beneath cover. HYPOTHESIS, not verified geology.",Anthropogenic subsidence from groundwater withdrawal; irrigation-related aquifer compaction; volcanic inflation or deflation (magma movement without discrete faulting); post-seismic afterslip or viscoelastic relaxation; seasonal hydrological loading; a strain transient on a creeping (aseismic) fault segment.,"Independent evidence of discrete offset: a displaced contact or marker bed, deflected or offset drainage, a facies termination, a fault-plane solution aligned with the lineament, a published structural interpretation, or field observation. None is claimed here.","MEASURED CONTEXT + TEMPLATE HYPOTHESIS; no field observation, no geologist review"
3040,1922,435600.0,4204500.0,4161.7,0.988102,0.563719,0.424383,1,31.7099,21.9,1.8099,993.8,846.6331,1890.7,0.0204,-24.3563,0.5236,0.7402,"Buried or cover-hidden ACTIVE fault (H72-A): the deformation-only view is confident (geodetic second invariant / shear / dilatation gradients and their coherence, earthquake-density kernel edge) while the surface view abstains (no DEM scarp, no slope lineament, no radiometric lineament) -- consistent with a young blind fault straining and micro-seismic beneath cover. HYPOTHESIS, not verified geology.",Anthropogenic subsidence from groundwater withdrawal; irrigation-related aquifer compaction; volcanic inflation or deflation (magma movement without discrete faulting); post-seismic afterslip or viscoelastic relaxation; seasonal hydrological loading; a strain transient on a creeping (aseismic) fault segment.,"Independent evidence of discrete offset: a displaced contact or marker bed, deflected or offset drainage, a facies termination, a fault-plane solution aligned with the lineament, a published structural interpretation, or field observation. None is claimed here.","MEASURED CONTEXT + TEMPLATE HYPOTHESIS; no field observation, no geologist review"
3040,1927,436100.0,4204500.0,3764.3,0.985782,0.454415,0.531368,1,31.5,21.9,1.6,969.17,821.8,1824.2,0.1884,-24.2163,0.5433,0.7874,"Buried or cover-hidden ACTIVE fault (H72-A): the deformation-only view is confident (geodetic second invariant / shear / dilatation gradients and their coherence, earthquake-density kernel edge) while the surface view abstains (no DEM scarp, no slope lineament, no radiometric lineament) -- consistent with a young blind fault straining and micro-seismic beneath cover. HYPOTHESIS, not verified geology.",Anthropogenic subsidence from groundwater withdrawal; irrigation-related aquifer compaction; volcanic inflation or deflation (magma movement without discrete faulting); post-seismic afterslip or viscoelastic relaxation; seasonal hydrological loading; a strain transient on a creeping (aseismic) fault segment.,"Independent evidence of discrete offset: a displaced contact or marker bed, deflected or offset drainage, a facies termination, a fault-plane solution aligned with the lineament, a published structural interpretation, or field observation. None is claimed here.","MEASURED CONTEXT + TEMPLATE HYPOTHESIS; no field observation, no geologist review"
3040,1940,437400.0,4204500.0,2884.4,0.96762,0.528956,0.438664,1,31.5,21.9,1.6,909.2,821.8,1826.4,0.1964,-23.6915,0.5591,0.7559,"Buried or cover-hidden ACTIVE fault (H72-A): the deformation-only view is confident (geodetic second invariant / shear / dilatation gradients and their coherence, earthquake-density kernel edge) while the surface view abstains (no DEM scarp, no slope lineament, no radiometric lineament) -- consistent with a young blind fault straining and micro-seismic beneath cover. HYPOTHESIS, not verified geology.",Anthropogenic subsidence from groundwater withdrawal; irrigation-related aquifer compaction; volcanic inflation or deflation (magma movement without discrete faulting); post-seismic afterslip or viscoelastic relaxation; seasonal hydrological loading; a strain transient on a creeping (aseismic) fault segment.,"Independent evidence of discrete offset: a displaced contact or marker bed, deflected or offset drainage, a facies termination, a fault-plane solution aligned with the lineament, a published structural interpretation, or field observation. None is claimed here.","MEASURED CONTEXT + TEMPLATE HYPOTHESIS; no field observation, no geologist review"
3041,1876,431000.0,4204400.0,8381.5,0.999124,0.35161,0.647514,1,32.4,21.7,2.3,1387.8,1015.7535,1866.1,0.2005,-21.3053,0.5906,0.7559,"Buried or cover-hidden ACTIVE fault (H72-A): the deformation-only view is confident (geodetic second invariant / shear / dilatation gradients and their coherence, earthquake-density kernel edge) while the surface view abstains (no DEM scarp, no slope lineament, no radiometric lineament) -- consistent with a young blind fault straining and micro-seismic beneath cover. HYPOTHESIS, not verified geology.",Anthropogenic subsidence from groundwater withdrawal; irrigation-related aquifer compaction; volcanic inflation or deflation (magma movement without discrete faulting); post-seismic afterslip or viscoelastic relaxation; seasonal hydrological loading; a strain transient on a creeping (aseismic) fault segment.,"Independent evidence of discrete offset: a displaced contact or marker bed, deflected or offset drainage, a facies termination, a fault-plane solution aligned with the lineament, a published structural interpretation, or field observation. None is claimed here.","MEASURED CONTEXT + TEMPLATE HYPOTHESIS; no field observation, no geologist review"
3041,1887,432100.0,4204400.0,7338.9,0.969791,0.413266,0.556525,1,32.0,21.3,2.7,1243.6323,928.3,2248.9,1.2751,-24.2344,0.5866,0.8898,"Buried or cover-hidden ACTIVE fault (H72-A): the deformation-only view is confident (geodetic second invariant / shear / dilatation gradients and their coherence, earthquake-density kernel edge) while the surface view abstains (no DEM scarp, no slope lineament, no radiometric lineament) -- consistent with a young blind fault straining and micro-seismic beneath cover. HYPOTHESIS, not verified geology.",Anthropogenic subsidence from groundwater withdrawal; irrigation-related aquifer compaction; volcanic inflation or deflation (magma movement without discrete faulting); post-seismic afterslip or viscoelastic relaxation; seasonal hydrological loading; a strain transient on a creeping (aseismic) fault segment.,"Independent evidence of discrete offset: a displaced contact or marker bed, deflected or offset drainage, a facies termination, a fault-plane solution aligned with the lineament, a published structural interpretation, or field observation. None is claimed here.","MEASURED CONTEXT + TEMPLATE HYPOTHESIS; no field observation, no geologist review"
3041,1896,433000.0,4204400.0,6500.0,0.993726,0.35618,0.637546,1,32.0,21.3,2.7,993.8,928.3,2292.0,0.36,-24.4848,0.5984,0.815,"Buried or cover-hidden ACTIVE fault (H72-A): the deformation-only view is confident (geodetic second invariant / shear / dilatation gradients and their coherence, earthquake-density kernel edge) while the surface view abstains (no DEM scarp, no slope lineament, no radiometric lineament) -- consistent with a young blind fault straining and micro-seismic beneath cover. HYPOTHESIS, not verified geology.",Anthropogenic subsidence from groundwater withdrawal; irrigation-related aquifer compaction; volcanic inflation or deflation (magma movement without discrete faulting); post-seismic afterslip or viscoelastic relaxation; seasonal hydrological loading; a strain transient on a creeping (aseismic) fault segment.,"Independent evidence of discrete offset: a displaced contact or marker bed, deflected or offset drainage, a facies termination, a fault-plane solution aligned with the lineament, a published structural interpretation, or field observation. None is claimed here.","MEASURED CONTEXT + TEMPLATE HYPOTHESIS; no field observation, no geologist review"
3041,1931,436500.0,4204400.0,3535.5,0.980422,0.399982,0.580441,1,31.5,21.9,1.6,909.2,821.8,1783.2,0.1483,-23.9213,0.563,0.7992,"Buried or cover-hidden ACTIVE fault (H72-A): the deformation-only view is confident (geodetic second invariant / shear / dilatation gradients and their coherence, earthquake-density kernel edge) while the surface view abstains (no DEM scarp, no slope lineament, no radiometric lineament) -- consistent with a young blind fault straining and micro-seismic beneath cover. HYPOTHESIS, not verified geology.",Anthropogenic subsidence from groundwater withdrawal; irrigation-related aquifer compaction; volcanic inflation or deflation (magma movement without discrete faulting); post-seismic afterslip or viscoelastic relaxation; seasonal hydrological loading; a strain transient on a creeping (aseismic) fault segment.,"Independent evidence of discrete offset: a displaced contact or marker bed, deflected or offset drainage, a facies termination, a fault-plane solution aligned with the lineament, a published structural interpretation, or field observation. None is claimed here.","MEASURED CONTEXT + TEMPLATE HYPOTHESIS; no field observation, no geologist review"
3042,1913,434700.0,4204300.0,5024.9,0.994164,0.360064,0.634099,1,31.8,21.9,1.9,993.8,857.3,1985.3,0.1666,-24.1935,0.5591,0.8504,"Buried or cover-hidden ACTIVE fault (H72-A): the deformation-only view is confident (geodetic second invariant / shear / dilatation gradients and their coherence, earthquake-density kernel edge) while the surface view abstains (no DEM scarp, no slope lineament, no radiometric lineament) -- consistent with a young blind fault straining and micro-seismic beneath cover. HYPOTHESIS, not verified geology.",Anthropogenic subsidence from groundwater withdrawal; irrigation-related aquifer compaction; volcanic inflation or deflation (magma movement without discrete faulting); post-seismic afterslip or viscoelastic relaxation; seasonal hydrological loading; a strain transient on a creeping (aseismic) fault segment.,"Independent evidence of discrete offset: a displaced contact or marker bed, deflected or offset drainage, a facies termination, a fault-plane solution aligned with the lineament, a published structural interpretation, or field observation. None is claimed here.","MEASURED CONTEXT + TEMPLATE HYPOTHESIS; no field observation, no geologist review"
3042,1935,436900.0,4204300.0,3342.2,0.983596,0.423123,0.560472,1,31.5,21.9,1.6,909.2,821.8,1757.6,0.2359,-23.5899,0.6102,0.7835,"Buried or cover-hidden ACTIVE fault (H72-A): the deformation-only view is confident (geodetic second invariant / shear / dilatation gradients and their coherence, earthquake-density kernel edge) while the surface view abstains (no DEM scarp, no slope lineament, no radiometric lineament) -- consistent with a young blind fault straining and micro-seismic beneath cover. HYPOTHESIS, not verified geology.",Anthropogenic subsidence from groundwater withdrawal; irrigation-related aquifer compaction; volcanic inflation or deflation (magma movement without discrete faulting); post-seismic afterslip or viscoelastic relaxation; seasonal hydrological loading; a strain transient on a creeping (aseismic) fault segment.,"Independent evidence of discrete offset: a displaced contact or marker bed, deflected or offset drainage, a facies termination, a fault-plane solution aligned with the lineament, a published structural interpretation, or field observation. None is claimed here.","MEASURED CONTEXT + TEMPLATE HYPOTHESIS; no field observation, no geologist review"
3042,1953,438700.0,4204300.0,2617.3,0.954818,0.468626,0.486192,1,30.5,20.8,0.9,909.2,807.1,1800.8,0.4269,-23.3426,0.5512,0.7913,"Buried or cover-hidden ACTIVE fault (H72-A): the deformation-only view is confident (geodetic second invariant / shear / dilatation gradients and their coherence, earthquake-density kernel edge) while the surface view abstains (no DEM scarp, no slope lineament, no radiometric lineament) -- consistent with a young blind fault straining and micro-seismic beneath cover. HYPOTHESIS, not verified geology.",Anthropogenic subsidence from groundwater withdrawal; irrigation-related aquifer compaction; volcanic inflation or deflation (magma movement without discrete faulting); post-seismic afterslip or viscoelastic relaxation; seasonal hydrological loading; a strain transient on a creeping (aseismic) fault segment.,"Independent evidence of discrete offset: a displaced contact or marker bed, deflected or offset drainage, a facies termination, a fault-plane solution aligned with the lineament, a published structural interpretation, or field observation. None is claimed here.","MEASURED CONTEXT + TEMPLATE HYPOTHESIS; no field observation, no geologist review"
3043,1865,429900.0,4204200.0,8888.8,0.991104,0.394225,0.59688,1,32.4,21.7,2.3,1387.8,1035.8,1263.4,0.6471,-16.9746,0.5394,0.7638,"Buried or cover-hidden ACTIVE fault (H72-A): the deformation-only view is confident (geodetic second invariant / shear / dilatation gradients and their coherence, earthquake-density kernel edge) while the surface view abstains (no DEM scarp, no slope lineament, no radiometric lineament) -- consistent with a young blind fault straining and micro-seismic beneath cover. HYPOTHESIS, not verified geology.",Anthropogenic subsidence from groundwater withdrawal; irrigation-related aquifer compaction; volcanic inflation or deflation (magma movement without discrete faulting); post-seismic afterslip or viscoelastic relaxation; seasonal hydrological loading; a strain transient on a creeping (aseismic) fault segment.,"Independent evidence of discrete offset: a displaced contact or marker bed, deflected or offset drainage, a facies termination, a fault-plane solution aligned with the lineament, a published structural interpretation, or field observation. None is claimed here.","MEASURED CONTEXT + TEMPLATE HYPOTHESIS; no field observation, no geologist review"
3043,1918,435200.0,4204200.0,4661.5,0.988432,0.3934,0.595033,1,31.8501,21.9125,1.8373,993.8,857.3,1837.1,0.0637,-24.0827,0.5157,0.8268,"Buried or cover-hidden ACTIVE fault (H72-A): the deformation-only view is confident (geodetic second invariant / shear / dilatation gradients and their coherence, earthquake-density kernel edge) while the surface view abstains (no DEM scarp, no slope lineament, no radiometric lineament) -- consistent with a young blind fault straining and micro-seismic beneath cover. HYPOTHESIS, not verified geology.",Anthropogenic subsidence from groundwater withdrawal; irrigation-related aquifer compaction; volcanic inflation or deflation (magma movement without discrete faulting); post-seismic afterslip or viscoelastic relaxation; seasonal hydrological loading; a strain transient on a creeping (aseismic) fault segment.,"Independent evidence of discrete offset: a displaced contact or marker bed, deflected or offset drainage, a facies termination, a fault-plane solution aligned with the lineament, a published structural interpretation, or field observation. None is claimed here.","MEASURED CONTEXT + TEMPLATE HYPOTHESIS; no field observation, no geologist review"
3044,1855,428900.0,4204100.0,7971.2,0.981013,0.377468,0.603544,1,32.6,21.8,2.5,1387.8,1102.2427,852.4,1.2988,-13.3918,0.7283,0.7677,"Buried or cover-hidden ACTIVE fault (H72-A): the deformation-only view is confident (geodetic second invariant / shear / dilatation gradients and their coherence, earthquake-density kernel edge) while the surface view abstains (no DEM scarp, no slope lineament, no radiometric lineament) -- consistent with a young blind fault straining and micro-seismic beneath cover. HYPOTHESIS, not verified geology.",Anthropogenic subsidence from groundwater withdrawal; irrigation-related aquifer compaction; volcanic inflation or deflation (magma movement without discrete faulting); post-seismic afterslip or viscoelastic relaxation; seasonal hydrological loading; a strain transient on a creeping (aseismic) fault segment.,"Independent evidence of discrete offset: a displaced contact or marker bed, deflected or offset drainage, a facies termination, a fault-plane solution aligned with the lineament, a published structural interpretation, or field observation. None is claimed here.","MEASURED CONTEXT + TEMPLATE HYPOTHESIS; no field observation, no geologist review"
3044,1858,429200.0,4204100.0,8254.1,0.987683,0.397544,0.590139,1,32.6,21.8,2.5,1387.8,1061.7054,950.0,0.9892,-14.3097,0.6693,0.7598,"Buried or cover-hidden ACTIVE fault (H72-A): the deformation-only view is confident (geodetic second invariant / shear / dilatation gradients and their coherence, earthquake-density kernel edge) while the surface view abstains (no DEM scarp, no slope lineament, no radiometric lineament) -- consistent with a young blind fault straining and micro-seismic beneath cover. HYPOTHESIS, not verified geology.",Anthropogenic subsidence from groundwater withdrawal; irrigation-related aquifer compaction; volcanic inflation or deflation (magma movement without discrete faulting); post-seismic afterslip or viscoelastic relaxation; seasonal hydrological loading; a strain transient on a creeping (aseismic) fault segment.,"Independent evidence of discrete offset: a displaced contact or marker bed, deflected or offset drainage, a facies termination, a fault-plane solution aligned with the lineament, a published structural interpretation, or field observation. None is claimed here.","MEASURED CONTEXT + TEMPLATE HYPOTHESIS; no field observation, no geologist review"
3044,1861,429500.0,4204100.0,8538.1,0.982412,0.35201,0.630402,1,32.5571,21.7785,2.4571,1387.8,1035.8,1074.6,0.2294,-15.3854,0.685,0.7244,"Buried or cover-hidden ACTIVE fault (H72-A): the deformation-only view is confident (geodetic second invariant / shear / dilatation gradients and their coherence, earthquake-density kernel edge) while the surface view abstains (no DEM scarp, no slope lineament, no radiometric lineament) -- consistent with a young blind fault straining and micro-seismic beneath cover. HYPOTHESIS, not verified geology.",Anthropogenic subsidence from groundwater withdrawal; irrigation-related aquifer compaction; volcanic inflation or deflation (magma movement without discrete faulting); post-seismic afterslip or viscoelastic relaxation; seasonal hydrological loading; a strain transient on a creeping (aseismic) fault segment.,"Independent evidence of discrete offset: a displaced contact or marker bed, deflected or offset drainage, a facies termination, a fault-plane solution aligned with the lineament, a published structural interpretation, or field observation. None is claimed here.","MEASURED CONTEXT + TEMPLATE HYPOTHESIS; no field observation, no geologist review"
3044,1875,430900.0,4204100.0,8570.3,0.996639,0.398991,0.597648,1,32.4,21.7,2.3,1387.8,1035.8,1704.6,0.5014,-20.4195,0.5866,0.7638,"Buried or cover-hidden ACTIVE fault (H72-A): the deformation-only view is confident (geodetic second invariant / shear / dilatation gradients and their coherence, earthquake-density kernel edge) while the surface view abstains (no DEM scarp, no slope lineament, no radiometric lineament) -- consistent with a young blind fault straining and micro-seismic beneath cover. HYPOTHESIS, not verified geology.",Anthropogenic subsidence from groundwater withdrawal; irrigation-related aquifer compaction; volcanic inflation or deflation (magma movement without discrete faulting); post-seismic afterslip or viscoelastic relaxation; seasonal hydrological loading; a strain transient on a creeping (aseismic) fault segment.,"Independent evidence of discrete offset: a displaced contact or marker bed, deflected or offset drainage, a facies termination, a fault-plane solution aligned with the lineament, a published structural interpretation, or field observation. None is claimed here.","MEASURED CONTEXT + TEMPLATE HYPOTHESIS; no field observation, no geologist review"
3044,1943,437700.0,4204100.0,3087.1,0.964745,0.577143,0.387601,1,31.1365,21.6332,0.9263,909.2,815.0197,1714.5,0.167,-23.0327,0.6417,0.7677,"Buried or cover-hidden ACTIVE fault (H72-A): the deformation-only view is confident (geodetic second invariant / shear / dilatation gradients and their coherence, earthquake-density kernel edge) while the surface view abstains (no DEM scarp, no slope lineament, no radiometric lineament) -- consistent with a young blind fault straining and micro-seismic beneath cover. HYPOTHESIS, not verified geology.",Anthropogenic subsidence from groundwater withdrawal; irrigation-related aquifer compaction; volcanic inflation or deflation (magma movement without discrete faulting); post-seismic afterslip or viscoelastic relaxation; seasonal hydrological loading; a strain transient on a creeping (aseismic) fault segment.,"Independent evidence of discrete offset: a displaced contact or marker bed, deflected or offset drainage, a facies termination, a fault-plane solution aligned with the lineament, a published structural interpretation, or field observation. None is claimed here.","MEASURED CONTEXT + TEMPLATE HYPOTHESIS; no field observation, no geologist review"
3045,1846,428000.0,4204000.0,7169.4,0.991682,0.574344,0.417338,1,32.6,21.8,2.5,1387.8,1104.0,596.9,1.8171,-10.7083,0.6614,0.626,"Buried or cover-hidden ACTIVE fault (H72-A): the deformation-only view is confident (geodetic second invariant / shear / dilatation gradients and their coherence, earthquake-density kernel edge) while the surface view abstains (no DEM scarp, no slope lineament, no radiometric lineament) -- consistent with a young blind fault straining and micro-seismic beneath cover. HYPOTHESIS, not verified geology.",Anthropogenic subsidence from groundwater withdrawal; irrigation-related aquifer compaction; volcanic inflation or deflation (magma movement without discrete faulting); post-seismic afterslip or viscoelastic relaxation; seasonal hydrological loading; a strain transient on a creeping (aseismic) fault segment.,"Independent evidence of discrete offset: a displaced contact or marker bed, deflected or offset drainage, a facies termination, a fault-plane solution aligned with the lineament, a published structural interpretation, or field observation. None is claimed here.","MEASURED CONTEXT + TEMPLATE HYPOTHESIS; no field observation, no geologist review"
3045,1884,431800.0,4204000.0,7762.1,0.98159,0.363625,0.617965,1,32.2144,21.5965,2.1985,1387.8,928.3,1972.8,0.9764,-22.7731,0.5512,0.9134,"Buried or cover-hidden ACTIVE fault (H72-A): the deformation-only view is confident (geodetic second invariant / shear / dilatation gradients and their coherence, earthquake-density kernel edge) while the surface view abstains (no DEM scarp, no slope lineament, no radiometric lineament) -- consistent with a young blind fault straining and micro-seismic beneath cover. HYPOTHESIS, not verified geology.",Anthropogenic subsidence from groundwater withdrawal; irrigation-related aquifer compaction; volcanic inflation or deflation (magma movement without discrete faulting); post-seismic afterslip or viscoelastic relaxation; seasonal hydrological loading; a strain transient on a creeping (aseismic) fault segment.,"Independent evidence of discrete offset: a displaced contact or marker bed, deflected or offset drainage, a facies termination, a fault-plane solution aligned with the lineament, a published structural interpretation, or field observation. None is claimed here.","MEASURED CONTEXT + TEMPLATE HYPOTHESIS; no field observation, no geologist review"
3045,1911,434500.0,4204000.0,5353.5,0.993888,0.389782,0.604106,1,32.0119,21.953,1.6351,993.8,857.3,1905.7,0.2289,-23.7219,0.5157,0.8701,"Buried or cover-hidden ACTIVE fault (H72-A): the deformation-only view is confident (geodetic second invariant / shear / dilatation gradients and their coherence, earthquake-density kernel edge) while the surface view abstains (no DEM scarp, no slope lineament, no radiometric lineament) -- consistent with a young blind fault straining and micro-seismic beneath cover. HYPOTHESIS, not verified geology.",Anthropogenic subsidence from groundwater withdrawal; irrigation-related aquifer compaction; volcanic inflation or deflation (magma movement without discrete faulting); post-seismic afterslip or viscoelastic relaxation; seasonal hydrological loading; a strain transient on a creeping (aseismic) fault segment.,"Independent evidence of discrete offset: a displaced contact or marker bed, deflected or offset drainage, a facies termination, a fault-plane solution aligned with the lineament, a published structural interpretation, or field observation. None is claimed here.","MEASURED CONTEXT + TEMPLATE HYPOTHESIS; no field observation, no geologist review"
3046,1864,429800.0,4203900.0,8886.5,0.978159,0.355717,0.622443,1,32.4382,21.7191,2.3382,1387.8,1035.8,1156.2,0.4705,-16.1529,0.6024,0.815,"Buried or cover-hidden ACTIVE fault (H72-A): the deformation-only view is confident (geodetic second invariant / shear / dilatation gradients and their coherence, earthquake-density kernel edge) while the surface view abstains (no DEM scarp, no slope lineament, no radiometric lineament) -- consistent with a young blind fault straining and micro-seismic beneath cover. HYPOTHESIS, not verified geology.",Anthropogenic subsidence from groundwater withdrawal; irrigation-related aquifer compaction; volcanic inflation or deflation (magma movement without discrete faulting); post-seismic afterslip or viscoelastic relaxation; seasonal hydrological loading; a strain transient on a creeping (aseismic) fault segment.,"Independent evidence of discrete offset: a displaced contact or marker bed, deflected or offset drainage, a facies termination, a fault-plane solution aligned with the lineament, a published structural interpretation, or field observation. None is claimed here.","MEASURED CONTEXT + TEMPLATE HYPOTHESIS; no field observation, no geologist review"
3046,1870,430400.0,4203900.0,9108.2,0.995535,0.356738,0.638796,1,32.4,21.7,2.3,1387.8,1035.8,1405.6,0.7194,-18.293,0.5591,0.7874,"Buried or cover-hidden ACTIVE fault (H72-A): the deformation-only view is confident (geodetic second invariant / shear / dilatation gradients and their coherence, earthquake-density kernel edge) while the surface view abstains (no DEM scarp, no slope lineament, no radiometric lineament) -- consistent with a young blind fault straining and micro-seismic beneath cover. HYPOTHESIS, not verified geology.",Anthropogenic subsidence from groundwater withdrawal; irrigation-related aquifer compaction; volcanic inflation or deflation (magma movement without discrete faulting); post-seismic afterslip or viscoelastic relaxation; seasonal hydrological loading; a strain transient on a creeping (aseismic) fault segment.,"Independent evidence of discrete offset: a displaced contact or marker bed, deflected or offset drainage, a facies termination, a fault-plane solution aligned with the lineament, a published structural interpretation, or field observation. None is claimed here.","MEASURED CONTEXT + TEMPLATE HYPOTHESIS; no field observation, no geologist review"
3046,1902,433600.0,4203900.0,6177.4,0.987074,0.370169,0.616905,1,32.1769,21.77,1.821,993.8,904.3112,1997.4,0.334,-23.4757,0.5827,0.752,"Buried or cover-hidden ACTIVE fault (H72-A): the deformation-only view is confident (geodetic second invariant / shear / dilatation gradients and their coherence, earthquake-density kernel edge) while the surface view abstains (no DEM scarp, no slope lineament, no radiometric lineament) -- consistent with a young blind fault straining and micro-seismic beneath cover. HYPOTHESIS, not verified geology.",Anthropogenic subsidence from groundwater withdrawal; irrigation-related aquifer compaction; volcanic inflation or deflation (magma movement without discrete faulting); post-seismic afterslip or viscoelastic relaxation; seasonal hydrological loading; a strain transient on a creeping (aseismic) fault segment.,"Independent evidence of discrete offset: a displaced contact or marker bed, deflected or offset drainage, a facies termination, a fault-plane solution aligned with the lineament, a published structural interpretation, or field observation. None is claimed here.","MEASURED CONTEXT + TEMPLATE HYPOTHESIS; no field observation, no geologist review"
3046,1947,438100.0,4203900.0,3132.1,0.956455,0.40638,0.550076,1,30.7189,21.4567,-0.1215,909.2,807.1,1659.2,0.1283,-22.6267,0.6535,0.7598,"Buried or cover-hidden ACTIVE fault (H72-A): the deformation-only view is confident (geodetic second invariant / shear / dilatation gradients and their coherence, earthquake-density kernel edge) while the surface view abstains (no DEM scarp, no slope lineament, no radiometric lineament) -- consistent with a young blind fault straining and micro-seismic beneath cover. HYPOTHESIS, not verified geology.",Anthropogenic subsidence from groundwater withdrawal; irrigation-related aquifer compaction; volcanic inflation or deflation (magma movement without discrete faulting); post-seismic afterslip or viscoelastic relaxation; seasonal hydrological loading; a strain transient on a creeping (aseismic) fault segment.,"Independent evidence of discrete offset: a displaced contact or marker bed, deflected or offset drainage, a facies termination, a fault-plane solution aligned with the lineament, a published structural interpretation, or field observation. None is claimed here.","MEASURED CONTEXT + TEMPLATE HYPOTHESIS; no field observation, no geologist review"
3046,1957,439100.0,4203900.0,2692.6,0.965487,0.36108,0.604407,1,30.7187,21.4562,-0.1207,909.2,807.1,1647.0,0.0825,-22.748,0.5433,0.9094,"Buried or cover-hidden ACTIVE fault (H72-A): the deformation-only view is confident (geodetic second invariant / shear / dilatation gradients and their coherence, earthquake-density kernel edge) while the surface view abstains (no DEM scarp, no slope lineament, no radiometric lineament) -- consistent with a young blind fault straining and micro-seismic beneath cover. HYPOTHESIS, not verified geology.",Anthropogenic subsidence from groundwater withdrawal; irrigation-related aquifer compaction; volcanic inflation or deflation (magma movement without discrete faulting); post-seismic afterslip or viscoelastic relaxation; seasonal hydrological loading; a strain transient on a creeping (aseismic) fault segment.,"Independent evidence of discrete offset: a displaced contact or marker bed, deflected or offset drainage, a facies termination, a fault-plane solution aligned with the lineament, a published structural interpretation, or field observation. None is claimed here.","MEASURED CONTEXT + TEMPLATE HYPOTHESIS; no field observation, no geologist review"
3047,1875,430900.0,4203800.0,8672.9,0.996709,0.352054,0.644655,1,32.4,21.7,2.3,1387.8,1035.8,1595.2,0.3375,-19.9007,0.5276,0.7638,"Buried or cover-hidden ACTIVE fault (H72-A): the deformation-only view is confident (geodetic second invariant / shear / dilatation gradients and their coherence, earthquake-density kernel edge) while the surface view abstains (no DEM scarp, no slope lineament, no radiometric lineament) -- consistent with a young blind fault straining and micro-seismic beneath cover. HYPOTHESIS, not verified geology.",Anthropogenic subsidence from groundwater withdrawal; irrigation-related aquifer compaction; volcanic inflation or deflation (magma movement without discrete faulting); post-seismic afterslip or viscoelastic relaxation; seasonal hydrological loading; a strain transient on a creeping (aseismic) fault segment.,"Independent evidence of discrete offset: a displaced contact or marker bed, deflected or offset drainage, a facies termination, a fault-plane solution aligned with the lineament, a published structural interpretation, or field observation. None is claimed here.","MEASURED CONTEXT + TEMPLATE HYPOTHESIS; no field observation, no geologist review"
3047,1921,435500.0,4203800.0,4675.5,0.957141,0.508905,0.448236,1,32.1331,22.0411,1.374,993.8,853.6663,1667.1,0.0485,-23.4952,0.5197,0.7874,"Buried or cover-hidden ACTIVE fault (H72-A): the deformation-only view is confident (geodetic second invariant / shear / dilatation gradients and their coherence, earthquake-density kernel edge) while the surface view abstains (no DEM scarp, no slope lineament, no radiometric lineament) -- consistent with a young blind fault straining and micro-seismic beneath cover. HYPOTHESIS, not verified geology.",Anthropogenic subsidence from groundwater withdrawal; irrigation-related aquifer compaction; volcanic inflation or deflation (magma movement without discrete faulting); post-seismic afterslip or viscoelastic relaxation; seasonal hydrological loading; a strain transient on a creeping (aseismic) fault segment.,"Independent evidence of discrete offset: a displaced contact or marker bed, deflected or offset drainage, a facies termination, a fault-plane solution aligned with the lineament, a published structural interpretation, or field observation. None is claimed here.","MEASURED CONTEXT + TEMPLATE HYPOTHESIS; no field observation, no geologist review"
3047,1937,437100.0,4203800.0,3635.9,0.975522,0.601066,0.374457,1,31.7797,22.4594,0.8542,909.2,821.8,1613.6,0.0287,-22.7753,0.4764,0.7953,"Buried or cover-hidden ACTIVE fault (H72-A): the deformation-only view is confident (geodetic second invariant / shear / dilatation gradients and their coherence, earthquake-density kernel edge) while the surface view abstains (no DEM scarp, no slope lineament, no radiometric lineament) -- consistent with a young blind fault straining and micro-seismic beneath cover. HYPOTHESIS, not verified geology.",Anthropogenic subsidence from groundwater withdrawal; irrigation-related aquifer compaction; volcanic inflation or deflation (magma movement without discrete faulting); post-seismic afterslip or viscoelastic relaxation; seasonal hydrological loading; a strain transient on a creeping (aseismic) fault segment.,"Independent evidence of discrete offset: a displaced contact or marker bed, deflected or offset drainage, a facies termination, a fault-plane solution aligned with the lineament, a published structural interpretation, or field observation. None is claimed here.","MEASURED CONTEXT + TEMPLATE HYPOTHESIS; no field observation, no geologist review"
3048,1924,435800.0,4203700.0,4525.5,0.9698,0.375666,0.594135,1,31.9213,22.3484,0.9819,943.5294,832.5652,1612.5,0.1092,-23.2934,0.5394,0.8228,"Buried or cover-hidden ACTIVE fault (H72-A): the deformation-only view is confident (geodetic second invariant / shear / dilatation gradients and their coherence, earthquake-density kernel edge) while the surface view abstains (no DEM scarp, no slope lineament, no radiometric lineament) -- consistent with a young blind fault straining and micro-seismic beneath cover. HYPOTHESIS, not verified geology.",Anthropogenic subsidence from groundwater withdrawal; irrigation-related aquifer compaction; volcanic inflation or deflation (magma movement without discrete faulting); post-seismic afterslip or viscoelastic relaxation; seasonal hydrological loading; a strain transient on a creeping (aseismic) fault segment.,"Independent evidence of discrete offset: a displaced contact or marker bed, deflected or offset drainage, a facies termination, a fault-plane solution aligned with the lineament, a published structural interpretation, or field observation. None is claimed here.","MEASURED CONTEXT + TEMPLATE HYPOTHESIS; no field observation, no geologist review"
3049,1858,429200.0,4203600.0,8430.9,0.995547,0.39446,0.601088,1,32.6,21.8,2.5,1210.8475,1061.7048,882.3,0.7307,-13.6412,0.689,0.7283,"Buried or cover-hidden ACTIVE fault (H72-A): the deformation-only view is confident (geodetic second invariant / shear / dilatation gradients and their coherence, earthquake-density kernel edge) while the surface view abstains (no DEM scarp, no slope lineament, no radiometric lineament) -- consistent with a young blind fault straining and micro-seismic beneath cover. HYPOTHESIS, not verified geology.",Anthropogenic subsidence from groundwater withdrawal; irrigation-related aquifer compaction; volcanic inflation or deflation (magma movement without discrete faulting); post-seismic afterslip or viscoelastic relaxation; seasonal hydrological loading; a strain transient on a creeping (aseismic) fault segment.,"Independent evidence of discrete offset: a displaced contact or marker bed, deflected or offset drainage, a facies termination, a fault-plane solution aligned with the lineament, a published structural interpretation, or field observation. None is claimed here.","MEASURED CONTEXT + TEMPLATE HYPOTHESIS; no field observation, no geologist review"
3049,1861,429500.0,4203600.0,8709.2,0.98861,0.545807,0.442803,1,32.5571,21.7785,2.4571,1210.9537,1035.8,987.0,0.4907,-14.6863,0.6496,0.7835,"Buried or cover-hidden ACTIVE fault (H72-A): the deformation-only view is confident (geodetic second invariant / shear / dilatation gradients and their coherence, earthquake-density kernel edge) while the surface view abstains (no DEM scarp, no slope lineament, no radiometric lineament) -- consistent with a young blind fault straining and micro-seismic beneath cover. HYPOTHESIS, not verified geology.",Anthropogenic subsidence from groundwater withdrawal; irrigation-related aquifer compaction; volcanic inflation or deflation (magma movement without discrete faulting); post-seismic afterslip or viscoelastic relaxation; seasonal hydrological loading; a strain transient on a creeping (aseismic) fault segment.,"Independent evidence of discrete offset: a displaced contact or marker bed, deflected or offset drainage, a facies termination, a fault-plane solution aligned with the lineament, a published structural interpretation, or field observation. None is claimed here.","MEASURED CONTEXT + TEMPLATE HYPOTHESIS; no field observation, no geologist review"
3049,1865,429900.0,4203600.0,9082.4,0.98948,0.371654,0.617825,1,32.4,21.7,2.3,1211.0956,1035.8,1126.7,0.6833,-16.0799,0.6496,0.8346,"Buried or cover-hidden ACTIVE fault (H72-A): the deformation-only view is confident (geodetic second invariant / shear / dilatation gradients and their coherence, earthquake-density kernel edge) while the surface view abstains (no DEM scarp, no slope lineament, no radiometric lineament) -- consistent with a young blind fault straining and micro-seismic beneath cover. HYPOTHESIS, not verified geology.",Anthropogenic subsidence from groundwater withdrawal; irrigation-related aquifer compaction; volcanic inflation or deflation (magma movement without discrete faulting); post-seismic afterslip or viscoelastic relaxation; seasonal hydrological loading; a strain transient on a creeping (aseismic) fault segment.,"Independent evidence of discrete offset: a displaced contact or marker bed, deflected or offset drainage, a facies termination, a fault-plane solution aligned with the lineament, a published structural interpretation, or field observation. None is claimed here.","MEASURED CONTEXT + TEMPLATE HYPOTHESIS; no field observation, no geologist review"
3049,1870,430400.0,4203600.0,9211.4,0.996296,0.389458,0.606838,1,32.4,21.7,2.3,1211.2701,1035.8,1315.6,0.4418,-17.8069,0.5551,0.8268,"Buried or cover-hidden ACTIVE fault (H72-A): the deformation-only view is confident (geodetic second invariant / shear / dilatation gradients and their coherence, earthquake-density kernel edge) while the surface view abstains (no DEM scarp, no slope lineament, no radiometric lineament) -- consistent with a young blind fault straining and micro-seismic beneath cover. HYPOTHESIS, not verified geology.",Anthropogenic subsidence from groundwater withdrawal; irrigation-related aquifer compaction; volcanic inflation or deflation (magma movement without discrete faulting); post-seismic afterslip or viscoelastic relaxation; seasonal hydrological loading; a strain transient on a creeping (aseismic) fault segment.,"Independent evidence of discrete offset: a displaced contact or marker bed, deflected or offset drainage, a facies termination, a fault-plane solution aligned with the lineament, a published structural interpretation, or field observation. None is claimed here.","MEASURED CONTEXT + TEMPLATE HYPOTHESIS; no field observation, no geologist review"
3049,1903,433700.0,4203600.0,6243.4,0.973739,0.353552,0.620186,1,32.2464,21.9072,1.5392,867.8817,890.2435,1851.4,0.3325,-22.8267,0.5315,0.8307,"Buried or cover-hidden ACTIVE fault (H72-A): the deformation-only view is confident (geodetic second invariant / shear / dilatation gradients and their coherence, earthquake-density kernel edge) while the surface view abstains (no DEM scarp, no slope lineament, no radiometric lineament) -- consistent with a young blind fault straining and micro-seismic beneath cover. HYPOTHESIS, not verified geology.",Anthropogenic subsidence from groundwater withdrawal; irrigation-related aquifer compaction; volcanic inflation or deflation (magma movement without discrete faulting); post-seismic afterslip or viscoelastic relaxation; seasonal hydrological loading; a strain transient on a creeping (aseismic) fault segment.,"Independent evidence of discrete offset: a displaced contact or marker bed, deflected or offset drainage, a facies termination, a fault-plane solution aligned with the lineament, a published structural interpretation, or field observation. None is claimed here.","MEASURED CONTEXT + TEMPLATE HYPOTHESIS; no field observation, no geologist review"
3049,1961,439500.0,4203600.0,2213.6,0.982358,0.381956,0.600402,1,30.7834,21.6862,-0.4834,909.2,805.2156,1520.0,0.6179,-22.2273,0.5354,0.8622,"Buried or cover-hidden ACTIVE fault (H72-A): the deformation-only view is confident (geodetic second invariant / shear / dilatation gradients and their coherence, earthquake-density kernel edge) while the surface view abstains (no DEM scarp, no slope lineament, no radiometric lineament) -- consistent with a young blind fault straining and micro-seismic beneath cover. HYPOTHESIS, not verified geology.",Anthropogenic subsidence from groundwater withdrawal; irrigation-related aquifer compaction; volcanic inflation or deflation (magma movement without discrete faulting); post-seismic afterslip or viscoelastic relaxation; seasonal hydrological loading; a strain transient on a creeping (aseismic) fault segment.,"Independent evidence of discrete offset: a displaced contact or marker bed, deflected or offset drainage, a facies termination, a fault-plane solution aligned with the lineament, a published structural interpretation, or field observation. None is claimed here.","MEASURED CONTEXT + TEMPLATE HYPOTHESIS; no field observation, no geologist review"
3050,1909,434300.0,4203500.0,5800.9,0.976043,0.377506,0.598536,1,32.2,22.0,1.4,792.8706,857.3,1744.0,0.0925,-22.7902,0.5906,0.8858,"Buried or cover-hidden ACTIVE fault (H72-A): the deformation-only view is confident (geodetic second invariant / shear / dilatation gradients and their coherence, earthquake-density kernel edge) while the surface view abstains (no DEM scarp, no slope lineament, no radiometric lineament) -- consistent with a young blind fault straining and micro-seismic beneath cover. HYPOTHESIS, not verified geology.",Anthropogenic subsidence from groundwater withdrawal; irrigation-related aquifer compaction; volcanic inflation or deflation (magma movement without discrete faulting); post-seismic afterslip or viscoelastic relaxation; seasonal hydrological loading; a strain transient on a creeping (aseismic) fault segment.,"Independent evidence of discrete offset: a displaced contact or marker bed, deflected or offset drainage, a facies termination, a fault-plane solution aligned with the lineament, a published structural interpretation, or field observation. None is claimed here.","MEASURED CONTEXT + TEMPLATE HYPOTHESIS; no field observation, no geologist review"
3050,1918,435200.0,4203500.0,5099.0,0.957661,0.598679,0.358982,1,32.2,22.0,1.4,793.0817,857.3,1608.1,0.096,-23.1402,0.5157,0.7992,"Buried or cover-hidden ACTIVE fault (H72-A): the deformation-only view is confident (geodetic second invariant / shear / dilatation gradients and their coherence, earthquake-density kernel edge) while the surface view abstains (no DEM scarp, no slope lineament, no radiometric lineament) -- consistent with a young blind fault straining and micro-seismic beneath cover. HYPOTHESIS, not verified geology.",Anthropogenic subsidence from groundwater withdrawal; irrigation-related aquifer compaction; volcanic inflation or deflation (magma movement without discrete faulting); post-seismic afterslip or viscoelastic relaxation; seasonal hydrological loading; a strain transient on a creeping (aseismic) fault segment.,"Independent evidence of discrete offset: a displaced contact or marker bed, deflected or offset drainage, a facies termination, a fault-plane solution aligned with the lineament, a published structural interpretation, or field observation. None is claimed here.","MEASURED CONTEXT + TEMPLATE HYPOTHESIS; no field observation, no geologist review"
3050,1939,437300.0,4203500.0,3801.3,0.975567,0.547286,0.42828,1,31.8,22.5,0.8,710.632,821.8,1543.9,0.1252,-22.2924,0.5512,0.8189,"Buried or cover-hidden ACTIVE fault (H72-A): the deformation-only view is confident (geodetic second invariant / shear / dilatation gradients and their coherence, earthquake-density kernel edge) while the surface view abstains (no DEM scarp, no slope lineament, no radiometric lineament) -- consistent with a young blind fault straining and micro-seismic beneath cover. HYPOTHESIS, not verified geology.",Anthropogenic subsidence from groundwater withdrawal; irrigation-related aquifer compaction; volcanic inflation or deflation (magma movement without discrete faulting); post-seismic afterslip or viscoelastic relaxation; seasonal hydrological loading; a strain transient on a creeping (aseismic) fault segment.,"Independent evidence of discrete offset: a displaced contact or marker bed, deflected or offset drainage, a facies termination, a fault-plane solution aligned with the lineament, a published structural interpretation, or field observation. None is claimed here.","MEASURED CONTEXT + TEMPLATE HYPOTHESIS; no field observation, no geologist review"
3050,1956,439000.0,4203500.0,2668.3,0.983098,0.40777,0.575328,1,30.8,21.7,-0.5,909.2,807.1,1521.2,0.1268,-22.1202,0.5551,0.748,"Buried or cover-hidden ACTIVE fault (H72-A): the deformation-only view is confident (geodetic second invariant / shear / dilatation gradients and their coherence, earthquake-density kernel edge) while the surface view abstains (no DEM scarp, no slope lineament, no radiometric lineament) -- consistent with a young blind fault straining and micro-seismic beneath cover. HYPOTHESIS, not verified geology.",Anthropogenic subsidence from groundwater withdrawal; irrigation-related aquifer compaction; volcanic inflation or deflation (magma movement without discrete faulting); post-seismic afterslip or viscoelastic relaxation; seasonal hydrological loading; a strain transient on a creeping (aseismic) fault segment.,"Independent evidence of discrete offset: a displaced contact or marker bed, deflected or offset drainage, a facies termination, a fault-plane solution aligned with the lineament, a published structural interpretation, or field observation. None is claimed here.","MEASURED CONTEXT + TEMPLATE HYPOTHESIS; no field observation, no geologist review"
3051,1915,434900.0,4203400.0,5390.7,0.970616,0.588251,0.382365,1,32.2,22.0,1.4,717.8572,857.3,1622.0,0.0954,-22.8635,0.5394,0.9055,"Buried or cover-hidden ACTIVE fault (H72-A): the deformation-only view is confident (geodetic second invariant / shear / dilatation gradients and their coherence, earthquake-density kernel edge) while the surface view abstains (no DEM scarp, no slope lineament, no radiometric lineament) -- consistent with a young blind fault straining and micro-seismic beneath cover. HYPOTHESIS, not verified geology.",Anthropogenic subsidence from groundwater withdrawal; irrigation-related aquifer compaction; volcanic inflation or deflation (magma movement without discrete faulting); post-seismic afterslip or viscoelastic relaxation; seasonal hydrological loading; a strain transient on a creeping (aseismic) fault segment.,"Independent evidence of discrete offset: a displaced contact or marker bed, deflected or offset drainage, a facies termination, a fault-plane solution aligned with the lineament, a published structural interpretation, or field observation. None is claimed here.","MEASURED CONTEXT + TEMPLATE HYPOTHESIS; no field observation, no geologist review"
3051,1936,437000.0,4203400.0,4031.1,0.974005,0.570688,0.403317,1,31.8,22.5,0.8,636.037,821.8,1518.2,0.0613,-22.3296,0.4606,0.8031,"Buried or cover-hidden ACTIVE fault (H72-A): the deformation-only view is confident (geodetic second invariant / shear / dilatation gradients and their coherence, earthquake-density kernel edge) while the surface view abstains (no DEM scarp, no slope lineament, no radiometric lineament) -- consistent with a young blind fault straining and micro-seismic beneath cover. HYPOTHESIS, not verified geology.",Anthropogenic subsidence from groundwater withdrawal; irrigation-related aquifer compaction; volcanic inflation or deflation (magma movement without discrete faulting); post-seismic afterslip or viscoelastic relaxation; seasonal hydrological loading; a strain transient on a creeping (aseismic) fault segment.,"Independent evidence of discrete offset: a displaced contact or marker bed, deflected or offset drainage, a facies termination, a fault-plane solution aligned with the lineament, a published structural interpretation, or field observation. None is claimed here.","MEASURED CONTEXT + TEMPLATE HYPOTHESIS; no field observation, no geologist review"
3052,1866,430000.0,4203300.0,9284.9,0.998677,0.392428,0.606248,1,32.4,21.7,2.3,897.0621,1035.8,1089.1,0.2554,-16.0112,0.6575,0.7795,"Buried or cover-hidden ACTIVE fault (H72-A): the deformation-only view is confident (geodetic second invariant / shear / dilatation gradients and their coherence, earthquake-density kernel edge) while the surface view abstains (no DEM scarp, no slope lineament, no radiometric lineament) -- consistent with a young blind fault straining and micro-seismic beneath cover. HYPOTHESIS, not verified geology.",Anthropogenic subsidence from groundwater withdrawal; irrigation-related aquifer compaction; volcanic inflation or deflation (magma movement without discrete faulting); post-seismic afterslip or viscoelastic relaxation; seasonal hydrological loading; a strain transient on a creeping (aseismic) fault segment.,"Independent evidence of discrete offset: a displaced contact or marker bed, deflected or offset drainage, a facies termination, a fault-plane solution aligned with the lineament, a published structural interpretation, or field observation. None is claimed here.","MEASURED CONTEXT + TEMPLATE HYPOTHESIS; no field observation, no geologist review"
3052,1897,433100.0,4203300.0,6911.6,0.996417,0.359588,0.636829,1,32.3,21.8,1.7,642.2763,928.3,1763.2,0.456,-21.8447,0.5433,0.9331,"Buried or cover-hidden ACTIVE fault (H72-A): the deformation-only view is confident (geodetic second invariant / shear / dilatation gradients and their coherence, earthquake-density kernel edge) while the surface view abstains (no DEM scarp, no slope lineament, no radiometric lineament) -- consistent with a young blind fault straining and micro-seismic beneath cover. HYPOTHESIS, not verified geology.",Anthropogenic subsidence from groundwater withdrawal; irrigation-related aquifer compaction; volcanic inflation or deflation (magma movement without discrete faulting); post-seismic afterslip or viscoelastic relaxation; seasonal hydrological loading; a strain transient on a creeping (aseismic) fault segment.,"Independent evidence of discrete offset: a displaced contact or marker bed, deflected or offset drainage, a facies termination, a fault-plane solution aligned with the lineament, a published structural interpretation, or field observation. None is claimed here.","MEASURED CONTEXT + TEMPLATE HYPOTHESIS; no field observation, no geologist review"
3052,1904,433800.0,4203300.0,6324.6,0.984396,0.357538,0.626857,1,32.2266,21.9468,1.4798,642.4438,876.1759,1714.8,0.1203,-22.1488,0.5,0.8819,"Buried or cover-hidden ACTIVE fault (H72-A): the deformation-only view is confident (geodetic second invariant / shear / dilatation gradients and their coherence, earthquake-density kernel edge) while the surface view abstains (no DEM scarp, no slope lineament, no radiometric lineament) -- consistent with a young blind fault straining and micro-seismic beneath cover. HYPOTHESIS, not verified geology.",Anthropogenic subsidence from groundwater withdrawal; irrigation-related aquifer compaction; volcanic inflation or deflation (magma movement without discrete faulting); post-seismic afterslip or viscoelastic relaxation; seasonal hydrological loading; a strain transient on a creeping (aseismic) fault segment.,"Independent evidence of discrete offset: a displaced contact or marker bed, deflected or offset drainage, a facies termination, a fault-plane solution aligned with the lineament, a published structural interpretation, or field observation. None is claimed here.","MEASURED CONTEXT + TEMPLATE HYPOTHESIS; no field observation, no geologist review"
3052,1924,435800.0,4203300.0,4816.6,0.978067,0.419156,0.558911,1,31.9213,22.3484,0.9819,642.9125,832.565,1513.9,0.0506,-22.7737,0.5,0.8189,"Buried or cover-hidden ACTIVE fault (H72-A): the deformation-only view is confident (geodetic second invariant / shear / dilatation gradients and their coherence, earthquake-density kernel edge) while the surface view abstains (no DEM scarp, no slope lineament, no radiometric lineament) -- consistent with a young blind fault straining and micro-seismic beneath cover. HYPOTHESIS, not verified geology.",Anthropogenic subsidence from groundwater withdrawal; irrigation-related aquifer compaction; volcanic inflation or deflation (magma movement without discrete faulting); post-seismic afterslip or viscoelastic relaxation; seasonal hydrological loading; a strain transient on a creeping (aseismic) fault segment.,"Independent evidence of discrete offset: a displaced contact or marker bed, deflected or offset drainage, a facies termination, a fault-plane solution aligned with the lineament, a published structural interpretation, or field observation. None is claimed here.","MEASURED CONTEXT + TEMPLATE HYPOTHESIS; no field observation, no geologist review"
3053,1910,434400.0,4203200.0,5903.4,0.991923,0.354917,0.637006,1,32.2,22.0,1.4,621.8,854.0116,1618.8,0.1206,-22.2584,0.6575,0.8661,"Buried or cover-hidden ACTIVE fault (H72-A): the deformation-only view is confident (geodetic second invariant / shear / dilatation gradients and their coherence, earthquake-density kernel edge) while the surface view abstains (no DEM scarp, no slope lineament, no radiometric lineament) -- consistent with a young blind fault straining and micro-seismic beneath cover. HYPOTHESIS, not verified geology.",Anthropogenic subsidence from groundwater withdrawal; irrigation-related aquifer compaction; volcanic inflation or deflation (magma movement without discrete faulting); post-seismic afterslip or viscoelastic relaxation; seasonal hydrological loading; a strain transient on a creeping (aseismic) fault segment.,"Independent evidence of discrete offset: a displaced contact or marker bed, deflected or offset drainage, a facies termination, a fault-plane solution aligned with the lineament, a published structural interpretation, or field observation. None is claimed here.","MEASURED CONTEXT + TEMPLATE HYPOTHESIS; no field observation, no geologist review"
3054,1862,429600.0,4203100.0,8996.1,0.997915,0.477512,0.520403,1,32.5175,21.7587,2.4175,869.6,1008.6072,928.6,0.2567,-14.4307,0.6024,0.7559,"Buried or cover-hidden ACTIVE fault (H72-A): the deformation-only view is confident (geodetic second invariant / shear / dilatation gradients and their coherence, earthquake-density kernel edge) while the surface view abstains (no DEM scarp, no slope lineament, no radiometric lineament) -- consistent with a young blind fault straining and micro-seismic beneath cover. HYPOTHESIS, not verified geology.",Anthropogenic subsidence from groundwater withdrawal; irrigation-related aquifer compaction; volcanic inflation or deflation (magma movement without discrete faulting); post-seismic afterslip or viscoelastic relaxation; seasonal hydrological loading; a strain transient on a creeping (aseismic) fault segment.,"Independent evidence of discrete offset: a displaced contact or marker bed, deflected or offset drainage, a facies termination, a fault-plane solution aligned with the lineament, a published structural interpretation, or field observation. None is claimed here.","MEASURED CONTEXT + TEMPLATE HYPOTHESIS; no field observation, no geologist review"
3054,1918,435200.0,4203100.0,5374.0,0.98901,0.552275,0.436735,1,32.2,22.0,1.4,621.8,849.4773,1496.1,0.0388,-22.5621,0.5276,0.8268,"Buried or cover-hidden ACTIVE fault (H72-A): the deformation-only view is confident (geodetic second invariant / shear / dilatation gradients and their coherence, earthquake-density kernel edge) while the surface view abstains (no DEM scarp, no slope lineament, no radiometric lineament) -- consistent with a young blind fault straining and micro-seismic beneath cover. HYPOTHESIS, not verified geology.",Anthropogenic subsidence from groundwater withdrawal; irrigation-related aquifer compaction; volcanic inflation or deflation (magma movement without discrete faulting); post-seismic afterslip or viscoelastic relaxation; seasonal hydrological loading; a strain transient on a creeping (aseismic) fault segment.,"Independent evidence of discrete offset: a displaced contact or marker bed, deflected or offset drainage, a facies termination, a fault-plane solution aligned with the lineament, a published structural interpretation, or field observation. None is claimed here.","MEASURED CONTEXT + TEMPLATE HYPOTHESIS; no field observation, no geologist review"
3055,1914,434800.0,4203000.0,5731.5,0.984662,0.352149,0.632513,1,32.2,22.0,1.4,621.8,844.926,1506.7,0.1639,-22.1491,0.5472,0.9528,"Buried or cover-hidden ACTIVE fault (H72-A): the deformation-only view is confident (geodetic second invariant / shear / dilatation gradients and their coherence, earthquake-density kernel edge) while the surface view abstains (no DEM scarp, no slope lineament, no radiometric lineament) -- consistent with a young blind fault straining and micro-seismic beneath cover. HYPOTHESIS, not verified geology.",Anthropogenic subsidence from groundwater withdrawal; irrigation-related aquifer compaction; volcanic inflation or deflation (magma movement without discrete faulting); post-seismic afterslip or viscoelastic relaxation; seasonal hydrological loading; a strain transient on a creeping (aseismic) fault segment.,"Independent evidence of discrete offset: a displaced contact or marker bed, deflected or offset drainage, a facies termination, a fault-plane solution aligned with the lineament, a published structural interpretation, or field observation. None is claimed here.","MEASURED CONTEXT + TEMPLATE HYPOTHESIS; no field observation, no geologist review"
3056,1922,435600.0,4202900.0,5249.8,0.99193,0.572243,0.419686,1,32.0798,22.1503,1.2197,621.8,826.8108,1423.6,0.1278,-22.2603,0.4882,0.7992,"Buried or cover-hidden ACTIVE fault (H72-A): the deformation-only view is confident (geodetic second invariant / shear / dilatation gradients and their coherence, earthquake-density kernel edge) while the surface view abstains (no DEM scarp, no slope lineament, no radiometric lineament) -- consistent with a young blind fault straining and micro-seismic beneath cover. HYPOTHESIS, not verified geology.",Anthropogenic subsidence from groundwater withdrawal; irrigation-related aquifer compaction; volcanic inflation or deflation (magma movement without discrete faulting); post-seismic afterslip or viscoelastic relaxation; seasonal hydrological loading; a strain transient on a creeping (aseismic) fault segment.,"Independent evidence of discrete offset: a displaced contact or marker bed, deflected or offset drainage, a facies termination, a fault-plane solution aligned with the lineament, a published structural interpretation, or field observation. None is claimed here.","MEASURED CONTEXT + TEMPLATE HYPOTHESIS; no field observation, no geologist review"
3057,1885,431900.0,4202800.0,8198.8,0.995722,0.375501,0.620221,1,32.303,21.797,1.7182,869.6,892.7416,1425.8,0.7845,-19.9853,0.622,0.9449,"Buried or cover-hidden ACTIVE fault (H72-A): the deformation-only view is confident (geodetic second invariant / shear / dilatation gradients and their coherence, earthquake-density kernel edge) while the surface view abstains (no DEM scarp, no slope lineament, no radiometric lineament) -- consistent with a young blind fault straining and micro-seismic beneath cover. HYPOTHESIS, not verified geology.",Anthropogenic subsidence from groundwater withdrawal; irrigation-related aquifer compaction; volcanic inflation or deflation (magma movement without discrete faulting); post-seismic afterslip or viscoelastic relaxation; seasonal hydrological loading; a strain transient on a creeping (aseismic) fault segment.,"Independent evidence of discrete offset: a displaced contact or marker bed, deflected or offset drainage, a facies termination, a fault-plane solution aligned with the lineament, a published structural interpretation, or field observation. None is claimed here.","MEASURED CONTEXT + TEMPLATE HYPOTHESIS; no field observation, no geologist review"
3057,1890,432400.0,4202800.0,7769.8,0.997896,0.386424,0.611472,1,32.3,21.8,1.7,631.6316,892.7538,1490.6,0.5633,-20.4357,0.5472,0.9252,"Buried or cover-hidden ACTIVE fault (H72-A): the deformation-only view is confident (geodetic second invariant / shear / dilatation gradients and their coherence, earthquake-density kernel edge) while the surface view abstains (no DEM scarp, no slope lineament, no radiometric lineament) -- consistent with a young blind fault straining and micro-seismic beneath cover. HYPOTHESIS, not verified geology.",Anthropogenic subsidence from groundwater withdrawal; irrigation-related aquifer compaction; volcanic inflation or deflation (magma movement without discrete faulting); post-seismic afterslip or viscoelastic relaxation; seasonal hydrological loading; a strain transient on a creeping (aseismic) fault segment.,"Independent evidence of discrete offset: a displaced contact or marker bed, deflected or offset drainage, a facies termination, a fault-plane solution aligned with the lineament, a published structural interpretation, or field observation. None is claimed here.","MEASURED CONTEXT + TEMPLATE HYPOTHESIS; no field observation, no geologist review"
3057,1925,435900.0,4202800.0,5140.0,0.987886,0.456306,0.53158,1,31.842,22.4474,0.8631,621.8,793.076,1387.1,0.0796,-22.1234,0.4764,0.7953,"Buried or cover-hidden ACTIVE fault (H72-A): the deformation-only view is confident (geodetic second invariant / shear / dilatation gradients and their coherence, earthquake-density kernel edge) while the surface view abstains (no DEM scarp, no slope lineament, no radiometric lineament) -- consistent with a young blind fault straining and micro-seismic beneath cover. HYPOTHESIS, not verified geology.",Anthropogenic subsidence from groundwater withdrawal; irrigation-related aquifer compaction; volcanic inflation or deflation (magma movement without discrete faulting); post-seismic afterslip or viscoelastic relaxation; seasonal hydrological loading; a strain transient on a creeping (aseismic) fault segment.,"Independent evidence of discrete offset: a displaced contact or marker bed, deflected or offset drainage, a facies termination, a fault-plane solution aligned with the lineament, a published structural interpretation, or field observation. None is claimed here.","MEASURED CONTEXT + TEMPLATE HYPOTHESIS; no field observation, no geologist review"
3058,1880,431400.0,4202700.0,8683.3,0.997598,0.365935,0.631662,1,32.4,21.7,2.3,869.6,892.5115,1298.7,0.5095,-18.9825,0.5394,0.8937,"Buried or cover-hidden ACTIVE fault (H72-A): the deformation-only view is confident (geodetic second invariant / shear / dilatation gradients and their coherence, earthquake-density kernel edge) while the surface view abstains (no DEM scarp, no slope lineament, no radiometric lineament) -- consistent with a young blind fault straining and micro-seismic beneath cover. HYPOTHESIS, not verified geology.",Anthropogenic subsidence from groundwater withdrawal; irrigation-related aquifer compaction; volcanic inflation or deflation (magma movement without discrete faulting); post-seismic afterslip or viscoelastic relaxation; seasonal hydrological loading; a strain transient on a creeping (aseismic) fault segment.,"Independent evidence of discrete offset: a displaced contact or marker bed, deflected or offset drainage, a facies termination, a fault-plane solution aligned with the lineament, a published structural interpretation, or field observation. None is claimed here.","MEASURED CONTEXT + TEMPLATE HYPOTHESIS; no field observation, no geologist review"
3058,1912,434600.0,4202700.0,6082.8,0.9888,0.42101,0.567791,1,32.2,22.0,1.4,621.8,834.8,1437.2,0.1894,-21.5326,0.5709,0.8504,"Buried or cover-hidden ACTIVE fault (H72-A): the deformation-only view is confident (geodetic second invariant / shear / dilatation gradients and their coherence, earthquake-density kernel edge) while the surface view abstains (no DEM scarp, no slope lineament, no radiometric lineament) -- consistent with a young blind fault straining and micro-seismic beneath cover. HYPOTHESIS, not verified geology.",Anthropogenic subsidence from groundwater withdrawal; irrigation-related aquifer compaction; volcanic inflation or deflation (magma movement without discrete faulting); post-seismic afterslip or viscoelastic relaxation; seasonal hydrological loading; a strain transient on a creeping (aseismic) fault segment.,"Independent evidence of discrete offset: a displaced contact or marker bed, deflected or offset drainage, a facies termination, a fault-plane solution aligned with the lineament, a published structural interpretation, or field observation. None is claimed here.","MEASURED CONTEXT + TEMPLATE HYPOTHESIS; no field observation, no geologist review"
3058,1917,435100.0,4202700.0,5731.5,0.9857,0.518064,0.467636,1,32.2,22.0,1.4,621.8,834.8,1403.9,0.2363,-21.9403,0.5591,0.9173,"Buried or cover-hidden ACTIVE fault (H72-A): the deformation-only view is confident (geodetic second invariant / shear / dilatation gradients and their coherence, earthquake-density kernel edge) while the surface view abstains (no DEM scarp, no slope lineament, no radiometric lineament) -- consistent with a young blind fault straining and micro-seismic beneath cover. HYPOTHESIS, not verified geology.",Anthropogenic subsidence from groundwater withdrawal; irrigation-related aquifer compaction; volcanic inflation or deflation (magma movement without discrete faulting); post-seismic afterslip or viscoelastic relaxation; seasonal hydrological loading; a strain transient on a creeping (aseismic) fault segment.,"Independent evidence of discrete offset: a displaced contact or marker bed, deflected or offset drainage, a facies termination, a fault-plane solution aligned with the lineament, a published structural interpretation, or field observation. None is claimed here.","MEASURED CONTEXT + TEMPLATE HYPOTHESIS; no field observation, no geologist review"
3059,1922,435600.0,4202600.0,5481.8,0.990574,0.388931,0.601643,1,32.0798,22.1503,1.2197,621.8,820.2555,1374.2,0.2032,-21.9307,0.4606,0.9016,"Buried or cover-hidden ACTIVE fault (H72-A): the deformation-only view is confident (geodetic second invariant / shear / dilatation gradients and their coherence, earthquake-density kernel edge) while the surface view abstains (no DEM scarp, no slope lineament, no radiometric lineament) -- consistent with a young blind fault straining and micro-seismic beneath cover. HYPOTHESIS, not verified geology.",Anthropogenic subsidence from groundwater withdrawal; irrigation-related aquifer compaction; volcanic inflation or deflation (magma movement without discrete faulting); post-seismic afterslip or viscoelastic relaxation; seasonal hydrological loading; a strain transient on a creeping (aseismic) fault segment.,"Independent evidence of discrete offset: a displaced contact or marker bed, deflected or offset drainage, a facies termination, a fault-plane solution aligned with the lineament, a published structural interpretation, or field observation. None is claimed here.","MEASURED CONTEXT + TEMPLATE HYPOTHESIS; no field observation, no geologist review"
3060,1887,432100.0,4202500.0,8183.5,0.996265,0.393977,0.602288,1,32.3,21.8,1.7,778.9205,891.1,1375.1,0.6997,-19.8805,0.5945,0.9567,"Buried or cover-hidden ACTIVE fault (H72-A): the deformation-only view is confident (geodetic second invariant / shear / dilatation gradients and their coherence, earthquake-density kernel edge) while the surface view abstains (no DEM scarp, no slope lineament, no radiometric lineament) -- consistent with a young blind fault straining and micro-seismic beneath cover. HYPOTHESIS, not verified geology.",Anthropogenic subsidence from groundwater withdrawal; irrigation-related aquifer compaction; volcanic inflation or deflation (magma movement without discrete faulting); post-seismic afterslip or viscoelastic relaxation; seasonal hydrological loading; a strain transient on a creeping (aseismic) fault segment.,"Independent evidence of discrete offset: a displaced contact or marker bed, deflected or offset drainage, a facies termination, a fault-plane solution aligned with the lineament, a published structural interpretation, or field observation. None is claimed here.","MEASURED CONTEXT + TEMPLATE HYPOTHESIS; no field observation, no geologist review"
3060,1892,432600.0,4202500.0,7766.6,0.998854,0.359531,0.639323,1,32.3,21.8,1.7,621.8,891.1,1414.1,1.5658,-20.0226,0.5315,0.9331,"Buried or cover-hidden ACTIVE fault (H72-A): the deformation-only view is confident (geodetic second invariant / shear / dilatation gradients and their coherence, earthquake-density kernel edge) while the surface view abstains (no DEM scarp, no slope lineament, no radiometric lineament) -- consistent with a young blind fault straining and micro-seismic beneath cover. HYPOTHESIS, not verified geology.",Anthropogenic subsidence from groundwater withdrawal; irrigation-related aquifer compaction; volcanic inflation or deflation (magma movement without discrete faulting); post-seismic afterslip or viscoelastic relaxation; seasonal hydrological loading; a strain transient on a creeping (aseismic) fault segment.,"Independent evidence of discrete offset: a displaced contact or marker bed, deflected or offset drainage, a facies termination, a fault-plane solution aligned with the lineament, a published structural interpretation, or field observation. None is claimed here.","MEASURED CONTEXT + TEMPLATE HYPOTHESIS; no field observation, no geologist review"
3061,1870,430400.0,4202400.0,9706.2,0.986592,0.361486,0.625106,1,32.4,21.7,2.3,869.6,958.4,1005.5,1.0617,-16.1284,0.6142,0.874,"Buried or cover-hidden ACTIVE fault (H72-A): the deformation-only view is confident (geodetic second invariant / shear / dilatation gradients and their coherence, earthquake-density kernel edge) while the surface view abstains (no DEM scarp, no slope lineament, no radiometric lineament) -- consistent with a young blind fault straining and micro-seismic beneath cover. HYPOTHESIS, not verified geology.",Anthropogenic subsidence from groundwater withdrawal; irrigation-related aquifer compaction; volcanic inflation or deflation (magma movement without discrete faulting); post-seismic afterslip or viscoelastic relaxation; seasonal hydrological loading; a strain transient on a creeping (aseismic) fault segment.,"Independent evidence of discrete offset: a displaced contact or marker bed, deflected or offset drainage, a facies termination, a fault-plane solution aligned with the lineament, a published structural interpretation, or field observation. None is claimed here.","MEASURED CONTEXT + TEMPLATE HYPOTHESIS; no field observation, no geologist review"
3061,1874,430800.0,4202400.0,9353.6,0.994005,0.408538,0.585468,1,32.4,21.7,2.3,869.6,958.4,1098.6,0.5639,-17.2272,0.5551,0.9724,"Buried or cover-hidden ACTIVE fault (H72-A): the deformation-only view is confident (geodetic second invariant / shear / dilatation gradients and their coherence, earthquake-density kernel edge) while the surface view abstains (no DEM scarp, no slope lineament, no radiometric lineament) -- consistent with a young blind fault straining and micro-seismic beneath cover. HYPOTHESIS, not verified geology.",Anthropogenic subsidence from groundwater withdrawal; irrigation-related aquifer compaction; volcanic inflation or deflation (magma movement without discrete faulting); post-seismic afterslip or viscoelastic relaxation; seasonal hydrological loading; a strain transient on a creeping (aseismic) fault segment.,"Independent evidence of discrete offset: a displaced contact or marker bed, deflected or offset drainage, a facies termination, a fault-plane solution aligned with the lineament, a published structural interpretation, or field observation. None is claimed here.","MEASURED CONTEXT + TEMPLATE HYPOTHESIS; no field observation, no geologist review"
3061,1879,431300.0,4202400.0,8918.5,0.994135,0.390854,0.603281,1,32.4,21.7,2.3,869.6,905.8455,1206.8,0.6544,-18.4417,0.5551,0.9488,"Buried or cover-hidden ACTIVE fault (H72-A): the deformation-only view is confident (geodetic second invariant / shear / dilatation gradients and their coherence, earthquake-density kernel edge) while the surface view abstains (no DEM scarp, no slope lineament, no radiometric lineament) -- consistent with a young blind fault straining and micro-seismic beneath cover. HYPOTHESIS, not verified geology.",Anthropogenic subsidence from groundwater withdrawal; irrigation-related aquifer compaction; volcanic inflation or deflation (magma movement without discrete faulting); post-seismic afterslip or viscoelastic relaxation; seasonal hydrological loading; a strain transient on a creeping (aseismic) fault segment.,"Independent evidence of discrete offset: a displaced contact or marker bed, deflected or offset drainage, a facies termination, a fault-plane solution aligned with the lineament, a published structural interpretation, or field observation. None is claimed here.","MEASURED CONTEXT + TEMPLATE HYPOTHESIS; no field observation, no geologist review"
3061,1882,431600.0,4202400.0,8660.8,0.993986,0.405485,0.588501,1,32.3625,21.7375,2.0748,869.6,891.1,1259.3,0.9246,-18.9296,0.6614,0.9409,"Buried or cover-hidden ACTIVE fault (H72-A): the deformation-only view is confident (geodetic second invariant / shear / dilatation gradients and their coherence, earthquake-density kernel edge) while the surface view abstains (no DEM scarp, no slope lineament, no radiometric lineament) -- consistent with a young blind fault straining and micro-seismic beneath cover. HYPOTHESIS, not verified geology.",Anthropogenic subsidence from groundwater withdrawal; irrigation-related aquifer compaction; volcanic inflation or deflation (magma movement without discrete faulting); post-seismic afterslip or viscoelastic relaxation; seasonal hydrological loading; a strain transient on a creeping (aseismic) fault segment.,"Independent evidence of discrete offset: a displaced contact or marker bed, deflected or offset drainage, a facies termination, a fault-plane solution aligned with the lineament, a published structural interpretation, or field observation. None is claimed here.","MEASURED CONTEXT + TEMPLATE HYPOTHESIS; no field observation, no geologist review"
3061,1925,435900.0,4202400.0,5440.6,0.957135,0.436808,0.520327,1,31.842,22.4475,0.8631,621.8,791.4868,1346.3,0.1225,-21.7646,0.4094,0.8819,"Buried or cover-hidden ACTIVE fault (H72-A): the deformation-only view is confident (geodetic second invariant / shear / dilatation gradients and their coherence, earthquake-density kernel edge) while the surface view abstains (no DEM scarp, no slope lineament, no radiometric lineament) -- consistent with a young blind fault straining and micro-seismic beneath cover. HYPOTHESIS, not verified geology.",Anthropogenic subsidence from groundwater withdrawal; irrigation-related aquifer compaction; volcanic inflation or deflation (magma movement without discrete faulting); post-seismic afterslip or viscoelastic relaxation; seasonal hydrological loading; a strain transient on a creeping (aseismic) fault segment.,"Independent evidence of discrete offset: a displaced contact or marker bed, deflected or offset drainage, a facies termination, a fault-plane solution aligned with the lineament, a published structural interpretation, or field observation. None is claimed here.","MEASURED CONTEXT + TEMPLATE HYPOTHESIS; no field observation, no geologist review"
3063,1888,432200.0,4202200.0,8266.2,0.994748,0.353114,0.641634,1,32.3168,21.9175,1.549,729.8231,891.1,1303.3,0.9749,-19.5804,0.5945,0.9291,"Buried or cover-hidden ACTIVE fault (H72-A): the deformation-only view is confident (geodetic second invariant / shear / dilatation gradients and their coherence, earthquake-density kernel edge) while the surface view abstains (no DEM scarp, no slope lineament, no radiometric lineament) -- consistent with a young blind fault straining and micro-seismic beneath cover. HYPOTHESIS, not verified geology.",Anthropogenic subsidence from groundwater withdrawal; irrigation-related aquifer compaction; volcanic inflation or deflation (magma movement without discrete faulting); post-seismic afterslip or viscoelastic relaxation; seasonal hydrological loading; a strain transient on a creeping (aseismic) fault segment.,"Independent evidence of discrete offset: a displaced contact or marker bed, deflected or offset drainage, a facies termination, a fault-plane solution aligned with the lineament, a published structural interpretation, or field observation. None is claimed here.","MEASURED CONTEXT + TEMPLATE HYPOTHESIS; no field observation, no geologist review"
3064,1873,430700.0,4202100.0,9588.0,0.978562,0.497017,0.481546,1,32.4742,22.0338,1.855,869.6,958.4,1018.3,0.9486,-16.641,0.5236,0.9213,"Buried or cover-hidden ACTIVE fault (H72-A): the deformation-only view is confident (geodetic second invariant / shear / dilatation gradients and their coherence, earthquake-density kernel edge) while the surface view abstains (no DEM scarp, no slope lineament, no radiometric lineament) -- consistent with a young blind fault straining and micro-seismic beneath cover. HYPOTHESIS, not verified geology.",Anthropogenic subsidence from groundwater withdrawal; irrigation-related aquifer compaction; volcanic inflation or deflation (magma movement without discrete faulting); post-seismic afterslip or viscoelastic relaxation; seasonal hydrological loading; a strain transient on a creeping (aseismic) fault segment.,"Independent evidence of discrete offset: a displaced contact or marker bed, deflected or offset drainage, a facies termination, a fault-plane solution aligned with the lineament, a published structural interpretation, or field observation. None is claimed here.","MEASURED CONTEXT + TEMPLATE HYPOTHESIS; no field observation, no geologist review"
3064,1877,431100.0,4202100.0,9243.9,0.990216,0.374695,0.615521,1,32.4741,22.0335,1.8553,869.6,932.5135,1099.5,0.9098,-17.6924,0.5472,0.9567,"Buried or cover-hidden ACTIVE fault (H72-A): the deformation-only view is confident (geodetic second invariant / shear / dilatation gradients and their coherence, earthquake-density kernel edge) while the surface view abstains (no DEM scarp, no slope lineament, no radiometric lineament) -- consistent with a young blind fault straining and micro-seismic beneath cover. HYPOTHESIS, not verified geology.",Anthropogenic subsidence from groundwater withdrawal; irrigation-related aquifer compaction; volcanic inflation or deflation (magma movement without discrete faulting); post-seismic afterslip or viscoelastic relaxation; seasonal hydrological loading; a strain transient on a creeping (aseismic) fault segment.,"Independent evidence of discrete offset: a displaced contact or marker bed, deflected or offset drainage, a facies termination, a fault-plane solution aligned with the lineament, a published structural interpretation, or field observation. None is claimed here.","MEASURED CONTEXT + TEMPLATE HYPOTHESIS; no field observation, no geologist review"
3064,1908,434200.0,4202100.0,6753.5,0.994602,0.353432,0.64117,1,32.2369,22.2211,0.9946,621.8,834.8,1350.7,0.2019,-20.5366,0.5945,0.9291,"Buried or cover-hidden ACTIVE fault (H72-A): the deformation-only view is confident (geodetic second invariant / shear / dilatation gradients and their coherence, earthquake-density kernel edge) while the surface view abstains (no DEM scarp, no slope lineament, no radiometric lineament) -- consistent with a young blind fault straining and micro-seismic beneath cover. HYPOTHESIS, not verified geology.",Anthropogenic subsidence from groundwater withdrawal; irrigation-related aquifer compaction; volcanic inflation or deflation (magma movement without discrete faulting); post-seismic afterslip or viscoelastic relaxation; seasonal hydrological loading; a strain transient on a creeping (aseismic) fault segment.,"Independent evidence of discrete offset: a displaced contact or marker bed, deflected or offset drainage, a facies termination, a fault-plane solution aligned with the lineament, a published structural interpretation, or field observation. None is claimed here.","MEASURED CONTEXT + TEMPLATE HYPOTHESIS; no field observation, no geologist review"
3064,1926,436000.0,4202100.0,5186.5,0.996893,0.358186,0.638707,1,31.6898,22.2795,0.2856,614.2174,786.4,1316.2,0.1358,-21.514,0.3898,0.9409,"Buried or cover-hidden ACTIVE fault (H72-A): the deformation-only view is confident (geodetic second invariant / shear / dilatation gradients and their coherence, earthquake-density kernel edge) while the surface view abstains (no DEM scarp, no slope lineament, no radiometric lineament) -- consistent with a young blind fault straining and micro-seismic beneath cover. HYPOTHESIS, not verified geology.",Anthropogenic subsidence from groundwater withdrawal; irrigation-related aquifer compaction; volcanic inflation or deflation (magma movement without discrete faulting); post-seismic afterslip or viscoelastic relaxation; seasonal hydrological loading; a strain transient on a creeping (aseismic) fault segment.,"Independent evidence of discrete offset: a displaced contact or marker bed, deflected or offset drainage, a facies termination, a fault-plane solution aligned with the lineament, a published structural interpretation, or field observation. None is claimed here.","MEASURED CONTEXT + TEMPLATE HYPOTHESIS; no field observation, no geologist review"
3065,1923,435700.0,4202000.0,5385.2,0.983364,0.361442,0.621922,1,31.9439,22.2502,0.389,621.8,810.6656,1312.4,1.4363,-21.3884,0.5157,0.9764,"Buried or cover-hidden ACTIVE fault (H72-A): the deformation-only view is confident (geodetic second invariant / shear / dilatation gradients and their coherence, earthquake-density kernel edge) while the surface view abstains (no DEM scarp, no slope lineament, no radiometric lineament) -- consistent with a young blind fault straining and micro-seismic beneath cover. HYPOTHESIS, not verified geology.",Anthropogenic subsidence from groundwater withdrawal; irrigation-related aquifer compaction; volcanic inflation or deflation (magma movement without discrete faulting); post-seismic afterslip or viscoelastic relaxation; seasonal hydrological loading; a strain transient on a creeping (aseismic) fault segment.,"Independent evidence of discrete offset: a displaced contact or marker bed, deflected or offset drainage, a facies termination, a fault-plane solution aligned with the lineament, a published structural interpretation, or field observation. None is claimed here.","MEASURED CONTEXT + TEMPLATE HYPOTHESIS; no field observation, no geologist review"
3066,1869,430300.0,4201900.0,10034.4,0.987518,0.402977,0.584541,1,32.555,22.3976,1.3698,869.6,958.4,907.2,0.3641,-15.4135,0.5,0.9724,"Buried or cover-hidden ACTIVE fault (H72-A): the deformation-only view is confident (geodetic second invariant / shear / dilatation gradients and their coherence, earthquake-density kernel edge) while the surface view abstains (no DEM scarp, no slope lineament, no radiometric lineament) -- consistent with a young blind fault straining and micro-seismic beneath cover. HYPOTHESIS, not verified geology.",Anthropogenic subsidence from groundwater withdrawal; irrigation-related aquifer compaction; volcanic inflation or deflation (magma movement without discrete faulting); post-seismic afterslip or viscoelastic relaxation; seasonal hydrological loading; a strain transient on a creeping (aseismic) fault segment.,"Independent evidence of discrete offset: a displaced contact or marker bed, deflected or offset drainage, a facies termination, a fault-plane solution aligned with the lineament, a published structural interpretation, or field observation. None is claimed here.","MEASURED CONTEXT + TEMPLATE HYPOTHESIS; no field observation, no geologist review"
3066,1885,431900.0,4201900.0,8683.9,0.993424,0.434066,0.559359,1,32.3828,22.3435,1.0145,869.6,891.1,1174.8,1.9251,-18.7448,0.626,1.0,"Buried or cover-hidden ACTIVE fault (H72-A): the deformation-only view is confident (geodetic second invariant / shear / dilatation gradients and their coherence, earthquake-density kernel edge) while the surface view abstains (no DEM scarp, no slope lineament, no radiometric lineament) -- consistent with a young blind fault straining and micro-seismic beneath cover. HYPOTHESIS, not verified geology.",Anthropogenic subsidence from groundwater withdrawal; irrigation-related aquifer compaction; volcanic inflation or deflation (magma movement without discrete faulting); post-seismic afterslip or viscoelastic relaxation; seasonal hydrological loading; a strain transient on a creeping (aseismic) fault segment.,"Independent evidence of discrete offset: a displaced contact or marker bed, deflected or offset drainage, a facies termination, a fault-plane solution aligned with the lineament, a published structural interpretation, or field observation. None is claimed here.","MEASURED CONTEXT + TEMPLATE HYPOTHESIS; no field observation, no geologist review"
3070,1880,431400.0,4201500.0,9148.2,0.992095,0.373082,0.619012,1,32.6,22.6,1.1,869.6,892.5106,1076.2,1.6127,-17.8355,0.5551,0.9843,"Buried or cover-hidden ACTIVE fault (H72-A): the deformation-only view is confident (geodetic second invariant / shear / dilatation gradients and their coherence, earthquake-density kernel edge) while the surface view abstains (no DEM scarp, no slope lineament, no radiometric lineament) -- consistent with a young blind fault straining and micro-seismic beneath cover. HYPOTHESIS, not verified geology.",Anthropogenic subsidence from groundwater withdrawal; irrigation-related aquifer compaction; volcanic inflation or deflation (magma movement without discrete faulting); post-seismic afterslip or viscoelastic relaxation; seasonal hydrological loading; a strain transient on a creeping (aseismic) fault segment.,"Independent evidence of discrete offset: a displaced contact or marker bed, deflected or offset drainage, a facies termination, a fault-plane solution aligned with the lineament, a published structural interpretation, or field observation. None is claimed here.","MEASURED CONTEXT + TEMPLATE HYPOTHESIS; no field observation, no geologist review"
3071,1866,430000.0,4201400.0,9526.8,0.987214,0.358896,0.628317,1,32.6,22.6,1.1,869.6,958.4,862.7,0.6846,-14.6118,0.4724,1.0,"Buried or cover-hidden ACTIVE fault (H72-A): the deformation-only view is confident (geodetic second invariant / shear / dilatation gradients and their coherence, earthquake-density kernel edge) while the surface view abstains (no DEM scarp, no slope lineament, no radiometric lineament) -- consistent with a young blind fault straining and micro-seismic beneath cover. HYPOTHESIS, not verified geology.",Anthropogenic subsidence from groundwater withdrawal; irrigation-related aquifer compaction; volcanic inflation or deflation (magma movement without discrete faulting); post-seismic afterslip or viscoelastic relaxation; seasonal hydrological loading; a strain transient on a creeping (aseismic) fault segment.,"Independent evidence of discrete offset: a displaced contact or marker bed, deflected or offset drainage, a facies termination, a fault-plane solution aligned with the lineament, a published structural interpretation, or field observation. None is claimed here.","MEASURED CONTEXT + TEMPLATE HYPOTHESIS; no field observation, no geologist review"
3074,1863,429700.0,4201100.0,9104.9,0.984757,0.432276,0.552481,1,32.7946,22.5611,1.2946,869.6,946.882,835.7,1.2689,-13.9656,0.5472,0.9764,"Buried or cover-hidden ACTIVE fault (H72-A): the deformation-only view is confident (geodetic second invariant / shear / dilatation gradients and their coherence, earthquake-density kernel edge) while the surface view abstains (no DEM scarp, no slope lineament, no radiometric lineament) -- consistent with a young blind fault straining and micro-seismic beneath cover. HYPOTHESIS, not verified geology.",Anthropogenic subsidence from groundwater withdrawal; irrigation-related aquifer compaction; volcanic inflation or deflation (magma movement without discrete faulting); post-seismic afterslip or viscoelastic relaxation; seasonal hydrological loading; a strain transient on a creeping (aseismic) fault segment.,"Independent evidence of discrete offset: a displaced contact or marker bed, deflected or offset drainage, a facies termination, a fault-plane solution aligned with the lineament, a published structural interpretation, or field observation. None is claimed here.","MEASURED CONTEXT + TEMPLATE HYPOTHESIS; no field observation, no geologist review"
3075,1866,430000.0,4201000.0,9280.1,0.985627,0.460356,0.525271,1,32.6,22.6,1.1,869.6,940.9484,885.3,1.4529,-14.6737,0.4488,1.0,"Buried or cover-hidden ACTIVE fault (H72-A): the deformation-only view is confident (geodetic second invariant / shear / dilatation gradients and their coherence, earthquake-density kernel edge) while the surface view abstains (no DEM scarp, no slope lineament, no radiometric lineament) -- consistent with a young blind fault straining and micro-seismic beneath cover. HYPOTHESIS, not verified geology.",Anthropogenic subsidence from groundwater withdrawal; irrigation-related aquifer compaction; volcanic inflation or deflation (magma movement without discrete faulting); post-seismic afterslip or viscoelastic relaxation; seasonal hydrological loading; a strain transient on a creeping (aseismic) fault segment.,"Independent evidence of discrete offset: a displaced contact or marker bed, deflected or offset drainage, a facies termination, a fault-plane solution aligned with the lineament, a published structural interpretation, or field observation. None is claimed here.","MEASURED CONTEXT + TEMPLATE HYPOTHESIS; no field observation, no geologist review"
3077,1863,429700.0,4200800.0,8920.2,0.984757,0.366849,0.617908,1,32.7946,22.5611,1.2946,869.6,929.0634,854.2,1.1428,-14.0487,0.4961,1.0,"Buried or cover-hidden ACTIVE fault (H72-A): the deformation-only view is confident (geodetic second invariant / shear / dilatation gradients and their coherence, earthquake-density kernel edge) while the surface view abstains (no DEM scarp, no slope lineament, no radiometric lineament) -- consistent with a young blind fault straining and micro-seismic beneath cover. HYPOTHESIS, not verified geology.",Anthropogenic subsidence from groundwater withdrawal; irrigation-related aquifer compaction; volcanic inflation or deflation (magma movement without discrete faulting); post-seismic afterslip or viscoelastic relaxation; seasonal hydrological loading; a strain transient on a creeping (aseismic) fault segment.,"Independent evidence of discrete offset: a displaced contact or marker bed, deflected or offset drainage, a facies termination, a fault-plane solution aligned with the lineament, a published structural interpretation, or field observation. None is claimed here.","MEASURED CONTEXT + TEMPLATE HYPOTHESIS; no field observation, no geologist review"
3077,1900,433400.0,4200800.0,7034.2,0.995792,0.352581,0.643211,1,32.4,22.5,0.8,621.8,824.9039,1324.6,0.5674,-20.3312,0.4646,1.0,"Buried or cover-hidden ACTIVE fault (H72-A): the deformation-only view is confident (geodetic second invariant / shear / dilatation gradients and their coherence, earthquake-density kernel edge) while the surface view abstains (no DEM scarp, no slope lineament, no radiometric lineament) -- consistent with a young blind fault straining and micro-seismic beneath cover. HYPOTHESIS, not verified geology.",Anthropogenic subsidence from groundwater withdrawal; irrigation-related aquifer compaction; volcanic inflation or deflation (magma movement without discrete faulting); post-seismic afterslip or viscoelastic relaxation; seasonal hydrological loading; a strain transient on a creeping (aseismic) fault segment.,"Independent evidence of discrete offset: a displaced contact or marker bed, deflected or offset drainage, a facies termination, a fault-plane solution aligned with the lineament, a published structural interpretation, or field observation. None is claimed here.","MEASURED CONTEXT + TEMPLATE HYPOTHESIS; no field observation, no geologist review"
3078,1885,431900.0,4200700.0,8472.3,0.993675,0.428474,0.565201,1,32.4061,22.503,0.8091,629.3094,824.6,1172.5,1.5985,-18.8235,0.5,1.0,"Buried or cover-hidden ACTIVE fault (H72-A): the deformation-only view is confident (geodetic second invariant / shear / dilatation gradients and their coherence, earthquake-density kernel edge) while the surface view abstains (no DEM scarp, no slope lineament, no radiometric lineament) -- consistent with a young blind fault straining and micro-seismic beneath cover. HYPOTHESIS, not verified geology.",Anthropogenic subsidence from groundwater withdrawal; irrigation-related aquifer compaction; volcanic inflation or deflation (magma movement without discrete faulting); post-seismic afterslip or viscoelastic relaxation; seasonal hydrological loading; a strain transient on a creeping (aseismic) fault segment.,"Independent evidence of discrete offset: a displaced contact or marker bed, deflected or offset drainage, a facies termination, a fault-plane solution aligned with the lineament, a published structural interpretation, or field observation. None is claimed here.","MEASURED CONTEXT + TEMPLATE HYPOTHESIS; no field observation, no geologist review"
3081,1882,431600.0,4200400.0,8713.2,0.987902,0.374447,0.613455,1,32.5249,22.5625,0.9874,776.5986,824.6,1194.5,0.7498,-18.3968,0.5551,1.0,"Buried or cover-hidden ACTIVE fault (H72-A): the deformation-only view is confident (geodetic second invariant / shear / dilatation gradients and their coherence, earthquake-density kernel edge) while the surface view abstains (no DEM scarp, no slope lineament, no radiometric lineament) -- consistent with a young blind fault straining and micro-seismic beneath cover. HYPOTHESIS, not verified geology.",Anthropogenic subsidence from groundwater withdrawal; irrigation-related aquifer compaction; volcanic inflation or deflation (magma movement without discrete faulting); post-seismic afterslip or viscoelastic relaxation; seasonal hydrological loading; a strain transient on a creeping (aseismic) fault segment.,"Independent evidence of discrete offset: a displaced contact or marker bed, deflected or offset drainage, a facies termination, a fault-plane solution aligned with the lineament, a published structural interpretation, or field observation. None is claimed here.","MEASURED CONTEXT + TEMPLATE HYPOTHESIS; no field observation, no geologist review"
3083,1879,431300.0,4200200.0,8980.5,0.97935,0.36511,0.614239,1,32.6627,22.7045,0.9328,869.6,847.4719,1192.2,1.1293,-17.9028,0.5433,1.0,"Buried or cover-hidden ACTIVE fault (H72-A): the deformation-only view is confident (geodetic second invariant / shear / dilatation gradients and their coherence, earthquake-density kernel edge) while the surface view abstains (no DEM scarp, no slope lineament, no radiometric lineament) -- consistent with a young blind fault straining and micro-seismic beneath cover. HYPOTHESIS, not verified geology.",Anthropogenic subsidence from groundwater withdrawal; irrigation-related aquifer compaction; volcanic inflation or deflation (magma movement without discrete faulting); post-seismic afterslip or viscoelastic relaxation; seasonal hydrological loading; a strain transient on a creeping (aseismic) fault segment.,"Independent evidence of discrete offset: a displaced contact or marker bed, deflected or offset drainage, a facies termination, a fault-plane solution aligned with the lineament, a published structural interpretation, or field observation. None is claimed here.","MEASURED CONTEXT + TEMPLATE HYPOTHESIS; no field observation, no geologist review"
3083,1927,436100.0,4200200.0,4272.0,0.97464,0.35128,0.62336,1,31.3764,21.7353,-0.7853,598.0684,751.0,1500.8,0.3224,-20.836,0.4331,1.0,"Buried or cover-hidden ACTIVE fault (H72-A): the deformation-only view is confident (geodetic second invariant / shear / dilatation gradients and their coherence, earthquake-density kernel edge) while the surface view abstains (no DEM scarp, no slope lineament, no radiometric lineament) -- consistent with a young blind fault straining and micro-seismic beneath cover. HYPOTHESIS, not verified geology.",Anthropogenic subsidence from groundwater withdrawal; irrigation-related aquifer compaction; volcanic inflation or deflation (magma movement without discrete faulting); post-seismic afterslip or viscoelastic relaxation; seasonal hydrological loading; a strain transient on a creeping (aseismic) fault segment.,"Independent evidence of discrete offset: a displaced contact or marker bed, deflected or offset drainage, a facies termination, a fault-plane solution aligned with the lineament, a published structural interpretation, or field observation. None is claimed here.","MEASURED CONTEXT + TEMPLATE HYPOTHESIS; no field observation, no geologist review"
3084,1883,431700.0,4200100.0,8570.9,0.975913,0.364076,0.611837,1,32.5614,22.7009,0.5052,727.5016,824.6,1271.8,1.6386,-18.731,0.5276,1.0,"Buried or cover-hidden ACTIVE fault (H72-A): the deformation-only view is confident (geodetic second invariant / shear / dilatation gradients and their coherence, earthquake-density kernel edge) while the surface view abstains (no DEM scarp, no slope lineament, no radiometric lineament) -- consistent with a young blind fault straining and micro-seismic beneath cover. HYPOTHESIS, not verified geology.",Anthropogenic subsidence from groundwater withdrawal; irrigation-related aquifer compaction; volcanic inflation or deflation (magma movement without discrete faulting); post-seismic afterslip or viscoelastic relaxation; seasonal hydrological loading; a strain transient on a creeping (aseismic) fault segment.,"Independent evidence of discrete offset: a displaced contact or marker bed, deflected or offset drainage, a facies termination, a fault-plane solution aligned with the lineament, a published structural interpretation, or field observation. None is claimed here.","MEASURED CONTEXT + TEMPLATE HYPOTHESIS; no field observation, no geologist review"
3085,1869,430300.0,4200000.0,8969.4,0.993285,0.477049,0.516236,1,32.7841,22.9068,0.6091,869.6,929.0,1079.6,1.0834,-15.732,0.6378,1.0,"Buried or cover-hidden ACTIVE fault (H72-A): the deformation-only view is confident (geodetic second invariant / shear / dilatation gradients and their coherence, earthquake-density kernel edge) while the surface view abstains (no DEM scarp, no slope lineament, no radiometric lineament) -- consistent with a young blind fault straining and micro-seismic beneath cover. HYPOTHESIS, not verified geology.",Anthropogenic subsidence from groundwater withdrawal; irrigation-related aquifer compaction; volcanic inflation or deflation (magma movement without discrete faulting); post-seismic afterslip or viscoelastic relaxation; seasonal hydrological loading; a strain transient on a creeping (aseismic) fault segment.,"Independent evidence of discrete offset: a displaced contact or marker bed, deflected or offset drainage, a facies termination, a fault-plane solution aligned with the lineament, a published structural interpretation, or field observation. None is claimed here.","MEASURED CONTEXT + TEMPLATE HYPOTHESIS; no field observation, no geologist review"
3087,1877,431100.0,4199800.0,9135.1,0.990638,0.375113,0.615525,1,32.9,23.1,0.3,869.6,888.8412,1242.0,2.2352,-17.6513,0.5276,1.0,"Buried or cover-hidden ACTIVE fault (H72-A): the deformation-only view is confident (geodetic second invariant / shear / dilatation gradients and their coherence, earthquake-density kernel edge) while the surface view abstains (no DEM scarp, no slope lineament, no radiometric lineament) -- consistent with a young blind fault straining and micro-seismic beneath cover. HYPOTHESIS, not verified geology.",Anthropogenic subsidence from groundwater withdrawal; irrigation-related aquifer compaction; volcanic inflation or deflation (magma movement without discrete faulting); post-seismic afterslip or viscoelastic relaxation; seasonal hydrological loading; a strain transient on a creeping (aseismic) fault segment.,"Independent evidence of discrete offset: a displaced contact or marker bed, deflected or offset drainage, a facies termination, a fault-plane solution aligned with the lineament, a published structural interpretation, or field observation. None is claimed here.","MEASURED CONTEXT + TEMPLATE HYPOTHESIS; no field observation, no geologist review"
3088,1871,430500.0,4199700.0,8994.4,0.992545,0.560844,0.431701,1,32.9,23.1,0.3,869.6,929.0,1171.1,1.2964,-16.3086,0.5236,1.0,"Buried or cover-hidden ACTIVE fault (H72-A): the deformation-only view is confident (geodetic second invariant / shear / dilatation gradients and their coherence, earthquake-density kernel edge) while the surface view abstains (no DEM scarp, no slope lineament, no radiometric lineament) -- consistent with a young blind fault straining and micro-seismic beneath cover. HYPOTHESIS, not verified geology.",Anthropogenic subsidence from groundwater withdrawal; irrigation-related aquifer compaction; volcanic inflation or deflation (magma movement without discrete faulting); post-seismic afterslip or viscoelastic relaxation; seasonal hydrological loading; a strain transient on a creeping (aseismic) fault segment.,"Independent evidence of discrete offset: a displaced contact or marker bed, deflected or offset drainage, a facies termination, a fault-plane solution aligned with the lineament, a published structural interpretation, or field observation. None is claimed here.","MEASURED CONTEXT + TEMPLATE HYPOTHESIS; no field observation, no geologist review"
3088,1874,430800.0,4199700.0,9259.0,0.9914,0.537569,0.453831,1,32.9,23.1,0.3,869.6,929.0,1220.0,1.303,-17.001,0.5709,1.0,"Buried or cover-hidden ACTIVE fault (H72-A): the deformation-only view is confident (geodetic second invariant / shear / dilatation gradients and their coherence, earthquake-density kernel edge) while the surface view abstains (no DEM scarp, no slope lineament, no radiometric lineament) -- consistent with a young blind fault straining and micro-seismic beneath cover. HYPOTHESIS, not verified geology.",Anthropogenic subsidence from groundwater withdrawal; irrigation-related aquifer compaction; volcanic inflation or deflation (magma movement without discrete faulting); post-seismic afterslip or viscoelastic relaxation; seasonal hydrological loading; a strain transient on a creeping (aseismic) fault segment.,"Independent evidence of discrete offset: a displaced contact or marker bed, deflected or offset drainage, a facies termination, a fault-plane solution aligned with the lineament, a published structural interpretation, or field observation. None is claimed here.","MEASURED CONTEXT + TEMPLATE HYPOTHESIS; no field observation, no geologist review"
3089,1881,431500.0,4199600.0,8720.7,0.98173,0.354631,0.627099,1,32.8291,23.0468,0.176,825.6944,824.6,1360.6,0.8278,-18.5701,0.5984,1.0,"Buried or cover-hidden ACTIVE fault (H72-A): the deformation-only view is confident (geodetic second invariant / shear / dilatation gradients and their coherence, earthquake-density kernel edge) while the surface view abstains (no DEM scarp, no slope lineament, no radiometric lineament) -- consistent with a young blind fault straining and micro-seismic beneath cover. HYPOTHESIS, not verified geology.",Anthropogenic subsidence from groundwater withdrawal; irrigation-related aquifer compaction; volcanic inflation or deflation (magma movement without discrete faulting); post-seismic afterslip or viscoelastic relaxation; seasonal hydrological loading; a strain transient on a creeping (aseismic) fault segment.,"Independent evidence of discrete offset: a displaced contact or marker bed, deflected or offset drainage, a facies termination, a fault-plane solution aligned with the lineament, a published structural interpretation, or field observation. None is claimed here.","MEASURED CONTEXT + TEMPLATE HYPOTHESIS; no field observation, no geologist review"
3090,1892,432600.0,4199500.0,7616.4,0.982955,0.364311,0.618644,1,32.5,22.8,-0.4,621.8,824.6,1563.8,1.0524,-20.5932,0.5276,1.0,"Buried or cover-hidden ACTIVE fault (H72-A): the deformation-only view is confident (geodetic second invariant / shear / dilatation gradients and their coherence, earthquake-density kernel edge) while the surface view abstains (no DEM scarp, no slope lineament, no radiometric lineament) -- consistent with a young blind fault straining and micro-seismic beneath cover. HYPOTHESIS, not verified geology.",Anthropogenic subsidence from groundwater withdrawal; irrigation-related aquifer compaction; volcanic inflation or deflation (magma movement without discrete faulting); post-seismic afterslip or viscoelastic relaxation; seasonal hydrological loading; a strain transient on a creeping (aseismic) fault segment.,"Independent evidence of discrete offset: a displaced contact or marker bed, deflected or offset drainage, a facies termination, a fault-plane solution aligned with the lineament, a published structural interpretation, or field observation. None is claimed here.","MEASURED CONTEXT + TEMPLATE HYPOTHESIS; no field observation, no geologist review"
3091,1878,431200.0,4199400.0,9008.9,0.984878,0.402425,0.582453,1,32.9,23.1,0.3,869.6,868.1564,1367.1,1.857,-18.0437,0.5709,1.0,"Buried or cover-hidden ACTIVE fault (H72-A): the deformation-only view is confident (geodetic second invariant / shear / dilatation gradients and their coherence, earthquake-density kernel edge) while the surface view abstains (no DEM scarp, no slope lineament, no radiometric lineament) -- consistent with a young blind fault straining and micro-seismic beneath cover. HYPOTHESIS, not verified geology.",Anthropogenic subsidence from groundwater withdrawal; irrigation-related aquifer compaction; volcanic inflation or deflation (magma movement without discrete faulting); post-seismic afterslip or viscoelastic relaxation; seasonal hydrological loading; a strain transient on a creeping (aseismic) fault segment.,"Independent evidence of discrete offset: a displaced contact or marker bed, deflected or offset drainage, a facies termination, a fault-plane solution aligned with the lineament, a published structural interpretation, or field observation. None is claimed here.","MEASURED CONTEXT + TEMPLATE HYPOTHESIS; no field observation, no geologist review"
3093,1875,430900.0,4199200.0,9128.5,0.98458,0.357246,0.627333,1,32.9,23.1,0.3,869.6,913.8556,1366.0,2.3524,-17.4257,0.5827,1.0,"Buried or cover-hidden ACTIVE fault (H72-A): the deformation-only view is confident (geodetic second invariant / shear / dilatation gradients and their coherence, earthquake-density kernel edge) while the surface view abstains (no DEM scarp, no slope lineament, no radiometric lineament) -- consistent with a young blind fault straining and micro-seismic beneath cover. HYPOTHESIS, not verified geology.",Anthropogenic subsidence from groundwater withdrawal; irrigation-related aquifer compaction; volcanic inflation or deflation (magma movement without discrete faulting); post-seismic afterslip or viscoelastic relaxation; seasonal hydrological loading; a strain transient on a creeping (aseismic) fault segment.,"Independent evidence of discrete offset: a displaced contact or marker bed, deflected or offset drainage, a facies termination, a fault-plane solution aligned with the lineament, a published structural interpretation, or field observation. None is claimed here.","MEASURED CONTEXT + TEMPLATE HYPOTHESIS; no field observation, no geologist review"
3094,1871,430500.0,4199100.0,8723.5,0.9912,0.363009,0.62819,1,32.9,23.1,0.3,869.6,900.5046,1314.5,2.0272,-16.5024,0.5906,1.0,"Buried or cover-hidden ACTIVE fault (H72-A): the deformation-only view is confident (geodetic second invariant / shear / dilatation gradients and their coherence, earthquake-density kernel edge) while the surface view abstains (no DEM scarp, no slope lineament, no radiometric lineament) -- consistent with a young blind fault straining and micro-seismic beneath cover. HYPOTHESIS, not verified geology.",Anthropogenic subsidence from groundwater withdrawal; irrigation-related aquifer compaction; volcanic inflation or deflation (magma movement without discrete faulting); post-seismic afterslip or viscoelastic relaxation; seasonal hydrological loading; a strain transient on a creeping (aseismic) fault segment.,"Independent evidence of discrete offset: a displaced contact or marker bed, deflected or offset drainage, a facies termination, a fault-plane solution aligned with the lineament, a published structural interpretation, or field observation. None is claimed here.","MEASURED CONTEXT + TEMPLATE HYPOTHESIS; no field observation, no geologist review"
3095,1867,430100.0,4199000.0,8319.3,0.988499,0.41088,0.577619,1,32.9,23.1,0.3,869.6,887.1536,1257.4,2.0092,-15.5662,0.6417,1.0,"Buried or cover-hidden ACTIVE fault (H72-A): the deformation-only view is confident (geodetic second invariant / shear / dilatation gradients and their coherence, earthquake-density kernel edge) while the surface view abstains (no DEM scarp, no slope lineament, no radiometric lineament) -- consistent with a young blind fault straining and micro-seismic beneath cover. HYPOTHESIS, not verified geology.",Anthropogenic subsidence from groundwater withdrawal; irrigation-related aquifer compaction; volcanic inflation or deflation (magma movement without discrete faulting); post-seismic afterslip or viscoelastic relaxation; seasonal hydrological loading; a strain transient on a creeping (aseismic) fault segment.,"Independent evidence of discrete offset: a displaced contact or marker bed, deflected or offset drainage, a facies termination, a fault-plane solution aligned with the lineament, a published structural interpretation, or field observation. None is claimed here.","MEASURED CONTEXT + TEMPLATE HYPOTHESIS; no field observation, no geologist review"
3099,1867,430100.0,4198600.0,8154.1,0.99476,0.375685,0.619076,1,32.9,23.1,0.3,869.6,863.0,1321.9,1.6977,-15.6006,0.6181,1.0,"Buried or cover-hidden ACTIVE fault (H72-A): the deformation-only view is confident (geodetic second invariant / shear / dilatation gradients and their coherence, earthquake-density kernel edge) while the surface view abstains (no DEM scarp, no slope lineament, no radiometric lineament) -- consistent with a young blind fault straining and micro-seismic beneath cover. HYPOTHESIS, not verified geology.",Anthropogenic subsidence from groundwater withdrawal; irrigation-related aquifer compaction; volcanic inflation or deflation (magma movement without discrete faulting); post-seismic afterslip or viscoelastic relaxation; seasonal hydrological loading; a strain transient on a creeping (aseismic) fault segment.,"Independent evidence of discrete offset: a displaced contact or marker bed, deflected or offset drainage, a facies termination, a fault-plane solution aligned with the lineament, a published structural interpretation, or field observation. None is claimed here.","MEASURED CONTEXT + TEMPLATE HYPOTHESIS; no field observation, no geologist review"
3099,1870,430400.0,4198600.0,8430.9,0.991501,0.38035,0.611151,1,32.9,23.1,0.3,869.6,863.0,1389.0,2.2117,-16.3478,0.5984,1.0,"Buried or cover-hidden ACTIVE fault (H72-A): the deformation-only view is confident (geodetic second invariant / shear / dilatation gradients and their coherence, earthquake-density kernel edge) while the surface view abstains (no DEM scarp, no slope lineament, no radiometric lineament) -- consistent with a young blind fault straining and micro-seismic beneath cover. HYPOTHESIS, not verified geology.",Anthropogenic subsidence from groundwater withdrawal; irrigation-related aquifer compaction; volcanic inflation or deflation (magma movement without discrete faulting); post-seismic afterslip or viscoelastic relaxation; seasonal hydrological loading; a strain transient on a creeping (aseismic) fault segment.,"Independent evidence of discrete offset: a displaced contact or marker bed, deflected or offset drainage, a facies termination, a fault-plane solution aligned with the lineament, a published structural interpretation, or field observation. None is claimed here.","MEASURED CONTEXT + TEMPLATE HYPOTHESIS; no field observation, no geologist review"
3099,1886,432000.0,4198600.0,8209.8,0.992587,0.399017,0.59357,1,32.5,22.8,-0.4,621.8,786.3,1711.2,1.3702,-20.0914,0.626,1.0,"Buried or cover-hidden ACTIVE fault (H72-A): the deformation-only view is confident (geodetic second invariant / shear / dilatation gradients and their coherence, earthquake-density kernel edge) while the surface view abstains (no DEM scarp, no slope lineament, no radiometric lineament) -- consistent with a young blind fault straining and micro-seismic beneath cover. HYPOTHESIS, not verified geology.",Anthropogenic subsidence from groundwater withdrawal; irrigation-related aquifer compaction; volcanic inflation or deflation (magma movement without discrete faulting); post-seismic afterslip or viscoelastic relaxation; seasonal hydrological loading; a strain transient on a creeping (aseismic) fault segment.,"Independent evidence of discrete offset: a displaced contact or marker bed, deflected or offset drainage, a facies termination, a fault-plane solution aligned with the lineament, a published structural interpretation, or field observation. None is claimed here.","MEASURED CONTEXT + TEMPLATE HYPOTHESIS; no field observation, no geologist review"
3103,1871,430500.0,4198200.0,8381.5,0.980343,0.399506,0.580837,1,32.85,23.175,0.0,869.6,863.0,1463.5,2.1602,-16.601,0.6496,0.9921,"Buried or cover-hidden ACTIVE fault (H72-A): the deformation-only view is confident (geodetic second invariant / shear / dilatation gradients and their coherence, earthquake-density kernel edge) while the surface view abstains (no DEM scarp, no slope lineament, no radiometric lineament) -- consistent with a young blind fault straining and micro-seismic beneath cover. HYPOTHESIS, not verified geology.",Anthropogenic subsidence from groundwater withdrawal; irrigation-related aquifer compaction; volcanic inflation or deflation (magma movement without discrete faulting); post-seismic afterslip or viscoelastic relaxation; seasonal hydrological loading; a strain transient on a creeping (aseismic) fault segment.,"Independent evidence of discrete offset: a displaced contact or marker bed, deflected or offset drainage, a facies termination, a fault-plane solution aligned with the lineament, a published structural interpretation, or field observation. None is claimed here.","MEASURED CONTEXT + TEMPLATE HYPOTHESIS; no field observation, no geologist review"
3103,1912,434600.0,4198200.0,5656.9,0.993231,0.387989,0.605242,1,31.9763,22.0268,-0.9474,621.8,751.4,2031.5,1.2777,-22.2282,0.4921,1.0,"Buried or cover-hidden ACTIVE fault (H72-A): the deformation-only view is confident (geodetic second invariant / shear / dilatation gradients and their coherence, earthquake-density kernel edge) while the surface view abstains (no DEM scarp, no slope lineament, no radiometric lineament) -- consistent with a young blind fault straining and micro-seismic beneath cover. HYPOTHESIS, not verified geology.",Anthropogenic subsidence from groundwater withdrawal; irrigation-related aquifer compaction; volcanic inflation or deflation (magma movement without discrete faulting); post-seismic afterslip or viscoelastic relaxation; seasonal hydrological loading; a strain transient on a creeping (aseismic) fault segment.,"Independent evidence of discrete offset: a displaced contact or marker bed, deflected or offset drainage, a facies termination, a fault-plane solution aligned with the lineament, a published structural interpretation, or field observation. None is claimed here.","MEASURED CONTEXT + TEMPLATE HYPOTHESIS; no field observation, no geologist review"
3104,1890,432400.0,4198100.0,7851.8,0.982961,0.404875,0.578086,1,32.3197,22.5295,-0.6705,621.8,786.3,1877.7,2.1375,-20.9092,0.6181,1.0,"Buried or cover-hidden ACTIVE fault (H72-A): the deformation-only view is confident (geodetic second invariant / shear / dilatation gradients and their coherence, earthquake-density kernel edge) while the surface view abstains (no DEM scarp, no slope lineament, no radiometric lineament) -- consistent with a young blind fault straining and micro-seismic beneath cover. HYPOTHESIS, not verified geology.",Anthropogenic subsidence from groundwater withdrawal; irrigation-related aquifer compaction; volcanic inflation or deflation (magma movement without discrete faulting); post-seismic afterslip or viscoelastic relaxation; seasonal hydrological loading; a strain transient on a creeping (aseismic) fault segment.,"Independent evidence of discrete offset: a displaced contact or marker bed, deflected or offset drainage, a facies termination, a fault-plane solution aligned with the lineament, a published structural interpretation, or field observation. None is claimed here.","MEASURED CONTEXT + TEMPLATE HYPOTHESIS; no field observation, no geologist review"
3105,1878,431200.0,4198000.0,8984.4,0.97973,0.52245,0.457281,1,32.7693,23.2961,-0.4843,869.6,818.2997,1658.6,2.555,-18.3878,0.6299,1.0,"Buried or cover-hidden ACTIVE fault (H72-A): the deformation-only view is confident (geodetic second invariant / shear / dilatation gradients and their coherence, earthquake-density kernel edge) while the surface view abstains (no DEM scarp, no slope lineament, no radiometric lineament) -- consistent with a young blind fault straining and micro-seismic beneath cover. HYPOTHESIS, not verified geology.",Anthropogenic subsidence from groundwater withdrawal; irrigation-related aquifer compaction; volcanic inflation or deflation (magma movement without discrete faulting); post-seismic afterslip or viscoelastic relaxation; seasonal hydrological loading; a strain transient on a creeping (aseismic) fault segment.,"Independent evidence of discrete offset: a displaced contact or marker bed, deflected or offset drainage, a facies termination, a fault-plane solution aligned with the lineament, a published structural interpretation, or field observation. None is claimed here.","MEASURED CONTEXT + TEMPLATE HYPOTHESIS; no field observation, no geologist review"
3105,1881,431500.0,4198000.0,8757.3,0.978597,0.369814,0.608784,1,32.6753,23.1387,-0.5386,825.6942,786.3,1719.9,1.9272,-19.0678,0.5984,1.0,"Buried or cover-hidden ACTIVE fault (H72-A): the deformation-only view is confident (geodetic second invariant / shear / dilatation gradients and their coherence, earthquake-density kernel edge) while the surface view abstains (no DEM scarp, no slope lineament, no radiometric lineament) -- consistent with a young blind fault straining and micro-seismic beneath cover. HYPOTHESIS, not verified geology.",Anthropogenic subsidence from groundwater withdrawal; irrigation-related aquifer compaction; volcanic inflation or deflation (magma movement without discrete faulting); post-seismic afterslip or viscoelastic relaxation; seasonal hydrological loading; a strain transient on a creeping (aseismic) fault segment.,"Independent evidence of discrete offset: a displaced contact or marker bed, deflected or offset drainage, a facies termination, a fault-plane solution aligned with the lineament, a published structural interpretation, or field observation. None is claimed here.","MEASURED CONTEXT + TEMPLATE HYPOTHESIS; no field observation, no geologist review"
3108,1587,402100.0,4197700.0,3981.2,0.962399,0.57972,0.382679,1,48.2,34.0,-0.7,7633.3999,1640.7,644.4,2.6925,-18.6748,0.7559,0.6299,"Buried or cover-hidden ACTIVE fault (H72-A): the deformation-only view is confident (geodetic second invariant / shear / dilatation gradients and their coherence, earthquake-density kernel edge) while the surface view abstains (no DEM scarp, no slope lineament, no radiometric lineament) -- consistent with a young blind fault straining and micro-seismic beneath cover. HYPOTHESIS, not verified geology.",Anthropogenic subsidence from groundwater withdrawal; irrigation-related aquifer compaction; volcanic inflation or deflation (magma movement without discrete faulting); post-seismic afterslip or viscoelastic relaxation; seasonal hydrological loading; a strain transient on a creeping (aseismic) fault segment.,"Independent evidence of discrete offset: a displaced contact or marker bed, deflected or offset drainage, a facies termination, a fault-plane solution aligned with the lineament, a published structural interpretation, or field observation. None is claimed here.","MEASURED CONTEXT + TEMPLATE HYPOTHESIS; no field observation, no geologist review"
3108,1879,431300.0,4197700.0,8994.4,0.97577,0.525236,0.450534,1,32.7,23.4,-0.9,868.4059,803.1033,1700.8,1.6669,-18.6015,0.689,1.0,"Buried or cover-hidden ACTIVE fault (H72-A): the deformation-only view is confident (geodetic second invariant / shear / dilatation gradients and their coherence, earthquake-density kernel edge) while the surface view abstains (no DEM scarp, no slope lineament, no radiometric lineament) -- consistent with a young blind fault straining and micro-seismic beneath cover. HYPOTHESIS, not verified geology.",Anthropogenic subsidence from groundwater withdrawal; irrigation-related aquifer compaction; volcanic inflation or deflation (magma movement without discrete faulting); post-seismic afterslip or viscoelastic relaxation; seasonal hydrological loading; a strain transient on a creeping (aseismic) fault segment.,"Independent evidence of discrete offset: a displaced contact or marker bed, deflected or offset drainage, a facies termination, a fault-plane solution aligned with the lineament, a published structural interpretation, or field observation. None is claimed here.","MEASURED CONTEXT + TEMPLATE HYPOTHESIS; no field observation, no geologist review"
3108,1885,431900.0,4197700.0,8401.2,0.967112,0.35936,0.607752,1,32.1182,22.2364,-0.997,606.8008,786.3,1829.7,1.5899,-19.9629,0.689,1.0,"Buried or cover-hidden ACTIVE fault (H72-A): the deformation-only view is confident (geodetic second invariant / shear / dilatation gradients and their coherence, earthquake-density kernel edge) while the surface view abstains (no DEM scarp, no slope lineament, no radiometric lineament) -- consistent with a young blind fault straining and micro-seismic beneath cover. HYPOTHESIS, not verified geology.",Anthropogenic subsidence from groundwater withdrawal; irrigation-related aquifer compaction; volcanic inflation or deflation (magma movement without discrete faulting); post-seismic afterslip or viscoelastic relaxation; seasonal hydrological loading; a strain transient on a creeping (aseismic) fault segment.,"Independent evidence of discrete offset: a displaced contact or marker bed, deflected or offset drainage, a facies termination, a fault-plane solution aligned with the lineament, a published structural interpretation, or field observation. None is claimed here.","MEASURED CONTEXT + TEMPLATE HYPOTHESIS; no field observation, no geologist review"
3111,1877,431100.0,4197400.0,8731.6,0.972939,0.363422,0.609517,1,32.7,23.4,-0.9,865.6173,833.4964,1637.4,1.7021,-18.0517,0.5866,1.0,"Buried or cover-hidden ACTIVE fault (H72-A): the deformation-only view is confident (geodetic second invariant / shear / dilatation gradients and their coherence, earthquake-density kernel edge) while the surface view abstains (no DEM scarp, no slope lineament, no radiometric lineament) -- consistent with a young blind fault straining and micro-seismic beneath cover. HYPOTHESIS, not verified geology.",Anthropogenic subsidence from groundwater withdrawal; irrigation-related aquifer compaction; volcanic inflation or deflation (magma movement without discrete faulting); post-seismic afterslip or viscoelastic relaxation; seasonal hydrological loading; a strain transient on a creeping (aseismic) fault segment.,"Independent evidence of discrete offset: a displaced contact or marker bed, deflected or offset drainage, a facies termination, a fault-plane solution aligned with the lineament, a published structural interpretation, or field observation. None is claimed here.","MEASURED CONTEXT + TEMPLATE HYPOTHESIS; no field observation, no geologist review"
3114,1875,430900.0,4197100.0,8443.3,0.973472,0.480006,0.493466,1,32.7,23.4,-0.9,865.0,838.4558,1562.4,2.0067,-17.4346,0.5039,1.0,"Buried or cover-hidden ACTIVE fault (H72-A): the deformation-only view is confident (geodetic second invariant / shear / dilatation gradients and their coherence, earthquake-density kernel edge) while the surface view abstains (no DEM scarp, no slope lineament, no radiometric lineament) -- consistent with a young blind fault straining and micro-seismic beneath cover. HYPOTHESIS, not verified geology.",Anthropogenic subsidence from groundwater withdrawal; irrigation-related aquifer compaction; volcanic inflation or deflation (magma movement without discrete faulting); post-seismic afterslip or viscoelastic relaxation; seasonal hydrological loading; a strain transient on a creeping (aseismic) fault segment.,"Independent evidence of discrete offset: a displaced contact or marker bed, deflected or offset drainage, a facies termination, a fault-plane solution aligned with the lineament, a published structural interpretation, or field observation. None is claimed here.","MEASURED CONTEXT + TEMPLATE HYPOTHESIS; no field observation, no geologist review"
3115,1878,431200.0,4197000.0,8697.7,0.959934,0.632966,0.326967,1,32.7,23.4,-0.9,865.0,787.6589,1640.6,2.8711,-18.2004,0.5945,0.9921,"Buried or cover-hidden ACTIVE fault (H72-A): the deformation-only view is confident (geodetic second invariant / shear / dilatation gradients and their coherence, earthquake-density kernel edge) while the surface view abstains (no DEM scarp, no slope lineament, no radiometric lineament) -- consistent with a young blind fault straining and micro-seismic beneath cover. HYPOTHESIS, not verified geology.",Anthropogenic subsidence from groundwater withdrawal; irrigation-related aquifer compaction; volcanic inflation or deflation (magma movement without discrete faulting); post-seismic afterslip or viscoelastic relaxation; seasonal hydrological loading; a strain transient on a creeping (aseismic) fault segment.,"Independent evidence of discrete offset: a displaced contact or marker bed, deflected or offset drainage, a facies termination, a fault-plane solution aligned with the lineament, a published structural interpretation, or field observation. None is claimed here.","MEASURED CONTEXT + TEMPLATE HYPOTHESIS; no field observation, no geologist review"
3117,1882,431600.0,4196800.0,8876.9,0.981663,0.351737,0.629926,1,32.4748,22.9496,-0.9375,740.1727,745.5,1726.3,2.0122,-19.0008,0.5669,0.9409,"Buried or cover-hidden ACTIVE fault (H72-A): the deformation-only view is confident (geodetic second invariant / shear / dilatation gradients and their coherence, earthquake-density kernel edge) while the surface view abstains (no DEM scarp, no slope lineament, no radiometric lineament) -- consistent with a young blind fault straining and micro-seismic beneath cover. HYPOTHESIS, not verified geology.",Anthropogenic subsidence from groundwater withdrawal; irrigation-related aquifer compaction; volcanic inflation or deflation (magma movement without discrete faulting); post-seismic afterslip or viscoelastic relaxation; seasonal hydrological loading; a strain transient on a creeping (aseismic) fault segment.,"Independent evidence of discrete offset: a displaced contact or marker bed, deflected or offset drainage, a facies termination, a fault-plane solution aligned with the lineament, a published structural interpretation, or field observation. None is claimed here.","MEASURED CONTEXT + TEMPLATE HYPOTHESIS; no field observation, no geologist review"
3118,1879,431300.0,4196700.0,8697.7,0.984542,0.430315,0.554227,1,32.7,23.4,-0.9,865.0,759.8499,1629.9,1.8069,-18.2737,0.626,0.937,"Buried or cover-hidden ACTIVE fault (H72-A): the deformation-only view is confident (geodetic second invariant / shear / dilatation gradients and their coherence, earthquake-density kernel edge) while the surface view abstains (no DEM scarp, no slope lineament, no radiometric lineament) -- consistent with a young blind fault straining and micro-seismic beneath cover. HYPOTHESIS, not verified geology.",Anthropogenic subsidence from groundwater withdrawal; irrigation-related aquifer compaction; volcanic inflation or deflation (magma movement without discrete faulting); post-seismic afterslip or viscoelastic relaxation; seasonal hydrological loading; a strain transient on a creeping (aseismic) fault segment.,"Independent evidence of discrete offset: a displaced contact or marker bed, deflected or offset drainage, a facies termination, a fault-plane solution aligned with the lineament, a published structural interpretation, or field observation. None is claimed here.","MEASURED CONTEXT + TEMPLATE HYPOTHESIS; no field observation, no geologist review"
3121,1879,431300.0,4196400.0,8612.8,0.987728,0.440146,0.547581,1,32.7,23.4,-0.9,865.0,759.85,1571.2,1.9274,-18.0473,0.5827,0.7677,"Buried or cover-hidden ACTIVE fault (H72-A): the deformation-only view is confident (geodetic second invariant / shear / dilatation gradients and their coherence, earthquake-density kernel edge) while the surface view abstains (no DEM scarp, no slope lineament, no radiometric lineament) -- consistent with a young blind fault straining and micro-seismic beneath cover. HYPOTHESIS, not verified geology.",Anthropogenic subsidence from groundwater withdrawal; irrigation-related aquifer compaction; volcanic inflation or deflation (magma movement without discrete faulting); post-seismic afterslip or viscoelastic relaxation; seasonal hydrological loading; a strain transient on a creeping (aseismic) fault segment.,"Independent evidence of discrete offset: a displaced contact or marker bed, deflected or offset drainage, a facies termination, a fault-plane solution aligned with the lineament, a published structural interpretation, or field observation. None is claimed here.","MEASURED CONTEXT + TEMPLATE HYPOTHESIS; no field observation, no geologist review"
3122,1570,400400.0,4196300.0,2220.4,0.962244,0.439905,0.522339,1,49.7103,34.8776,-0.5215,7955.2002,1581.2,817.3,1.1596,-24.174,0.6339,0.878,"Buried or cover-hidden ACTIVE fault (H72-A): the deformation-only view is confident (geodetic second invariant / shear / dilatation gradients and their coherence, earthquake-density kernel edge) while the surface view abstains (no DEM scarp, no slope lineament, no radiometric lineament) -- consistent with a young blind fault straining and micro-seismic beneath cover. HYPOTHESIS, not verified geology.",Anthropogenic subsidence from groundwater withdrawal; irrigation-related aquifer compaction; volcanic inflation or deflation (magma movement without discrete faulting); post-seismic afterslip or viscoelastic relaxation; seasonal hydrological loading; a strain transient on a creeping (aseismic) fault segment.,"Independent evidence of discrete offset: a displaced contact or marker bed, deflected or offset drainage, a facies termination, a fault-plane solution aligned with the lineament, a published structural interpretation, or field observation. None is claimed here.","MEASURED CONTEXT + TEMPLATE HYPOTHESIS; no field observation, no geologist review"
3122,1882,431600.0,4196300.0,8876.9,0.978918,0.362908,0.61601,1,32.4814,22.8838,-1.0034,740.1738,745.5,1633.2,2.2592,-18.5966,0.5,0.8268,"Buried or cover-hidden ACTIVE fault (H72-A): the deformation-only view is confident (geodetic second invariant / shear / dilatation gradients and their coherence, earthquake-density kernel edge) while the surface view abstains (no DEM scarp, no slope lineament, no radiometric lineament) -- consistent with a young blind fault straining and micro-seismic beneath cover. HYPOTHESIS, not verified geology.",Anthropogenic subsidence from groundwater withdrawal; irrigation-related aquifer compaction; volcanic inflation or deflation (magma movement without discrete faulting); post-seismic afterslip or viscoelastic relaxation; seasonal hydrological loading; a strain transient on a creeping (aseismic) fault segment.,"Independent evidence of discrete offset: a displaced contact or marker bed, deflected or offset drainage, a facies termination, a fault-plane solution aligned with the lineament, a published structural interpretation, or field observation. None is claimed here.","MEASURED CONTEXT + TEMPLATE HYPOTHESIS; no field observation, no geologist review"
3125,1884,431800.0,4196000.0,8919.6,0.969458,0.379131,0.590326,1,32.3441,22.0639,-1.6075,608.3784,745.5,1633.8,1.8403,-18.7597,0.5709,0.8189,"Buried or cover-hidden ACTIVE fault (H72-A): the deformation-only view is confident (geodetic second invariant / shear / dilatation gradients and their coherence, earthquake-density kernel edge) while the surface view abstains (no DEM scarp, no slope lineament, no radiometric lineament) -- consistent with a young blind fault straining and micro-seismic beneath cover. HYPOTHESIS, not verified geology.",Anthropogenic subsidence from groundwater withdrawal; irrigation-related aquifer compaction; volcanic inflation or deflation (magma movement without discrete faulting); post-seismic afterslip or viscoelastic relaxation; seasonal hydrological loading; a strain transient on a creeping (aseismic) fault segment.,"Independent evidence of discrete offset: a displaced contact or marker bed, deflected or offset drainage, a facies termination, a fault-plane solution aligned with the lineament, a published structural interpretation, or field observation. None is claimed here.","MEASURED CONTEXT + TEMPLATE HYPOTHESIS; no field observation, no geologist review"
3128,1879,431300.0,4195700.0,8452.8,0.975408,0.50085,0.474557,1,32.7,22.5,-1.5,865.0,759.8505,1422.6,1.7057,-17.4641,0.4961,0.8819,"Buried or cover-hidden ACTIVE fault (H72-A): the deformation-only view is confident (geodetic second invariant / shear / dilatation gradients and their coherence, earthquake-density kernel edge) while the surface view abstains (no DEM scarp, no slope lineament, no radiometric lineament) -- consistent with a young blind fault straining and micro-seismic beneath cover. HYPOTHESIS, not verified geology.",Anthropogenic subsidence from groundwater withdrawal; irrigation-related aquifer compaction; volcanic inflation or deflation (magma movement without discrete faulting); post-seismic afterslip or viscoelastic relaxation; seasonal hydrological loading; a strain transient on a creeping (aseismic) fault segment.,"Independent evidence of discrete offset: a displaced contact or marker bed, deflected or offset drainage, a facies termination, a fault-plane solution aligned with the lineament, a published structural interpretation, or field observation. None is claimed here.","MEASURED CONTEXT + TEMPLATE HYPOTHESIS; no field observation, no geologist review"
3130,1882,431600.0,4195500.0,8713.2,0.959429,0.426475,0.532954,1,32.5499,22.1998,-1.6876,740.1763,745.5,1454.8,2.1837,-17.829,0.6024,0.7992,"Buried or cover-hidden ACTIVE fault (H72-A): the deformation-only view is confident (geodetic second invariant / shear / dilatation gradients and their coherence, earthquake-density kernel edge) while the surface view abstains (no DEM scarp, no slope lineament, no radiometric lineament) -- consistent with a young blind fault straining and micro-seismic beneath cover. HYPOTHESIS, not verified geology.",Anthropogenic subsidence from groundwater withdrawal; irrigation-related aquifer compaction; volcanic inflation or deflation (magma movement without discrete faulting); post-seismic afterslip or viscoelastic relaxation; seasonal hydrological loading; a strain transient on a creeping (aseismic) fault segment.,"Independent evidence of discrete offset: a displaced contact or marker bed, deflected or offset drainage, a facies termination, a fault-plane solution aligned with the lineament, a published structural interpretation, or field observation. None is claimed here.","MEASURED CONTEXT + TEMPLATE HYPOTHESIS; no field observation, no geologist review"
3131,1879,431300.0,4195400.0,8401.2,0.971352,0.616603,0.354749,1,32.7,22.5,-1.5,865.0,759.8506,1340.8,3.0201,-17.1263,0.5236,0.8268,"Buried or cover-hidden ACTIVE fault (H72-A): the deformation-only view is confident (geodetic second invariant / shear / dilatation gradients and their coherence, earthquake-density kernel edge) while the surface view abstains (no DEM scarp, no slope lineament, no radiometric lineament) -- consistent with a young blind fault straining and micro-seismic beneath cover. HYPOTHESIS, not verified geology.",Anthropogenic subsidence from groundwater withdrawal; irrigation-related aquifer compaction; volcanic inflation or deflation (magma movement without discrete faulting); post-seismic afterslip or viscoelastic relaxation; seasonal hydrological loading; a strain transient on a creeping (aseismic) fault segment.,"Independent evidence of discrete offset: a displaced contact or marker bed, deflected or offset drainage, a facies termination, a fault-plane solution aligned with the lineament, a published structural interpretation, or field observation. None is claimed here.","MEASURED CONTEXT + TEMPLATE HYPOTHESIS; no field observation, no geologist review"
3138,1879,431300.0,4194700.0,8321.7,0.968718,0.539289,0.429429,1,32.7,22.5,-1.5,865.0,759.8511,1146.4,2.0872,-16.2241,0.5354,0.7756,"Buried or cover-hidden ACTIVE fault (H72-A): the deformation-only view is confident (geodetic second invariant / shear / dilatation gradients and their coherence, earthquake-density kernel edge) while the surface view abstains (no DEM scarp, no slope lineament, no radiometric lineament) -- consistent with a young blind fault straining and micro-seismic beneath cover. HYPOTHESIS, not verified geology.",Anthropogenic subsidence from groundwater withdrawal; irrigation-related aquifer compaction; volcanic inflation or deflation (magma movement without discrete faulting); post-seismic afterslip or viscoelastic relaxation; seasonal hydrological loading; a strain transient on a creeping (aseismic) fault segment.,"Independent evidence of discrete offset: a displaced contact or marker bed, deflected or offset drainage, a facies termination, a fault-plane solution aligned with the lineament, a published structural interpretation, or field observation. None is claimed here.","MEASURED CONTEXT + TEMPLATE HYPOTHESIS; no field observation, no geologist review"
3140,1883,431700.0,4194500.0,8658.5,0.976696,0.454212,0.522485,1,32.4706,22.0413,-1.7867,674.2821,745.5,1201.6,2.0819,-16.6004,0.4961,0.811,"Buried or cover-hidden ACTIVE fault (H72-A): the deformation-only view is confident (geodetic second invariant / shear / dilatation gradients and their coherence, earthquake-density kernel edge) while the surface view abstains (no DEM scarp, no slope lineament, no radiometric lineament) -- consistent with a young blind fault straining and micro-seismic beneath cover. HYPOTHESIS, not verified geology.",Anthropogenic subsidence from groundwater withdrawal; irrigation-related aquifer compaction; volcanic inflation or deflation (magma movement without discrete faulting); post-seismic afterslip or viscoelastic relaxation; seasonal hydrological loading; a strain transient on a creeping (aseismic) fault segment.,"Independent evidence of discrete offset: a displaced contact or marker bed, deflected or offset drainage, a facies termination, a fault-plane solution aligned with the lineament, a published structural interpretation, or field observation. None is claimed here.","MEASURED CONTEXT + TEMPLATE HYPOTHESIS; no field observation, no geologist review"
3149,1883,431700.0,4193600.0,8472.3,0.953453,0.646949,0.306504,1,32.4385,21.3986,-3.1014,674.2867,745.5,934.3,2.3283,-14.3874,0.5039,0.9409,"Buried or cover-hidden ACTIVE fault (H72-A): the deformation-only view is confident (geodetic second invariant / shear / dilatation gradients and their coherence, earthquake-density kernel edge) while the surface view abstains (no DEM scarp, no slope lineament, no radiometric lineament) -- consistent with a young blind fault straining and micro-seismic beneath cover. HYPOTHESIS, not verified geology.",Anthropogenic subsidence from groundwater withdrawal; irrigation-related aquifer compaction; volcanic inflation or deflation (magma movement without discrete faulting); post-seismic afterslip or viscoelastic relaxation; seasonal hydrological loading; a strain transient on a creeping (aseismic) fault segment.,"Independent evidence of discrete offset: a displaced contact or marker bed, deflected or offset drainage, a facies termination, a fault-plane solution aligned with the lineament, a published structural interpretation, or field observation. None is claimed here.","MEASURED CONTEXT + TEMPLATE HYPOTHESIS; no field observation, no geologist review"
3171,1685,411900.0,4191400.0,1700.0,0.965373,0.381353,0.58402,1,44.0,30.5,1.3,3198.6001,1273.4,885.4,3.0722,-24.5025,0.6024,1.0,"Buried or cover-hidden ACTIVE fault (H72-A): the deformation-only view is confident (geodetic second invariant / shear / dilatation gradients and their coherence, earthquake-density kernel edge) while the surface view abstains (no DEM scarp, no slope lineament, no radiometric lineament) -- consistent with a young blind fault straining and micro-seismic beneath cover. HYPOTHESIS, not verified geology.",Anthropogenic subsidence from groundwater withdrawal; irrigation-related aquifer compaction; volcanic inflation or deflation (magma movement without discrete faulting); post-seismic afterslip or viscoelastic relaxation; seasonal hydrological loading; a strain transient on a creeping (aseismic) fault segment.,"Independent evidence of discrete offset: a displaced contact or marker bed, deflected or offset drainage, a facies termination, a fault-plane solution aligned with the lineament, a published structural interpretation, or field observation. None is claimed here.","MEASURED CONTEXT + TEMPLATE HYPOTHESIS; no field observation, no geologist review"
3291,1589,402300.0,4179400.0,1726.3,0.97655,0.363682,0.612868,1,54.8,38.5,-0.5,1701.7,1051.0,517.8,1.0768,-35.3968,0.4882,0.7283,"Buried or cover-hidden ACTIVE fault (H72-A): the deformation-only view is confident (geodetic second invariant / shear / dilatation gradients and their coherence, earthquake-density kernel edge) while the surface view abstains (no DEM scarp, no slope lineament, no radiometric lineament) -- consistent with a young blind fault straining and micro-seismic beneath cover. HYPOTHESIS, not verified geology.",Anthropogenic subsidence from groundwater withdrawal; irrigation-related aquifer compaction; volcanic inflation or deflation (magma movement without discrete faulting); post-seismic afterslip or viscoelastic relaxation; seasonal hydrological loading; a strain transient on a creeping (aseismic) fault segment.,"Independent evidence of discrete offset: a displaced contact or marker bed, deflected or offset drainage, a facies termination, a fault-plane solution aligned with the lineament, a published structural interpretation, or field observation. None is claimed here.","MEASURED CONTEXT + TEMPLATE HYPOTHESIS; no field observation, no geologist review"
3292,1593,402700.0,4179300.0,2061.6,0.980029,0.404856,0.575172,1,54.8,38.5,-0.5,1701.7,1047.7975,551.6,0.9004,-35.7122,0.5079,0.7244,"Buried or cover-hidden ACTIVE fault (H72-A): the deformation-only view is confident (geodetic second invariant / shear / dilatation gradients and their coherence, earthquake-density kernel edge) while the surface view abstains (no DEM scarp, no slope lineament, no radiometric lineament) -- consistent with a young blind fault straining and micro-seismic beneath cover. HYPOTHESIS, not verified geology.",Anthropogenic subsidence from groundwater withdrawal; irrigation-related aquifer compaction; volcanic inflation or deflation (magma movement without discrete faulting); post-seismic afterslip or viscoelastic relaxation; seasonal hydrological loading; a strain transient on a creeping (aseismic) fault segment.,"Independent evidence of discrete offset: a displaced contact or marker bed, deflected or offset drainage, a facies termination, a fault-plane solution aligned with the lineament, a published structural interpretation, or field observation. None is claimed here.","MEASURED CONTEXT + TEMPLATE HYPOTHESIS; no field observation, no geologist review"
3292,1631,406500.0,4179300.0,1697.1,0.978728,0.393127,0.585601,1,54.1,38.4,0.1,1988.2,1025.8,357.6,0.3269,-27.6872,0.5591,0.815,"Buried or cover-hidden ACTIVE fault (H72-A): the deformation-only view is confident (geodetic second invariant / shear / dilatation gradients and their coherence, earthquake-density kernel edge) while the surface view abstains (no DEM scarp, no slope lineament, no radiometric lineament) -- consistent with a young blind fault straining and micro-seismic beneath cover. HYPOTHESIS, not verified geology.",Anthropogenic subsidence from groundwater withdrawal; irrigation-related aquifer compaction; volcanic inflation or deflation (magma movement without discrete faulting); post-seismic afterslip or viscoelastic relaxation; seasonal hydrological loading; a strain transient on a creeping (aseismic) fault segment.,"Independent evidence of discrete offset: a displaced contact or marker bed, deflected or offset drainage, a facies termination, a fault-plane solution aligned with the lineament, a published structural interpretation, or field observation. None is claimed here.","MEASURED CONTEXT + TEMPLATE HYPOTHESIS; no field observation, no geologist review"
3297,1589,402300.0,4178800.0,1612.5,0.988159,0.594382,0.393777,1,54.8,38.5,-0.5,1701.7,1062.707,494.4,1.9094,-34.9607,0.7008,0.689,"Buried or cover-hidden ACTIVE fault (H72-A): the deformation-only view is confident (geodetic second invariant / shear / dilatation gradients and their coherence, earthquake-density kernel edge) while the surface view abstains (no DEM scarp, no slope lineament, no radiometric lineament) -- consistent with a young blind fault straining and micro-seismic beneath cover. HYPOTHESIS, not verified geology.",Anthropogenic subsidence from groundwater withdrawal; irrigation-related aquifer compaction; volcanic inflation or deflation (magma movement without discrete faulting); post-seismic afterslip or viscoelastic relaxation; seasonal hydrological loading; a strain transient on a creeping (aseismic) fault segment.,"Independent evidence of discrete offset: a displaced contact or marker bed, deflected or offset drainage, a facies termination, a fault-plane solution aligned with the lineament, a published structural interpretation, or field observation. None is claimed here.","MEASURED CONTEXT + TEMPLATE HYPOTHESIS; no field observation, no geologist review"
3297,1595,402900.0,4178800.0,2059.1,0.994589,0.588555,0.406034,1,54.8,38.5,-0.5,1701.7,1044.1182,550.1,1.1982,-35.5029,0.5709,0.7087,"Buried or cover-hidden ACTIVE fault (H72-A): the deformation-only view is confident (geodetic second invariant / shear / dilatation gradients and their coherence, earthquake-density kernel edge) while the surface view abstains (no DEM scarp, no slope lineament, no radiometric lineament) -- consistent with a young blind fault straining and micro-seismic beneath cover. HYPOTHESIS, not verified geology.",Anthropogenic subsidence from groundwater withdrawal; irrigation-related aquifer compaction; volcanic inflation or deflation (magma movement without discrete faulting); post-seismic afterslip or viscoelastic relaxation; seasonal hydrological loading; a strain transient on a creeping (aseismic) fault segment.,"Independent evidence of discrete offset: a displaced contact or marker bed, deflected or offset drainage, a facies termination, a fault-plane solution aligned with the lineament, a published structural interpretation, or field observation. None is claimed here.","MEASURED CONTEXT + TEMPLATE HYPOTHESIS; no field observation, no geologist review"
3300,1592,402600.0,4178500.0,1772.0,0.981178,0.375025,0.606153,1,54.8,38.5,-0.5,1701.7,1076.3,509.6,1.5838,-35.0087,0.5591,0.7126,"Buried or cover-hidden ACTIVE fault (H72-A): the deformation-only view is confident (geodetic second invariant / shear / dilatation gradients and their coherence, earthquake-density kernel edge) while the surface view abstains (no DEM scarp, no slope lineament, no radiometric lineament) -- consistent with a young blind fault straining and micro-seismic beneath cover. HYPOTHESIS, not verified geology.",Anthropogenic subsidence from groundwater withdrawal; irrigation-related aquifer compaction; volcanic inflation or deflation (magma movement without discrete faulting); post-seismic afterslip or viscoelastic relaxation; seasonal hydrological loading; a strain transient on a creeping (aseismic) fault segment.,"Independent evidence of discrete offset: a displaced contact or marker bed, deflected or offset drainage, a facies termination, a fault-plane solution aligned with the lineament, a published structural interpretation, or field observation. None is claimed here.","MEASURED CONTEXT + TEMPLATE HYPOTHESIS; no field observation, no geologist review"
3303,1593,402700.0,4178200.0,1811.1,0.973954,0.36054,0.613414,1,54.8,38.5,-0.5,1701.7,1070.9014,506.1,1.0279,-34.8733,0.6181,0.7126,"Buried or cover-hidden ACTIVE fault (H72-A): the deformation-only view is confident (geodetic second invariant / shear / dilatation gradients and their coherence, earthquake-density kernel edge) while the surface view abstains (no DEM scarp, no slope lineament, no radiometric lineament) -- consistent with a young blind fault straining and micro-seismic beneath cover. HYPOTHESIS, not verified geology.",Anthropogenic subsidence from groundwater withdrawal; irrigation-related aquifer compaction; volcanic inflation or deflation (magma movement without discrete faulting); post-seismic afterslip or viscoelastic relaxation; seasonal hydrological loading; a strain transient on a creeping (aseismic) fault segment.,"Independent evidence of discrete offset: a displaced contact or marker bed, deflected or offset drainage, a facies termination, a fault-plane solution aligned with the lineament, a published structural interpretation, or field observation. None is claimed here.","MEASURED CONTEXT + TEMPLATE HYPOTHESIS; no field observation, no geologist review"
