row,col,x_utm11,y_utm11,gravity_horizontal_gradient_raw,detrended_slope_raw,interpretation,alternative
2,636,307000.0,4508300.0,4.077463626861572,0.12571878731250763,"High gravity-gradient proxy with muted topographic slope; buried density boundary possible, NOT verified fault","Lithologic contact, intrusive margin, regional gravity processing artifact"
2,639,307300.0,4508300.0,4.211719036102295,0.13402199745178223,"High gravity-gradient proxy with muted topographic slope; buried density boundary possible, NOT verified fault","Lithologic contact, intrusive margin, regional gravity processing artifact"
2,642,307600.0,4508300.0,4.173069477081299,0.07910968363285065,"High gravity-gradient proxy with muted topographic slope; buried density boundary possible, NOT verified fault","Lithologic contact, intrusive margin, regional gravity processing artifact"
2,645,307900.0,4508300.0,4.134837627410889,0.26960840821266174,"High gravity-gradient proxy with muted topographic slope; buried density boundary possible, NOT verified fault","Lithologic contact, intrusive margin, regional gravity processing artifact"
2,652,308600.0,4508300.0,3.7498390674591064,0.1517690122127533,"High gravity-gradient proxy with muted topographic slope; buried density boundary possible, NOT verified fault","Lithologic contact, intrusive margin, regional gravity processing artifact"
2,2629,506300.0,4508300.0,4.226685523986816,0.14011213183403015,"High gravity-gradient proxy with muted topographic slope; buried density boundary possible, NOT verified fault","Lithologic contact, intrusive margin, regional gravity processing artifact"
2,2632,506600.0,4508300.0,5.197972774505615,0.12213242799043655,"High gravity-gradient proxy with muted topographic slope; buried density boundary possible, NOT verified fault","Lithologic contact, intrusive margin, regional gravity processing artifact"
2,2953,538700.0,4508300.0,3.7653534412384033,0.1892348825931549,"High gravity-gradient proxy with muted topographic slope; buried density boundary possible, NOT verified fault","Lithologic contact, intrusive margin, regional gravity processing artifact"
2,2956,539000.0,4508300.0,3.839294910430908,0.034547969698905945,"High gravity-gradient proxy with muted topographic slope; buried density boundary possible, NOT verified fault","Lithologic contact, intrusive margin, regional gravity processing artifact"
2,2959,539300.0,4508300.0,3.6288857460021973,0.20666855573654175,"High gravity-gradient proxy with muted topographic slope; buried density boundary possible, NOT verified fault","Lithologic contact, intrusive margin, regional gravity processing artifact"
3,622,305600.0,4508200.0,3.6505658626556396,0.06187344342470169,"High gravity-gradient proxy with muted topographic slope; buried density boundary possible, NOT verified fault","Lithologic contact, intrusive margin, regional gravity processing artifact"
3,625,305900.0,4508200.0,3.6898093223571777,0.05920581892132759,"High gravity-gradient proxy with muted topographic slope; buried density boundary possible, NOT verified fault","Lithologic contact, intrusive margin, regional gravity processing artifact"
3,628,306200.0,4508200.0,3.729264259338379,0.05664433538913727,"High gravity-gradient proxy with muted topographic slope; buried density boundary possible, NOT verified fault","Lithologic contact, intrusive margin, regional gravity processing artifact"
3,631,306500.0,4508200.0,3.883273124694824,0.05406194180250168,"High gravity-gradient proxy with muted topographic slope; buried density boundary possible, NOT verified fault","Lithologic contact, intrusive margin, regional gravity processing artifact"
4,649,308300.0,4508100.0,3.8885574340820312,0.17818188667297363,"High gravity-gradient proxy with muted topographic slope; buried density boundary possible, NOT verified fault","Lithologic contact, intrusive margin, regional gravity processing artifact"
4,2635,506900.0,4508100.0,5.729649543762207,0.12834934890270233,"High gravity-gradient proxy with muted topographic slope; buried density boundary possible, NOT verified fault","Lithologic contact, intrusive margin, regional gravity processing artifact"
4,2638,507200.0,4508100.0,6.52168083190918,0.12706303596496582,"High gravity-gradient proxy with muted topographic slope; buried density boundary possible, NOT verified fault","Lithologic contact, intrusive margin, regional gravity processing artifact"
4,2946,538000.0,4508100.0,3.520195245742798,0.2068561166524887,"High gravity-gradient proxy with muted topographic slope; buried density boundary possible, NOT verified fault","Lithologic contact, intrusive margin, regional gravity processing artifact"
4,2949,538300.0,4508100.0,3.794078826904297,0.1394934058189392,"High gravity-gradient proxy with muted topographic slope; buried density boundary possible, NOT verified fault","Lithologic contact, intrusive margin, regional gravity processing artifact"
5,634,306800.0,4508000.0,4.221067428588867,0.08385798335075378,"High gravity-gradient proxy with muted topographic slope; buried density boundary possible, NOT verified fault","Lithologic contact, intrusive margin, regional gravity processing artifact"
5,637,307100.0,4508000.0,4.282193660736084,0.08464021980762482,"High gravity-gradient proxy with muted topographic slope; buried density boundary possible, NOT verified fault","Lithologic contact, intrusive margin, regional gravity processing artifact"
5,640,307400.0,4508000.0,4.2245025634765625,0.12601213157176971,"High gravity-gradient proxy with muted topographic slope; buried density boundary possible, NOT verified fault","Lithologic contact, intrusive margin, regional gravity processing artifact"
5,2628,506200.0,4508000.0,3.4650251865386963,0.10691073536872864,"High gravity-gradient proxy with muted topographic slope; buried density boundary possible, NOT verified fault","Lithologic contact, intrusive margin, regional gravity processing artifact"
5,2631,506500.0,4508000.0,4.353399753570557,0.15375955402851105,"High gravity-gradient proxy with muted topographic slope; buried density boundary possible, NOT verified fault","Lithologic contact, intrusive margin, regional gravity processing artifact"
5,2952,538600.0,4508000.0,3.933253765106201,0.17289875447750092,"High gravity-gradient proxy with muted topographic slope; buried density boundary possible, NOT verified fault","Lithologic contact, intrusive margin, regional gravity processing artifact"
5,2955,538900.0,4508000.0,4.0087761878967285,0.14675775170326233,"High gravity-gradient proxy with muted topographic slope; buried density boundary possible, NOT verified fault","Lithologic contact, intrusive margin, regional gravity processing artifact"
5,2958,539200.0,4508000.0,3.9423677921295166,0.12474013864994049,"High gravity-gradient proxy with muted topographic slope; buried density boundary possible, NOT verified fault","Lithologic contact, intrusive margin, regional gravity processing artifact"
5,2961,539500.0,4508000.0,3.512946367263794,0.14402613043785095,"High gravity-gradient proxy with muted topographic slope; buried density boundary possible, NOT verified fault","Lithologic contact, intrusive margin, regional gravity processing artifact"
6,619,305300.0,4507900.0,4.138477802276611,0.06855469942092896,"High gravity-gradient proxy with muted topographic slope; buried density boundary possible, NOT verified fault","Lithologic contact, intrusive margin, regional gravity processing artifact"
6,622,305600.0,4507900.0,4.154961109161377,0.06104202941060066,"High gravity-gradient proxy with muted topographic slope; buried density boundary possible, NOT verified fault","Lithologic contact, intrusive margin, regional gravity processing artifact"
6,625,305900.0,4507900.0,4.171406269073486,0.05840303748846054,"High gravity-gradient proxy with muted topographic slope; buried density boundary possible, NOT verified fault","Lithologic contact, intrusive margin, regional gravity processing artifact"
6,628,306200.0,4507900.0,4.187813758850098,0.05576592683792114,"High gravity-gradient proxy with muted topographic slope; buried density boundary possible, NOT verified fault","Lithologic contact, intrusive margin, regional gravity processing artifact"
6,631,306500.0,4507900.0,4.201944828033447,0.07080462574958801,"High gravity-gradient proxy with muted topographic slope; buried density boundary possible, NOT verified fault","Lithologic contact, intrusive margin, regional gravity processing artifact"
6,646,308000.0,4507900.0,3.774092435836792,0.2395428866147995,"High gravity-gradient proxy with muted topographic slope; buried density boundary possible, NOT verified fault","Lithologic contact, intrusive margin, regional gravity processing artifact"
7,643,307700.0,4507800.0,3.8038811683654785,0.23133055865764618,"High gravity-gradient proxy with muted topographic slope; buried density boundary possible, NOT verified fault","Lithologic contact, intrusive margin, regional gravity processing artifact"
7,2634,506800.0,4507800.0,4.839280128479004,0.0658240094780922,"High gravity-gradient proxy with muted topographic slope; buried density boundary possible, NOT verified fault","Lithologic contact, intrusive margin, regional gravity processing artifact"
7,2637,507100.0,4507800.0,5.716477870941162,0.15314781665802002,"High gravity-gradient proxy with muted topographic slope; buried density boundary possible, NOT verified fault","Lithologic contact, intrusive margin, regional gravity processing artifact"
7,2640,507400.0,4507800.0,6.603552341461182,0.11942260712385178,"High gravity-gradient proxy with muted topographic slope; buried density boundary possible, NOT verified fault","Lithologic contact, intrusive margin, regional gravity processing artifact"
7,2945,537900.0,4507800.0,3.4519760608673096,0.09102507680654526,"High gravity-gradient proxy with muted topographic slope; buried density boundary possible, NOT verified fault","Lithologic contact, intrusive margin, regional gravity processing artifact"
7,2948,538200.0,4507800.0,3.959520101547241,0.08553032577037811,"High gravity-gradient proxy with muted topographic slope; buried density boundary possible, NOT verified fault","Lithologic contact, intrusive margin, regional gravity processing artifact"
8,635,306900.0,4507700.0,4.182419776916504,0.1045539379119873,"High gravity-gradient proxy with muted topographic slope; buried density boundary possible, NOT verified fault","Lithologic contact, intrusive margin, regional gravity processing artifact"
8,638,307200.0,4507700.0,4.1066131591796875,0.17507031559944153,"High gravity-gradient proxy with muted topographic slope; buried density boundary possible, NOT verified fault","Lithologic contact, intrusive margin, regional gravity processing artifact"
8,2630,506400.0,4507700.0,3.5745465755462646,0.10772619396448135,"High gravity-gradient proxy with muted topographic slope; buried density boundary possible, NOT verified fault","Lithologic contact, intrusive margin, regional gravity processing artifact"
8,2959,539300.0,4507700.0,3.8789916038513184,0.11491808295249939,"High gravity-gradient proxy with muted topographic slope; buried density boundary possible, NOT verified fault","Lithologic contact, intrusive margin, regional gravity processing artifact"
8,2962,539600.0,4507700.0,3.405568838119507,0.11863398551940918,"High gravity-gradient proxy with muted topographic slope; buried density boundary possible, NOT verified fault","Lithologic contact, intrusive margin, regional gravity processing artifact"
9,620,305400.0,4507600.0,4.382420063018799,0.06382149457931519,"High gravity-gradient proxy with muted topographic slope; buried density boundary possible, NOT verified fault","Lithologic contact, intrusive margin, regional gravity processing artifact"
9,623,305700.0,4507600.0,4.406819820404053,0.05937759950757027,"High gravity-gradient proxy with muted topographic slope; buried density boundary possible, NOT verified fault","Lithologic contact, intrusive margin, regional gravity processing artifact"
9,626,306000.0,4507600.0,4.431181907653809,0.057217106223106384,"High gravity-gradient proxy with muted topographic slope; buried density boundary possible, NOT verified fault","Lithologic contact, intrusive margin, regional gravity processing artifact"
9,629,306300.0,4507600.0,4.407674312591553,0.09308024495840073,"High gravity-gradient proxy with muted topographic slope; buried density boundary possible, NOT verified fault","Lithologic contact, intrusive margin, regional gravity processing artifact"
9,632,306600.0,4507600.0,4.284848213195801,0.10976681858301163,"High gravity-gradient proxy with muted topographic slope; buried density boundary possible, NOT verified fault","Lithologic contact, intrusive margin, regional gravity processing artifact"
9,2952,538600.0,4507600.0,3.971536159515381,0.14743393659591675,"High gravity-gradient proxy with muted topographic slope; buried density boundary possible, NOT verified fault","Lithologic contact, intrusive margin, regional gravity processing artifact"
10,643,307700.0,4507500.0,3.3648524284362793,0.04378078877925873,"High gravity-gradient proxy with muted topographic slope; buried density boundary possible, NOT verified fault","Lithologic contact, intrusive margin, regional gravity processing artifact"
10,2633,506700.0,4507500.0,4.057798385620117,0.1661202609539032,"High gravity-gradient proxy with muted topographic slope; buried density boundary possible, NOT verified fault","Lithologic contact, intrusive margin, regional gravity processing artifact"
10,2636,507000.0,4507500.0,4.914414882659912,0.03578988090157509,"High gravity-gradient proxy with muted topographic slope; buried density boundary possible, NOT verified fault","Lithologic contact, intrusive margin, regional gravity processing artifact"
10,2639,507300.0,4507500.0,5.8446364402771,0.08611220121383667,"High gravity-gradient proxy with muted topographic slope; buried density boundary possible, NOT verified fault","Lithologic contact, intrusive margin, regional gravity processing artifact"
10,2946,538000.0,4507500.0,3.5394201278686523,0.13953694701194763,"High gravity-gradient proxy with muted topographic slope; buried density boundary possible, NOT verified fault","Lithologic contact, intrusive margin, regional gravity processing artifact"
10,2949,538300.0,4507500.0,3.813349485397339,0.052640754729509354,"High gravity-gradient proxy with muted topographic slope; buried density boundary possible, NOT verified fault","Lithologic contact, intrusive margin, regional gravity processing artifact"
10,2955,538900.0,4507500.0,4.0333452224731445,0.14582481980323792,"High gravity-gradient proxy with muted topographic slope; buried density boundary possible, NOT verified fault","Lithologic contact, intrusive margin, regional gravity processing artifact"
11,616,305000.0,4507400.0,4.637780666351318,0.0691908448934555,"High gravity-gradient proxy with muted topographic slope; buried density boundary possible, NOT verified fault","Lithologic contact, intrusive margin, regional gravity processing artifact"
11,636,307000.0,4507400.0,4.0519843101501465,0.2605895400047302,"High gravity-gradient proxy with muted topographic slope; buried density boundary possible, NOT verified fault","Lithologic contact, intrusive margin, regional gravity processing artifact"
11,640,307400.0,4507400.0,3.6377816200256348,0.2616705596446991,"High gravity-gradient proxy with muted topographic slope; buried density boundary possible, NOT verified fault","Lithologic contact, intrusive margin, regional gravity processing artifact"
11,2958,539200.0,4507400.0,3.937000036239624,0.15106742084026337,"High gravity-gradient proxy with muted topographic slope; buried density boundary possible, NOT verified fault","Lithologic contact, intrusive margin, regional gravity processing artifact"
11,2961,539500.0,4507400.0,3.413137435913086,0.13406586647033691,"High gravity-gradient proxy with muted topographic slope; buried density boundary possible, NOT verified fault","Lithologic contact, intrusive margin, regional gravity processing artifact"
12,621,305500.0,4507300.0,4.63167142868042,0.06060932204127312,"High gravity-gradient proxy with muted topographic slope; buried density boundary possible, NOT verified fault","Lithologic contact, intrusive margin, regional gravity processing artifact"
12,624,305800.0,4507300.0,4.66398811340332,0.06087429076433182,"High gravity-gradient proxy with muted topographic slope; buried density boundary possible, NOT verified fault","Lithologic contact, intrusive margin, regional gravity processing artifact"
12,627,306100.0,4507300.0,4.6962666511535645,0.07826260477304459,"High gravity-gradient proxy with muted topographic slope; buried density boundary possible, NOT verified fault","Lithologic contact, intrusive margin, regional gravity processing artifact"
12,630,306400.0,4507300.0,4.535722255706787,0.08733474463224411,"High gravity-gradient proxy with muted topographic slope; buried density boundary possible, NOT verified fault","Lithologic contact, intrusive margin, regional gravity processing artifact"
12,633,306700.0,4507300.0,4.275964736938477,0.1789657026529312,"High gravity-gradient proxy with muted topographic slope; buried density boundary possible, NOT verified fault","Lithologic contact, intrusive margin, regional gravity processing artifact"
12,2952,538600.0,4507300.0,3.8269150257110596,0.21818342804908752,"High gravity-gradient proxy with muted topographic slope; buried density boundary possible, NOT verified fault","Lithologic contact, intrusive margin, regional gravity processing artifact"
13,2633,506700.0,4507200.0,3.557689905166626,0.15741412341594696,"High gravity-gradient proxy with muted topographic slope; buried density boundary possible, NOT verified fault","Lithologic contact, intrusive margin, regional gravity processing artifact"
13,2636,507000.0,4507200.0,4.4114089012146,0.08770695328712463,"High gravity-gradient proxy with muted topographic slope; buried density boundary possible, NOT verified fault","Lithologic contact, intrusive margin, regional gravity processing artifact"
13,2946,538000.0,4507200.0,3.3875598907470703,0.09617795050144196,"High gravity-gradient proxy with muted topographic slope; buried density boundary possible, NOT verified fault","Lithologic contact, intrusive margin, regional gravity processing artifact"
13,2949,538300.0,4507200.0,3.634526014328003,0.05742228031158447,"High gravity-gradient proxy with muted topographic slope; buried density boundary possible, NOT verified fault","Lithologic contact, intrusive margin, regional gravity processing artifact"
13,2955,538900.0,4507200.0,3.9229118824005127,0.06804732233285904,"High gravity-gradient proxy with muted topographic slope; buried density boundary possible, NOT verified fault","Lithologic contact, intrusive margin, regional gravity processing artifact"
14,616,305000.0,4507100.0,4.9379682540893555,0.06618952751159668,"High gravity-gradient proxy with muted topographic slope; buried density boundary possible, NOT verified fault","Lithologic contact, intrusive margin, regional gravity processing artifact"
14,638,307200.0,4507100.0,3.713132381439209,0.04467247799038887,"High gravity-gradient proxy with muted topographic slope; buried density boundary possible, NOT verified fault","Lithologic contact, intrusive margin, regional gravity processing artifact"
14,2959,539300.0,4507100.0,3.645808696746826,0.14774779975414276,"High gravity-gradient proxy with muted topographic slope; buried density boundary possible, NOT verified fault","Lithologic contact, intrusive margin, regional gravity processing artifact"
15,620,305400.0,4507000.0,4.82438850402832,0.04635876417160034,"High gravity-gradient proxy with muted topographic slope; buried density boundary possible, NOT verified fault","Lithologic contact, intrusive margin, regional gravity processing artifact"
15,623,305700.0,4507000.0,4.878663063049316,0.0420716367661953,"High gravity-gradient proxy with muted topographic slope; buried density boundary possible, NOT verified fault","Lithologic contact, intrusive margin, regional gravity processing artifact"
15,626,306000.0,4507000.0,4.932183742523193,0.06961356103420258,"High gravity-gradient proxy with muted topographic slope; buried density boundary possible, NOT verified fault","Lithologic contact, intrusive margin, regional gravity processing artifact"
15,629,306300.0,4507000.0,4.839200019836426,0.20538581907749176,"High gravity-gradient proxy with muted topographic slope; buried density boundary possible, NOT verified fault","Lithologic contact, intrusive margin, regional gravity processing artifact"
15,632,306600.0,4507000.0,4.4465742111206055,0.3058483898639679,"High gravity-gradient proxy with muted topographic slope; buried density boundary possible, NOT verified fault","Lithologic contact, intrusive margin, regional gravity processing artifact"
15,2639,507300.0,4507000.0,5.073818206787109,0.239777073264122,"High gravity-gradient proxy with muted topographic slope; buried density boundary possible, NOT verified fault","Lithologic contact, intrusive margin, regional gravity processing artifact"
15,2952,538600.0,4507000.0,3.68227219581604,0.170676589012146,"High gravity-gradient proxy with muted topographic slope; buried density boundary possible, NOT verified fault","Lithologic contact, intrusive margin, regional gravity processing artifact"
16,635,306900.0,4506900.0,4.0819478034973145,0.03315265476703644,"High gravity-gradient proxy with muted topographic slope; buried density boundary possible, NOT verified fault","Lithologic contact, intrusive margin, regional gravity processing artifact"
16,2635,506900.0,4506900.0,3.5713157653808594,0.04315442591905594,"High gravity-gradient proxy with muted topographic slope; buried density boundary possible, NOT verified fault","Lithologic contact, intrusive margin, regional gravity processing artifact"
16,2642,507600.0,4506900.0,5.930914878845215,0.05755268782377243,"High gravity-gradient proxy with muted topographic slope; buried density boundary possible, NOT verified fault","Lithologic contact, intrusive margin, regional gravity processing artifact"
16,2956,539000.0,4506900.0,3.8719322681427,0.08824026584625244,"High gravity-gradient proxy with muted topographic slope; buried density boundary possible, NOT verified fault","Lithologic contact, intrusive margin, regional gravity processing artifact"
17,616,305000.0,4506800.0,4.90553092956543,0.09735655784606934,"High gravity-gradient proxy with muted topographic slope; buried density boundary possible, NOT verified fault","Lithologic contact, intrusive margin, regional gravity processing artifact"
18,613,304700.0,4506700.0,5.379883289337158,0.10218808799982071,"High gravity-gradient proxy with muted topographic slope; buried density boundary possible, NOT verified fault","Lithologic contact, intrusive margin, regional gravity processing artifact"
18,619,305300.0,4506700.0,4.601850509643555,0.1009063795208931,"High gravity-gradient proxy with muted topographic slope; buried density boundary possible, NOT verified fault","Lithologic contact, intrusive margin, regional gravity processing artifact"
18,622,305600.0,4506700.0,4.8142595291137695,0.1254076063632965,"High gravity-gradient proxy with muted topographic slope; buried density boundary possible, NOT verified fault","Lithologic contact, intrusive margin, regional gravity processing artifact"
18,625,305900.0,4506700.0,5.025915145874023,0.10712097585201263,"High gravity-gradient proxy with muted topographic slope; buried density boundary possible, NOT verified fault","Lithologic contact, intrusive margin, regional gravity processing artifact"
18,629,306300.0,4506700.0,5.08224630355835,0.36712560057640076,"High gravity-gradient proxy with muted topographic slope; buried density boundary possible, NOT verified fault","Lithologic contact, intrusive margin, regional gravity processing artifact"
18,632,306600.0,4506700.0,4.6094841957092285,0.03946244716644287,"High gravity-gradient proxy with muted topographic slope; buried density boundary possible, NOT verified fault","Lithologic contact, intrusive margin, regional gravity processing artifact"
18,2638,507200.0,4506700.0,4.267477512359619,0.03828321769833565,"High gravity-gradient proxy with muted topographic slope; buried density boundary possible, NOT verified fault","Lithologic contact, intrusive margin, regional gravity processing artifact"
19,1475,390900.0,4506600.0,4.1698384284973145,0.14221306145191193,"High gravity-gradient proxy with muted topographic slope; buried density boundary possible, NOT verified fault","Lithologic contact, intrusive margin, regional gravity processing artifact"
19,1478,391200.0,4506600.0,4.854245662689209,0.1422298103570938,"High gravity-gradient proxy with muted topographic slope; buried density boundary possible, NOT verified fault","Lithologic contact, intrusive margin, regional gravity processing artifact"
19,1481,391500.0,4506600.0,5.538517951965332,0.14225122332572937,"High gravity-gradient proxy with muted topographic slope; buried density boundary possible, NOT verified fault","Lithologic contact, intrusive margin, regional gravity processing artifact"
19,1628,406200.0,4506600.0,5.054676532745361,0.17705395817756653,"High gravity-gradient proxy with muted topographic slope; buried density boundary possible, NOT verified fault","Lithologic contact, intrusive margin, regional gravity processing artifact"
19,2641,507500.0,4506600.0,5.086338520050049,0.032215382903814316,"High gravity-gradient proxy with muted topographic slope; buried density boundary possible, NOT verified fault","Lithologic contact, intrusive margin, regional gravity processing artifact"
19,2644,507800.0,4506600.0,6.061473369598389,0.26809680461883545,"High gravity-gradient proxy with muted topographic slope; buried density boundary possible, NOT verified fault","Lithologic contact, intrusive margin, regional gravity processing artifact"
20,1484,391800.0,4506500.0,6.139254570007324,0.14227043092250824,"High gravity-gradient proxy with muted topographic slope; buried density boundary possible, NOT verified fault","Lithologic contact, intrusive margin, regional gravity processing artifact"
21,611,304500.0,4506400.0,5.909274578094482,0.06119346618652344,"High gravity-gradient proxy with muted topographic slope; buried density boundary possible, NOT verified fault","Lithologic contact, intrusive margin, regional gravity processing artifact"
21,614,304800.0,4506400.0,5.196053981781006,0.07774616777896881,"High gravity-gradient proxy with muted topographic slope; buried density boundary possible, NOT verified fault","Lithologic contact, intrusive margin, regional gravity processing artifact"
21,617,305100.0,4506400.0,4.483756065368652,0.1182275265455246,"High gravity-gradient proxy with muted topographic slope; buried density boundary possible, NOT verified fault","Lithologic contact, intrusive margin, regional gravity processing artifact"
21,620,305400.0,4506400.0,4.521579265594482,0.1262093037366867,"High gravity-gradient proxy with muted topographic slope; buried density boundary possible, NOT verified fault","Lithologic contact, intrusive margin, regional gravity processing artifact"
21,628,306200.0,4506400.0,5.5066819190979,0.03943157196044922,"High gravity-gradient proxy with muted topographic slope; buried density boundary possible, NOT verified fault","Lithologic contact, intrusive margin, regional gravity processing artifact"
21,631,306500.0,4506400.0,4.95640230178833,0.03554332256317139,"High gravity-gradient proxy with muted topographic slope; buried density boundary possible, NOT verified fault","Lithologic contact, intrusive margin, regional gravity processing artifact"
21,2637,507100.0,4506400.0,3.4908347129821777,0.05903869867324829,"High gravity-gradient proxy with muted topographic slope; buried density boundary possible, NOT verified fault","Lithologic contact, intrusive margin, regional gravity processing artifact"
22,625,305900.0,4506300.0,5.1753315925598145,0.4997013211250305,"High gravity-gradient proxy with muted topographic slope; buried density boundary possible, NOT verified fault","Lithologic contact, intrusive margin, regional gravity processing artifact"
22,1473,390700.0,4506300.0,3.7923903465270996,0.1421802043914795,"High gravity-gradient proxy with muted topographic slope; buried density boundary possible, NOT verified fault","Lithologic contact, intrusive margin, regional gravity processing artifact"
22,1476,391000.0,4506300.0,4.421908378601074,0.1422165483236313,"High gravity-gradient proxy with muted topographic slope; buried density boundary possible, NOT verified fault","Lithologic contact, intrusive margin, regional gravity processing artifact"
22,1479,391300.0,4506300.0,5.00280237197876,0.14223548769950867,"High gravity-gradient proxy with muted topographic slope; buried density boundary possible, NOT verified fault","Lithologic contact, intrusive margin, regional gravity processing artifact"
22,2640,507400.0,4506300.0,4.240616798400879,0.033325277268886566,"High gravity-gradient proxy with muted topographic slope; buried density boundary possible, NOT verified fault","Lithologic contact, intrusive margin, regional gravity processing artifact"
22,2643,507700.0,4506300.0,5.138033866882324,0.03417712822556496,"High gravity-gradient proxy with muted topographic slope; buried density boundary possible, NOT verified fault","Lithologic contact, intrusive margin, regional gravity processing artifact"
22,2649,508300.0,4506300.0,6.380046844482422,0.16037195920944214,"High gravity-gradient proxy with muted topographic slope; buried density boundary possible, NOT verified fault","Lithologic contact, intrusive margin, regional gravity processing artifact"
23,1484,391800.0,4506200.0,5.887700080871582,0.14226707816123962,"High gravity-gradient proxy with muted topographic slope; buried density boundary possible, NOT verified fault","Lithologic contact, intrusive margin, regional gravity processing artifact"
23,2646,508000.0,4506200.0,5.670094966888428,0.10312291979789734,"High gravity-gradient proxy with muted topographic slope; buried density boundary possible, NOT verified fault","Lithologic contact, intrusive margin, regional gravity processing artifact"
24,612,304600.0,4506100.0,5.78872013092041,0.14789699018001556,"High gravity-gradient proxy with muted topographic slope; buried density boundary possible, NOT verified fault","Lithologic contact, intrusive margin, regional gravity processing artifact"
24,615,304900.0,4506100.0,4.8835649490356445,0.17178164422512054,"High gravity-gradient proxy with muted topographic slope; buried density boundary possible, NOT verified fault","Lithologic contact, intrusive margin, regional gravity processing artifact"
24,629,306300.0,4506100.0,5.567592620849609,0.03695153072476387,"High gravity-gradient proxy with muted topographic slope; buried density boundary possible, NOT verified fault","Lithologic contact, intrusive margin, regional gravity processing artifact"
24,632,306600.0,4506100.0,4.934559345245361,0.034532330930233,"High gravity-gradient proxy with muted topographic slope; buried density boundary possible, NOT verified fault","Lithologic contact, intrusive margin, regional gravity processing artifact"
24,1487,392100.0,4506100.0,6.036953449249268,0.1425517201423645,"High gravity-gradient proxy with muted topographic slope; buried density boundary possible, NOT verified fault","Lithologic contact, intrusive margin, regional gravity processing artifact"
25,609,304300.0,4506000.0,6.739458084106445,0.10786794871091843,"High gravity-gradient proxy with muted topographic slope; buried density boundary possible, NOT verified fault","Lithologic contact, intrusive margin, regional gravity processing artifact"
25,625,305900.0,4506000.0,5.268508434295654,0.040096964687108994,"High gravity-gradient proxy with muted topographic slope; buried density boundary possible, NOT verified fault","Lithologic contact, intrusive margin, regional gravity processing artifact"
25,1474,390800.0,4506000.0,4.079743385314941,0.14223285019397736,"High gravity-gradient proxy with muted topographic slope; buried density boundary possible, NOT verified fault","Lithologic contact, intrusive margin, regional gravity processing artifact"
25,1477,391100.0,4506000.0,4.604619026184082,0.1422206461429596,"High gravity-gradient proxy with muted topographic slope; buried density boundary possible, NOT verified fault","Lithologic contact, intrusive margin, regional gravity processing artifact"
25,1480,391400.0,4506000.0,5.08241081237793,0.14222857356071472,"High gravity-gradient proxy with muted topographic slope; buried density boundary possible, NOT verified fault","Lithologic contact, intrusive margin, regional gravity processing artifact"
25,2640,507400.0,4506000.0,3.7199490070343018,0.16191613674163818,"High gravity-gradient proxy with muted topographic slope; buried density boundary possible, NOT verified fault","Lithologic contact, intrusive margin, regional gravity processing artifact"
25,2643,507700.0,4506000.0,4.539643287658691,0.06927347183227539,"High gravity-gradient proxy with muted topographic slope; buried density boundary possible, NOT verified fault","Lithologic contact, intrusive margin, regional gravity processing artifact"
26,619,305300.0,4505900.0,4.006899833679199,0.22583746910095215,"High gravity-gradient proxy with muted topographic slope; buried density boundary possible, NOT verified fault","Lithologic contact, intrusive margin, regional gravity processing artifact"
26,622,305600.0,4505900.0,4.628333568572998,0.042479969561100006,"High gravity-gradient proxy with muted topographic slope; buried density boundary possible, NOT verified fault","Lithologic contact, intrusive margin, regional gravity processing artifact"
26,1483,391700.0,4505900.0,5.488010883331299,0.14224468171596527,"High gravity-gradient proxy with muted topographic slope; buried density boundary possible, NOT verified fault","Lithologic contact, intrusive margin, regional gravity processing artifact"
26,2646,508000.0,4505900.0,5.0938544273376465,0.24970793724060059,"High gravity-gradient proxy with muted topographic slope; buried density boundary possible, NOT verified fault","Lithologic contact, intrusive margin, regional gravity processing artifact"
26,2649,508300.0,4505900.0,5.799787998199463,0.2270619422197342,"High gravity-gradient proxy with muted topographic slope; buried density boundary possible, NOT verified fault","Lithologic contact, intrusive margin, regional gravity processing artifact"
27,628,306200.0,4505800.0,5.893361568450928,0.0377170629799366,"High gravity-gradient proxy with muted topographic slope; buried density boundary possible, NOT verified fault","Lithologic contact, intrusive margin, regional gravity processing artifact"
27,631,306500.0,4505800.0,5.097862243652344,0.03534673526883125,"High gravity-gradient proxy with muted topographic slope; buried density boundary possible, NOT verified fault","Lithologic contact, intrusive margin, regional gravity processing artifact"
27,1471,390500.0,4505800.0,3.539562225341797,0.14217419922351837,"High gravity-gradient proxy with muted topographic slope; buried density boundary possible, NOT verified fault","Lithologic contact, intrusive margin, regional gravity processing artifact"
27,1486,392000.0,4505800.0,5.780138969421387,0.1422756165266037,"High gravity-gradient proxy with muted topographic slope; buried density boundary possible, NOT verified fault","Lithologic contact, intrusive margin, regional gravity processing artifact"
27,1495,392900.0,4505800.0,5.890322208404541,0.14302809536457062,"High gravity-gradient proxy with muted topographic slope; buried density boundary possible, NOT verified fault","Lithologic contact, intrusive margin, regional gravity processing artifact"
28,608,304200.0,4505700.0,6.92933988571167,0.13287340104579926,"High gravity-gradient proxy with muted topographic slope; buried density boundary possible, NOT verified fault","Lithologic contact, intrusive margin, regional gravity processing artifact"
28,611,304500.0,4505700.0,5.902171611785889,0.09389602392911911,"High gravity-gradient proxy with muted topographic slope; buried density boundary possible, NOT verified fault","Lithologic contact, intrusive margin, regional gravity processing artifact"
28,625,305900.0,4505700.0,5.210553169250488,0.04016638174653053,"High gravity-gradient proxy with muted topographic slope; buried density boundary possible, NOT verified fault","Lithologic contact, intrusive margin, regional gravity processing artifact"
28,1475,390900.0,4505700.0,4.331358909606934,0.1422072798013687,"High gravity-gradient proxy with muted topographic slope; buried density boundary possible, NOT verified fault","Lithologic contact, intrusive margin, regional gravity processing artifact"
28,1478,391200.0,4505700.0,4.752108573913574,0.14221341907978058,"High gravity-gradient proxy with muted topographic slope; buried density boundary possible, NOT verified fault","Lithologic contact, intrusive margin, regional gravity processing artifact"
28,1489,392300.0,4505700.0,5.788333415985107,0.14286288619041443,"High gravity-gradient proxy with muted topographic slope; buried density boundary possible, NOT verified fault","Lithologic contact, intrusive margin, regional gravity processing artifact"
28,1498,393200.0,4505700.0,5.815717697143555,0.14312300086021423,"High gravity-gradient proxy with muted topographic slope; buried density boundary possible, NOT verified fault","Lithologic contact, intrusive margin, regional gravity processing artifact"
28,2643,507700.0,4505700.0,3.977562427520752,0.07051332294940948,"High gravity-gradient proxy with muted topographic slope; buried density boundary possible, NOT verified fault","Lithologic contact, intrusive margin, regional gravity processing artifact"
29,614,304800.0,4505600.0,4.78399658203125,0.12385306507349014,"High gravity-gradient proxy with muted topographic slope; buried density boundary possible, NOT verified fault","Lithologic contact, intrusive margin, regional gravity processing artifact"
29,619,305300.0,4505600.0,3.6879231929779053,0.04599408060312271,"High gravity-gradient proxy with muted topographic slope; buried density boundary possible, NOT verified fault","Lithologic contact, intrusive margin, regional gravity processing artifact"
29,622,305600.0,4505600.0,4.439934730529785,0.04255804046988487,"High gravity-gradient proxy with muted topographic slope; buried density boundary possible, NOT verified fault","Lithologic contact, intrusive margin, regional gravity processing artifact"
29,1481,391500.0,4505600.0,5.159939289093018,0.14223316311836243,"High gravity-gradient proxy with muted topographic slope; buried density boundary possible, NOT verified fault","Lithologic contact, intrusive margin, regional gravity processing artifact"
29,1492,392600.0,4505600.0,5.788125514984131,0.14295898377895355,"High gravity-gradient proxy with muted topographic slope; buried density boundary possible, NOT verified fault","Lithologic contact, intrusive margin, regional gravity processing artifact"
29,2648,508200.0,4505600.0,5.06065034866333,0.14386436343193054,"High gravity-gradient proxy with muted topographic slope; buried density boundary possible, NOT verified fault","Lithologic contact, intrusive margin, regional gravity processing artifact"
29,2651,508500.0,4505600.0,5.825307369232178,0.134117990732193,"High gravity-gradient proxy with muted topographic slope; buried density boundary possible, NOT verified fault","Lithologic contact, intrusive margin, regional gravity processing artifact"
29,2657,509100.0,4505600.0,7.231406211853027,0.2215476632118225,"High gravity-gradient proxy with muted topographic slope; buried density boundary possible, NOT verified fault","Lithologic contact, intrusive margin, regional gravity processing artifact"
30,628,306200.0,4505500.0,5.963462829589844,0.03786393254995346,"High gravity-gradient proxy with muted topographic slope; buried density boundary possible, NOT verified fault","Lithologic contact, intrusive margin, regional gravity processing artifact"
30,1484,391800.0,4505500.0,5.545269966125488,0.14228270947933197,"High gravity-gradient proxy with muted topographic slope; buried density boundary possible, NOT verified fault","Lithologic contact, intrusive margin, regional gravity processing artifact"
30,1495,392900.0,4505500.0,5.779515743255615,0.14301417768001556,"High gravity-gradient proxy with muted topographic slope; buried density boundary possible, NOT verified fault","Lithologic contact, intrusive margin, regional gravity processing artifact"
30,2654,508800.0,4505500.0,6.431680202484131,0.1247849091887474,"High gravity-gradient proxy with muted topographic slope; buried density boundary possible, NOT verified fault","Lithologic contact, intrusive margin, regional gravity processing artifact"
31,609,304300.0,4505400.0,6.43413782119751,0.09184406697750092,"High gravity-gradient proxy with muted topographic slope; buried density boundary possible, NOT verified fault","Lithologic contact, intrusive margin, regional gravity processing artifact"
31,625,305900.0,4505400.0,5.153003215789795,0.04032173380255699,"High gravity-gradient proxy with muted topographic slope; buried density boundary possible, NOT verified fault","Lithologic contact, intrusive margin, regional gravity processing artifact"
31,1478,391200.0,4505400.0,4.764163970947266,0.1422264128923416,"High gravity-gradient proxy with muted topographic slope; buried density boundary possible, NOT verified fault","Lithologic contact, intrusive margin, regional gravity processing artifact"
31,1487,392100.0,4505400.0,5.689596176147461,0.1423904150724411,"High gravity-gradient proxy with muted topographic slope; buried density boundary possible, NOT verified fault","Lithologic contact, intrusive margin, regional gravity processing artifact"
31,1498,393200.0,4505400.0,5.498278617858887,0.14305546879768372,"High gravity-gradient proxy with muted topographic slope; buried density boundary possible, NOT verified fault","Lithologic contact, intrusive margin, regional gravity processing artifact"
31,2645,507900.0,4505400.0,3.940187454223633,0.12283198535442352,"High gravity-gradient proxy with muted topographic slope; buried density boundary possible, NOT verified fault","Lithologic contact, intrusive margin, regional gravity processing artifact"
32,606,304000.0,4505300.0,6.72013521194458,0.13141664862632751,"High gravity-gradient proxy with muted topographic slope; buried density boundary possible, NOT verified fault","Lithologic contact, intrusive margin, regional gravity processing artifact"
32,613,304700.0,4505300.0,4.884376525878906,0.05118686705827713,"High gravity-gradient proxy with muted topographic slope; buried density boundary possible, NOT verified fault","Lithologic contact, intrusive margin, regional gravity processing artifact"
32,616,305000.0,4505300.0,3.7606940269470215,0.0480073019862175,"High gravity-gradient proxy with muted topographic slope; buried density boundary possible, NOT verified fault","Lithologic contact, intrusive margin, regional gravity processing artifact"
32,619,305300.0,4505300.0,3.3693528175354004,0.04548794403672218,"High gravity-gradient proxy with muted topographic slope; buried density boundary possible, NOT verified fault","Lithologic contact, intrusive margin, regional gravity processing artifact"
32,622,305600.0,4505300.0,4.251941680908203,0.04280870780348778,"High gravity-gradient proxy with muted topographic slope; buried density boundary possible, NOT verified fault","Lithologic contact, intrusive margin, regional gravity processing artifact"
32,1481,391500.0,4505300.0,5.138097763061523,0.14223353564739227,"High gravity-gradient proxy with muted topographic slope; buried density boundary possible, NOT verified fault","Lithologic contact, intrusive margin, regional gravity processing artifact"
32,1492,392600.0,4505300.0,5.6899542808532715,0.14291273057460785,"High gravity-gradient proxy with muted topographic slope; buried density boundary possible, NOT verified fault","Lithologic contact, intrusive margin, regional gravity processing artifact"
32,2651,508500.0,4505300.0,5.330831050872803,0.15069471299648285,"High gravity-gradient proxy with muted topographic slope; buried density boundary possible, NOT verified fault","Lithologic contact, intrusive margin, regional gravity processing artifact"
32,2657,509100.0,4505300.0,6.834960460662842,0.10641894489526749,"High gravity-gradient proxy with muted topographic slope; buried density boundary possible, NOT verified fault","Lithologic contact, intrusive margin, regional gravity processing artifact"
32,2660,509400.0,4505300.0,7.53476095199585,0.2122277319431305,"High gravity-gradient proxy with muted topographic slope; buried density boundary possible, NOT verified fault","Lithologic contact, intrusive margin, regional gravity processing artifact"
33,1484,391800.0,4505200.0,5.48953104019165,0.14226074516773224,"High gravity-gradient proxy with muted topographic slope; buried density boundary possible, NOT verified fault","Lithologic contact, intrusive margin, regional gravity processing artifact"
33,1495,392900.0,4505200.0,5.668687343597412,0.1430506855249405,"High gravity-gradient proxy with muted topographic slope; buried density boundary possible, NOT verified fault","Lithologic contact, intrusive margin, regional gravity processing artifact"
33,1501,393500.0,4505200.0,4.866021633148193,0.1431465744972229,"High gravity-gradient proxy with muted topographic slope; buried density boundary possible, NOT verified fault","Lithologic contact, intrusive margin, regional gravity processing artifact"
34,610,304400.0,4505100.0,5.890198707580566,0.04879821464419365,"High gravity-gradient proxy with muted topographic slope; buried density boundary possible, NOT verified fault","Lithologic contact, intrusive margin, regional gravity processing artifact"
34,2647,508100.0,4505100.0,3.9380483627319336,0.14985910058021545,"High gravity-gradient proxy with muted topographic slope; buried density boundary possible, NOT verified fault","Lithologic contact, intrusive margin, regional gravity processing artifact"
34,2654,508800.0,4505100.0,5.79852819442749,0.270619660615921,"High gravity-gradient proxy with muted topographic slope; buried density boundary possible, NOT verified fault","Lithologic contact, intrusive margin, regional gravity processing artifact"
35,604,303800.0,4505000.0,6.625558376312256,0.12854428589344025,"High gravity-gradient proxy with muted topographic slope; buried density boundary possible, NOT verified fault","Lithologic contact, intrusive margin, regional gravity processing artifact"
35,607,304100.0,4505000.0,6.679731369018555,0.0634225457906723,"High gravity-gradient proxy with muted topographic slope; buried density boundary possible, NOT verified fault","Lithologic contact, intrusive margin, regional gravity processing artifact"
35,613,304700.0,4505000.0,4.653641700744629,0.03270409256219864,"High gravity-gradient proxy with muted topographic slope; buried density boundary possible, NOT verified fault","Lithologic contact, intrusive margin, regional gravity processing artifact"
35,616,305000.0,4505000.0,3.4727706909179688,0.03054380603134632,"High gravity-gradient proxy with muted topographic slope; buried density boundary possible, NOT verified fault","Lithologic contact, intrusive margin, regional gravity processing artifact"
35,619,305300.0,4505000.0,3.073385238647461,0.02839791588485241,"High gravity-gradient proxy with muted topographic slope; buried density boundary possible, NOT verified fault","Lithologic contact, intrusive margin, regional gravity processing artifact"
35,2650,508400.0,4505000.0,4.568390369415283,0.2672143876552582,"High gravity-gradient proxy with muted topographic slope; buried density boundary possible, NOT verified fault","Lithologic contact, intrusive margin, regional gravity processing artifact"
35,2658,509200.0,4505000.0,6.704007148742676,0.08825607597827911,"High gravity-gradient proxy with muted topographic slope; buried density boundary possible, NOT verified fault","Lithologic contact, intrusive margin, regional gravity processing artifact"
36,2661,509500.0,4504900.0,7.411372184753418,0.23033760488033295,"High gravity-gradient proxy with muted topographic slope; buried density boundary possible, NOT verified fault","Lithologic contact, intrusive margin, regional gravity processing artifact"
36,2664,509800.0,4504900.0,8.240165710449219,0.1948353350162506,"High gravity-gradient proxy with muted topographic slope; buried density boundary possible, NOT verified fault","Lithologic contact, intrusive margin, regional gravity processing artifact"
37,610,304400.0,4504800.0,5.730352401733398,0.0346645712852478,"High gravity-gradient proxy with muted topographic slope; buried density boundary possible, NOT verified fault","Lithologic contact, intrusive margin, regional gravity processing artifact"
37,2655,508900.0,4504800.0,5.5885796546936035,0.0871889516711235,"High gravity-gradient proxy with muted topographic slope; buried density boundary possible, NOT verified fault","Lithologic contact, intrusive margin, regional gravity processing artifact"
38,604,303800.0,4504700.0,6.563541889190674,0.05900850519537926,"High gravity-gradient proxy with muted topographic slope; buried density boundary possible, NOT verified fault","Lithologic contact, intrusive margin, regional gravity processing artifact"
38,607,304100.0,4504700.0,6.525613307952881,0.03677651286125183,"High gravity-gradient proxy with muted topographic slope; buried density boundary possible, NOT verified fault","Lithologic contact, intrusive margin, regional gravity processing artifact"
38,614,304800.0,4504700.0,4.149576187133789,0.03172245994210243,"High gravity-gradient proxy with muted topographic slope; buried density boundary possible, NOT verified fault","Lithologic contact, intrusive margin, regional gravity processing artifact"
38,2649,508300.0,4504700.0,3.713542938232422,0.1392742246389389,"High gravity-gradient proxy with muted topographic slope; buried density boundary possible, NOT verified fault","Lithologic contact, intrusive margin, regional gravity processing artifact"
38,2652,508600.0,4504700.0,4.52298641204834,0.10322854667901993,"High gravity-gradient proxy with muted topographic slope; buried density boundary possible, NOT verified fault","Lithologic contact, intrusive margin, regional gravity processing artifact"
38,2658,509200.0,4504700.0,6.237771987915039,0.07263793051242828,"High gravity-gradient proxy with muted topographic slope; buried density boundary possible, NOT verified fault","Lithologic contact, intrusive margin, regional gravity processing artifact"
39,2661,509500.0,4504600.0,6.958182334899902,0.03773389384150505,"High gravity-gradient proxy with muted topographic slope; buried density boundary possible, NOT verified fault","Lithologic contact, intrusive margin, regional gravity processing artifact"
39,2664,509800.0,4504600.0,7.890799522399902,0.10984904319047928,"High gravity-gradient proxy with muted topographic slope; buried density boundary possible, NOT verified fault","Lithologic contact, intrusive margin, regional gravity processing artifact"
39,2667,510100.0,4504600.0,8.14284610748291,0.16449324786663055,"High gravity-gradient proxy with muted topographic slope; buried density boundary possible, NOT verified fault","Lithologic contact, intrusive margin, regional gravity processing artifact"
40,611,304500.0,4504500.0,5.199865818023682,0.033806685358285904,"High gravity-gradient proxy with muted topographic slope; buried density boundary possible, NOT verified fault","Lithologic contact, intrusive margin, regional gravity processing artifact"
40,2655,508900.0,4504500.0,4.845219612121582,0.12108401954174042,"High gravity-gradient proxy with muted topographic slope; buried density boundary possible, NOT verified fault","Lithologic contact, intrusive margin, regional gravity processing artifact"
41,602,303600.0,4504400.0,6.588169097900391,0.04028741270303726,"High gravity-gradient proxy with muted topographic slope; buried density boundary possible, NOT verified fault","Lithologic contact, intrusive margin, regional gravity processing artifact"
41,605,303900.0,4504400.0,6.457845211029053,0.038204312324523926,"High gravity-gradient proxy with muted topographic slope; buried density boundary possible, NOT verified fault","Lithologic contact, intrusive margin, regional gravity processing artifact"
41,608,304200.0,4504400.0,6.264041900634766,0.03597445785999298,"High gravity-gradient proxy with muted topographic slope; buried density boundary possible, NOT verified fault","Lithologic contact, intrusive margin, regional gravity processing artifact"
41,2658,509200.0,4504400.0,5.601201057434082,0.14974656701087952,"High gravity-gradient proxy with muted topographic slope; buried density boundary possible, NOT verified fault","Lithologic contact, intrusive margin, regional gravity processing artifact"
41,2670,510400.0,4504400.0,8.116305351257324,0.21228136122226715,"High gravity-gradient proxy with muted topographic slope; buried density boundary possible, NOT verified fault","Lithologic contact, intrusive margin, regional gravity processing artifact"
42,1621,405500.0,4504300.0,4.492258548736572,0.23315618932247162,"High gravity-gradient proxy with muted topographic slope; buried density boundary possible, NOT verified fault","Lithologic contact, intrusive margin, regional gravity processing artifact"
42,2661,509500.0,4504300.0,6.42840051651001,0.25628602504730225,"High gravity-gradient proxy with muted topographic slope; buried density boundary possible, NOT verified fault","Lithologic contact, intrusive margin, regional gravity processing artifact"
42,2666,510000.0,4504300.0,7.825801849365234,0.12838919460773468,"High gravity-gradient proxy with muted topographic slope; buried density boundary possible, NOT verified fault","Lithologic contact, intrusive margin, regional gravity processing artifact"
43,2655,508900.0,4504200.0,4.10184383392334,0.12530559301376343,"High gravity-gradient proxy with muted topographic slope; buried density boundary possible, NOT verified fault","Lithologic contact, intrusive margin, regional gravity processing artifact"
44,600,303400.0,4504100.0,6.735507011413574,0.0423848032951355,"High gravity-gradient proxy with muted topographic slope; buried density boundary possible, NOT verified fault","Lithologic contact, intrusive margin, regional gravity processing artifact"
44,603,303700.0,4504100.0,6.512787342071533,0.03966618701815605,"High gravity-gradient proxy with muted topographic slope; buried density boundary possible, NOT verified fault","Lithologic contact, intrusive margin, regional gravity processing artifact"
44,606,304000.0,4504100.0,6.290508270263672,0.037492748349905014,"High gravity-gradient proxy with muted topographic slope; buried density boundary possible, NOT verified fault","Lithologic contact, intrusive margin, regional gravity processing artifact"
44,609,304300.0,4504100.0,5.726147174835205,0.03533632680773735,"High gravity-gradient proxy with muted topographic slope; buried density boundary possible, NOT verified fault","Lithologic contact, intrusive margin, regional gravity processing artifact"
44,1486,392000.0,4504100.0,4.993904113769531,0.13992303609848022,"High gravity-gradient proxy with muted topographic slope; buried density boundary possible, NOT verified fault","Lithologic contact, intrusive margin, regional gravity processing artifact"
44,1489,392300.0,4504100.0,4.841900825500488,0.14076055586338043,"High gravity-gradient proxy with muted topographic slope; buried density boundary possible, NOT verified fault","Lithologic contact, intrusive margin, regional gravity processing artifact"
44,2658,509200.0,4504100.0,4.964614391326904,0.15441840887069702,"High gravity-gradient proxy with muted topographic slope; buried density boundary possible, NOT verified fault","Lithologic contact, intrusive margin, regional gravity processing artifact"
44,2669,510300.0,4504100.0,7.9537553787231445,0.12534169852733612,"High gravity-gradient proxy with muted topographic slope; buried density boundary possible, NOT verified fault","Lithologic contact, intrusive margin, regional gravity processing artifact"
45,1492,392600.0,4504000.0,4.579683303833008,0.12356597185134888,"High gravity-gradient proxy with muted topographic slope; buried density boundary possible, NOT verified fault","Lithologic contact, intrusive margin, regional gravity processing artifact"
45,1495,392900.0,4504000.0,4.408796310424805,0.13993790745735168,"High gravity-gradient proxy with muted topographic slope; buried density boundary possible, NOT verified fault","Lithologic contact, intrusive margin, regional gravity processing artifact"
45,2665,509900.0,4504000.0,7.376274108886719,0.2930055558681488,"High gravity-gradient proxy with muted topographic slope; buried density boundary possible, NOT verified fault","Lithologic contact, intrusive margin, regional gravity processing artifact"
45,2674,510800.0,4504000.0,8.588603019714355,0.17665326595306396,"High gravity-gradient proxy with muted topographic slope; buried density boundary possible, NOT verified fault","Lithologic contact, intrusive margin, regional gravity processing artifact"
47,598,303200.0,4503800.0,7.088359355926514,0.04923029989004135,"High gravity-gradient proxy with muted topographic slope; buried density boundary possible, NOT verified fault","Lithologic contact, intrusive margin, regional gravity processing artifact"
47,601,303500.0,4503800.0,6.814396858215332,0.041289154440164566,"High gravity-gradient proxy with muted topographic slope; buried density boundary possible, NOT verified fault","Lithologic contact, intrusive margin, regional gravity processing artifact"
47,604,303800.0,4503800.0,6.540644645690918,0.039101049304008484,"High gravity-gradient proxy with muted topographic slope; buried density boundary possible, NOT verified fault","Lithologic contact, intrusive margin, regional gravity processing artifact"
47,607,304100.0,4503800.0,6.267102241516113,0.036967191845178604,"High gravity-gradient proxy with muted topographic slope; buried density boundary possible, NOT verified fault","Lithologic contact, intrusive margin, regional gravity processing artifact"
47,1489,392300.0,4503800.0,4.583497524261475,0.11179260909557343,"High gravity-gradient proxy with muted topographic slope; buried density boundary possible, NOT verified fault","Lithologic contact, intrusive margin, regional gravity processing artifact"
47,2657,509100.0,4503800.0,3.9350359439849854,0.039628636091947556,"High gravity-gradient proxy with muted topographic slope; buried density boundary possible, NOT verified fault","Lithologic contact, intrusive margin, regional gravity processing artifact"
47,2660,509400.0,4503800.0,5.14015007019043,0.05295930430293083,"High gravity-gradient proxy with muted topographic slope; buried density boundary possible, NOT verified fault","Lithologic contact, intrusive margin, regional gravity processing artifact"
47,2668,510200.0,4503800.0,7.629194259643555,0.20510157942771912,"High gravity-gradient proxy with muted topographic slope; buried density boundary possible, NOT verified fault","Lithologic contact, intrusive margin, regional gravity processing artifact"
48,2665,509900.0,4503700.0,6.882691383361816,0.07000451534986496,"High gravity-gradient proxy with muted topographic slope; buried density boundary possible, NOT verified fault","Lithologic contact, intrusive margin, regional gravity processing artifact"
48,2672,510600.0,4503700.0,8.160562515258789,0.21502837538719177,"High gravity-gradient proxy with muted topographic slope; buried density boundary possible, NOT verified fault","Lithologic contact, intrusive margin, regional gravity processing artifact"
48,2675,510900.0,4503700.0,8.660416603088379,0.12080702930688858,"High gravity-gradient proxy with muted topographic slope; buried density boundary possible, NOT verified fault","Lithologic contact, intrusive margin, regional gravity processing artifact"
50,597,303100.0,4503500.0,7.218648910522461,0.04890551045536995,"High gravity-gradient proxy with muted topographic slope; buried density boundary possible, NOT verified fault","Lithologic contact, intrusive margin, regional gravity processing artifact"
50,600,303400.0,4503500.0,7.094192028045654,0.042573630809783936,"High gravity-gradient proxy with muted topographic slope; buried density boundary possible, NOT verified fault","Lithologic contact, intrusive margin, regional gravity processing artifact"
50,603,303700.0,4503500.0,6.7766265869140625,0.04013131558895111,"High gravity-gradient proxy with muted topographic slope; buried density boundary possible, NOT verified fault","Lithologic contact, intrusive margin, regional gravity processing artifact"
50,606,304000.0,4503500.0,6.45927095413208,0.037979189306497574,"High gravity-gradient proxy with muted topographic slope; buried density boundary possible, NOT verified fault","Lithologic contact, intrusive margin, regional gravity processing artifact"
50,2659,509300.0,4503500.0,4.20289421081543,0.025252489373087883,"High gravity-gradient proxy with muted topographic slope; buried density boundary possible, NOT verified fault","Lithologic contact, intrusive margin, regional gravity processing artifact"
50,2662,509600.0,4503500.0,5.341776371002197,0.06319321691989899,"High gravity-gradient proxy with muted topographic slope; buried density boundary possible, NOT verified fault","Lithologic contact, intrusive margin, regional gravity processing artifact"
50,2668,510200.0,4503500.0,7.032627582550049,0.2372247576713562,"High gravity-gradient proxy with muted topographic slope; buried density boundary possible, NOT verified fault","Lithologic contact, intrusive margin, regional gravity processing artifact"
50,2679,511300.0,4503500.0,7.958401679992676,0.12346943467855453,"High gravity-gradient proxy with muted topographic slope; buried density boundary possible, NOT verified fault","Lithologic contact, intrusive margin, regional gravity processing artifact"
51,2665,509900.0,4503400.0,6.223510265350342,0.08417778462171555,"High gravity-gradient proxy with muted topographic slope; buried density boundary possible, NOT verified fault","Lithologic contact, intrusive margin, regional gravity processing artifact"
51,2673,510700.0,4503400.0,7.850902080535889,0.11742597818374634,"High gravity-gradient proxy with muted topographic slope; buried density boundary possible, NOT verified fault","Lithologic contact, intrusive margin, regional gravity processing artifact"
51,2676,511000.0,4503400.0,8.175741195678711,0.13251237571239471,"High gravity-gradient proxy with muted topographic slope; buried density boundary possible, NOT verified fault","Lithologic contact, intrusive margin, regional gravity processing artifact"
52,2682,511600.0,4503300.0,8.092021942138672,0.06993724405765533,"High gravity-gradient proxy with muted topographic slope; buried density boundary possible, NOT verified fault","Lithologic contact, intrusive margin, regional gravity processing artifact"
53,595,302900.0,4503200.0,7.16237211227417,0.04941381886601448,"High gravity-gradient proxy with muted topographic slope; buried density boundary possible, NOT verified fault","Lithologic contact, intrusive margin, regional gravity processing artifact"
53,598,303200.0,4503200.0,7.523545742034912,0.047030363231897354,"High gravity-gradient proxy with muted topographic slope; buried density boundary possible, NOT verified fault","Lithologic contact, intrusive margin, regional gravity processing artifact"
53,601,303500.0,4503200.0,7.162097454071045,0.041984930634498596,"High gravity-gradient proxy with muted topographic slope; buried density boundary possible, NOT verified fault","Lithologic contact, intrusive margin, regional gravity processing artifact"
53,604,303800.0,4503200.0,6.800858974456787,0.03981402888894081,"High gravity-gradient proxy with muted topographic slope; buried density boundary possible, NOT verified fault","Lithologic contact, intrusive margin, regional gravity processing artifact"
53,1636,407000.0,4503200.0,5.690793514251709,0.11501229554414749,"High gravity-gradient proxy with muted topographic slope; buried density boundary possible, NOT verified fault","Lithologic contact, intrusive margin, regional gravity processing artifact"
53,2659,509300.0,4503200.0,3.667346715927124,0.10180988162755966,"High gravity-gradient proxy with muted topographic slope; buried density boundary possible, NOT verified fault","Lithologic contact, intrusive margin, regional gravity processing artifact"
53,2662,509600.0,4503200.0,4.740005970001221,0.24730145931243896,"High gravity-gradient proxy with muted topographic slope; buried density boundary possible, NOT verified fault","Lithologic contact, intrusive margin, regional gravity processing artifact"
53,2668,510200.0,4503200.0,6.4360456466674805,0.09697826951742172,"High gravity-gradient proxy with muted topographic slope; buried density boundary possible, NOT verified fault","Lithologic contact, intrusive margin, regional gravity processing artifact"
53,2679,511300.0,4503200.0,8.152286529541016,0.11316205561161041,"High gravity-gradient proxy with muted topographic slope; buried density boundary possible, NOT verified fault","Lithologic contact, intrusive margin, regional gravity processing artifact"
54,2665,509900.0,4503100.0,5.5643134117126465,0.08058851957321167,"High gravity-gradient proxy with muted topographic slope; buried density boundary possible, NOT verified fault","Lithologic contact, intrusive margin, regional gravity processing artifact"
54,2671,510500.0,4503100.0,6.910067558288574,0.10427679866552353,"High gravity-gradient proxy with muted topographic slope; buried density boundary possible, NOT verified fault","Lithologic contact, intrusive margin, regional gravity processing artifact"
54,2674,510800.0,4503100.0,7.582968235015869,0.13178235292434692,"High gravity-gradient proxy with muted topographic slope; buried density boundary possible, NOT verified fault","Lithologic contact, intrusive margin, regional gravity processing artifact"
55,1639,407300.0,4503000.0,5.268094539642334,0.15829436480998993,"High gravity-gradient proxy with muted topographic slope; buried density boundary possible, NOT verified fault","Lithologic contact, intrusive margin, regional gravity processing artifact"
55,2682,511600.0,4503000.0,8.756617546081543,0.07434952259063721,"High gravity-gradient proxy with muted topographic slope; buried density boundary possible, NOT verified fault","Lithologic contact, intrusive margin, regional gravity processing artifact"
56,593,302700.0,4502900.0,7.133588790893555,0.031063543632626534,"High gravity-gradient proxy with muted topographic slope; buried density boundary possible, NOT verified fault","Lithologic contact, intrusive margin, regional gravity processing artifact"
56,596,303000.0,4502900.0,7.487441539764404,0.0291814673691988,"High gravity-gradient proxy with muted topographic slope; buried density boundary possible, NOT verified fault","Lithologic contact, intrusive margin, regional gravity processing artifact"
56,599,303300.0,4502900.0,7.479518890380859,0.027256149798631668,"High gravity-gradient proxy with muted topographic slope; buried density boundary possible, NOT verified fault","Lithologic contact, intrusive margin, regional gravity processing artifact"
56,1636,407000.0,4502900.0,6.406567573547363,0.12003838270902634,"High gravity-gradient proxy with muted topographic slope; buried density boundary possible, NOT verified fault","Lithologic contact, intrusive margin, regional gravity processing artifact"
56,2662,509600.0,4502900.0,4.13824462890625,0.05516442656517029,"High gravity-gradient proxy with muted topographic slope; buried density boundary possible, NOT verified fault","Lithologic contact, intrusive margin, regional gravity processing artifact"
56,2668,510200.0,4502900.0,5.839452743530273,0.0670553520321846,"High gravity-gradient proxy with muted topographic slope; buried density boundary possible, NOT verified fault","Lithologic contact, intrusive margin, regional gravity processing artifact"
56,2677,511100.0,4502900.0,7.924801349639893,0.1266750544309616,"High gravity-gradient proxy with muted topographic slope; buried density boundary possible, NOT verified fault","Lithologic contact, intrusive margin, regional gravity processing artifact"
57,1546,398000.0,4502800.0,4.01899528503418,0.09603945910930634,"High gravity-gradient proxy with muted topographic slope; buried density boundary possible, NOT verified fault","Lithologic contact, intrusive margin, regional gravity processing artifact"
57,1630,406400.0,4502800.0,6.43448543548584,0.32628071308135986,"High gravity-gradient proxy with muted topographic slope; buried density boundary possible, NOT verified fault","Lithologic contact, intrusive margin, regional gravity processing artifact"
57,1633,406700.0,4502800.0,6.575751781463623,0.17458437383174896,"High gravity-gradient proxy with muted topographic slope; buried density boundary possible, NOT verified fault","Lithologic contact, intrusive margin, regional gravity processing artifact"
57,2665,509900.0,4502800.0,4.902856349945068,0.10371014475822449,"High gravity-gradient proxy with muted topographic slope; buried density boundary possible, NOT verified fault","Lithologic contact, intrusive margin, regional gravity processing artifact"
57,2671,510500.0,4502800.0,6.359257698059082,0.12030632048845291,"High gravity-gradient proxy with muted topographic slope; buried density boundary possible, NOT verified fault","Lithologic contact, intrusive margin, regional gravity processing artifact"
57,2674,510800.0,4502800.0,7.0874552726745605,0.05537712946534157,"High gravity-gradient proxy with muted topographic slope; buried density boundary possible, NOT verified fault","Lithologic contact, intrusive margin, regional gravity processing artifact"
57,2685,511900.0,4502800.0,9.804176330566406,0.053415462374687195,"High gravity-gradient proxy with muted topographic slope; buried density boundary possible, NOT verified fault","Lithologic contact, intrusive margin, regional gravity processing artifact"
58,2682,511600.0,4502700.0,8.937010765075684,0.09867039322853088,"High gravity-gradient proxy with muted topographic slope; buried density boundary possible, NOT verified fault","Lithologic contact, intrusive margin, regional gravity processing artifact"
59,592,302600.0,4502600.0,7.270565509796143,0.030658727511763573,"High gravity-gradient proxy with muted topographic slope; buried density boundary possible, NOT verified fault","Lithologic contact, intrusive margin, regional gravity processing artifact"
59,595,302900.0,4502600.0,7.5172929763793945,0.02867993153631687,"High gravity-gradient proxy with muted topographic slope; buried density boundary possible, NOT verified fault","Lithologic contact, intrusive margin, regional gravity processing artifact"
59,598,303200.0,4502600.0,7.671319007873535,0.026673484593629837,"High gravity-gradient proxy with muted topographic slope; buried density boundary possible, NOT verified fault","Lithologic contact, intrusive margin, regional gravity processing artifact"
59,1636,407000.0,4502600.0,7.367126941680908,0.2748350203037262,"High gravity-gradient proxy with muted topographic slope; buried density boundary possible, NOT verified fault","Lithologic contact, intrusive margin, regional gravity processing artifact"
59,2662,509600.0,4502600.0,3.5342624187469482,0.08984388411045074,"High gravity-gradient proxy with muted topographic slope; buried density boundary possible, NOT verified fault","Lithologic contact, intrusive margin, regional gravity processing artifact"
59,2668,510200.0,4502600.0,5.170431613922119,0.143971249461174,"High gravity-gradient proxy with muted topographic slope; buried density boundary possible, NOT verified fault","Lithologic contact, intrusive margin, regional gravity processing artifact"
59,2677,511100.0,4502600.0,7.41008186340332,0.2725811004638672,"High gravity-gradient proxy with muted topographic slope; buried density boundary possible, NOT verified fault","Lithologic contact, intrusive margin, regional gravity processing artifact"
59,2688,512200.0,4502600.0,7.921638011932373,0.13560838997364044,"High gravity-gradient proxy with muted topographic slope; buried density boundary possible, NOT verified fault","Lithologic contact, intrusive margin, regional gravity processing artifact"
60,1546,398000.0,4502500.0,3.710752248764038,0.21122226119041443,"High gravity-gradient proxy with muted topographic slope; buried density boundary possible, NOT verified fault","Lithologic contact, intrusive margin, regional gravity processing artifact"
60,1633,406700.0,4502500.0,7.358753681182861,0.19968631863594055,"High gravity-gradient proxy with muted topographic slope; buried density boundary possible, NOT verified fault","Lithologic contact, intrusive margin, regional gravity processing artifact"
60,2665,509900.0,4502500.0,4.221337795257568,0.05675240978598595,"High gravity-gradient proxy with muted topographic slope; buried density boundary possible, NOT verified fault","Lithologic contact, intrusive margin, regional gravity processing artifact"
60,2671,510500.0,4502500.0,5.658897399902344,0.12976546585559845,"High gravity-gradient proxy with muted topographic slope; buried density boundary possible, NOT verified fault","Lithologic contact, intrusive margin, regional gravity processing artifact"
60,2674,510800.0,4502500.0,6.377673625946045,0.19985993206501007,"High gravity-gradient proxy with muted topographic slope; buried density boundary possible, NOT verified fault","Lithologic contact, intrusive margin, regional gravity processing artifact"
60,2685,511900.0,4502500.0,9.469571113586426,0.1359531432390213,"High gravity-gradient proxy with muted topographic slope; buried density boundary possible, NOT verified fault","Lithologic contact, intrusive margin, regional gravity processing artifact"
62,592,302600.0,4502300.0,7.5250444412231445,0.029739709571003914,"High gravity-gradient proxy with muted topographic slope; buried density boundary possible, NOT verified fault","Lithologic contact, intrusive margin, regional gravity processing artifact"
62,595,302900.0,4502300.0,7.664818286895752,0.027655601501464844,"High gravity-gradient proxy with muted topographic slope; buried density boundary possible, NOT verified fault","Lithologic contact, intrusive margin, regional gravity processing artifact"
62,2668,510200.0,4502300.0,4.479493618011475,0.1364648938179016,"High gravity-gradient proxy with muted topographic slope; buried density boundary possible, NOT verified fault","Lithologic contact, intrusive margin, regional gravity processing artifact"
62,2688,512200.0,4502300.0,7.888246536254883,0.14424152672290802,"High gravity-gradient proxy with muted topographic slope; buried density boundary possible, NOT verified fault","Lithologic contact, intrusive margin, regional gravity processing artifact"
62,2691,512500.0,4502300.0,6.5301127433776855,0.135000079870224,"High gravity-gradient proxy with muted topographic slope; buried density boundary possible, NOT verified fault","Lithologic contact, intrusive margin, regional gravity processing artifact"
63,2665,509900.0,4502200.0,3.539820671081543,0.08986644446849823,"High gravity-gradient proxy with muted topographic slope; buried density boundary possible, NOT verified fault","Lithologic contact, intrusive margin, regional gravity processing artifact"
63,2671,510500.0,4502200.0,4.95853853225708,0.13593043386936188,"High gravity-gradient proxy with muted topographic slope; buried density boundary possible, NOT verified fault","Lithologic contact, intrusive margin, regional gravity processing artifact"
63,2674,510800.0,4502200.0,5.66789436340332,0.26084768772125244,"High gravity-gradient proxy with muted topographic slope; buried density boundary possible, NOT verified fault","Lithologic contact, intrusive margin, regional gravity processing artifact"
64,2682,511600.0,4502100.0,8.039850234985352,0.14493273198604584,"High gravity-gradient proxy with muted topographic slope; buried density boundary possible, NOT verified fault","Lithologic contact, intrusive margin, regional gravity processing artifact"
64,2694,512800.0,4502100.0,5.551448822021484,0.13489826023578644,"High gravity-gradient proxy with muted topographic slope; buried density boundary possible, NOT verified fault","Lithologic contact, intrusive margin, regional gravity processing artifact"
65,590,302400.0,4502000.0,7.771644592285156,0.030392058193683624,"High gravity-gradient proxy with muted topographic slope; buried density boundary possible, NOT verified fault","Lithologic contact, intrusive margin, regional gravity processing artifact"
65,593,302700.0,4502000.0,7.8068084716796875,0.028283309191465378,"High gravity-gradient proxy with muted topographic slope; buried density boundary possible, NOT verified fault","Lithologic contact, intrusive margin, regional gravity processing artifact"
65,2668,510200.0,4502000.0,3.7885546684265137,0.13838757574558258,"High gravity-gradient proxy with muted topographic slope; buried density boundary possible, NOT verified fault","Lithologic contact, intrusive margin, regional gravity processing artifact"
65,2685,511900.0,4502000.0,8.911767959594727,0.13566084206104279,"High gravity-gradient proxy with muted topographic slope; buried density boundary possible, NOT verified fault","Lithologic contact, intrusive margin, regional gravity processing artifact"
65,2688,512200.0,4502000.0,7.854796886444092,0.1352628767490387,"High gravity-gradient proxy with muted topographic slope; buried density boundary possible, NOT verified fault","Lithologic contact, intrusive margin, regional gravity processing artifact"
65,2691,512500.0,4502000.0,6.797914505004883,0.13484178483486176,"High gravity-gradient proxy with muted topographic slope; buried density boundary possible, NOT verified fault","Lithologic contact, intrusive margin, regional gravity processing artifact"
65,2697,513100.0,4502000.0,4.273065090179443,0.265192449092865,"High gravity-gradient proxy with muted topographic slope; buried density boundary possible, NOT verified fault","Lithologic contact, intrusive margin, regional gravity processing artifact"
66,2671,510500.0,4501900.0,4.258177280426025,0.13676300644874573,"High gravity-gradient proxy with muted topographic slope; buried density boundary possible, NOT verified fault","Lithologic contact, intrusive margin, regional gravity processing artifact"
66,2674,510800.0,4501900.0,4.958111763000488,0.13755761086940765,"High gravity-gradient proxy with muted topographic slope; buried density boundary possible, NOT verified fault","Lithologic contact, intrusive margin, regional gravity processing artifact"
67,2677,511100.0,4501800.0,5.718308925628662,0.180622398853302,"High gravity-gradient proxy with muted topographic slope; buried density boundary possible, NOT verified fault","Lithologic contact, intrusive margin, regional gravity processing artifact"
67,2682,511600.0,4501800.0,7.551784515380859,0.9781262874603271,"High gravity-gradient proxy with muted topographic slope; buried density boundary possible, NOT verified fault","Lithologic contact, intrusive margin, regional gravity processing artifact"
67,2694,512800.0,4501800.0,6.0685811042785645,0.1342751681804657,"High gravity-gradient proxy with muted topographic slope; buried density boundary possible, NOT verified fault","Lithologic contact, intrusive margin, regional gravity processing artifact"
67,2767,520100.0,4501800.0,3.89023756980896,0.17708930373191833,"High gravity-gradient proxy with muted topographic slope; buried density boundary possible, NOT verified fault","Lithologic contact, intrusive margin, regional gravity processing artifact"
68,589,302300.0,4501700.0,8.172351837158203,0.030584946274757385,"High gravity-gradient proxy with muted topographic slope; buried density boundary possible, NOT verified fault","Lithologic contact, intrusive margin, regional gravity processing artifact"
68,592,302600.0,4501700.0,8.111594200134277,0.028379159048199654,"High gravity-gradient proxy with muted topographic slope; buried density boundary possible, NOT verified fault","Lithologic contact, intrusive margin, regional gravity processing artifact"
68,2686,512000.0,4501700.0,8.109672546386719,0.13534685969352722,"High gravity-gradient proxy with muted topographic slope; buried density boundary possible, NOT verified fault","Lithologic contact, intrusive margin, regional gravity processing artifact"
68,2689,512300.0,4501700.0,7.366145610809326,0.13494861125946045,"High gravity-gradient proxy with muted topographic slope; buried density boundary possible, NOT verified fault","Lithologic contact, intrusive margin, regional gravity processing artifact"
68,2697,513100.0,4501700.0,4.710720062255859,0.13333165645599365,"High gravity-gradient proxy with muted topographic slope; buried density boundary possible, NOT verified fault","Lithologic contact, intrusive margin, regional gravity processing artifact"
68,2762,519600.0,4501700.0,3.8149983882904053,0.044745683670043945,"High gravity-gradient proxy with muted topographic slope; buried density boundary possible, NOT verified fault","Lithologic contact, intrusive margin, regional gravity processing artifact"
69,2671,510500.0,4501600.0,3.6660563945770264,0.1402883678674698,"High gravity-gradient proxy with muted topographic slope; buried density boundary possible, NOT verified fault","Lithologic contact, intrusive margin, regional gravity processing artifact"
69,2674,510800.0,4501600.0,4.342888355255127,0.13736526668071747,"High gravity-gradient proxy with muted topographic slope; buried density boundary possible, NOT verified fault","Lithologic contact, intrusive margin, regional gravity processing artifact"
69,2756,519000.0,4501600.0,3.686458110809326,0.11858049035072327,"High gravity-gradient proxy with muted topographic slope; buried density boundary possible, NOT verified fault","Lithologic contact, intrusive margin, regional gravity processing artifact"
69,2759,519300.0,4501600.0,3.8415334224700928,0.053118348121643066,"High gravity-gradient proxy with muted topographic slope; buried density boundary possible, NOT verified fault","Lithologic contact, intrusive margin, regional gravity processing artifact"
69,2771,520500.0,4501600.0,3.33467435836792,0.0357077494263649,"High gravity-gradient proxy with muted topographic slope; buried density boundary possible, NOT verified fault","Lithologic contact, intrusive margin, regional gravity processing artifact"
70,586,302000.0,4501500.0,7.867824554443359,0.2848525941371918,"High gravity-gradient proxy with muted topographic slope; buried density boundary possible, NOT verified fault","Lithologic contact, intrusive margin, regional gravity processing artifact"
70,1481,391500.0,4501500.0,3.366624116897583,0.1370212733745575,"High gravity-gradient proxy with muted topographic slope; buried density boundary possible, NOT verified fault","Lithologic contact, intrusive margin, regional gravity processing artifact"
70,1484,391800.0,4501500.0,3.4941043853759766,0.13715192675590515,"High gravity-gradient proxy with muted topographic slope; buried density boundary possible, NOT verified fault","Lithologic contact, intrusive margin, regional gravity processing artifact"
70,1489,392300.0,4501500.0,3.2999165058135986,0.1380196213722229,"High gravity-gradient proxy with muted topographic slope; buried density boundary possible, NOT verified fault","Lithologic contact, intrusive margin, regional gravity processing artifact"
70,1646,408000.0,4501500.0,8.45349407196045,0.14858028292655945,"High gravity-gradient proxy with muted topographic slope; buried density boundary possible, NOT verified fault","Lithologic contact, intrusive margin, regional gravity processing artifact"
70,2677,511100.0,4501500.0,5.074589729309082,0.07161861658096313,"High gravity-gradient proxy with muted topographic slope; buried density boundary possible, NOT verified fault","Lithologic contact, intrusive margin, regional gravity processing artifact"
70,2680,511400.0,4501500.0,6.111504554748535,0.17341141402721405,"High gravity-gradient proxy with muted topographic slope; buried density boundary possible, NOT verified fault","Lithologic contact, intrusive margin, regional gravity processing artifact"
70,2683,511700.0,4501500.0,7.148401260375977,0.09726928174495697,"High gravity-gradient proxy with muted topographic slope; buried density boundary possible, NOT verified fault","Lithologic contact, intrusive margin, regional gravity processing artifact"
70,2694,512800.0,4501500.0,6.244251251220703,0.13413752615451813,"High gravity-gradient proxy with muted topographic slope; buried density boundary possible, NOT verified fault","Lithologic contact, intrusive margin, regional gravity processing artifact"
70,2765,519900.0,4501500.0,4.21508264541626,0.06290152668952942,"High gravity-gradient proxy with muted topographic slope; buried density boundary possible, NOT verified fault","Lithologic contact, intrusive margin, regional gravity processing artifact"
70,2768,520200.0,4501500.0,3.84326434135437,0.07895364612340927,"High gravity-gradient proxy with muted topographic slope; buried density boundary possible, NOT verified fault","Lithologic contact, intrusive margin, regional gravity processing artifact"
71,2686,512000.0,4501400.0,7.411859035491943,0.13156695663928986,"High gravity-gradient proxy with muted topographic slope; buried density boundary possible, NOT verified fault","Lithologic contact, intrusive margin, regional gravity processing artifact"
71,2697,513100.0,4501400.0,5.033215045928955,0.13974601030349731,"High gravity-gradient proxy with muted topographic slope; buried density boundary possible, NOT verified fault","Lithologic contact, intrusive margin, regional gravity processing artifact"
71,2752,518600.0,4501400.0,3.7738752365112305,0.11920161545276642,"High gravity-gradient proxy with muted topographic slope; buried density boundary possible, NOT verified fault","Lithologic contact, intrusive margin, regional gravity processing artifact"
71,2762,519600.0,4501400.0,4.359396934509277,0.17974993586540222,"High gravity-gradient proxy with muted topographic slope; buried density boundary possible, NOT verified fault","Lithologic contact, intrusive margin, regional gravity processing artifact"
72,2673,510700.0,4501300.0,3.5349156856536865,0.11235547810792923,"High gravity-gradient proxy with muted topographic slope; buried density boundary possible, NOT verified fault","Lithologic contact, intrusive margin, regional gravity processing artifact"
72,2700,513400.0,4501300.0,3.432546377182007,0.08661812543869019,"High gravity-gradient proxy with muted topographic slope; buried density boundary possible, NOT verified fault","Lithologic contact, intrusive margin, regional gravity processing artifact"
72,2755,518900.0,4501300.0,4.850403785705566,0.14100317656993866,"High gravity-gradient proxy with muted topographic slope; buried density boundary possible, NOT verified fault","Lithologic contact, intrusive margin, regional gravity processing artifact"
72,2758,519200.0,4501300.0,4.804625511169434,0.1818942278623581,"High gravity-gradient proxy with muted topographic slope; buried density boundary possible, NOT verified fault","Lithologic contact, intrusive margin, regional gravity processing artifact"
73,1481,391500.0,4501200.0,3.352212429046631,0.13704031705856323,"High gravity-gradient proxy with muted topographic slope; buried density boundary possible, NOT verified fault","Lithologic contact, intrusive margin, regional gravity processing artifact"
73,1484,391800.0,4501200.0,3.443011999130249,0.1371457725763321,"High gravity-gradient proxy with muted topographic slope; buried density boundary possible, NOT verified fault","Lithologic contact, intrusive margin, regional gravity processing artifact"
73,1487,392100.0,4501200.0,3.368359088897705,0.13731421530246735,"High gravity-gradient proxy with muted topographic slope; buried density boundary possible, NOT verified fault","Lithologic contact, intrusive margin, regional gravity processing artifact"
73,2676,511000.0,4501200.0,4.106297969818115,0.21147863566875458,"High gravity-gradient proxy with muted topographic slope; buried density boundary possible, NOT verified fault","Lithologic contact, intrusive margin, regional gravity processing artifact"
73,2679,511300.0,4501200.0,5.080042362213135,0.19919785857200623,"High gravity-gradient proxy with muted topographic slope; buried density boundary possible, NOT verified fault","Lithologic contact, intrusive margin, regional gravity processing artifact"
73,2682,511600.0,4501200.0,6.053769111633301,0.49856576323509216,"High gravity-gradient proxy with muted topographic slope; buried density boundary possible, NOT verified fault","Lithologic contact, intrusive margin, regional gravity processing artifact"
73,2766,520000.0,4501200.0,4.279033184051514,0.09072297066450119,"High gravity-gradient proxy with muted topographic slope; buried density boundary possible, NOT verified fault","Lithologic contact, intrusive margin, regional gravity processing artifact"
73,2769,520300.0,4501200.0,3.7863683700561523,0.19590650498867035,"High gravity-gradient proxy with muted topographic slope; buried density boundary possible, NOT verified fault","Lithologic contact, intrusive margin, regional gravity processing artifact"
74,2697,513100.0,4501100.0,5.35569953918457,0.08091767132282257,"High gravity-gradient proxy with muted topographic slope; buried density boundary possible, NOT verified fault","Lithologic contact, intrusive margin, regional gravity processing artifact"
74,2748,518200.0,4501100.0,4.149439811706543,0.09767764806747437,"High gravity-gradient proxy with muted topographic slope; buried density boundary possible, NOT verified fault","Lithologic contact, intrusive margin, regional gravity processing artifact"
74,2751,518500.0,4501100.0,4.821102619171143,0.18918628990650177,"High gravity-gradient proxy with muted topographic slope; buried density boundary possible, NOT verified fault","Lithologic contact, intrusive margin, regional gravity processing artifact"
74,2763,519700.0,4501100.0,4.759533882141113,0.17169538140296936,"High gravity-gradient proxy with muted topographic slope; buried density boundary possible, NOT verified fault","Lithologic contact, intrusive margin, regional gravity processing artifact"
75,2694,512800.0,4501000.0,6.5368876457214355,0.10494206845760345,"High gravity-gradient proxy with muted topographic slope; buried density boundary possible, NOT verified fault","Lithologic contact, intrusive margin, regional gravity processing artifact"
75,2700,513400.0,4501000.0,3.8053395748138428,0.1034470647573471,"High gravity-gradient proxy with muted topographic slope; buried density boundary possible, NOT verified fault","Lithologic contact, intrusive margin, regional gravity processing artifact"
75,2754,518800.0,4501000.0,5.9227681159973145,0.15276485681533813,"High gravity-gradient proxy with muted topographic slope; buried density boundary possible, NOT verified fault","Lithologic contact, intrusive margin, regional gravity processing artifact"
75,2757,519100.0,4501000.0,6.0029778480529785,0.06024633347988129,"High gravity-gradient proxy with muted topographic slope; buried density boundary possible, NOT verified fault","Lithologic contact, intrusive margin, regional gravity processing artifact"
75,2760,519400.0,4501000.0,5.4525041580200195,0.10945777595043182,"High gravity-gradient proxy with muted topographic slope; buried density boundary possible, NOT verified fault","Lithologic contact, intrusive margin, regional gravity processing artifact"
76,1481,391500.0,4500900.0,3.346306085586548,0.13335616886615753,"High gravity-gradient proxy with muted topographic slope; buried density boundary possible, NOT verified fault","Lithologic contact, intrusive margin, regional gravity processing artifact"
76,1484,391800.0,4500900.0,3.4030263423919678,0.13350407779216766,"High gravity-gradient proxy with muted topographic slope; buried density boundary possible, NOT verified fault","Lithologic contact, intrusive margin, regional gravity processing artifact"
76,1487,392100.0,4500900.0,3.322183609008789,0.1337004452943802,"High gravity-gradient proxy with muted topographic slope; buried density boundary possible, NOT verified fault","Lithologic contact, intrusive margin, regional gravity processing artifact"
76,2677,511100.0,4500900.0,3.787184715270996,0.14045536518096924,"High gravity-gradient proxy with muted topographic slope; buried density boundary possible, NOT verified fault","Lithologic contact, intrusive margin, regional gravity processing artifact"
76,2683,511700.0,4500900.0,5.6082916259765625,0.2453789860010147,"High gravity-gradient proxy with muted topographic slope; buried density boundary possible, NOT verified fault","Lithologic contact, intrusive margin, regional gravity processing artifact"
76,2766,520000.0,4500900.0,4.396291255950928,0.12419749796390533,"High gravity-gradient proxy with muted topographic slope; buried density boundary possible, NOT verified fault","Lithologic contact, intrusive margin, regional gravity processing artifact"
77,1478,391200.0,4500800.0,3.32702898979187,0.13321487605571747,"High gravity-gradient proxy with muted topographic slope; buried density boundary possible, NOT verified fault","Lithologic contact, intrusive margin, regional gravity processing artifact"
77,2691,512500.0,4500800.0,6.365525722503662,0.14767314493656158,"High gravity-gradient proxy with muted topographic slope; buried density boundary possible, NOT verified fault","Lithologic contact, intrusive margin, regional gravity processing artifact"
77,2697,513100.0,4500800.0,5.603453636169434,0.21582317352294922,"High gravity-gradient proxy with muted topographic slope; buried density boundary possible, NOT verified fault","Lithologic contact, intrusive margin, regional gravity processing artifact"
77,2751,518500.0,4500800.0,6.023626327514648,0.08422943949699402,"High gravity-gradient proxy with muted topographic slope; buried density boundary possible, NOT verified fault","Lithologic contact, intrusive margin, regional gravity processing artifact"
78,2680,511400.0,4500700.0,4.291074275970459,0.14372839033603668,"High gravity-gradient proxy with muted topographic slope; buried density boundary possible, NOT verified fault","Lithologic contact, intrusive margin, regional gravity processing artifact"
78,2694,512800.0,4500700.0,6.458264350891113,0.1478923112154007,"High gravity-gradient proxy with muted topographic slope; buried density boundary possible, NOT verified fault","Lithologic contact, intrusive margin, regional gravity processing artifact"
78,2700,513400.0,4500700.0,4.044015884399414,0.1756918877363205,"High gravity-gradient proxy with muted topographic slope; buried density boundary possible, NOT verified fault","Lithologic contact, intrusive margin, regional gravity processing artifact"
78,2743,517700.0,4500700.0,4.140812873840332,0.17207969725131989,"High gravity-gradient proxy with muted topographic slope; buried density boundary possible, NOT verified fault","Lithologic contact, intrusive margin, regional gravity processing artifact"
78,2755,518900.0,4500700.0,7.032013416290283,0.19717544317245483,"High gravity-gradient proxy with muted topographic slope; buried density boundary possible, NOT verified fault","Lithologic contact, intrusive margin, regional gravity processing artifact"
79,1482,391600.0,4500600.0,3.488246202468872,0.13340799510478973,"High gravity-gradient proxy with muted topographic slope; buried density boundary possible, NOT verified fault","Lithologic contact, intrusive margin, regional gravity processing artifact"
79,1485,391900.0,4500600.0,3.5529394149780273,0.1335451751947403,"High gravity-gradient proxy with muted topographic slope; buried density boundary possible, NOT verified fault","Lithologic contact, intrusive margin, regional gravity processing artifact"
79,1488,392200.0,4500600.0,3.406151533126831,0.1344582438468933,"High gravity-gradient proxy with muted topographic slope; buried density boundary possible, NOT verified fault","Lithologic contact, intrusive margin, regional gravity processing artifact"
79,2683,511700.0,4500600.0,4.939828395843506,0.05847959592938423,"High gravity-gradient proxy with muted topographic slope; buried density boundary possible, NOT verified fault","Lithologic contact, intrusive margin, regional gravity processing artifact"
79,2686,512000.0,4500600.0,5.5880446434021,0.09163832664489746,"High gravity-gradient proxy with muted topographic slope; buried density boundary possible, NOT verified fault","Lithologic contact, intrusive margin, regional gravity processing artifact"
79,2746,518000.0,4500600.0,5.925461769104004,0.21709580719470978,"High gravity-gradient proxy with muted topographic slope; buried density boundary possible, NOT verified fault","Lithologic contact, intrusive margin, regional gravity processing artifact"
79,2758,519200.0,4500600.0,6.468771934509277,0.1473294347524643,"High gravity-gradient proxy with muted topographic slope; buried density boundary possible, NOT verified fault","Lithologic contact, intrusive margin, regional gravity processing artifact"
79,2761,519500.0,4500600.0,5.503082752227783,0.04973289370536804,"High gravity-gradient proxy with muted topographic slope; buried density boundary possible, NOT verified fault","Lithologic contact, intrusive margin, regional gravity processing artifact"
80,1476,391000.0,4500500.0,3.394495725631714,0.1331353634595871,"High gravity-gradient proxy with muted topographic slope; buried density boundary possible, NOT verified fault","Lithologic contact, intrusive margin, regional gravity processing artifact"
80,1491,392500.0,4500500.0,3.2978367805480957,0.13461843132972717,"High gravity-gradient proxy with muted topographic slope; buried density boundary possible, NOT verified fault","Lithologic contact, intrusive margin, regional gravity processing artifact"
80,2691,512500.0,4500500.0,5.909495830535889,0.21357086300849915,"High gravity-gradient proxy with muted topographic slope; buried density boundary possible, NOT verified fault","Lithologic contact, intrusive margin, regional gravity processing artifact"
80,2697,513100.0,4500500.0,5.464157581329346,0.19769038259983063,"High gravity-gradient proxy with muted topographic slope; buried density boundary possible, NOT verified fault","Lithologic contact, intrusive margin, regional gravity processing artifact"
80,2749,518300.0,4500500.0,6.7206501960754395,0.3326353430747986,"High gravity-gradient proxy with muted topographic slope; buried density boundary possible, NOT verified fault","Lithologic contact, intrusive margin, regional gravity processing artifact"
80,2752,518600.0,4500500.0,7.030829906463623,0.3375421166419983,"High gravity-gradient proxy with muted topographic slope; buried density boundary possible, NOT verified fault","Lithologic contact, intrusive margin, regional gravity processing artifact"
81,2679,511300.0,4500400.0,3.4503557682037354,0.14874118566513062,"High gravity-gradient proxy with muted topographic slope; buried density boundary possible, NOT verified fault","Lithologic contact, intrusive margin, regional gravity processing artifact"
81,2694,512800.0,4500400.0,6.120352268218994,0.17006880044937134,"High gravity-gradient proxy with muted topographic slope; buried density boundary possible, NOT verified fault","Lithologic contact, intrusive margin, regional gravity processing artifact"
81,2700,513400.0,4500400.0,4.1460089683532715,0.1592361181974411,"High gravity-gradient proxy with muted topographic slope; buried density boundary possible, NOT verified fault","Lithologic contact, intrusive margin, regional gravity processing artifact"
81,2743,517700.0,4500400.0,5.441080093383789,0.22319819033145905,"High gravity-gradient proxy with muted topographic slope; buried density boundary possible, NOT verified fault","Lithologic contact, intrusive margin, regional gravity processing artifact"
81,2755,518900.0,4500400.0,7.49530029296875,0.14024309813976288,"High gravity-gradient proxy with muted topographic slope; buried density boundary possible, NOT verified fault","Lithologic contact, intrusive margin, regional gravity processing artifact"
82,1484,391800.0,4500300.0,3.659742593765259,0.13351702690124512,"High gravity-gradient proxy with muted topographic slope; buried density boundary possible, NOT verified fault","Lithologic contact, intrusive margin, regional gravity processing artifact"
82,2682,511600.0,4500300.0,4.035927772521973,0.17224867641925812,"High gravity-gradient proxy with muted topographic slope; buried density boundary possible, NOT verified fault","Lithologic contact, intrusive margin, regional gravity processing artifact"
82,2685,511900.0,4500300.0,4.801061630249023,0.13659563660621643,"High gravity-gradient proxy with muted topographic slope; buried density boundary possible, NOT verified fault","Lithologic contact, intrusive margin, regional gravity processing artifact"
82,2688,512200.0,4500300.0,5.2032470703125,0.12045901268720627,"High gravity-gradient proxy with muted topographic slope; buried density boundary possible, NOT verified fault","Lithologic contact, intrusive margin, regional gravity processing artifact"
82,2746,518000.0,4500300.0,7.380074977874756,0.18886752426624298,"High gravity-gradient proxy with muted topographic slope; buried density boundary possible, NOT verified fault","Lithologic contact, intrusive margin, regional gravity processing artifact"
82,2758,519200.0,4500300.0,6.638132095336914,0.14739423990249634,"High gravity-gradient proxy with muted topographic slope; buried density boundary possible, NOT verified fault","Lithologic contact, intrusive margin, regional gravity processing artifact"
82,2761,519500.0,4500300.0,5.386186599731445,0.21552108228206635,"High gravity-gradient proxy with muted topographic slope; buried density boundary possible, NOT verified fault","Lithologic contact, intrusive margin, regional gravity processing artifact"
83,2691,512500.0,4500200.0,5.453441619873047,0.05145885795354843,"High gravity-gradient proxy with muted topographic slope; buried density boundary possible, NOT verified fault","Lithologic contact, intrusive margin, regional gravity processing artifact"
83,2750,518400.0,4500200.0,7.838129997253418,0.2271006852388382,"High gravity-gradient proxy with muted topographic slope; buried density boundary possible, NOT verified fault","Lithologic contact, intrusive margin, regional gravity processing artifact"
84,2695,512900.0,4500100.0,5.942758083343506,0.2825319170951843,"High gravity-gradient proxy with muted topographic slope; buried density boundary possible, NOT verified fault","Lithologic contact, intrusive margin, regional gravity processing artifact"
84,2743,517700.0,4500100.0,6.741274833679199,0.06497450172901154,"High gravity-gradient proxy with muted topographic slope; buried density boundary possible, NOT verified fault","Lithologic contact, intrusive margin, regional gravity processing artifact"
84,2753,518700.0,4500100.0,8.045730590820312,0.2593599557876587,"High gravity-gradient proxy with muted topographic slope; buried density boundary possible, NOT verified fault","Lithologic contact, intrusive margin, regional gravity processing artifact"
85,1483,391700.0,4500000.0,3.761237621307373,0.13350234925746918,"High gravity-gradient proxy with muted topographic slope; buried density boundary possible, NOT verified fault","Lithologic contact, intrusive margin, regional gravity processing artifact"
85,2684,511800.0,4500000.0,3.8780744075775146,0.10581289976835251,"High gravity-gradient proxy with muted topographic slope; buried density boundary possible, NOT verified fault","Lithologic contact, intrusive margin, regional gravity processing artifact"
85,2688,512200.0,4500000.0,4.6290507316589355,0.18476970493793488,"High gravity-gradient proxy with muted topographic slope; buried density boundary possible, NOT verified fault","Lithologic contact, intrusive margin, regional gravity processing artifact"
85,2747,518100.0,4500000.0,8.754668235778809,0.1367679238319397,"High gravity-gradient proxy with muted topographic slope; buried density boundary possible, NOT verified fault","Lithologic contact, intrusive margin, regional gravity processing artifact"
86,2692,512600.0,4499900.0,5.183942794799805,0.18267923593521118,"High gravity-gradient proxy with muted topographic slope; buried density boundary possible, NOT verified fault","Lithologic contact, intrusive margin, regional gravity processing artifact"
86,2750,518400.0,4499900.0,8.852295875549316,0.11520636081695557,"High gravity-gradient proxy with muted topographic slope; buried density boundary possible, NOT verified fault","Lithologic contact, intrusive margin, regional gravity processing artifact"
87,2695,512900.0,4499800.0,5.641961097717285,0.21792539954185486,"High gravity-gradient proxy with muted topographic slope; buried density boundary possible, NOT verified fault","Lithologic contact, intrusive margin, regional gravity processing artifact"
87,2744,517800.0,4499800.0,8.516633987426758,0.35337767004966736,"High gravity-gradient proxy with muted topographic slope; buried density boundary possible, NOT verified fault","Lithologic contact, intrusive margin, regional gravity processing artifact"
88,577,301100.0,4499700.0,3.995671033859253,0.0651661604642868,"High gravity-gradient proxy with muted topographic slope; buried density boundary possible, NOT verified fault","Lithologic contact, intrusive margin, regional gravity processing artifact"
88,580,301400.0,4499700.0,5.734199523925781,0.09711913764476776,"High gravity-gradient proxy with muted topographic slope; buried density boundary possible, NOT verified fault","Lithologic contact, intrusive margin, regional gravity processing artifact"
88,583,301700.0,4499700.0,7.602133750915527,0.18529830873012543,"High gravity-gradient proxy with muted topographic slope; buried density boundary possible, NOT verified fault","Lithologic contact, intrusive margin, regional gravity processing artifact"
88,2685,511900.0,4499700.0,3.5280725955963135,0.17475678026676178,"High gravity-gradient proxy with muted topographic slope; buried density boundary possible, NOT verified fault","Lithologic contact, intrusive margin, regional gravity processing artifact"
88,2747,518100.0,4499700.0,9.3271484375,0.40597742795944214,"High gravity-gradient proxy with muted topographic slope; buried density boundary possible, NOT verified fault","Lithologic contact, intrusive margin, regional gravity processing artifact"
89,1487,392100.0,4499600.0,3.9534099102020264,0.13402000069618225,"High gravity-gradient proxy with muted topographic slope; buried density boundary possible, NOT verified fault","Lithologic contact, intrusive margin, regional gravity processing artifact"
89,2737,517100.0,4499600.0,3.782526731491089,0.0835980474948883,"High gravity-gradient proxy with muted topographic slope; buried density boundary possible, NOT verified fault","Lithologic contact, intrusive margin, regional gravity processing artifact"
89,2741,517500.0,4499600.0,6.474299430847168,0.23097167909145355,"High gravity-gradient proxy with muted topographic slope; buried density boundary possible, NOT verified fault","Lithologic contact, intrusive margin, regional gravity processing artifact"
89,2750,518400.0,4499600.0,8.928850173950195,0.1474054455757141,"High gravity-gradient proxy with muted topographic slope; buried density boundary possible, NOT verified fault","Lithologic contact, intrusive margin, regional gravity processing artifact"
90,2688,512200.0,4499500.0,3.845477819442749,0.1901913285255432,"High gravity-gradient proxy with muted topographic slope; buried density boundary possible, NOT verified fault","Lithologic contact, intrusive margin, regional gravity processing artifact"
90,2691,512500.0,4499500.0,4.482467174530029,0.1818332076072693,"High gravity-gradient proxy with muted topographic slope; buried density boundary possible, NOT verified fault","Lithologic contact, intrusive margin, regional gravity processing artifact"
90,2694,512800.0,4499500.0,5.119468688964844,0.20577935874462128,"High gravity-gradient proxy with muted topographic slope; buried density boundary possible, NOT verified fault","Lithologic contact, intrusive margin, regional gravity processing artifact"
90,2697,513100.0,4499500.0,4.910184860229492,0.14561915397644043,"High gravity-gradient proxy with muted topographic slope; buried density boundary possible, NOT verified fault","Lithologic contact, intrusive margin, regional gravity processing artifact"
90,2744,517800.0,4499500.0,8.481228828430176,0.1387431025505066,"High gravity-gradient proxy with muted topographic slope; buried density boundary possible, NOT verified fault","Lithologic contact, intrusive margin, regional gravity processing artifact"
91,578,301200.0,4499400.0,4.278565883636475,0.024432994425296783,"High gravity-gradient proxy with muted topographic slope; buried density boundary possible, NOT verified fault","Lithologic contact, intrusive margin, regional gravity processing artifact"
91,581,301500.0,4499400.0,6.348113059997559,0.36487260460853577,"High gravity-gradient proxy with muted topographic slope; buried density boundary possible, NOT verified fault","Lithologic contact, intrusive margin, regional gravity processing artifact"
91,2702,513600.0,4499400.0,3.816481828689575,0.15851156413555145,"High gravity-gradient proxy with muted topographic slope; buried density boundary possible, NOT verified fault","Lithologic contact, intrusive margin, regional gravity processing artifact"
91,2747,518100.0,4499400.0,9.209588050842285,0.34951210021972656,"High gravity-gradient proxy with muted topographic slope; buried density boundary possible, NOT verified fault","Lithologic contact, intrusive margin, regional gravity processing artifact"
92,1478,391200.0,4499300.0,3.901075839996338,0.13325117528438568,"High gravity-gradient proxy with muted topographic slope; buried density boundary possible, NOT verified fault","Lithologic contact, intrusive margin, regional gravity processing artifact"
92,2735,516900.0,4499300.0,3.188044786453247,0.05941173434257507,"High gravity-gradient proxy with muted topographic slope; buried density boundary possible, NOT verified fault","Lithologic contact, intrusive margin, regional gravity processing artifact"
92,2738,517200.0,4499300.0,4.852406024932861,0.16657733917236328,"High gravity-gradient proxy with muted topographic slope; buried density boundary possible, NOT verified fault","Lithologic contact, intrusive margin, regional gravity processing artifact"
92,2741,517500.0,4499300.0,6.6550774574279785,0.15162137150764465,"High gravity-gradient proxy with muted topographic slope; buried density boundary possible, NOT verified fault","Lithologic contact, intrusive margin, regional gravity processing artifact"
93,2690,512400.0,4499200.0,3.875368595123291,0.2231137603521347,"High gravity-gradient proxy with muted topographic slope; buried density boundary possible, NOT verified fault","Lithologic contact, intrusive margin, regional gravity processing artifact"
93,2693,512700.0,4499200.0,4.5631256103515625,0.12360168248414993,"High gravity-gradient proxy with muted topographic slope; buried density boundary possible, NOT verified fault","Lithologic contact, intrusive margin, regional gravity processing artifact"
93,2696,513000.0,4499200.0,4.8678693771362305,0.1018599197268486,"High gravity-gradient proxy with muted topographic slope; buried density boundary possible, NOT verified fault","Lithologic contact, intrusive margin, regional gravity processing artifact"
93,2699,513300.0,4499200.0,4.3515543937683105,0.1391524374485016,"High gravity-gradient proxy with muted topographic slope; buried density boundary possible, NOT verified fault","Lithologic contact, intrusive margin, regional gravity processing artifact"
93,2705,513900.0,4499200.0,3.319063901901245,0.10499688982963562,"High gravity-gradient proxy with muted topographic slope; buried density boundary possible, NOT verified fault","Lithologic contact, intrusive margin, regional gravity processing artifact"
93,2744,517800.0,4499200.0,8.445884704589844,0.14129377901554108,"High gravity-gradient proxy with muted topographic slope; buried density boundary possible, NOT verified fault","Lithologic contact, intrusive margin, regional gravity processing artifact"
93,2750,518400.0,4499200.0,8.830145835876465,0.17715232074260712,"High gravity-gradient proxy with muted topographic slope; buried density boundary possible, NOT verified fault","Lithologic contact, intrusive margin, regional gravity processing artifact"
94,432,286600.0,4499100.0,5.507094860076904,0.15562942624092102,"High gravity-gradient proxy with muted topographic slope; buried density boundary possible, NOT verified fault","Lithologic contact, intrusive margin, regional gravity processing artifact"
94,435,286900.0,4499100.0,6.273257732391357,0.263884961605072,"High gravity-gradient proxy with muted topographic slope; buried density boundary possible, NOT verified fault","Lithologic contact, intrusive margin, regional gravity processing artifact"
94,578,301200.0,4499100.0,4.064579486846924,0.07603619992733002,"High gravity-gradient proxy with muted topographic slope; buried density boundary possible, NOT verified fault","Lithologic contact, intrusive margin, regional gravity processing artifact"
94,1475,390900.0,4499100.0,3.8528265953063965,0.15883751213550568,"High gravity-gradient proxy with muted topographic slope; buried density boundary possible, NOT verified fault","Lithologic contact, intrusive margin, regional gravity processing artifact"
94,2702,513600.0,4499100.0,3.844681739807129,0.1067872941493988,"High gravity-gradient proxy with muted topographic slope; buried density boundary possible, NOT verified fault","Lithologic contact, intrusive margin, regional gravity processing artifact"
95,1478,391200.0,4499000.0,4.019254684448242,0.12514126300811768,"High gravity-gradient proxy with muted topographic slope; buried density boundary possible, NOT verified fault","Lithologic contact, intrusive margin, regional gravity processing artifact"
95,2737,517100.0,4499000.0,4.720527172088623,0.2203800231218338,"High gravity-gradient proxy with muted topographic slope; buried density boundary possible, NOT verified fault","Lithologic contact, intrusive margin, regional gravity processing artifact"
95,2740,517400.0,4499000.0,6.307085037231445,0.36203324794769287,"High gravity-gradient proxy with muted topographic slope; buried density boundary possible, NOT verified fault","Lithologic contact, intrusive margin, regional gravity processing artifact"
96,1519,395300.0,4498900.0,3.3486664295196533,0.05968164652585983,"High gravity-gradient proxy with muted topographic slope; buried density boundary possible, NOT verified fault","Lithologic contact, intrusive margin, regional gravity processing artifact"
96,2690,512400.0,4498900.0,3.480588674545288,0.253334641456604,"High gravity-gradient proxy with muted topographic slope; buried density boundary possible, NOT verified fault","Lithologic contact, intrusive margin, regional gravity processing artifact"
96,2693,512700.0,4498900.0,4.219106197357178,0.14774128794670105,"High gravity-gradient proxy with muted topographic slope; buried density boundary possible, NOT verified fault","Lithologic contact, intrusive margin, regional gravity processing artifact"
96,2696,513000.0,4498900.0,4.604885101318359,0.15148042142391205,"High gravity-gradient proxy with muted topographic slope; buried density boundary possible, NOT verified fault","Lithologic contact, intrusive margin, regional gravity processing artifact"
96,2699,513300.0,4498900.0,4.234151363372803,0.17055851221084595,"High gravity-gradient proxy with muted topographic slope; buried density boundary possible, NOT verified fault","Lithologic contact, intrusive margin, regional gravity processing artifact"
96,2705,513900.0,4498900.0,3.4928245544433594,0.1212085634469986,"High gravity-gradient proxy with muted topographic slope; buried density boundary possible, NOT verified fault","Lithologic contact, intrusive margin, regional gravity processing artifact"
96,2734,516800.0,4498900.0,3.7063701152801514,0.15988287329673767,"High gravity-gradient proxy with muted topographic slope; buried density boundary possible, NOT verified fault","Lithologic contact, intrusive margin, regional gravity processing artifact"
96,2746,518000.0,4498900.0,9.099470138549805,0.22760415077209473,"High gravity-gradient proxy with muted topographic slope; buried density boundary possible, NOT verified fault","Lithologic contact, intrusive margin, regional gravity processing artifact"
96,2749,518300.0,4498900.0,8.841940879821777,0.16070556640625,"High gravity-gradient proxy with muted topographic slope; buried density boundary possible, NOT verified fault","Lithologic contact, intrusive margin, regional gravity processing artifact"
97,431,286500.0,4498800.0,5.277100086212158,0.16342595219612122,"High gravity-gradient proxy with muted topographic slope; buried density boundary possible, NOT verified fault","Lithologic contact, intrusive margin, regional gravity processing artifact"
97,434,286800.0,4498800.0,6.109279155731201,0.2602481245994568,"High gravity-gradient proxy with muted topographic slope; buried density boundary possible, NOT verified fault","Lithologic contact, intrusive margin, regional gravity processing artifact"
97,578,301200.0,4498800.0,3.538490056991577,0.19256390631198883,"High gravity-gradient proxy with muted topographic slope; buried density boundary possible, NOT verified fault","Lithologic contact, intrusive margin, regional gravity processing artifact"
97,1474,390800.0,4498800.0,3.861567735671997,0.14642253518104553,"High gravity-gradient proxy with muted topographic slope; buried density boundary possible, NOT verified fault","Lithologic contact, intrusive margin, regional gravity processing artifact"
97,2702,513600.0,4498800.0,3.8302857875823975,0.157094344496727,"High gravity-gradient proxy with muted topographic slope; buried density boundary possible, NOT verified fault","Lithologic contact, intrusive margin, regional gravity processing artifact"
98,1471,390500.0,4498700.0,3.627800226211548,0.1836128979921341,"High gravity-gradient proxy with muted topographic slope; buried density boundary possible, NOT verified fault","Lithologic contact, intrusive margin, regional gravity processing artifact"
98,1477,391100.0,4498700.0,4.0736236572265625,0.12433580309152603,"High gravity-gradient proxy with muted topographic slope; buried density boundary possible, NOT verified fault","Lithologic contact, intrusive margin, regional gravity processing artifact"
98,1480,391400.0,4498700.0,4.215654373168945,0.135599747300148,"High gravity-gradient proxy with muted topographic slope; buried density boundary possible, NOT verified fault","Lithologic contact, intrusive margin, regional gravity processing artifact"
98,1495,392900.0,4498700.0,4.384529113769531,0.1308005303144455,"High gravity-gradient proxy with muted topographic slope; buried density boundary possible, NOT verified fault","Lithologic contact, intrusive margin, regional gravity processing artifact"
98,1498,393200.0,4498700.0,4.234564304351807,0.13099603354930878,"High gravity-gradient proxy with muted topographic slope; buried density boundary possible, NOT verified fault","Lithologic contact, intrusive margin, regional gravity processing artifact"
99,1492,392600.0,4498600.0,4.465446472167969,0.1275060474872589,"High gravity-gradient proxy with muted topographic slope; buried density boundary possible, NOT verified fault","Lithologic contact, intrusive margin, regional gravity processing artifact"
99,2693,512700.0,4498600.0,3.8118577003479004,0.14512662589550018,"High gravity-gradient proxy with muted topographic slope; buried density boundary possible, NOT verified fault","Lithologic contact, intrusive margin, regional gravity processing artifact"
99,2696,513000.0,4498600.0,4.21605110168457,0.18896540999412537,"High gravity-gradient proxy with muted topographic slope; buried density boundary possible, NOT verified fault","Lithologic contact, intrusive margin, regional gravity processing artifact"
99,2699,513300.0,4498600.0,3.9685206413269043,0.09911027550697327,"High gravity-gradient proxy with muted topographic slope; buried density boundary possible, NOT verified fault","Lithologic contact, intrusive margin, regional gravity processing artifact"
99,2705,513900.0,4498600.0,3.473573684692383,0.09968890994787216,"High gravity-gradient proxy with muted topographic slope; buried density boundary possible, NOT verified fault","Lithologic contact, intrusive margin, regional gravity processing artifact"
99,2735,516900.0,4498600.0,4.241731643676758,0.030293522402644157,"High gravity-gradient proxy with muted topographic slope; buried density boundary possible, NOT verified fault","Lithologic contact, intrusive margin, regional gravity processing artifact"
99,2738,517200.0,4498600.0,5.537018775939941,0.2114296555519104,"High gravity-gradient proxy with muted topographic slope; buried density boundary possible, NOT verified fault","Lithologic contact, intrusive margin, regional gravity processing artifact"
99,2741,517500.0,4498600.0,6.915904998779297,0.18101735413074493,"High gravity-gradient proxy with muted topographic slope; buried density boundary possible, NOT verified fault","Lithologic contact, intrusive margin, regional gravity processing artifact"
99,2745,517900.0,4498600.0,8.754339218139648,0.2169034779071808,"High gravity-gradient proxy with muted topographic slope; buried density boundary possible, NOT verified fault","Lithologic contact, intrusive margin, regional gravity processing artifact"
99,2748,518200.0,4498600.0,8.91542911529541,0.1686183661222458,"High gravity-gradient proxy with muted topographic slope; buried density boundary possible, NOT verified fault","Lithologic contact, intrusive margin, regional gravity processing artifact"
99,2751,518500.0,4498600.0,8.857514381408691,0.4941139817237854,"High gravity-gradient proxy with muted topographic slope; buried density boundary possible, NOT verified fault","Lithologic contact, intrusive margin, regional gravity processing artifact"
100,430,286400.0,4498500.0,5.003352165222168,0.15785400569438934,"High gravity-gradient proxy with muted topographic slope; buried density boundary possible, NOT verified fault","Lithologic contact, intrusive margin, regional gravity processing artifact"
100,433,286700.0,4498500.0,5.901546478271484,0.18858838081359863,"High gravity-gradient proxy with muted topographic slope; buried density boundary possible, NOT verified fault","Lithologic contact, intrusive margin, regional gravity processing artifact"
100,1467,390100.0,4498500.0,3.3262577056884766,0.13321056962013245,"High gravity-gradient proxy with muted topographic slope; buried density boundary possible, NOT verified fault","Lithologic contact, intrusive margin, regional gravity processing artifact"
100,2702,513600.0,4498500.0,3.666395425796509,0.13062724471092224,"High gravity-gradient proxy with muted topographic slope; buried density boundary possible, NOT verified fault","Lithologic contact, intrusive margin, regional gravity processing artifact"
100,2732,516600.0,4498500.0,3.6351001262664795,0.15611475706100464,"High gravity-gradient proxy with muted topographic slope; buried density boundary possible, NOT verified fault","Lithologic contact, intrusive margin, regional gravity processing artifact"
101,1470,390400.0,4498400.0,3.617659568786621,0.0799902081489563,"High gravity-gradient proxy with muted topographic slope; buried density boundary possible, NOT verified fault","Lithologic contact, intrusive margin, regional gravity processing artifact"
101,1473,390700.0,4498400.0,3.8851683139801025,0.2134726494550705,"High gravity-gradient proxy with muted topographic slope; buried density boundary possible, NOT verified fault","Lithologic contact, intrusive margin, regional gravity processing artifact"
101,1478,391200.0,4498400.0,4.218326568603516,0.18299588561058044,"High gravity-gradient proxy with muted topographic slope; buried density boundary possible, NOT verified fault","Lithologic contact, intrusive margin, regional gravity processing artifact"
101,1481,391500.0,4498400.0,4.371461868286133,0.1499107927083969,"High gravity-gradient proxy with muted topographic slope; buried density boundary possible, NOT verified fault","Lithologic contact, intrusive margin, regional gravity processing artifact"
101,1495,392900.0,4498400.0,4.582175254821777,0.13263583183288574,"High gravity-gradient proxy with muted topographic slope; buried density boundary possible, NOT verified fault","Lithologic contact, intrusive margin, regional gravity processing artifact"
101,1498,393200.0,4498400.0,4.458587646484375,0.13447856903076172,"High gravity-gradient proxy with muted topographic slope; buried density boundary possible, NOT verified fault","Lithologic contact, intrusive margin, regional gravity processing artifact"
102,427,286100.0,4498300.0,4.063486576080322,0.13511845469474792,"High gravity-gradient proxy with muted topographic slope; buried density boundary possible, NOT verified fault","Lithologic contact, intrusive margin, regional gravity processing artifact"
102,436,287000.0,4498300.0,6.8898725509643555,0.28186336159706116,"High gravity-gradient proxy with muted topographic slope; buried density boundary possible, NOT verified fault","Lithologic contact, intrusive margin, regional gravity processing artifact"
102,1492,392600.0,4498300.0,4.64061164855957,0.11836932599544525,"High gravity-gradient proxy with muted topographic slope; buried density boundary possible, NOT verified fault","Lithologic contact, intrusive margin, regional gravity processing artifact"
102,2693,512700.0,4498300.0,3.3966305255889893,0.13590407371520996,"High gravity-gradient proxy with muted topographic slope; buried density boundary possible, NOT verified fault","Lithologic contact, intrusive margin, regional gravity processing artifact"
102,2696,513000.0,4498300.0,3.811323881149292,0.16275332868099213,"High gravity-gradient proxy with muted topographic slope; buried density boundary possible, NOT verified fault","Lithologic contact, intrusive margin, regional gravity processing artifact"
102,2699,513300.0,4498300.0,3.6842033863067627,0.20113472640514374,"High gravity-gradient proxy with muted topographic slope; buried density boundary possible, NOT verified fault","Lithologic contact, intrusive margin, regional gravity processing artifact"
103,430,286400.0,4498200.0,5.0072922706604,0.1474398821592331,"High gravity-gradient proxy with muted topographic slope; buried density boundary possible, NOT verified fault","Lithologic contact, intrusive margin, regional gravity processing artifact"
103,433,286700.0,4498200.0,5.971388339996338,0.19330933690071106,"High gravity-gradient proxy with muted topographic slope; buried density boundary possible, NOT verified fault","Lithologic contact, intrusive margin, regional gravity processing artifact"
103,1467,390100.0,4498200.0,3.397899866104126,0.130417138338089,"High gravity-gradient proxy with muted topographic slope; buried density boundary possible, NOT verified fault","Lithologic contact, intrusive margin, regional gravity processing artifact"
103,2702,513600.0,4498200.0,3.502479314804077,0.13762453198432922,"High gravity-gradient proxy with muted topographic slope; buried density boundary possible, NOT verified fault","Lithologic contact, intrusive margin, regional gravity processing artifact"
103,2731,516500.0,4498200.0,3.7386322021484375,0.07736324518918991,"High gravity-gradient proxy with muted topographic slope; buried density boundary possible, NOT verified fault","Lithologic contact, intrusive margin, regional gravity processing artifact"
103,2744,517800.0,4498200.0,8.127159118652344,0.24994142353534698,"High gravity-gradient proxy with muted topographic slope; buried density boundary possible, NOT verified fault","Lithologic contact, intrusive margin, regional gravity processing artifact"
104,1470,390400.0,4498100.0,3.6948511600494385,0.11934883147478104,"High gravity-gradient proxy with muted topographic slope; buried density boundary possible, NOT verified fault","Lithologic contact, intrusive margin, regional gravity processing artifact"
104,1480,391400.0,4498100.0,4.425204753875732,0.15313251316547394,"High gravity-gradient proxy with muted topographic slope; buried density boundary possible, NOT verified fault","Lithologic contact, intrusive margin, regional gravity processing artifact"
104,1483,391700.0,4498100.0,4.58943510055542,0.24115706980228424,"High gravity-gradient proxy with muted topographic slope; buried density boundary possible, NOT verified fault","Lithologic contact, intrusive margin, regional gravity processing artifact"
104,1489,392300.0,4498100.0,4.734900951385498,0.13161025941371918,"High gravity-gradient proxy with muted topographic slope; buried density boundary possible, NOT verified fault","Lithologic contact, intrusive margin, regional gravity processing artifact"
104,1495,392900.0,4498100.0,4.7798590660095215,0.13105764985084534,"High gravity-gradient proxy with muted topographic slope; buried density boundary possible, NOT verified fault","Lithologic contact, intrusive margin, regional gravity processing artifact"
104,1498,393200.0,4498100.0,4.6826558113098145,0.13266661763191223,"High gravity-gradient proxy with muted topographic slope; buried density boundary possible, NOT verified fault","Lithologic contact, intrusive margin, regional gravity processing artifact"
104,2741,517500.0,4498100.0,6.915858745574951,0.18753355741500854,"High gravity-gradient proxy with muted topographic slope; buried density boundary possible, NOT verified fault","Lithologic contact, intrusive margin, regional gravity processing artifact"
105,424,285800.0,4498000.0,3.469062089920044,0.15831038355827332,"High gravity-gradient proxy with muted topographic slope; buried density boundary possible, NOT verified fault","Lithologic contact, intrusive margin, regional gravity processing artifact"
105,427,286100.0,4498000.0,4.0508198738098145,0.16159673035144806,"High gravity-gradient proxy with muted topographic slope; buried density boundary possible, NOT verified fault","Lithologic contact, intrusive margin, regional gravity processing artifact"
105,1492,392600.0,4498000.0,4.81581449508667,0.12648308277130127,"High gravity-gradient proxy with muted topographic slope; buried density boundary possible, NOT verified fault","Lithologic contact, intrusive margin, regional gravity processing artifact"
105,2699,513300.0,4498000.0,3.3998610973358154,0.08459629863500595,"High gravity-gradient proxy with muted topographic slope; buried density boundary possible, NOT verified fault","Lithologic contact, intrusive margin, regional gravity processing artifact"
105,2707,514100.0,4498000.0,3.3140006065368652,0.16376079618930817,"High gravity-gradient proxy with muted topographic slope; buried density boundary possible, NOT verified fault","Lithologic contact, intrusive margin, regional gravity processing artifact"
105,2728,516200.0,4498000.0,3.383664131164551,0.09686137735843658,"High gravity-gradient proxy with muted topographic slope; buried density boundary possible, NOT verified fault","Lithologic contact, intrusive margin, regional gravity processing artifact"
106,430,286400.0,4497900.0,4.911582946777344,0.16180488467216492,"High gravity-gradient proxy with muted topographic slope; buried density boundary possible, NOT verified fault","Lithologic contact, intrusive margin, regional gravity processing artifact"
106,433,286700.0,4497900.0,5.761153221130371,0.1489509642124176,"High gravity-gradient proxy with muted topographic slope; buried density boundary possible, NOT verified fault","Lithologic contact, intrusive margin, regional gravity processing artifact"
106,2702,513600.0,4497900.0,3.3385374546051025,0.21316321194171906,"High gravity-gradient proxy with muted topographic slope; buried density boundary possible, NOT verified fault","Lithologic contact, intrusive margin, regional gravity processing artifact"
106,2731,516500.0,4497900.0,4.071505546569824,0.12137041240930557,"High gravity-gradient proxy with muted topographic slope; buried density boundary possible, NOT verified fault","Lithologic contact, intrusive margin, regional gravity processing artifact"
106,2744,517800.0,4497900.0,8.001514434814453,0.06761565059423447,"High gravity-gradient proxy with muted topographic slope; buried density boundary possible, NOT verified fault","Lithologic contact, intrusive margin, regional gravity processing artifact"
107,1477,391100.0,4497800.0,4.349549293518066,0.15783125162124634,"High gravity-gradient proxy with muted topographic slope; buried density boundary possible, NOT verified fault","Lithologic contact, intrusive margin, regional gravity processing artifact"
107,1480,391400.0,4497800.0,4.523611068725586,0.14132079482078552,"High gravity-gradient proxy with muted topographic slope; buried density boundary possible, NOT verified fault","Lithologic contact, intrusive margin, regional gravity processing artifact"
107,1483,391700.0,4497800.0,4.6976518630981445,0.1444084495306015,"High gravity-gradient proxy with muted topographic slope; buried density boundary possible, NOT verified fault","Lithologic contact, intrusive margin, regional gravity processing artifact"
107,1488,392200.0,4497800.0,4.852289199829102,0.14852462708950043,"High gravity-gradient proxy with muted topographic slope; buried density boundary possible, NOT verified fault","Lithologic contact, intrusive margin, regional gravity processing artifact"
107,1495,392900.0,4497800.0,4.9290080070495605,0.13120214641094208,"High gravity-gradient proxy with muted topographic slope; buried density boundary possible, NOT verified fault","Lithologic contact, intrusive margin, regional gravity processing artifact"
107,1498,393200.0,4497800.0,4.847477912902832,0.13594193756580353,"High gravity-gradient proxy with muted topographic slope; buried density boundary possible, NOT verified fault","Lithologic contact, intrusive margin, regional gravity processing artifact"
107,2741,517500.0,4497800.0,6.928972244262695,0.09197071194648743,"High gravity-gradient proxy with muted topographic slope; buried density boundary possible, NOT verified fault","Lithologic contact, intrusive margin, regional gravity processing artifact"
108,424,285800.0,4497700.0,3.576371908187866,0.1334472894668579,"High gravity-gradient proxy with muted topographic slope; buried density boundary possible, NOT verified fault","Lithologic contact, intrusive margin, regional gravity processing artifact"
108,427,286100.0,4497700.0,4.086572170257568,0.14532802999019623,"High gravity-gradient proxy with muted topographic slope; buried density boundary possible, NOT verified fault","Lithologic contact, intrusive margin, regional gravity processing artifact"
108,1491,392500.0,4497700.0,4.918544292449951,0.13084252178668976,"High gravity-gradient proxy with muted topographic slope; buried density boundary possible, NOT verified fault","Lithologic contact, intrusive margin, regional gravity processing artifact"
108,2705,513900.0,4497700.0,3.321579933166504,0.15603266656398773,"High gravity-gradient proxy with muted topographic slope; buried density boundary possible, NOT verified fault","Lithologic contact, intrusive margin, regional gravity processing artifact"
108,2708,514200.0,4497700.0,3.2880845069885254,0.11935971677303314,"High gravity-gradient proxy with muted topographic slope; buried density boundary possible, NOT verified fault","Lithologic contact, intrusive margin, regional gravity processing artifact"
108,2728,516200.0,4497700.0,3.7334046363830566,0.23456893861293793,"High gravity-gradient proxy with muted topographic slope; buried density boundary possible, NOT verified fault","Lithologic contact, intrusive margin, regional gravity processing artifact"
109,430,286400.0,4497600.0,4.79537296295166,0.16154584288597107,"High gravity-gradient proxy with muted topographic slope; buried density boundary possible, NOT verified fault","Lithologic contact, intrusive margin, regional gravity processing artifact"
109,2731,516500.0,4497600.0,4.370614051818848,0.07965803891420364,"High gravity-gradient proxy with muted topographic slope; buried density boundary possible, NOT verified fault","Lithologic contact, intrusive margin, regional gravity processing artifact"
109,2745,517900.0,4497600.0,8.255138397216797,0.15995532274246216,"High gravity-gradient proxy with muted topographic slope; buried density boundary possible, NOT verified fault","Lithologic contact, intrusive margin, regional gravity processing artifact"
110,1474,390800.0,4497500.0,4.2140583992004395,0.4832497835159302,"High gravity-gradient proxy with muted topographic slope; buried density boundary possible, NOT verified fault","Lithologic contact, intrusive margin, regional gravity processing artifact"
110,1477,391100.0,4497500.0,4.432802677154541,0.11127068102359772,"High gravity-gradient proxy with muted topographic slope; buried density boundary possible, NOT verified fault","Lithologic contact, intrusive margin, regional gravity processing artifact"
110,1480,391400.0,4497500.0,4.61524772644043,0.12705327570438385,"High gravity-gradient proxy with muted topographic slope; buried density boundary possible, NOT verified fault","Lithologic contact, intrusive margin, regional gravity processing artifact"
110,1483,391700.0,4497500.0,4.797671794891357,0.12824860215187073,"High gravity-gradient proxy with muted topographic slope; buried density boundary possible, NOT verified fault","Lithologic contact, intrusive margin, regional gravity processing artifact"
110,1486,392000.0,4497500.0,4.9353508949279785,0.1292610466480255,"High gravity-gradient proxy with muted topographic slope; buried density boundary possible, NOT verified fault","Lithologic contact, intrusive margin, regional gravity processing artifact"
110,1494,392800.0,4497500.0,5.015286445617676,0.13042467832565308,"High gravity-gradient proxy with muted topographic slope; buried density boundary possible, NOT verified fault","Lithologic contact, intrusive margin, regional gravity processing artifact"
110,1497,393100.0,4497500.0,4.975999355316162,0.12775452435016632,"High gravity-gradient proxy with muted topographic slope; buried density boundary possible, NOT verified fault","Lithologic contact, intrusive margin, regional gravity processing artifact"
110,1500,393400.0,4497500.0,4.890293121337891,0.12233063578605652,"High gravity-gradient proxy with muted topographic slope; buried density boundary possible, NOT verified fault","Lithologic contact, intrusive margin, regional gravity processing artifact"
110,2725,515900.0,4497500.0,3.464212417602539,0.1561344563961029,"High gravity-gradient proxy with muted topographic slope; buried density boundary possible, NOT verified fault","Lithologic contact, intrusive margin, regional gravity processing artifact"
110,2741,517500.0,4497500.0,6.980595111846924,0.7003270387649536,"High gravity-gradient proxy with muted topographic slope; buried density boundary possible, NOT verified fault","Lithologic contact, intrusive margin, regional gravity processing artifact"
111,422,285600.0,4497400.0,3.4349403381347656,0.14761227369308472,"High gravity-gradient proxy with muted topographic slope; buried density boundary possible, NOT verified fault","Lithologic contact, intrusive margin, regional gravity processing artifact"
111,1489,392300.0,4497400.0,4.9993438720703125,0.13070149719715118,"High gravity-gradient proxy with muted topographic slope; buried density boundary possible, NOT verified fault","Lithologic contact, intrusive margin, regional gravity processing artifact"
111,2708,514200.0,4497400.0,3.2863194942474365,0.18460455536842346,"High gravity-gradient proxy with muted topographic slope; buried density boundary possible, NOT verified fault","Lithologic contact, intrusive margin, regional gravity processing artifact"
111,2721,515500.0,4497400.0,3.4948337078094482,0.15622170269489288,"High gravity-gradient proxy with muted topographic slope; buried density boundary possible, NOT verified fault","Lithologic contact, intrusive margin, regional gravity processing artifact"
112,2718,515200.0,4497300.0,3.511664867401123,0.1464938521385193,"High gravity-gradient proxy with muted topographic slope; buried density boundary possible, NOT verified fault","Lithologic contact, intrusive margin, regional gravity processing artifact"
112,2729,516300.0,4497300.0,4.324187755584717,0.2652612328529358,"High gravity-gradient proxy with muted topographic slope; buried density boundary possible, NOT verified fault","Lithologic contact, intrusive margin, regional gravity processing artifact"
112,2733,516700.0,4497300.0,5.0093817710876465,0.12019361555576324,"High gravity-gradient proxy with muted topographic slope; buried density boundary possible, NOT verified fault","Lithologic contact, intrusive margin, regional gravity processing artifact"
112,2745,517900.0,4497300.0,8.152017593383789,0.05007191374897957,"High gravity-gradient proxy with muted topographic slope; buried density boundary possible, NOT verified fault","Lithologic contact, intrusive margin, regional gravity processing artifact"
112,2748,518200.0,4497300.0,8.596013069152832,0.12362869828939438,"High gravity-gradient proxy with muted topographic slope; buried density boundary possible, NOT verified fault","Lithologic contact, intrusive margin, regional gravity processing artifact"
113,1468,390200.0,4497200.0,3.698493480682373,0.1258781999349594,"High gravity-gradient proxy with muted topographic slope; buried density boundary possible, NOT verified fault","Lithologic contact, intrusive margin, regional gravity processing artifact"
113,1471,390500.0,4497200.0,3.993870258331299,0.12808161973953247,"High gravity-gradient proxy with muted topographic slope; buried density boundary possible, NOT verified fault","Lithologic contact, intrusive margin, regional gravity processing artifact"
113,1474,390800.0,4497200.0,4.289226531982422,0.12851306796073914,"High gravity-gradient proxy with muted topographic slope; buried density boundary possible, NOT verified fault","Lithologic contact, intrusive margin, regional gravity processing artifact"
113,1477,391100.0,4497200.0,4.516070365905762,0.12879091501235962,"High gravity-gradient proxy with muted topographic slope; buried density boundary possible, NOT verified fault","Lithologic contact, intrusive margin, regional gravity processing artifact"
113,1480,391400.0,4497200.0,4.7068986892700195,0.12896659970283508,"High gravity-gradient proxy with muted topographic slope; buried density boundary possible, NOT verified fault","Lithologic contact, intrusive margin, regional gravity processing artifact"
113,1483,391700.0,4497200.0,4.897706031799316,0.12915343046188354,"High gravity-gradient proxy with muted topographic slope; buried density boundary possible, NOT verified fault","Lithologic contact, intrusive margin, regional gravity processing artifact"
113,1486,392000.0,4497200.0,5.040319919586182,0.12933452427387238,"High gravity-gradient proxy with muted topographic slope; buried density boundary possible, NOT verified fault","Lithologic contact, intrusive margin, regional gravity processing artifact"
113,1492,392600.0,4497200.0,5.094466686248779,0.1307583600282669,"High gravity-gradient proxy with muted topographic slope; buried density boundary possible, NOT verified fault","Lithologic contact, intrusive margin, regional gravity processing artifact"
113,1495,392900.0,4497200.0,5.121551036834717,0.13138841092586517,"High gravity-gradient proxy with muted topographic slope; buried density boundary possible, NOT verified fault","Lithologic contact, intrusive margin, regional gravity processing artifact"
113,1498,393200.0,4497200.0,5.047392845153809,0.13327260315418243,"High gravity-gradient proxy with muted topographic slope; buried density boundary possible, NOT verified fault","Lithologic contact, intrusive margin, regional gravity processing artifact"
113,2724,515800.0,4497200.0,3.7621469497680664,0.32566675543785095,"High gravity-gradient proxy with muted topographic slope; buried density boundary possible, NOT verified fault","Lithologic contact, intrusive margin, regional gravity processing artifact"
113,2741,517500.0,4497200.0,7.032249450683594,0.29314783215522766,"High gravity-gradient proxy with muted topographic slope; buried density boundary possible, NOT verified fault","Lithologic contact, intrusive margin, regional gravity processing artifact"
114,1489,392300.0,4497100.0,5.10141134262085,0.1305203139781952,"High gravity-gradient proxy with muted topographic slope; buried density boundary possible, NOT verified fault","Lithologic contact, intrusive margin, regional gravity processing artifact"
114,2721,515500.0,4497100.0,3.764641046524048,0.15906895697116852,"High gravity-gradient proxy with muted topographic slope; buried density boundary possible, NOT verified fault","Lithologic contact, intrusive margin, regional gravity processing artifact"
114,2737,517100.0,4497100.0,6.015575408935547,0.2263704240322113,"High gravity-gradient proxy with muted topographic slope; buried density boundary possible, NOT verified fault","Lithologic contact, intrusive margin, regional gravity processing artifact"
115,2718,515200.0,4497000.0,3.738513231277466,0.15104453265666962,"High gravity-gradient proxy with muted topographic slope; buried density boundary possible, NOT verified fault","Lithologic contact, intrusive margin, regional gravity processing artifact"
115,2727,516100.0,4497000.0,4.302353382110596,0.12259510159492493,"High gravity-gradient proxy with muted topographic slope; buried density boundary possible, NOT verified fault","Lithologic contact, intrusive margin, regional gravity processing artifact"
115,2744,517800.0,4497000.0,7.803381443023682,0.1586877405643463,"High gravity-gradient proxy with muted topographic slope; buried density boundary possible, NOT verified fault","Lithologic contact, intrusive margin, regional gravity processing artifact"
115,2747,518100.0,4497000.0,8.325342178344727,0.1396750658750534,"High gravity-gradient proxy with muted topographic slope; buried density boundary possible, NOT verified fault","Lithologic contact, intrusive margin, regional gravity processing artifact"
116,1468,390200.0,4496900.0,3.755183696746826,0.11600116640329361,"High gravity-gradient proxy with muted topographic slope; buried density boundary possible, NOT verified fault","Lithologic contact, intrusive margin, regional gravity processing artifact"
116,1471,390500.0,4496900.0,4.056865215301514,0.11623352766036987,"High gravity-gradient proxy with muted topographic slope; buried density boundary possible, NOT verified fault","Lithologic contact, intrusive margin, regional gravity processing artifact"
116,1474,390800.0,4496900.0,4.358548164367676,0.11640743911266327,"High gravity-gradient proxy with muted topographic slope; buried density boundary possible, NOT verified fault","Lithologic contact, intrusive margin, regional gravity processing artifact"
116,1477,391100.0,4496900.0,4.596631050109863,0.11666961014270782,"High gravity-gradient proxy with muted topographic slope; buried density boundary possible, NOT verified fault","Lithologic contact, intrusive margin, regional gravity processing artifact"
116,1480,391400.0,4496900.0,4.801332473754883,0.11688817292451859,"High gravity-gradient proxy with muted topographic slope; buried density boundary possible, NOT verified fault","Lithologic contact, intrusive margin, regional gravity processing artifact"
116,1483,391700.0,4496900.0,5.0059332847595215,0.11708607524633408,"High gravity-gradient proxy with muted topographic slope; buried density boundary possible, NOT verified fault","Lithologic contact, intrusive margin, regional gravity processing artifact"
116,1486,392000.0,4496900.0,5.154636859893799,0.1173570305109024,"High gravity-gradient proxy with muted topographic slope; buried density boundary possible, NOT verified fault","Lithologic contact, intrusive margin, regional gravity processing artifact"
116,1495,392900.0,4496900.0,5.2014265060424805,0.11911287903785706,"High gravity-gradient proxy with muted topographic slope; buried density boundary possible, NOT verified fault","Lithologic contact, intrusive margin, regional gravity processing artifact"
116,2724,515800.0,4496900.0,4.0749030113220215,0.1160067692399025,"High gravity-gradient proxy with muted topographic slope; buried density boundary possible, NOT verified fault","Lithologic contact, intrusive margin, regional gravity processing artifact"
116,2741,517500.0,4496900.0,7.083935737609863,0.12455352395772934,"High gravity-gradient proxy with muted topographic slope; buried density boundary possible, NOT verified fault","Lithologic contact, intrusive margin, regional gravity processing artifact"
117,1490,392400.0,4496800.0,5.204777717590332,0.11877644807100296,"High gravity-gradient proxy with muted topographic slope; buried density boundary possible, NOT verified fault","Lithologic contact, intrusive margin, regional gravity processing artifact"
117,2721,515500.0,4496800.0,3.995392084121704,0.12839214503765106,"High gravity-gradient proxy with muted topographic slope; buried density boundary possible, NOT verified fault","Lithologic contact, intrusive margin, regional gravity processing artifact"
117,2735,516900.0,4496800.0,5.796649932861328,0.08298501372337341,"High gravity-gradient proxy with muted topographic slope; buried density boundary possible, NOT verified fault","Lithologic contact, intrusive margin, regional gravity processing artifact"
117,2738,517200.0,4496800.0,6.448640823364258,0.16360341012477875,"High gravity-gradient proxy with muted topographic slope; buried density boundary possible, NOT verified fault","Lithologic contact, intrusive margin, regional gravity processing artifact"
118,2727,516100.0,4496700.0,4.536331653594971,0.05854315310716629,"High gravity-gradient proxy with muted topographic slope; buried density boundary possible, NOT verified fault","Lithologic contact, intrusive margin, regional gravity processing artifact"
118,2744,517800.0,4496700.0,7.820005416870117,0.24962134659290314,"High gravity-gradient proxy with muted topographic slope; buried density boundary possible, NOT verified fault","Lithologic contact, intrusive margin, regional gravity processing artifact"
119,1467,390100.0,4496600.0,3.6990270614624023,0.11558186262845993,"High gravity-gradient proxy with muted topographic slope; buried density boundary possible, NOT verified fault","Lithologic contact, intrusive margin, regional gravity processing artifact"
119,1470,390400.0,4496600.0,4.000249862670898,0.11612950265407562,"High gravity-gradient proxy with muted topographic slope; buried density boundary possible, NOT verified fault","Lithologic contact, intrusive margin, regional gravity processing artifact"
119,1475,390900.0,4496600.0,4.502291202545166,0.11650865525007248,"High gravity-gradient proxy with muted topographic slope; buried density boundary possible, NOT verified fault","Lithologic contact, intrusive margin, regional gravity processing artifact"
119,1478,391200.0,4496600.0,4.74615478515625,0.11674542725086212,"High gravity-gradient proxy with muted topographic slope; buried density boundary possible, NOT verified fault","Lithologic contact, intrusive margin, regional gravity processing artifact"
119,1481,391500.0,4496600.0,4.989370822906494,0.11699604243040085,"High gravity-gradient proxy with muted topographic slope; buried density boundary possible, NOT verified fault","Lithologic contact, intrusive margin, regional gravity processing artifact"
119,1484,391800.0,4496600.0,5.232487201690674,0.11720640957355499,"High gravity-gradient proxy with muted topographic slope; buried density boundary possible, NOT verified fault","Lithologic contact, intrusive margin, regional gravity processing artifact"
119,1487,392100.0,4496600.0,5.2998199462890625,0.11748119443655014,"High gravity-gradient proxy with muted topographic slope; buried density boundary possible, NOT verified fault","Lithologic contact, intrusive margin, regional gravity processing artifact"
119,2724,515800.0,4496600.0,4.238752841949463,0.1130124107003212,"High gravity-gradient proxy with muted topographic slope; buried density boundary possible, NOT verified fault","Lithologic contact, intrusive margin, regional gravity processing artifact"
120,2734,516800.0,4496500.0,5.867119789123535,0.04905916750431061,"High gravity-gradient proxy with muted topographic slope; buried density boundary possible, NOT verified fault","Lithologic contact, intrusive margin, regional gravity processing artifact"
120,2737,517100.0,4496500.0,6.436431884765625,0.10874941945075989,"High gravity-gradient proxy with muted topographic slope; buried density boundary possible, NOT verified fault","Lithologic contact, intrusive margin, regional gravity processing artifact"
120,2740,517400.0,4496500.0,7.0485100746154785,0.10615937411785126,"High gravity-gradient proxy with muted topographic slope; buried density boundary possible, NOT verified fault","Lithologic contact, intrusive margin, regional gravity processing artifact"
121,2728,516200.0,4496400.0,4.89185905456543,0.1628541648387909,"High gravity-gradient proxy with muted topographic slope; buried density boundary possible, NOT verified fault","Lithologic contact, intrusive margin, regional gravity processing artifact"
122,1468,390200.0,4496300.0,3.8436830043792725,0.11601833999156952,"High gravity-gradient proxy with muted topographic slope; buried density boundary possible, NOT verified fault","Lithologic contact, intrusive margin, regional gravity processing artifact"
122,1477,391100.0,4496300.0,4.733554840087891,0.11667566001415253,"High gravity-gradient proxy with muted topographic slope; buried density boundary possible, NOT verified fault","Lithologic contact, intrusive margin, regional gravity processing artifact"
122,1480,391400.0,4496300.0,5.015352725982666,0.11692844331264496,"High gravity-gradient proxy with muted topographic slope; buried density boundary possible, NOT verified fault","Lithologic contact, intrusive margin, regional gravity processing artifact"
122,1483,391700.0,4496300.0,5.297050476074219,0.11711058765649796,"High gravity-gradient proxy with muted topographic slope; buried density boundary possible, NOT verified fault","Lithologic contact, intrusive margin, regional gravity processing artifact"
122,1486,392000.0,4496300.0,5.4690327644348145,0.11738362908363342,"High gravity-gradient proxy with muted topographic slope; buried density boundary possible, NOT verified fault","Lithologic contact, intrusive margin, regional gravity processing artifact"
122,2722,515600.0,4496300.0,4.274631023406982,0.14447155594825745,"High gravity-gradient proxy with muted topographic slope; buried density boundary possible, NOT verified fault","Lithologic contact, intrusive margin, regional gravity processing artifact"
123,2725,515900.0,4496200.0,4.5093207359313965,0.12422759085893631,"High gravity-gradient proxy with muted topographic slope; buried density boundary possible, NOT verified fault","Lithologic contact, intrusive margin, regional gravity processing artifact"
123,2735,516900.0,4496200.0,6.283552646636963,0.07781890034675598,"High gravity-gradient proxy with muted topographic slope; buried density boundary possible, NOT verified fault","Lithologic contact, intrusive margin, regional gravity processing artifact"
123,2738,517200.0,4496200.0,6.832299709320068,0.7510894536972046,"High gravity-gradient proxy with muted topographic slope; buried density boundary possible, NOT verified fault","Lithologic contact, intrusive margin, regional gravity processing artifact"
124,2729,516300.0,4496100.0,5.263269901275635,0.13507391512393951,"High gravity-gradient proxy with muted topographic slope; buried density boundary possible, NOT verified fault","Lithologic contact, intrusive margin, regional gravity processing artifact"
125,1469,390300.0,4496000.0,3.9880335330963135,0.11609138548374176,"High gravity-gradient proxy with muted topographic slope; buried density boundary possible, NOT verified fault","Lithologic contact, intrusive margin, regional gravity processing artifact"
125,1477,391100.0,4496000.0,4.802114486694336,0.1167190745472908,"High gravity-gradient proxy with muted topographic slope; buried density boundary possible, NOT verified fault","Lithologic contact, intrusive margin, regional gravity processing artifact"
125,2722,515600.0,4496000.0,4.414281845092773,0.13675373792648315,"High gravity-gradient proxy with muted topographic slope; buried density boundary possible, NOT verified fault","Lithologic contact, intrusive margin, regional gravity processing artifact"
126,2726,516000.0,4495900.0,4.827204704284668,0.1362076848745346,"High gravity-gradient proxy with muted topographic slope; buried density boundary possible, NOT verified fault","Lithologic contact, intrusive margin, regional gravity processing artifact"
126,2740,517400.0,4495900.0,7.3488898277282715,0.13372759521007538,"High gravity-gradient proxy with muted topographic slope; buried density boundary possible, NOT verified fault","Lithologic contact, intrusive margin, regional gravity processing artifact"
127,2719,515300.0,4495800.0,4.245019435882568,0.05183224752545357,"High gravity-gradient proxy with muted topographic slope; buried density boundary possible, NOT verified fault","Lithologic contact, intrusive margin, regional gravity processing artifact"
127,2737,517100.0,4495800.0,6.856348037719727,0.09026044607162476,"High gravity-gradient proxy with muted topographic slope; buried density boundary possible, NOT verified fault","Lithologic contact, intrusive margin, regional gravity processing artifact"
128,1471,390500.0,4495700.0,3.9922995567321777,0.11640222370624542,"High gravity-gradient proxy with muted topographic slope; buried density boundary possible, NOT verified fault","Lithologic contact, intrusive margin, regional gravity processing artifact"
128,1474,390800.0,4495700.0,4.330746650695801,0.11652268469333649,"High gravity-gradient proxy with muted topographic slope; buried density boundary possible, NOT verified fault","Lithologic contact, intrusive margin, regional gravity processing artifact"
128,2716,515000.0,4495700.0,3.9922311305999756,0.1208994910120964,"High gravity-gradient proxy with muted topographic slope; buried density boundary possible, NOT verified fault","Lithologic contact, intrusive margin, regional gravity processing artifact"
128,2722,515600.0,4495700.0,4.485504150390625,0.04594312235713005,"High gravity-gradient proxy with muted topographic slope; buried density boundary possible, NOT verified fault","Lithologic contact, intrusive margin, regional gravity processing artifact"
129,2713,514700.0,4495600.0,3.6707589626312256,0.13822899758815765,"High gravity-gradient proxy with muted topographic slope; buried density boundary possible, NOT verified fault","Lithologic contact, intrusive margin, regional gravity processing artifact"
129,2727,516100.0,4495600.0,5.083385944366455,0.2762735188007355,"High gravity-gradient proxy with muted topographic slope; buried density boundary possible, NOT verified fault","Lithologic contact, intrusive margin, regional gravity processing artifact"
129,2730,516400.0,4495600.0,5.60557746887207,0.08940288424491882,"High gravity-gradient proxy with muted topographic slope; buried density boundary possible, NOT verified fault","Lithologic contact, intrusive margin, regional gravity processing artifact"
130,2736,517000.0,4495500.0,6.637518405914307,0.1201159656047821,"High gravity-gradient proxy with muted topographic slope; buried density boundary possible, NOT verified fault","Lithologic contact, intrusive margin, regional gravity processing artifact"
130,2739,517300.0,4495500.0,7.201260089874268,0.18995055556297302,"High gravity-gradient proxy with muted topographic slope; buried density boundary possible, NOT verified fault","Lithologic contact, intrusive margin, regional gravity processing artifact"
131,1473,390700.0,4495400.0,4.018460273742676,0.13053657114505768,"High gravity-gradient proxy with muted topographic slope; buried density boundary possible, NOT verified fault","Lithologic contact, intrusive margin, regional gravity processing artifact"
131,2000,443400.0,4495400.0,4.344723224639893,0.14892591536045074,"High gravity-gradient proxy with muted topographic slope; buried density boundary possible, NOT verified fault","Lithologic contact, intrusive margin, regional gravity processing artifact"
131,2003,443700.0,4495400.0,4.675507545471191,0.06966119259595871,"High gravity-gradient proxy with muted topographic slope; buried density boundary possible, NOT verified fault","Lithologic contact, intrusive margin, regional gravity processing artifact"
132,2728,516200.0,4495300.0,5.307142734527588,0.13019956648349762,"High gravity-gradient proxy with muted topographic slope; buried density boundary possible, NOT verified fault","Lithologic contact, intrusive margin, regional gravity processing artifact"
132,2731,516500.0,4495300.0,5.7835283279418945,0.11093059182167053,"High gravity-gradient proxy with muted topographic slope; buried density boundary possible, NOT verified fault","Lithologic contact, intrusive margin, regional gravity processing artifact"
133,1997,443100.0,4495200.0,3.516007900238037,0.16340266168117523,"High gravity-gradient proxy with muted topographic slope; buried density boundary possible, NOT verified fault","Lithologic contact, intrusive margin, regional gravity processing artifact"
133,2712,514600.0,4495200.0,3.4370672702789307,0.12488529831171036,"High gravity-gradient proxy with muted topographic slope; buried density boundary possible, NOT verified fault","Lithologic contact, intrusive margin, regional gravity processing artifact"
133,2715,514900.0,4495200.0,3.7637767791748047,0.265154093503952,"High gravity-gradient proxy with muted topographic slope; buried density boundary possible, NOT verified fault","Lithologic contact, intrusive margin, regional gravity processing artifact"
133,2734,516800.0,4495200.0,6.245928764343262,0.20142115652561188,"High gravity-gradient proxy with muted topographic slope; buried density boundary possible, NOT verified fault","Lithologic contact, intrusive margin, regional gravity processing artifact"
133,2737,517100.0,4495200.0,6.794495582580566,0.2009277641773224,"High gravity-gradient proxy with muted topographic slope; buried density boundary possible, NOT verified fault","Lithologic contact, intrusive margin, regional gravity processing artifact"
134,2000,443400.0,4495100.0,4.4466753005981445,0.27682462334632874,"High gravity-gradient proxy with muted topographic slope; buried density boundary possible, NOT verified fault","Lithologic contact, intrusive margin, regional gravity processing artifact"
134,2003,443700.0,4495100.0,4.589457035064697,0.12309669703245163,"High gravity-gradient proxy with muted topographic slope; buried density boundary possible, NOT verified fault","Lithologic contact, intrusive margin, regional gravity processing artifact"
135,2729,516300.0,4495000.0,5.5003767013549805,0.14896667003631592,"High gravity-gradient proxy with muted topographic slope; buried density boundary possible, NOT verified fault","Lithologic contact, intrusive margin, regional gravity processing artifact"
136,2714,514800.0,4494900.0,3.5659217834472656,0.07064267992973328,"High gravity-gradient proxy with muted topographic slope; buried density boundary possible, NOT verified fault","Lithologic contact, intrusive margin, regional gravity processing artifact"
136,2726,516000.0,4494900.0,5.095917701721191,0.17260712385177612,"High gravity-gradient proxy with muted topographic slope; buried density boundary possible, NOT verified fault","Lithologic contact, intrusive margin, regional gravity processing artifact"
136,2737,517100.0,4494900.0,6.76237154006958,0.1743995100259781,"High gravity-gradient proxy with muted topographic slope; buried density boundary possible, NOT verified fault","Lithologic contact, intrusive margin, regional gravity processing artifact"
137,2000,443400.0,4494800.0,4.1757354736328125,0.23318427801132202,"High gravity-gradient proxy with muted topographic slope; buried density boundary possible, NOT verified fault","Lithologic contact, intrusive margin, regional gravity processing artifact"
137,2003,443700.0,4494800.0,4.280698299407959,0.17905093729496002,"High gravity-gradient proxy with muted topographic slope; buried density boundary possible, NOT verified fault","Lithologic contact, intrusive margin, regional gravity processing artifact"
138,2717,515100.0,4494700.0,3.9256906509399414,0.11818408221006393,"High gravity-gradient proxy with muted topographic slope; buried density boundary possible, NOT verified fault","Lithologic contact, intrusive margin, regional gravity processing artifact"
138,2729,516300.0,4494700.0,5.4804840087890625,0.11080142855644226,"High gravity-gradient proxy with muted topographic slope; buried density boundary possible, NOT verified fault","Lithologic contact, intrusive margin, regional gravity processing artifact"
139,2714,514800.0,4494600.0,3.5306711196899414,0.10676276683807373,"High gravity-gradient proxy with muted topographic slope; buried density boundary possible, NOT verified fault","Lithologic contact, intrusive margin, regional gravity processing artifact"
139,2723,515700.0,4494600.0,4.720707893371582,0.11534716188907623,"High gravity-gradient proxy with muted topographic slope; buried density boundary possible, NOT verified fault","Lithologic contact, intrusive margin, regional gravity processing artifact"
139,2726,516000.0,4494600.0,5.109731197357178,0.044027671217918396,"High gravity-gradient proxy with muted topographic slope; buried density boundary possible, NOT verified fault","Lithologic contact, intrusive margin, regional gravity processing artifact"
141,2717,515100.0,4494400.0,3.9151198863983154,0.0904281735420227,"High gravity-gradient proxy with muted topographic slope; buried density boundary possible, NOT verified fault","Lithologic contact, intrusive margin, regional gravity processing artifact"
141,2720,515400.0,4494400.0,4.323634624481201,0.20025844871997833,"High gravity-gradient proxy with muted topographic slope; buried density boundary possible, NOT verified fault","Lithologic contact, intrusive margin, regional gravity processing artifact"
141,2729,516300.0,4494400.0,5.434564590454102,0.17105768620967865,"High gravity-gradient proxy with muted topographic slope; buried density boundary possible, NOT verified fault","Lithologic contact, intrusive margin, regional gravity processing artifact"
142,2726,516000.0,4494300.0,5.12355899810791,0.24085000157356262,"High gravity-gradient proxy with muted topographic slope; buried density boundary possible, NOT verified fault","Lithologic contact, intrusive margin, regional gravity processing artifact"
144,2718,515200.0,4494100.0,4.045340538024902,0.058458808809518814,"High gravity-gradient proxy with muted topographic slope; buried density boundary possible, NOT verified fault","Lithologic contact, intrusive margin, regional gravity processing artifact"
144,2721,515500.0,4494100.0,4.4677276611328125,0.22076831758022308,"High gravity-gradient proxy with muted topographic slope; buried density boundary possible, NOT verified fault","Lithologic contact, intrusive margin, regional gravity processing artifact"
145,2725,515900.0,4494000.0,5.039722919464111,0.3934099078178406,"High gravity-gradient proxy with muted topographic slope; buried density boundary possible, NOT verified fault","Lithologic contact, intrusive margin, regional gravity processing artifact"
145,2728,516200.0,4494000.0,5.294711589813232,0.06492537260055542,"High gravity-gradient proxy with muted topographic slope; buried density boundary possible, NOT verified fault","Lithologic contact, intrusive margin, regional gravity processing artifact"
146,2715,514900.0,4493900.0,3.601989507675171,0.12539486587047577,"High gravity-gradient proxy with muted topographic slope; buried density boundary possible, NOT verified fault","Lithologic contact, intrusive margin, regional gravity processing artifact"
147,2718,515200.0,4493800.0,3.9945576190948486,0.080955371260643,"High gravity-gradient proxy with muted topographic slope; buried density boundary possible, NOT verified fault","Lithologic contact, intrusive margin, regional gravity processing artifact"
147,2721,515500.0,4493800.0,4.432336330413818,0.09469051659107208,"High gravity-gradient proxy with muted topographic slope; buried density boundary possible, NOT verified fault","Lithologic contact, intrusive margin, regional gravity processing artifact"
148,2728,516200.0,4493700.0,5.266563892364502,0.1684456318616867,"High gravity-gradient proxy with muted topographic slope; buried density boundary possible, NOT verified fault","Lithologic contact, intrusive margin, regional gravity processing artifact"
149,2715,514900.0,4493600.0,3.459306478500366,0.26011162996292114,"High gravity-gradient proxy with muted topographic slope; buried density boundary possible, NOT verified fault","Lithologic contact, intrusive margin, regional gravity processing artifact"
150,2719,515300.0,4493500.0,4.0199971199035645,0.04913114756345749,"High gravity-gradient proxy with muted topographic slope; buried density boundary possible, NOT verified fault","Lithologic contact, intrusive margin, regional gravity processing artifact"
152,2722,515600.0,4493300.0,4.407484531402588,0.2308589071035385,"High gravity-gradient proxy with muted topographic slope; buried density boundary possible, NOT verified fault","Lithologic contact, intrusive margin, regional gravity processing artifact"
153,2725,515900.0,4493200.0,4.84715461730957,0.20675703883171082,"High gravity-gradient proxy with muted topographic slope; buried density boundary possible, NOT verified fault","Lithologic contact, intrusive margin, regional gravity processing artifact"
154,2730,516400.0,4493100.0,5.461349010467529,0.12967385351657867,"High gravity-gradient proxy with muted topographic slope; buried density boundary possible, NOT verified fault","Lithologic contact, intrusive margin, regional gravity processing artifact"
155,2722,515600.0,4493000.0,4.30501127243042,0.18521413207054138,"High gravity-gradient proxy with muted topographic slope; buried density boundary possible, NOT verified fault","Lithologic contact, intrusive margin, regional gravity processing artifact"
156,2725,515900.0,4492900.0,4.755040168762207,0.09551740437746048,"High gravity-gradient proxy with muted topographic slope; buried density boundary possible, NOT verified fault","Lithologic contact, intrusive margin, regional gravity processing artifact"
157,2718,515200.0,4492800.0,3.548095703125,0.1598386913537979,"High gravity-gradient proxy with muted topographic slope; buried density boundary possible, NOT verified fault","Lithologic contact, intrusive margin, regional gravity processing artifact"
157,2728,516200.0,4492800.0,5.1149678230285645,0.148284450173378,"High gravity-gradient proxy with muted topographic slope; buried density boundary possible, NOT verified fault","Lithologic contact, intrusive margin, regional gravity processing artifact"
159,2725,515900.0,4492600.0,4.5595479011535645,0.23401658236980438,"High gravity-gradient proxy with muted topographic slope; buried density boundary possible, NOT verified fault","Lithologic contact, intrusive margin, regional gravity processing artifact"
160,2720,515400.0,4492500.0,3.684018135070801,0.11399681866168976,"High gravity-gradient proxy with muted topographic slope; buried density boundary possible, NOT verified fault","Lithologic contact, intrusive margin, regional gravity processing artifact"
160,2728,516200.0,4492500.0,4.925975322723389,0.24763868749141693,"High gravity-gradient proxy with muted topographic slope; buried density boundary possible, NOT verified fault","Lithologic contact, intrusive margin, regional gravity processing artifact"
160,2734,516800.0,4492500.0,5.776998519897461,0.33431172370910645,"High gravity-gradient proxy with muted topographic slope; buried density boundary possible, NOT verified fault","Lithologic contact, intrusive margin, regional gravity processing artifact"
162,2725,515900.0,4492300.0,4.36405611038208,0.1590995341539383,"High gravity-gradient proxy with muted topographic slope; buried density boundary possible, NOT verified fault","Lithologic contact, intrusive margin, regional gravity processing artifact"
163,2719,515300.0,4492200.0,3.3326807022094727,0.10226823389530182,"High gravity-gradient proxy with muted topographic slope; buried density boundary possible, NOT verified fault","Lithologic contact, intrusive margin, regional gravity processing artifact"
163,2733,516700.0,4492200.0,5.458763599395752,0.12297037243843079,"High gravity-gradient proxy with muted topographic slope; buried density boundary possible, NOT verified fault","Lithologic contact, intrusive margin, regional gravity processing artifact"
165,2724,515800.0,4492000.0,4.008220672607422,0.15610957145690918,"High gravity-gradient proxy with muted topographic slope; buried density boundary possible, NOT verified fault","Lithologic contact, intrusive margin, regional gravity processing artifact"
165,2730,516400.0,4492000.0,4.9030537605285645,0.24273358285427094,"High gravity-gradient proxy with muted topographic slope; buried density boundary possible, NOT verified fault","Lithologic contact, intrusive margin, regional gravity processing artifact"
165,2736,517000.0,4492000.0,5.798357963562012,0.19492587447166443,"High gravity-gradient proxy with muted topographic slope; buried density boundary possible, NOT verified fault","Lithologic contact, intrusive margin, regional gravity processing artifact"
165,2739,517300.0,4492000.0,6.329375267028809,0.2405979037284851,"High gravity-gradient proxy with muted topographic slope; buried density boundary possible, NOT verified fault","Lithologic contact, intrusive margin, regional gravity processing artifact"
166,2727,516100.0,4491900.0,4.3853678703308105,0.1658099889755249,"High gravity-gradient proxy with muted topographic slope; buried density boundary possible, NOT verified fault","Lithologic contact, intrusive margin, regional gravity processing artifact"
166,2733,516700.0,4491900.0,5.267683029174805,0.23855136334896088,"High gravity-gradient proxy with muted topographic slope; buried density boundary possible, NOT verified fault","Lithologic contact, intrusive margin, regional gravity processing artifact"
168,2737,517100.0,4491700.0,5.679144382476807,0.21536090970039368,"High gravity-gradient proxy with muted topographic slope; buried density boundary possible, NOT verified fault","Lithologic contact, intrusive margin, regional gravity processing artifact"
169,2723,515700.0,4491600.0,3.461761474609375,0.07932645827531815,"High gravity-gradient proxy with muted topographic slope; buried density boundary possible, NOT verified fault","Lithologic contact, intrusive margin, regional gravity processing artifact"
169,2726,516000.0,4491600.0,3.8835625648498535,0.23532721400260925,"High gravity-gradient proxy with muted topographic slope; buried density boundary possible, NOT verified fault","Lithologic contact, intrusive margin, regional gravity processing artifact"
169,2732,516600.0,4491600.0,4.792226791381836,0.2780333459377289,"High gravity-gradient proxy with muted topographic slope; buried density boundary possible, NOT verified fault","Lithologic contact, intrusive margin, regional gravity processing artifact"
170,2729,516300.0,4491500.0,4.224033355712891,0.16631129384040833,"High gravity-gradient proxy with muted topographic slope; buried density boundary possible, NOT verified fault","Lithologic contact, intrusive margin, regional gravity processing artifact"
171,2737,517100.0,4491400.0,5.34729528427124,0.25993064045906067,"High gravity-gradient proxy with muted topographic slope; buried density boundary possible, NOT verified fault","Lithologic contact, intrusive margin, regional gravity processing artifact"
172,2725,515900.0,4491300.0,3.384826183319092,0.08899618685245514,"High gravity-gradient proxy with muted topographic slope; buried density boundary possible, NOT verified fault","Lithologic contact, intrusive margin, regional gravity processing artifact"
173,2728,516200.0,4491200.0,3.7251505851745605,0.14223913848400116,"High gravity-gradient proxy with muted topographic slope; buried density boundary possible, NOT verified fault","Lithologic contact, intrusive margin, regional gravity processing artifact"
173,2731,516500.0,4491200.0,4.19705057144165,0.24170942604541779,"High gravity-gradient proxy with muted topographic slope; buried density boundary possible, NOT verified fault","Lithologic contact, intrusive margin, regional gravity processing artifact"
176,2729,516300.0,4490900.0,3.52660870552063,0.12307018786668777,"High gravity-gradient proxy with muted topographic slope; buried density boundary possible, NOT verified fault","Lithologic contact, intrusive margin, regional gravity processing artifact"
176,2732,516600.0,4490900.0,4.010014533996582,0.18540066480636597,"High gravity-gradient proxy with muted topographic slope; buried density boundary possible, NOT verified fault","Lithologic contact, intrusive margin, regional gravity processing artifact"
178,2735,516900.0,4490700.0,4.192720890045166,0.2370552122592926,"High gravity-gradient proxy with muted topographic slope; buried density boundary possible, NOT verified fault","Lithologic contact, intrusive margin, regional gravity processing artifact"
179,2731,516500.0,4490600.0,3.3972525596618652,0.19330793619155884,"High gravity-gradient proxy with muted topographic slope; buried density boundary possible, NOT verified fault","Lithologic contact, intrusive margin, regional gravity processing artifact"
181,2734,516800.0,4490400.0,3.5803003311157227,0.16919966042041779,"High gravity-gradient proxy with muted topographic slope; buried density boundary possible, NOT verified fault","Lithologic contact, intrusive margin, regional gravity processing artifact"
247,319,275300.0,4483800.0,4.608820915222168,0.2504812777042389,"High gravity-gradient proxy with muted topographic slope; buried density boundary possible, NOT verified fault","Lithologic contact, intrusive margin, regional gravity processing artifact"
250,319,275300.0,4483500.0,4.500053405761719,0.2332356870174408,"High gravity-gradient proxy with muted topographic slope; buried density boundary possible, NOT verified fault","Lithologic contact, intrusive margin, regional gravity processing artifact"
284,2311,474500.0,4480100.0,3.306363582611084,0.13976623117923737,"High gravity-gradient proxy with muted topographic slope; buried density boundary possible, NOT verified fault","Lithologic contact, intrusive margin, regional gravity processing artifact"
287,2311,474500.0,4479800.0,3.3191967010498047,0.12478958815336227,"High gravity-gradient proxy with muted topographic slope; buried density boundary possible, NOT verified fault","Lithologic contact, intrusive margin, regional gravity processing artifact"
287,2314,474800.0,4479800.0,3.301941156387329,0.18897490203380585,"High gravity-gradient proxy with muted topographic slope; buried density boundary possible, NOT verified fault","Lithologic contact, intrusive margin, regional gravity processing artifact"
318,517,295100.0,4476700.0,3.9775550365448,0.14377571642398834,"High gravity-gradient proxy with muted topographic slope; buried density boundary possible, NOT verified fault","Lithologic contact, intrusive margin, regional gravity processing artifact"
321,516,295000.0,4476400.0,4.306956768035889,0.13675060868263245,"High gravity-gradient proxy with muted topographic slope; buried density boundary possible, NOT verified fault","Lithologic contact, intrusive margin, regional gravity processing artifact"
324,514,294800.0,4476100.0,4.269692420959473,0.24243010580539703,"High gravity-gradient proxy with muted topographic slope; buried density boundary possible, NOT verified fault","Lithologic contact, intrusive margin, regional gravity processing artifact"
324,517,295100.0,4476100.0,4.936812877655029,0.1664285659790039,"High gravity-gradient proxy with muted topographic slope; buried density boundary possible, NOT verified fault","Lithologic contact, intrusive margin, regional gravity processing artifact"
327,518,295200.0,4475800.0,5.303130149841309,0.18301254510879517,"High gravity-gradient proxy with muted topographic slope; buried density boundary possible, NOT verified fault","Lithologic contact, intrusive margin, regional gravity processing artifact"
330,516,295000.0,4475500.0,6.002121925354004,0.06114496290683746,"High gravity-gradient proxy with muted topographic slope; buried density boundary possible, NOT verified fault","Lithologic contact, intrusive margin, regional gravity processing artifact"
330,519,295300.0,4475500.0,5.544634819030762,0.04062969610095024,"High gravity-gradient proxy with muted topographic slope; buried density boundary possible, NOT verified fault","Lithologic contact, intrusive margin, regional gravity processing artifact"
333,519,295300.0,4475200.0,5.7048659324646,0.11922407895326614,"High gravity-gradient proxy with muted topographic slope; buried density boundary possible, NOT verified fault","Lithologic contact, intrusive margin, regional gravity processing artifact"
336,520,295400.0,4474900.0,5.184814929962158,0.16411031782627106,"High gravity-gradient proxy with muted topographic slope; buried density boundary possible, NOT verified fault","Lithologic contact, intrusive margin, regional gravity processing artifact"
345,519,295300.0,4474000.0,5.091214656829834,0.14142344892024994,"High gravity-gradient proxy with muted topographic slope; buried density boundary possible, NOT verified fault","Lithologic contact, intrusive margin, regional gravity processing artifact"
347,516,295000.0,4473800.0,5.140044689178467,0.10688050091266632,"High gravity-gradient proxy with muted topographic slope; buried density boundary possible, NOT verified fault","Lithologic contact, intrusive margin, regional gravity processing artifact"
348,519,295300.0,4473700.0,5.259007453918457,0.20424707233905792,"High gravity-gradient proxy with muted topographic slope; buried density boundary possible, NOT verified fault","Lithologic contact, intrusive margin, regional gravity processing artifact"
348,800,323400.0,4473700.0,3.7759103775024414,0.06958547979593277,"High gravity-gradient proxy with muted topographic slope; buried density boundary possible, NOT verified fault","Lithologic contact, intrusive margin, regional gravity processing artifact"
350,803,323700.0,4473500.0,3.7193801403045654,0.13651937246322632,"High gravity-gradient proxy with muted topographic slope; buried density boundary possible, NOT verified fault","Lithologic contact, intrusive margin, regional gravity processing artifact"
351,517,295100.0,4473400.0,5.325712203979492,0.18350109457969666,"High gravity-gradient proxy with muted topographic slope; buried density boundary possible, NOT verified fault","Lithologic contact, intrusive margin, regional gravity processing artifact"
351,520,295400.0,4473400.0,5.477992057800293,0.14736928045749664,"High gravity-gradient proxy with muted topographic slope; buried density boundary possible, NOT verified fault","Lithologic contact, intrusive margin, regional gravity processing artifact"
351,797,323100.0,4473400.0,3.9112541675567627,0.1780940741300583,"High gravity-gradient proxy with muted topographic slope; buried density boundary possible, NOT verified fault","Lithologic contact, intrusive margin, regional gravity processing artifact"
351,800,323400.0,4473400.0,3.825343370437622,0.14205969870090485,"High gravity-gradient proxy with muted topographic slope; buried density boundary possible, NOT verified fault","Lithologic contact, intrusive margin, regional gravity processing artifact"
351,806,324000.0,4473400.0,3.63249135017395,0.10872732102870941,"High gravity-gradient proxy with muted topographic slope; buried density boundary possible, NOT verified fault","Lithologic contact, intrusive margin, regional gravity processing artifact"
353,803,323700.0,4473200.0,3.733671188354492,0.05146186798810959,"High gravity-gradient proxy with muted topographic slope; buried density boundary possible, NOT verified fault","Lithologic contact, intrusive margin, regional gravity processing artifact"
353,809,324300.0,4473200.0,3.5146749019622803,0.09951134771108627,"High gravity-gradient proxy with muted topographic slope; buried density boundary possible, NOT verified fault","Lithologic contact, intrusive margin, regional gravity processing artifact"
354,518,295200.0,4473100.0,5.293272972106934,0.18385300040245056,"High gravity-gradient proxy with muted topographic slope; buried density boundary possible, NOT verified fault","Lithologic contact, intrusive margin, regional gravity processing artifact"
354,521,295500.0,4473100.0,5.560940742492676,0.06271109730005264,"High gravity-gradient proxy with muted topographic slope; buried density boundary possible, NOT verified fault","Lithologic contact, intrusive margin, regional gravity processing artifact"
354,800,323400.0,4473100.0,3.840858221054077,0.05588167533278465,"High gravity-gradient proxy with muted topographic slope; buried density boundary possible, NOT verified fault","Lithologic contact, intrusive margin, regional gravity processing artifact"
354,806,324000.0,4473100.0,3.6095333099365234,0.05468163266777992,"High gravity-gradient proxy with muted topographic slope; buried density boundary possible, NOT verified fault","Lithologic contact, intrusive margin, regional gravity processing artifact"
355,786,322000.0,4473000.0,4.281189918518066,0.1938728392124176,"High gravity-gradient proxy with muted topographic slope; buried density boundary possible, NOT verified fault","Lithologic contact, intrusive margin, regional gravity processing artifact"
355,789,322300.0,4473000.0,4.298525810241699,0.24122190475463867,"High gravity-gradient proxy with muted topographic slope; buried density boundary possible, NOT verified fault","Lithologic contact, intrusive margin, regional gravity processing artifact"
356,792,322600.0,4472900.0,4.199759483337402,0.1263020783662796,"High gravity-gradient proxy with muted topographic slope; buried density boundary possible, NOT verified fault","Lithologic contact, intrusive margin, regional gravity processing artifact"
356,795,322900.0,4472900.0,4.062072277069092,0.10888485610485077,"High gravity-gradient proxy with muted topographic slope; buried density boundary possible, NOT verified fault","Lithologic contact, intrusive margin, regional gravity processing artifact"
356,803,323700.0,4472900.0,3.7081186771392822,0.09417149424552917,"High gravity-gradient proxy with muted topographic slope; buried density boundary possible, NOT verified fault","Lithologic contact, intrusive margin, regional gravity processing artifact"
356,809,324300.0,4472900.0,3.452580213546753,0.11208067089319229,"High gravity-gradient proxy with muted topographic slope; buried density boundary possible, NOT verified fault","Lithologic contact, intrusive margin, regional gravity processing artifact"
356,812,324600.0,4472900.0,3.299617290496826,0.14542491734027863,"High gravity-gradient proxy with muted topographic slope; buried density boundary possible, NOT verified fault","Lithologic contact, intrusive margin, regional gravity processing artifact"
356,2281,471500.0,4472900.0,3.306675434112549,0.09984443336725235,"High gravity-gradient proxy with muted topographic slope; buried density boundary possible, NOT verified fault","Lithologic contact, intrusive margin, regional gravity processing artifact"
357,521,295500.0,4472800.0,5.529932975769043,0.13502469658851624,"High gravity-gradient proxy with muted topographic slope; buried density boundary possible, NOT verified fault","Lithologic contact, intrusive margin, regional gravity processing artifact"
357,806,324000.0,4472800.0,3.565694570541382,0.10204130411148071,"High gravity-gradient proxy with muted topographic slope; buried density boundary possible, NOT verified fault","Lithologic contact, intrusive margin, regional gravity processing artifact"
358,786,322000.0,4472700.0,4.418003559112549,0.11195024102926254,"High gravity-gradient proxy with muted topographic slope; buried density boundary possible, NOT verified fault","Lithologic contact, intrusive margin, regional gravity processing artifact"
358,789,322300.0,4472700.0,4.4156928062438965,0.0909109115600586,"High gravity-gradient proxy with muted topographic slope; buried density boundary possible, NOT verified fault","Lithologic contact, intrusive margin, regional gravity processing artifact"
358,2285,471900.0,4472700.0,3.441370725631714,0.17272968590259552,"High gravity-gradient proxy with muted topographic slope; buried density boundary possible, NOT verified fault","Lithologic contact, intrusive margin, regional gravity processing artifact"
359,518,295200.0,4472600.0,5.076904296875,0.1275823712348938,"High gravity-gradient proxy with muted topographic slope; buried density boundary possible, NOT verified fault","Lithologic contact, intrusive margin, regional gravity processing artifact"
359,780,321400.0,4472600.0,4.473775386810303,0.2744012475013733,"High gravity-gradient proxy with muted topographic slope; buried density boundary possible, NOT verified fault","Lithologic contact, intrusive margin, regional gravity processing artifact"
359,783,321700.0,4472600.0,4.46864652633667,0.33834537863731384,"High gravity-gradient proxy with muted topographic slope; buried density boundary possible, NOT verified fault","Lithologic contact, intrusive margin, regional gravity processing artifact"
359,792,322600.0,4472600.0,4.2814130783081055,0.035283613950014114,"High gravity-gradient proxy with muted topographic slope; buried density boundary possible, NOT verified fault","Lithologic contact, intrusive margin, regional gravity processing artifact"
359,795,322900.0,4472600.0,4.108242511749268,0.29115551710128784,"High gravity-gradient proxy with muted topographic slope; buried density boundary possible, NOT verified fault","Lithologic contact, intrusive margin, regional gravity processing artifact"
359,798,323200.0,4472600.0,3.935215711593628,0.2372477948665619,"High gravity-gradient proxy with muted topographic slope; buried density boundary possible, NOT verified fault","Lithologic contact, intrusive margin, regional gravity processing artifact"
359,801,323500.0,4472600.0,3.7799465656280518,0.09732414036989212,"High gravity-gradient proxy with muted topographic slope; buried density boundary possible, NOT verified fault","Lithologic contact, intrusive margin, regional gravity processing artifact"
359,810,324400.0,4472600.0,3.33870792388916,0.06924380362033844,"High gravity-gradient proxy with muted topographic slope; buried density boundary possible, NOT verified fault","Lithologic contact, intrusive margin, regional gravity processing artifact"
359,2279,471300.0,4472600.0,3.3003108501434326,0.09397196769714355,"High gravity-gradient proxy with muted topographic slope; buried density boundary possible, NOT verified fault","Lithologic contact, intrusive margin, regional gravity processing artifact"
359,2282,471600.0,4472600.0,3.429596424102783,0.10177553445100784,"High gravity-gradient proxy with muted topographic slope; buried density boundary possible, NOT verified fault","Lithologic contact, intrusive margin, regional gravity processing artifact"
361,788,322200.0,4472400.0,4.542961597442627,0.09659522771835327,"High gravity-gradient proxy with muted topographic slope; buried density boundary possible, NOT verified fault","Lithologic contact, intrusive margin, regional gravity processing artifact"
361,807,324100.0,4472400.0,3.4544355869293213,0.20393285155296326,"High gravity-gradient proxy with muted topographic slope; buried density boundary possible, NOT verified fault","Lithologic contact, intrusive margin, regional gravity processing artifact"
361,2285,471900.0,4472400.0,3.567193031311035,0.21607065200805664,"High gravity-gradient proxy with muted topographic slope; buried density boundary possible, NOT verified fault","Lithologic contact, intrusive margin, regional gravity processing artifact"
362,516,295000.0,4472300.0,4.55014181137085,0.08323179185390472,"High gravity-gradient proxy with muted topographic slope; buried density boundary possible, NOT verified fault","Lithologic contact, intrusive margin, regional gravity processing artifact"
362,519,295300.0,4472300.0,5.091353416442871,0.1944267600774765,"High gravity-gradient proxy with muted topographic slope; buried density boundary possible, NOT verified fault","Lithologic contact, intrusive margin, regional gravity processing artifact"
362,522,295600.0,4472300.0,5.629083156585693,0.17274534702301025,"High gravity-gradient proxy with muted topographic slope; buried density boundary possible, NOT verified fault","Lithologic contact, intrusive margin, regional gravity processing artifact"
362,777,321100.0,4472300.0,4.462640762329102,0.1437535583972931,"High gravity-gradient proxy with muted topographic slope; buried density boundary possible, NOT verified fault","Lithologic contact, intrusive margin, regional gravity processing artifact"
362,780,321400.0,4472300.0,4.6487040519714355,0.1311851143836975,"High gravity-gradient proxy with muted topographic slope; buried density boundary possible, NOT verified fault","Lithologic contact, intrusive margin, regional gravity processing artifact"
362,783,321700.0,4472300.0,4.624485969543457,0.10384144634008408,"High gravity-gradient proxy with muted topographic slope; buried density boundary possible, NOT verified fault","Lithologic contact, intrusive margin, regional gravity processing artifact"
362,792,322600.0,4472300.0,4.362977981567383,0.11683634668588638,"High gravity-gradient proxy with muted topographic slope; buried density boundary possible, NOT verified fault","Lithologic contact, intrusive margin, regional gravity processing artifact"
362,795,322900.0,4472300.0,4.154324054718018,0.1454397737979889,"High gravity-gradient proxy with muted topographic slope; buried density boundary possible, NOT verified fault","Lithologic contact, intrusive margin, regional gravity processing artifact"
362,798,323200.0,4472300.0,3.9458134174346924,0.10694605112075806,"High gravity-gradient proxy with muted topographic slope; buried density boundary possible, NOT verified fault","Lithologic contact, intrusive margin, regional gravity processing artifact"
362,801,323500.0,4472300.0,3.7664833068847656,0.10094829648733139,"High gravity-gradient proxy with muted topographic slope; buried density boundary possible, NOT verified fault","Lithologic contact, intrusive margin, regional gravity processing artifact"
362,804,323800.0,4472300.0,3.602085828781128,0.04735251143574715,"High gravity-gradient proxy with muted topographic slope; buried density boundary possible, NOT verified fault","Lithologic contact, intrusive margin, regional gravity processing artifact"
362,2278,471200.0,4472300.0,3.312422275543213,0.011076212860643864,"High gravity-gradient proxy with muted topographic slope; buried density boundary possible, NOT verified fault","Lithologic contact, intrusive margin, regional gravity processing artifact"
362,2281,471500.0,4472300.0,3.4809632301330566,0.2061421424150467,"High gravity-gradient proxy with muted topographic slope; buried density boundary possible, NOT verified fault","Lithologic contact, intrusive margin, regional gravity processing artifact"
363,774,320800.0,4472200.0,4.200242042541504,0.10682187229394913,"High gravity-gradient proxy with muted topographic slope; buried density boundary possible, NOT verified fault","Lithologic contact, intrusive margin, regional gravity processing artifact"
363,2290,472400.0,4472200.0,3.8053526878356934,0.24726633727550507,"High gravity-gradient proxy with muted topographic slope; buried density boundary possible, NOT verified fault","Lithologic contact, intrusive margin, regional gravity processing artifact"
364,512,294600.0,4472100.0,3.610379457473755,0.15096694231033325,"High gravity-gradient proxy with muted topographic slope; buried density boundary possible, NOT verified fault","Lithologic contact, intrusive margin, regional gravity processing artifact"
364,771,320500.0,4472100.0,3.9333584308624268,0.059206169098615646,"High gravity-gradient proxy with muted topographic slope; buried density boundary possible, NOT verified fault","Lithologic contact, intrusive margin, regional gravity processing artifact"
364,786,322000.0,4472100.0,4.677950382232666,0.044206488877534866,"High gravity-gradient proxy with muted topographic slope; buried density boundary possible, NOT verified fault","Lithologic contact, intrusive margin, regional gravity processing artifact"
364,789,322300.0,4472100.0,4.6308207511901855,0.056233931332826614,"High gravity-gradient proxy with muted topographic slope; buried density boundary possible, NOT verified fault","Lithologic contact, intrusive margin, regional gravity processing artifact"
364,807,324100.0,4472100.0,3.363175868988037,0.16402609646320343,"High gravity-gradient proxy with muted topographic slope; buried density boundary possible, NOT verified fault","Lithologic contact, intrusive margin, regional gravity processing artifact"
364,2293,472700.0,4472100.0,3.684267997741699,0.09845646470785141,"High gravity-gradient proxy with muted topographic slope; buried density boundary possible, NOT verified fault","Lithologic contact, intrusive margin, regional gravity processing artifact"
365,518,295200.0,4472000.0,4.568633556365967,0.17677555978298187,"High gravity-gradient proxy with muted topographic slope; buried density boundary possible, NOT verified fault","Lithologic contact, intrusive margin, regional gravity processing artifact"
365,521,295500.0,4472000.0,5.242305278778076,0.19520175457000732,"High gravity-gradient proxy with muted topographic slope; buried density boundary possible, NOT verified fault","Lithologic contact, intrusive margin, regional gravity processing artifact"
365,524,295800.0,4472000.0,5.915343284606934,0.15852922201156616,"High gravity-gradient proxy with muted topographic slope; buried density boundary possible, NOT verified fault","Lithologic contact, intrusive margin, regional gravity processing artifact"
365,777,321100.0,4472000.0,4.6397705078125,0.046732012182474136,"High gravity-gradient proxy with muted topographic slope; buried density boundary possible, NOT verified fault","Lithologic contact, intrusive margin, regional gravity processing artifact"
365,780,321400.0,4472000.0,4.819100856781006,0.054570816457271576,"High gravity-gradient proxy with muted topographic slope; buried density boundary possible, NOT verified fault","Lithologic contact, intrusive margin, regional gravity processing artifact"
365,783,321700.0,4472000.0,4.767704963684082,0.06123224273324013,"High gravity-gradient proxy with muted topographic slope; buried density boundary possible, NOT verified fault","Lithologic contact, intrusive margin, regional gravity processing artifact"
365,792,322600.0,4472000.0,4.398091793060303,0.052323877811431885,"High gravity-gradient proxy with muted topographic slope; buried density boundary possible, NOT verified fault","Lithologic contact, intrusive margin, regional gravity processing artifact"
365,795,322900.0,4472000.0,4.1365580558776855,0.046423304826021194,"High gravity-gradient proxy with muted topographic slope; buried density boundary possible, NOT verified fault","Lithologic contact, intrusive margin, regional gravity processing artifact"
365,798,323200.0,4472000.0,3.8752400875091553,0.03634120896458626,"High gravity-gradient proxy with muted topographic slope; buried density boundary possible, NOT verified fault","Lithologic contact, intrusive margin, regional gravity processing artifact"
365,801,323500.0,4472000.0,3.671971559524536,0.04031144082546234,"High gravity-gradient proxy with muted topographic slope; buried density boundary possible, NOT verified fault","Lithologic contact, intrusive margin, regional gravity processing artifact"
365,804,323800.0,4472000.0,3.498175621032715,0.03401878848671913,"High gravity-gradient proxy with muted topographic slope; buried density boundary possible, NOT verified fault","Lithologic contact, intrusive margin, regional gravity processing artifact"
365,2277,471100.0,4472000.0,3.3274075984954834,0.10447684675455093,"High gravity-gradient proxy with muted topographic slope; buried density boundary possible, NOT verified fault","Lithologic contact, intrusive margin, regional gravity processing artifact"
366,515,294900.0,4471900.0,3.8675930500030518,0.09847697615623474,"High gravity-gradient proxy with muted topographic slope; buried density boundary possible, NOT verified fault","Lithologic contact, intrusive margin, regional gravity processing artifact"
366,774,320800.0,4471900.0,4.370652198791504,0.04634609445929527,"High gravity-gradient proxy with muted topographic slope; buried density boundary possible, NOT verified fault","Lithologic contact, intrusive margin, regional gravity processing artifact"
366,2283,471700.0,4471900.0,3.6997435092926025,0.2489592283964157,"High gravity-gradient proxy with muted topographic slope; buried density boundary possible, NOT verified fault","Lithologic contact, intrusive margin, regional gravity processing artifact"
366,2289,472300.0,4471900.0,3.790997266769409,0.18194589018821716,"High gravity-gradient proxy with muted topographic slope; buried density boundary possible, NOT verified fault","Lithologic contact, intrusive margin, regional gravity processing artifact"
367,512,294600.0,4471800.0,3.3095834255218506,0.019344110041856766,"High gravity-gradient proxy with muted topographic slope; buried density boundary possible, NOT verified fault","Lithologic contact, intrusive margin, regional gravity processing artifact"
367,771,320500.0,4471800.0,4.0969743728637695,0.03530656546354294,"High gravity-gradient proxy with muted topographic slope; buried density boundary possible, NOT verified fault","Lithologic contact, intrusive margin, regional gravity processing artifact"
367,786,322000.0,4471800.0,4.793342590332031,0.06363938748836517,"High gravity-gradient proxy with muted topographic slope; buried density boundary possible, NOT verified fault","Lithologic contact, intrusive margin, regional gravity processing artifact"
367,789,322300.0,4471800.0,4.717844486236572,0.0482538565993309,"High gravity-gradient proxy with muted topographic slope; buried density boundary possible, NOT verified fault","Lithologic contact, intrusive margin, regional gravity processing artifact"
367,2280,471400.0,4471800.0,3.6124911308288574,0.1974472999572754,"High gravity-gradient proxy with muted topographic slope; buried density boundary possible, NOT verified fault","Lithologic contact, intrusive margin, regional gravity processing artifact"
367,2292,472600.0,4471800.0,3.738922119140625,0.08894592523574829,"High gravity-gradient proxy with muted topographic slope; buried density boundary possible, NOT verified fault","Lithologic contact, intrusive margin, regional gravity processing artifact"
368,519,295300.0,4471700.0,4.49555778503418,0.07630844414234161,"High gravity-gradient proxy with muted topographic slope; buried density boundary possible, NOT verified fault","Lithologic contact, intrusive margin, regional gravity processing artifact"
368,522,295600.0,4471700.0,5.304747581481934,0.04991418123245239,"High gravity-gradient proxy with muted topographic slope; buried density boundary possible, NOT verified fault","Lithologic contact, intrusive margin, regional gravity processing artifact"
368,525,295900.0,4471700.0,6.113306522369385,0.032447416335344315,"High gravity-gradient proxy with muted topographic slope; buried density boundary possible, NOT verified fault","Lithologic contact, intrusive margin, regional gravity processing artifact"
368,777,321100.0,4471700.0,4.816991329193115,0.1148383766412735,"High gravity-gradient proxy with muted topographic slope; buried density boundary possible, NOT verified fault","Lithologic contact, intrusive margin, regional gravity processing artifact"
368,780,321400.0,4471700.0,4.9893107414245605,0.16225674748420715,"High gravity-gradient proxy with muted topographic slope; buried density boundary possible, NOT verified fault","Lithologic contact, intrusive margin, regional gravity processing artifact"
368,783,321700.0,4471700.0,4.910494804382324,0.042277391999959946,"High gravity-gradient proxy with muted topographic slope; buried density boundary possible, NOT verified fault","Lithologic contact, intrusive margin, regional gravity processing artifact"
368,792,322600.0,4471700.0,4.431439399719238,0.03867468237876892,"High gravity-gradient proxy with muted topographic slope; buried density boundary possible, NOT verified fault","Lithologic contact, intrusive margin, regional gravity processing artifact"
368,795,322900.0,4471700.0,4.116273403167725,0.04029322788119316,"High gravity-gradient proxy with muted topographic slope; buried density boundary possible, NOT verified fault","Lithologic contact, intrusive margin, regional gravity processing artifact"
368,798,323200.0,4471700.0,3.8013226985931396,0.024579819291830063,"High gravity-gradient proxy with muted topographic slope; buried density boundary possible, NOT verified fault","Lithologic contact, intrusive margin, regional gravity processing artifact"
368,801,323500.0,4471700.0,3.5740511417388916,0.03725648298859596,"High gravity-gradient proxy with muted topographic slope; buried density boundary possible, NOT verified fault","Lithologic contact, intrusive margin, regional gravity processing artifact"
368,2275,470900.0,4471700.0,3.2851202487945557,0.0047776116989552975,"High gravity-gradient proxy with muted topographic slope; buried density boundary possible, NOT verified fault","Lithologic contact, intrusive margin, regional gravity processing artifact"
369,516,295000.0,4471600.0,3.6225645542144775,0.12252926826477051,"High gravity-gradient proxy with muted topographic slope; buried density boundary possible, NOT verified fault","Lithologic contact, intrusive margin, regional gravity processing artifact"
369,774,320800.0,4471600.0,4.541078567504883,0.2880944311618805,"High gravity-gradient proxy with muted topographic slope; buried density boundary possible, NOT verified fault","Lithologic contact, intrusive margin, regional gravity processing artifact"
369,2285,471900.0,4471600.0,3.7904062271118164,0.14421457052230835,"High gravity-gradient proxy with muted topographic slope; buried density boundary possible, NOT verified fault","Lithologic contact, intrusive margin, regional gravity processing artifact"
369,2288,472200.0,4471600.0,3.758507013320923,0.2344619631767273,"High gravity-gradient proxy with muted topographic slope; buried density boundary possible, NOT verified fault","Lithologic contact, intrusive margin, regional gravity processing artifact"
370,771,320500.0,4471500.0,4.2606072425842285,0.25775301456451416,"High gravity-gradient proxy with muted topographic slope; buried density boundary possible, NOT verified fault","Lithologic contact, intrusive margin, regional gravity processing artifact"
370,2279,471300.0,4471500.0,3.6654343605041504,0.08634321391582489,"High gravity-gradient proxy with muted topographic slope; buried density boundary possible, NOT verified fault","Lithologic contact, intrusive margin, regional gravity processing artifact"
370,2282,471600.0,4471500.0,3.8682820796966553,0.2158213108778,"High gravity-gradient proxy with muted topographic slope; buried density boundary possible, NOT verified fault","Lithologic contact, intrusive margin, regional gravity processing artifact"
370,2291,472500.0,4471500.0,3.6950504779815674,0.13880065083503723,"High gravity-gradient proxy with muted topographic slope; buried density boundary possible, NOT verified fault","Lithologic contact, intrusive margin, regional gravity processing artifact"
371,520,295400.0,4471400.0,4.513286113739014,0.10089908540248871,"High gravity-gradient proxy with muted topographic slope; buried density boundary possible, NOT verified fault","Lithologic contact, intrusive margin, regional gravity processing artifact"
371,523,295700.0,4471400.0,5.457996368408203,0.24654807150363922,"High gravity-gradient proxy with muted topographic slope; buried density boundary possible, NOT verified fault","Lithologic contact, intrusive margin, regional gravity processing artifact"
371,781,321500.0,4471400.0,5.124027729034424,0.26335543394088745,"High gravity-gradient proxy with muted topographic slope; buried density boundary possible, NOT verified fault","Lithologic contact, intrusive margin, regional gravity processing artifact"
371,2274,470800.0,4471400.0,3.290386438369751,0.14193597435951233,"High gravity-gradient proxy with muted topographic slope; buried density boundary possible, NOT verified fault","Lithologic contact, intrusive margin, regional gravity processing artifact"
372,517,295100.0,4471300.0,3.478318214416504,0.09251954406499863,"High gravity-gradient proxy with muted topographic slope; buried density boundary possible, NOT verified fault","Lithologic contact, intrusive margin, regional gravity processing artifact"
372,784,321800.0,4471300.0,5.062344074249268,0.08313029259443283,"High gravity-gradient proxy with muted topographic slope; buried density boundary possible, NOT verified fault","Lithologic contact, intrusive margin, regional gravity processing artifact"
372,787,322100.0,4471300.0,4.947115898132324,0.08944454789161682,"High gravity-gradient proxy with muted topographic slope; buried density boundary possible, NOT verified fault","Lithologic contact, intrusive margin, regional gravity processing artifact"
372,2287,472100.0,4471300.0,3.7776811122894287,0.1431131511926651,"High gravity-gradient proxy with muted topographic slope; buried density boundary possible, NOT verified fault","Lithologic contact, intrusive margin, regional gravity processing artifact"
373,2278,471200.0,4471200.0,3.700509548187256,0.15553830564022064,"High gravity-gradient proxy with muted topographic slope; buried density boundary possible, NOT verified fault","Lithologic contact, intrusive margin, regional gravity processing artifact"
373,2281,471500.0,4471200.0,3.968263864517212,0.09209567308425903,"High gravity-gradient proxy with muted topographic slope; buried density boundary possible, NOT verified fault","Lithologic contact, intrusive margin, regional gravity processing artifact"
373,2284,471800.0,4471200.0,3.915817975997925,0.07727282494306564,"High gravity-gradient proxy with muted topographic slope; buried density boundary possible, NOT verified fault","Lithologic contact, intrusive margin, regional gravity processing artifact"
373,2292,472600.0,4471200.0,3.503981828689575,0.09378041326999664,"High gravity-gradient proxy with muted topographic slope; buried density boundary possible, NOT verified fault","Lithologic contact, intrusive margin, regional gravity processing artifact"
374,790,322400.0,4471100.0,4.76401424407959,0.2014295607805252,"High gravity-gradient proxy with muted topographic slope; buried density boundary possible, NOT verified fault","Lithologic contact, intrusive margin, regional gravity processing artifact"
374,2275,470900.0,4471100.0,3.459845781326294,0.12489479780197144,"High gravity-gradient proxy with muted topographic slope; buried density boundary possible, NOT verified fault","Lithologic contact, intrusive margin, regional gravity processing artifact"
375,518,295200.0,4471000.0,3.512754201889038,0.096883624792099,"High gravity-gradient proxy with muted topographic slope; buried density boundary possible, NOT verified fault","Lithologic contact, intrusive margin, regional gravity processing artifact"
375,784,321800.0,4471000.0,5.199926376342773,0.09508229047060013,"High gravity-gradient proxy with muted topographic slope; buried density boundary possible, NOT verified fault","Lithologic contact, intrusive margin, regional gravity processing artifact"
375,787,322100.0,4471000.0,5.046619892120361,0.18528078496456146,"High gravity-gradient proxy with muted topographic slope; buried density boundary possible, NOT verified fault","Lithologic contact, intrusive margin, regional gravity processing artifact"
376,795,322900.0,4470900.0,3.9699790477752686,0.0693591833114624,"High gravity-gradient proxy with muted topographic slope; buried density boundary possible, NOT verified fault","Lithologic contact, intrusive margin, regional gravity processing artifact"
376,2279,471300.0,4470900.0,3.88743257522583,0.17511804401874542,"High gravity-gradient proxy with muted topographic slope; buried density boundary possible, NOT verified fault","Lithologic contact, intrusive margin, regional gravity processing artifact"
376,2282,471600.0,4470900.0,4.1139235496521,0.1417844593524933,"High gravity-gradient proxy with muted topographic slope; buried density boundary possible, NOT verified fault","Lithologic contact, intrusive margin, regional gravity processing artifact"
376,2285,471900.0,4470900.0,3.895169258117676,0.09266720712184906,"High gravity-gradient proxy with muted topographic slope; buried density boundary possible, NOT verified fault","Lithologic contact, intrusive margin, regional gravity processing artifact"
377,790,322400.0,4470800.0,4.8093461990356445,0.26855623722076416,"High gravity-gradient proxy with muted topographic slope; buried density boundary possible, NOT verified fault","Lithologic contact, intrusive margin, regional gravity processing artifact"
377,2273,470700.0,4470800.0,3.3179543018341064,0.15101125836372375,"High gravity-gradient proxy with muted topographic slope; buried density boundary possible, NOT verified fault","Lithologic contact, intrusive margin, regional gravity processing artifact"
377,2288,472200.0,4470800.0,3.652029037475586,0.1658751666545868,"High gravity-gradient proxy with muted topographic slope; buried density boundary possible, NOT verified fault","Lithologic contact, intrusive margin, regional gravity processing artifact"
378,786,322000.0,4470700.0,5.209799766540527,0.2247086465358734,"High gravity-gradient proxy with muted topographic slope; buried density boundary possible, NOT verified fault","Lithologic contact, intrusive margin, regional gravity processing artifact"
378,2276,471000.0,4470700.0,3.639281988143921,0.16695567965507507,"High gravity-gradient proxy with muted topographic slope; buried density boundary possible, NOT verified fault","Lithologic contact, intrusive margin, regional gravity processing artifact"
379,2280,471400.0,4470600.0,4.080925941467285,0.11477750539779663,"High gravity-gradient proxy with muted topographic slope; buried density boundary possible, NOT verified fault","Lithologic contact, intrusive margin, regional gravity processing artifact"
380,2262,469600.0,4470500.0,3.3291678428649902,0.1583799570798874,"High gravity-gradient proxy with muted topographic slope; buried density boundary possible, NOT verified fault","Lithologic contact, intrusive margin, regional gravity processing artifact"
380,2266,470000.0,4470500.0,3.2759287357330322,0.14559605717658997,"High gravity-gradient proxy with muted topographic slope; buried density boundary possible, NOT verified fault","Lithologic contact, intrusive margin, regional gravity processing artifact"
380,2286,472000.0,4470500.0,3.8004488945007324,0.1246623620390892,"High gravity-gradient proxy with muted topographic slope; buried density boundary possible, NOT verified fault","Lithologic contact, intrusive margin, regional gravity processing artifact"
380,2289,472300.0,4470500.0,3.4678094387054443,0.15922191739082336,"High gravity-gradient proxy with muted topographic slope; buried density boundary possible, NOT verified fault","Lithologic contact, intrusive margin, regional gravity processing artifact"
381,2277,471100.0,4470400.0,3.814845561981201,0.06301813572645187,"High gravity-gradient proxy with muted topographic slope; buried density boundary possible, NOT verified fault","Lithologic contact, intrusive margin, regional gravity processing artifact"
381,2283,471700.0,4470400.0,4.15617036819458,0.14195282757282257,"High gravity-gradient proxy with muted topographic slope; buried density boundary possible, NOT verified fault","Lithologic contact, intrusive margin, regional gravity processing artifact"
382,2259,469300.0,4470300.0,3.348724365234375,0.09705457091331482,"High gravity-gradient proxy with muted topographic slope; buried density boundary possible, NOT verified fault","Lithologic contact, intrusive margin, regional gravity processing artifact"
382,2274,470800.0,4470300.0,3.5012948513031006,0.14766988158226013,"High gravity-gradient proxy with muted topographic slope; buried density boundary possible, NOT verified fault","Lithologic contact, intrusive margin, regional gravity processing artifact"
382,2280,471400.0,4470300.0,4.177165985107422,0.11108026653528214,"High gravity-gradient proxy with muted topographic slope; buried density boundary possible, NOT verified fault","Lithologic contact, intrusive margin, regional gravity processing artifact"
383,778,321200.0,4470200.0,5.898087978363037,0.19079141318798065,"High gravity-gradient proxy with muted topographic slope; buried density boundary possible, NOT verified fault","Lithologic contact, intrusive margin, regional gravity processing artifact"
383,1765,419900.0,4470200.0,3.4144856929779053,0.19584861397743225,"High gravity-gradient proxy with muted topographic slope; buried density boundary possible, NOT verified fault","Lithologic contact, intrusive margin, regional gravity processing artifact"
383,2286,472000.0,4470200.0,3.7840487957000732,0.0841936469078064,"High gravity-gradient proxy with muted topographic slope; buried density boundary possible, NOT verified fault","Lithologic contact, intrusive margin, regional gravity processing artifact"
384,781,321500.0,4470100.0,5.817586898803711,0.11478597670793533,"High gravity-gradient proxy with muted topographic slope; buried density boundary possible, NOT verified fault","Lithologic contact, intrusive margin, regional gravity processing artifact"
384,2277,471100.0,4470100.0,3.885704517364502,0.060363881289958954,"High gravity-gradient proxy with muted topographic slope; buried density boundary possible, NOT verified fault","Lithologic contact, intrusive margin, regional gravity processing artifact"
384,2283,471700.0,4470100.0,4.184910297393799,0.12230943143367767,"High gravity-gradient proxy with muted topographic slope; buried density boundary possible, NOT verified fault","Lithologic contact, intrusive margin, regional gravity processing artifact"
385,784,321800.0,4470000.0,5.528915882110596,0.17225004732608795,"High gravity-gradient proxy with muted topographic slope; buried density boundary possible, NOT verified fault","Lithologic contact, intrusive margin, regional gravity processing artifact"
385,787,322100.0,4470000.0,5.211820602416992,0.05880928039550781,"High gravity-gradient proxy with muted topographic slope; buried density boundary possible, NOT verified fault","Lithologic contact, intrusive margin, regional gravity processing artifact"
385,2258,469200.0,4470000.0,3.40153169631958,0.09929606318473816,"High gravity-gradient proxy with muted topographic slope; buried density boundary possible, NOT verified fault","Lithologic contact, intrusive margin, regional gravity processing artifact"
385,2264,469800.0,4470000.0,3.5264172554016113,0.15993423759937286,"High gravity-gradient proxy with muted topographic slope; buried density boundary possible, NOT verified fault","Lithologic contact, intrusive margin, regional gravity processing artifact"
385,2274,470800.0,4470000.0,3.6366052627563477,0.08813358843326569,"High gravity-gradient proxy with muted topographic slope; buried density boundary possible, NOT verified fault","Lithologic contact, intrusive margin, regional gravity processing artifact"
385,2280,471400.0,4470000.0,4.169496059417725,0.09957323968410492,"High gravity-gradient proxy with muted topographic slope; buried density boundary possible, NOT verified fault","Lithologic contact, intrusive margin, regional gravity processing artifact"
386,1765,419900.0,4469900.0,3.424931526184082,0.17040222883224487,"High gravity-gradient proxy with muted topographic slope; buried density boundary possible, NOT verified fault","Lithologic contact, intrusive margin, regional gravity processing artifact"
386,2261,469500.0,4469900.0,3.5190742015838623,0.11882489174604416,"High gravity-gradient proxy with muted topographic slope; buried density boundary possible, NOT verified fault","Lithologic contact, intrusive margin, regional gravity processing artifact"
387,2267,470100.0,4469800.0,3.6077656745910645,0.18028661608695984,"High gravity-gradient proxy with muted topographic slope; buried density boundary possible, NOT verified fault","Lithologic contact, intrusive margin, regional gravity processing artifact"
387,2277,471100.0,4469800.0,3.937526226043701,0.07103724777698517,"High gravity-gradient proxy with muted topographic slope; buried density boundary possible, NOT verified fault","Lithologic contact, intrusive margin, regional gravity processing artifact"
387,2284,471800.0,4469800.0,3.686005115509033,0.10704517364501953,"High gravity-gradient proxy with muted topographic slope; buried density boundary possible, NOT verified fault","Lithologic contact, intrusive margin, regional gravity processing artifact"
388,1778,421200.0,4469700.0,3.442100763320923,0.19833238422870636,"High gravity-gradient proxy with muted topographic slope; buried density boundary possible, NOT verified fault","Lithologic contact, intrusive margin, regional gravity processing artifact"
388,2258,469200.0,4469700.0,3.357025146484375,0.07248156517744064,"High gravity-gradient proxy with muted topographic slope; buried density boundary possible, NOT verified fault","Lithologic contact, intrusive margin, regional gravity processing artifact"
388,2264,469800.0,4469700.0,3.5727076530456543,0.10356806963682175,"High gravity-gradient proxy with muted topographic slope; buried density boundary possible, NOT verified fault","Lithologic contact, intrusive margin, regional gravity processing artifact"
388,2274,470800.0,4469700.0,3.879197359085083,0.17587459087371826,"High gravity-gradient proxy with muted topographic slope; buried density boundary possible, NOT verified fault","Lithologic contact, intrusive margin, regional gravity processing artifact"
388,2281,471500.0,4469700.0,4.055759429931641,0.10015804320573807,"High gravity-gradient proxy with muted topographic slope; buried density boundary possible, NOT verified fault","Lithologic contact, intrusive margin, regional gravity processing artifact"
389,1763,419700.0,4469600.0,3.3111469745635986,0.053078096359968185,"High gravity-gradient proxy with muted topographic slope; buried density boundary possible, NOT verified fault","Lithologic contact, intrusive margin, regional gravity processing artifact"
389,1766,420000.0,4469600.0,3.489262819290161,0.24605490267276764,"High gravity-gradient proxy with muted topographic slope; buried density boundary possible, NOT verified fault","Lithologic contact, intrusive margin, regional gravity processing artifact"
389,2261,469500.0,4469600.0,3.449247360229492,0.1459302455186844,"High gravity-gradient proxy with muted topographic slope; buried density boundary possible, NOT verified fault","Lithologic contact, intrusive margin, regional gravity processing artifact"
390,2278,471200.0,4469500.0,3.9720945358276367,0.30485424399375916,"High gravity-gradient proxy with muted topographic slope; buried density boundary possible, NOT verified fault","Lithologic contact, intrusive margin, regional gravity processing artifact"
391,1776,421000.0,4469400.0,3.4626262187957764,0.19057604670524597,"High gravity-gradient proxy with muted topographic slope; buried density boundary possible, NOT verified fault","Lithologic contact, intrusive margin, regional gravity processing artifact"
391,1779,421300.0,4469400.0,3.412990093231201,0.0683751180768013,"High gravity-gradient proxy with muted topographic slope; buried density boundary possible, NOT verified fault","Lithologic contact, intrusive margin, regional gravity processing artifact"
391,1782,421600.0,4469400.0,3.3524668216705322,0.17295852303504944,"High gravity-gradient proxy with muted topographic slope; buried density boundary possible, NOT verified fault","Lithologic contact, intrusive margin, regional gravity processing artifact"
391,2264,469800.0,4469400.0,3.6190576553344727,0.13174059987068176,"High gravity-gradient proxy with muted topographic slope; buried density boundary possible, NOT verified fault","Lithologic contact, intrusive margin, regional gravity processing artifact"
391,2282,471600.0,4469400.0,3.7310612201690674,0.04554801806807518,"High gravity-gradient proxy with muted topographic slope; buried density boundary possible, NOT verified fault","Lithologic contact, intrusive margin, regional gravity processing artifact"
392,1764,419800.0,4469300.0,3.3752334117889404,0.11042346060276031,"High gravity-gradient proxy with muted topographic slope; buried density boundary possible, NOT verified fault","Lithologic contact, intrusive margin, regional gravity processing artifact"
392,1767,420100.0,4469300.0,3.554086923599243,0.1214837059378624,"High gravity-gradient proxy with muted topographic slope; buried density boundary possible, NOT verified fault","Lithologic contact, intrusive margin, regional gravity processing artifact"
394,1776,421000.0,4469100.0,3.4465885162353516,0.126139834523201,"High gravity-gradient proxy with muted topographic slope; buried density boundary possible, NOT verified fault","Lithologic contact, intrusive margin, regional gravity processing artifact"
394,1779,421300.0,4469100.0,3.40490460395813,0.2986510992050171,"High gravity-gradient proxy with muted topographic slope; buried density boundary possible, NOT verified fault","Lithologic contact, intrusive margin, regional gravity processing artifact"
394,2262,469600.0,4469100.0,3.363694906234741,0.05515357851982117,"High gravity-gradient proxy with muted topographic slope; buried density boundary possible, NOT verified fault","Lithologic contact, intrusive margin, regional gravity processing artifact"
394,2265,469900.0,4469100.0,3.747098445892334,0.08900550752878189,"High gravity-gradient proxy with muted topographic slope; buried density boundary possible, NOT verified fault","Lithologic contact, intrusive margin, regional gravity processing artifact"
395,1765,419900.0,4469000.0,3.411370277404785,0.05886056274175644,"High gravity-gradient proxy with muted topographic slope; buried density boundary possible, NOT verified fault","Lithologic contact, intrusive margin, regional gravity processing artifact"
395,1768,420200.0,4469000.0,3.536585807800293,0.06351807713508606,"High gravity-gradient proxy with muted topographic slope; buried density boundary possible, NOT verified fault","Lithologic contact, intrusive margin, regional gravity processing artifact"
395,2269,470300.0,4469000.0,4.259175777435303,0.024883074685931206,"High gravity-gradient proxy with muted topographic slope; buried density boundary possible, NOT verified fault","Lithologic contact, intrusive margin, regional gravity processing artifact"
397,1772,420600.0,4468800.0,3.4585258960723877,0.05793500691652298,"High gravity-gradient proxy with muted topographic slope; buried density boundary possible, NOT verified fault","Lithologic contact, intrusive margin, regional gravity processing artifact"
397,1775,420900.0,4468800.0,3.4236035346984863,0.11159389466047287,"High gravity-gradient proxy with muted topographic slope; buried density boundary possible, NOT verified fault","Lithologic contact, intrusive margin, regional gravity processing artifact"
397,1778,421200.0,4468800.0,3.390288829803467,0.13699381053447723,"High gravity-gradient proxy with muted topographic slope; buried density boundary possible, NOT verified fault","Lithologic contact, intrusive margin, regional gravity processing artifact"
397,2266,470000.0,4468800.0,3.7073211669921875,0.023196948692202568,"High gravity-gradient proxy with muted topographic slope; buried density boundary possible, NOT verified fault","Lithologic contact, intrusive margin, regional gravity processing artifact"
397,2272,470600.0,4468800.0,4.661438941955566,0.01989075168967247,"High gravity-gradient proxy with muted topographic slope; buried density boundary possible, NOT verified fault","Lithologic contact, intrusive margin, regional gravity processing artifact"
397,2275,470900.0,4468800.0,4.238932132720947,0.01727556437253952,"High gravity-gradient proxy with muted topographic slope; buried density boundary possible, NOT verified fault","Lithologic contact, intrusive margin, regional gravity processing artifact"
398,1766,420000.0,4468700.0,3.4240918159484863,0.08807160705327988,"High gravity-gradient proxy with muted topographic slope; buried density boundary possible, NOT verified fault","Lithologic contact, intrusive margin, regional gravity processing artifact"
398,2269,470300.0,4468700.0,4.262390613555908,0.020510917529463768,"High gravity-gradient proxy with muted topographic slope; buried density boundary possible, NOT verified fault","Lithologic contact, intrusive margin, regional gravity processing artifact"
399,1769,420300.0,4468600.0,3.462984561920166,0.110447458922863,"High gravity-gradient proxy with muted topographic slope; buried density boundary possible, NOT verified fault","Lithologic contact, intrusive margin, regional gravity processing artifact"
400,1774,420800.0,4468500.0,3.397463083267212,0.07474833726882935,"High gravity-gradient proxy with muted topographic slope; buried density boundary possible, NOT verified fault","Lithologic contact, intrusive margin, regional gravity processing artifact"
400,1777,421100.0,4468500.0,3.367274522781372,0.12174692004919052,"High gravity-gradient proxy with muted topographic slope; buried density boundary possible, NOT verified fault","Lithologic contact, intrusive margin, regional gravity processing artifact"
400,2252,468600.0,4468500.0,3.407017469406128,0.09843569993972778,"High gravity-gradient proxy with muted topographic slope; buried density boundary possible, NOT verified fault","Lithologic contact, intrusive margin, regional gravity processing artifact"
400,2266,470000.0,4468500.0,3.5398411750793457,0.06292188912630081,"High gravity-gradient proxy with muted topographic slope; buried density boundary possible, NOT verified fault","Lithologic contact, intrusive margin, regional gravity processing artifact"
400,2272,470600.0,4468500.0,4.78851842880249,0.020867422223091125,"High gravity-gradient proxy with muted topographic slope; buried density boundary possible, NOT verified fault","Lithologic contact, intrusive margin, regional gravity processing artifact"
400,2275,470900.0,4468500.0,4.240416526794434,0.018157415091991425,"High gravity-gradient proxy with muted topographic slope; buried density boundary possible, NOT verified fault","Lithologic contact, intrusive margin, regional gravity processing artifact"
400,2278,471200.0,4468500.0,3.692399024963379,0.02089172974228859,"High gravity-gradient proxy with muted topographic slope; buried density boundary possible, NOT verified fault","Lithologic contact, intrusive margin, regional gravity processing artifact"
401,1765,419900.0,4468400.0,3.32295560836792,0.07028171420097351,"High gravity-gradient proxy with muted topographic slope; buried density boundary possible, NOT verified fault","Lithologic contact, intrusive margin, regional gravity processing artifact"
401,2269,470300.0,4468400.0,4.265676975250244,0.022265015169978142,"High gravity-gradient proxy with muted topographic slope; buried density boundary possible, NOT verified fault","Lithologic contact, intrusive margin, regional gravity processing artifact"
402,1768,420200.0,4468300.0,3.42630934715271,0.08561266958713531,"High gravity-gradient proxy with muted topographic slope; buried density boundary possible, NOT verified fault","Lithologic contact, intrusive margin, regional gravity processing artifact"
402,1771,420500.0,4468300.0,3.3992981910705566,0.08605257421731949,"High gravity-gradient proxy with muted topographic slope; buried density boundary possible, NOT verified fault","Lithologic contact, intrusive margin, regional gravity processing artifact"
403,1776,421000.0,4468200.0,3.3427209854125977,0.20487834513187408,"High gravity-gradient proxy with muted topographic slope; buried density boundary possible, NOT verified fault","Lithologic contact, intrusive margin, regional gravity processing artifact"
403,2252,468600.0,4468200.0,3.5327413082122803,0.1806292086839676,"High gravity-gradient proxy with muted topographic slope; buried density boundary possible, NOT verified fault","Lithologic contact, intrusive margin, regional gravity processing artifact"
403,2274,470800.0,4468200.0,4.466405868530273,0.020126478746533394,"High gravity-gradient proxy with muted topographic slope; buried density boundary possible, NOT verified fault","Lithologic contact, intrusive margin, regional gravity processing artifact"
403,2277,471100.0,4468200.0,3.7927656173706055,0.01949331909418106,"High gravity-gradient proxy with muted topographic slope; buried density boundary possible, NOT verified fault","Lithologic contact, intrusive margin, regional gravity processing artifact"
404,2249,468300.0,4468100.0,3.3629181385040283,0.17294180393218994,"High gravity-gradient proxy with muted topographic slope; buried density boundary possible, NOT verified fault","Lithologic contact, intrusive margin, regional gravity processing artifact"
404,2271,470500.0,4468100.0,4.872707366943359,0.37747690081596375,"High gravity-gradient proxy with muted topographic slope; buried density boundary possible, NOT verified fault","Lithologic contact, intrusive margin, regional gravity processing artifact"
405,1767,420100.0,4468000.0,3.3245131969451904,0.06452640146017075,"High gravity-gradient proxy with muted topographic slope; buried density boundary possible, NOT verified fault","Lithologic contact, intrusive margin, regional gravity processing artifact"
405,1770,420400.0,4468000.0,3.3207952976226807,0.07206626236438751,"High gravity-gradient proxy with muted topographic slope; buried density boundary possible, NOT verified fault","Lithologic contact, intrusive margin, regional gravity processing artifact"
405,1773,420700.0,4468000.0,3.3016624450683594,0.02907770872116089,"High gravity-gradient proxy with muted topographic slope; buried density boundary possible, NOT verified fault","Lithologic contact, intrusive margin, regional gravity processing artifact"
406,2252,468600.0,4467900.0,3.5438382625579834,0.2640250623226166,"High gravity-gradient proxy with muted topographic slope; buried density boundary possible, NOT verified fault","Lithologic contact, intrusive margin, regional gravity processing artifact"
407,2249,468300.0,4467800.0,3.3214304447174072,0.19111892580986023,"High gravity-gradient proxy with muted topographic slope; buried density boundary possible, NOT verified fault","Lithologic contact, intrusive margin, regional gravity processing artifact"
409,2252,468600.0,4467600.0,3.533073902130127,0.3013056814670563,"High gravity-gradient proxy with muted topographic slope; buried density boundary possible, NOT verified fault","Lithologic contact, intrusive margin, regional gravity processing artifact"
409,2255,468900.0,4467600.0,3.3182153701782227,0.1567760556936264,"High gravity-gradient proxy with muted topographic slope; buried density boundary possible, NOT verified fault","Lithologic contact, intrusive margin, regional gravity processing artifact"
412,2250,468400.0,4467300.0,3.371833086013794,0.15540330111980438,"High gravity-gradient proxy with muted topographic slope; buried density boundary possible, NOT verified fault","Lithologic contact, intrusive margin, regional gravity processing artifact"
412,2253,468700.0,4467300.0,3.504572868347168,0.19100286066532135,"High gravity-gradient proxy with muted topographic slope; buried density boundary possible, NOT verified fault","Lithologic contact, intrusive margin, regional gravity processing artifact"
412,2256,469000.0,4467300.0,3.451076030731201,0.17312608659267426,"High gravity-gradient proxy with muted topographic slope; buried density boundary possible, NOT verified fault","Lithologic contact, intrusive margin, regional gravity processing artifact"
412,2259,469300.0,4467300.0,3.3974664211273193,0.16181659698486328,"High gravity-gradient proxy with muted topographic slope; buried density boundary possible, NOT verified fault","Lithologic contact, intrusive margin, regional gravity processing artifact"
429,940,337400.0,4465600.0,3.333937406539917,0.08041289448738098,"High gravity-gradient proxy with muted topographic slope; buried density boundary possible, NOT verified fault","Lithologic contact, intrusive margin, regional gravity processing artifact"
430,946,338000.0,4465500.0,4.489441871643066,0.0812062919139862,"High gravity-gradient proxy with muted topographic slope; buried density boundary possible, NOT verified fault","Lithologic contact, intrusive margin, regional gravity processing artifact"
431,943,337700.0,4465400.0,4.224752426147461,0.15302930772304535,"High gravity-gradient proxy with muted topographic slope; buried density boundary possible, NOT verified fault","Lithologic contact, intrusive margin, regional gravity processing artifact"
432,940,337400.0,4465300.0,3.977700710296631,0.021479854360222816,"High gravity-gradient proxy with muted topographic slope; buried density boundary possible, NOT verified fault","Lithologic contact, intrusive margin, regional gravity processing artifact"
434,937,337100.0,4465100.0,3.609799861907959,0.05931132286787033,"High gravity-gradient proxy with muted topographic slope; buried density boundary possible, NOT verified fault","Lithologic contact, intrusive margin, regional gravity processing artifact"
434,943,337700.0,4465100.0,4.615446090698242,0.28914061188697815,"High gravity-gradient proxy with muted topographic slope; buried density boundary possible, NOT verified fault","Lithologic contact, intrusive margin, regional gravity processing artifact"
435,940,337400.0,4465000.0,4.341191291809082,0.18385912477970123,"High gravity-gradient proxy with muted topographic slope; buried density boundary possible, NOT verified fault","Lithologic contact, intrusive margin, regional gravity processing artifact"
437,936,337000.0,4464800.0,3.7313249111175537,0.10715437680482864,"High gravity-gradient proxy with muted topographic slope; buried density boundary possible, NOT verified fault","Lithologic contact, intrusive margin, regional gravity processing artifact"
438,939,337300.0,4464700.0,4.488491535186768,0.3129264712333679,"High gravity-gradient proxy with muted topographic slope; buried density boundary possible, NOT verified fault","Lithologic contact, intrusive margin, regional gravity processing artifact"
440,936,337000.0,4464500.0,4.056344985961914,0.08105077594518661,"High gravity-gradient proxy with muted topographic slope; buried density boundary possible, NOT verified fault","Lithologic contact, intrusive margin, regional gravity processing artifact"
440,942,337600.0,4464500.0,5.157632350921631,0.060474883764982224,"High gravity-gradient proxy with muted topographic slope; buried density boundary possible, NOT verified fault","Lithologic contact, intrusive margin, regional gravity processing artifact"
443,943,337700.0,4464200.0,5.468905448913574,0.16445834934711456,"High gravity-gradient proxy with muted topographic slope; buried density boundary possible, NOT verified fault","Lithologic contact, intrusive margin, regional gravity processing artifact"
446,945,337900.0,4463900.0,5.706331729888916,0.29427415132522583,"High gravity-gradient proxy with muted topographic slope; buried density boundary possible, NOT verified fault","Lithologic contact, intrusive margin, regional gravity processing artifact"
447,942,337600.0,4463800.0,5.506152629852295,0.14562658965587616,"High gravity-gradient proxy with muted topographic slope; buried density boundary possible, NOT verified fault","Lithologic contact, intrusive margin, regional gravity processing artifact"
449,947,338100.0,4463600.0,5.917022228240967,0.23428019881248474,"High gravity-gradient proxy with muted topographic slope; buried density boundary possible, NOT verified fault","Lithologic contact, intrusive margin, regional gravity processing artifact"
449,2488,492200.0,4463600.0,3.508147954940796,0.17178715765476227,"High gravity-gradient proxy with muted topographic slope; buried density boundary possible, NOT verified fault","Lithologic contact, intrusive margin, regional gravity processing artifact"
452,947,338100.0,4463300.0,5.963034152984619,0.21057511866092682,"High gravity-gradient proxy with muted topographic slope; buried density boundary possible, NOT verified fault","Lithologic contact, intrusive margin, regional gravity processing artifact"
452,2487,492100.0,4463300.0,3.7018306255340576,0.12049497663974762,"High gravity-gradient proxy with muted topographic slope; buried density boundary possible, NOT verified fault","Lithologic contact, intrusive margin, regional gravity processing artifact"
455,947,338100.0,4463000.0,5.936191558837891,0.22300106287002563,"High gravity-gradient proxy with muted topographic slope; buried density boundary possible, NOT verified fault","Lithologic contact, intrusive margin, regional gravity processing artifact"
455,2486,492000.0,4463000.0,3.9967634677886963,0.024054130539298058,"High gravity-gradient proxy with muted topographic slope; buried density boundary possible, NOT verified fault","Lithologic contact, intrusive margin, regional gravity processing artifact"
455,2489,492300.0,4463000.0,4.549976825714111,0.1974199265241623,"High gravity-gradient proxy with muted topographic slope; buried density boundary possible, NOT verified fault","Lithologic contact, intrusive margin, regional gravity processing artifact"
455,2970,540400.0,4463000.0,4.552681922912598,0.22986330091953278,"High gravity-gradient proxy with muted topographic slope; buried density boundary possible, NOT verified fault","Lithologic contact, intrusive margin, regional gravity processing artifact"
457,950,338400.0,4462800.0,6.29221248626709,0.21440893411636353,"High gravity-gradient proxy with muted topographic slope; buried density boundary possible, NOT verified fault","Lithologic contact, intrusive margin, regional gravity processing artifact"
457,2483,491700.0,4462800.0,3.868767738342285,0.1048549935221672,"High gravity-gradient proxy with muted topographic slope; buried density boundary possible, NOT verified fault","Lithologic contact, intrusive margin, regional gravity processing artifact"
458,946,338000.0,4462700.0,5.773717880249023,0.21475912630558014,"High gravity-gradient proxy with muted topographic slope; buried density boundary possible, NOT verified fault","Lithologic contact, intrusive margin, regional gravity processing artifact"
458,2486,492000.0,4462700.0,4.541090965270996,0.08749180287122726,"High gravity-gradient proxy with muted topographic slope; buried density boundary possible, NOT verified fault","Lithologic contact, intrusive margin, regional gravity processing artifact"
458,2971,540500.0,4462700.0,4.8033127784729,0.2265366017818451,"High gravity-gradient proxy with muted topographic slope; buried density boundary possible, NOT verified fault","Lithologic contact, intrusive margin, regional gravity processing artifact"
459,937,337100.0,4462600.0,4.385672092437744,0.23603248596191406,"High gravity-gradient proxy with muted topographic slope; buried density boundary possible, NOT verified fault","Lithologic contact, intrusive margin, regional gravity processing artifact"
459,940,337400.0,4462600.0,4.868829727172852,0.18786902725696564,"High gravity-gradient proxy with muted topographic slope; buried density boundary possible, NOT verified fault","Lithologic contact, intrusive margin, regional gravity processing artifact"
459,943,337700.0,4462600.0,5.312386512756348,0.21737489104270935,"High gravity-gradient proxy with muted topographic slope; buried density boundary possible, NOT verified fault","Lithologic contact, intrusive margin, regional gravity processing artifact"
460,949,338300.0,4462500.0,6.208237648010254,0.24030695855617523,"High gravity-gradient proxy with muted topographic slope; buried density boundary possible, NOT verified fault","Lithologic contact, intrusive margin, regional gravity processing artifact"
460,952,338600.0,4462500.0,6.356279373168945,0.24345892667770386,"High gravity-gradient proxy with muted topographic slope; buried density boundary possible, NOT verified fault","Lithologic contact, intrusive margin, regional gravity processing artifact"
460,2480,491400.0,4462500.0,3.402519464492798,0.07520270347595215,"High gravity-gradient proxy with muted topographic slope; buried density boundary possible, NOT verified fault","Lithologic contact, intrusive margin, regional gravity processing artifact"
461,946,338000.0,4462400.0,5.713793754577637,0.15636764466762543,"High gravity-gradient proxy with muted topographic slope; buried density boundary possible, NOT verified fault","Lithologic contact, intrusive margin, regional gravity processing artifact"
461,2970,540400.0,4462400.0,5.077698707580566,0.20354881882667542,"High gravity-gradient proxy with muted topographic slope; buried density boundary possible, NOT verified fault","Lithologic contact, intrusive margin, regional gravity processing artifact"
462,937,337100.0,4462300.0,4.174210548400879,0.1930655837059021,"High gravity-gradient proxy with muted topographic slope; buried density boundary possible, NOT verified fault","Lithologic contact, intrusive margin, regional gravity processing artifact"
462,940,337400.0,4462300.0,4.609383583068848,0.16838771104812622,"High gravity-gradient proxy with muted topographic slope; buried density boundary possible, NOT verified fault","Lithologic contact, intrusive margin, regional gravity processing artifact"
462,943,337700.0,4462300.0,5.1308512687683105,0.20889337360858917,"High gravity-gradient proxy with muted topographic slope; buried density boundary possible, NOT verified fault","Lithologic contact, intrusive margin, regional gravity processing artifact"
463,949,338300.0,4462200.0,6.083248615264893,0.23758794367313385,"High gravity-gradient proxy with muted topographic slope; buried density boundary possible, NOT verified fault","Lithologic contact, intrusive margin, regional gravity processing artifact"
464,946,338000.0,4462100.0,5.4612956047058105,0.24169190227985382,"High gravity-gradient proxy with muted topographic slope; buried density boundary possible, NOT verified fault","Lithologic contact, intrusive margin, regional gravity processing artifact"
464,952,338600.0,4462100.0,6.159276962280273,0.29491719603538513,"High gravity-gradient proxy with muted topographic slope; buried density boundary possible, NOT verified fault","Lithologic contact, intrusive margin, regional gravity processing artifact"
464,2970,540400.0,4462100.0,5.3377814292907715,0.2042110115289688,"High gravity-gradient proxy with muted topographic slope; buried density boundary possible, NOT verified fault","Lithologic contact, intrusive margin, regional gravity processing artifact"
465,938,337200.0,4462000.0,4.07041597366333,0.1924937218427658,"High gravity-gradient proxy with muted topographic slope; buried density boundary possible, NOT verified fault","Lithologic contact, intrusive margin, regional gravity processing artifact"
465,941,337500.0,4462000.0,4.492976665496826,0.16114257276058197,"High gravity-gradient proxy with muted topographic slope; buried density boundary possible, NOT verified fault","Lithologic contact, intrusive margin, regional gravity processing artifact"
467,947,338100.0,4461800.0,5.342333793640137,0.2602092921733856,"High gravity-gradient proxy with muted topographic slope; buried density boundary possible, NOT verified fault","Lithologic contact, intrusive margin, regional gravity processing artifact"
467,950,338400.0,4461800.0,5.862894058227539,0.2926599979400635,"High gravity-gradient proxy with muted topographic slope; buried density boundary possible, NOT verified fault","Lithologic contact, intrusive margin, regional gravity processing artifact"
468,939,337300.0,4461700.0,3.9307987689971924,0.19899728894233704,"High gravity-gradient proxy with muted topographic slope; buried density boundary possible, NOT verified fault","Lithologic contact, intrusive margin, regional gravity processing artifact"
468,953,338700.0,4461700.0,5.691449165344238,0.29088523983955383,"High gravity-gradient proxy with muted topographic slope; buried density boundary possible, NOT verified fault","Lithologic contact, intrusive margin, regional gravity processing artifact"
468,2970,540400.0,4461700.0,5.6790242195129395,0.2111673355102539,"High gravity-gradient proxy with muted topographic slope; buried density boundary possible, NOT verified fault","Lithologic contact, intrusive margin, regional gravity processing artifact"
469,944,337800.0,4461600.0,4.628093719482422,0.2815958559513092,"High gravity-gradient proxy with muted topographic slope; buried density boundary possible, NOT verified fault","Lithologic contact, intrusive margin, regional gravity processing artifact"
470,936,337000.0,4461500.0,3.4606499671936035,0.132285475730896,"High gravity-gradient proxy with muted topographic slope; buried density boundary possible, NOT verified fault","Lithologic contact, intrusive margin, regional gravity processing artifact"
470,947,338100.0,4461500.0,5.0488715171813965,0.08584407716989517,"High gravity-gradient proxy with muted topographic slope; buried density boundary possible, NOT verified fault","Lithologic contact, intrusive margin, regional gravity processing artifact"
470,950,338400.0,4461500.0,5.566504001617432,0.2357141375541687,"High gravity-gradient proxy with muted topographic slope; buried density boundary possible, NOT verified fault","Lithologic contact, intrusive margin, regional gravity processing artifact"
470,962,339600.0,4461500.0,4.715378761291504,0.15482255816459656,"High gravity-gradient proxy with muted topographic slope; buried density boundary possible, NOT verified fault","Lithologic contact, intrusive margin, regional gravity processing artifact"
471,939,337300.0,4461400.0,3.6638681888580322,0.0745089054107666,"High gravity-gradient proxy with muted topographic slope; buried density boundary possible, NOT verified fault","Lithologic contact, intrusive margin, regional gravity processing artifact"
471,953,338700.0,4461400.0,5.3564229011535645,0.22402051091194153,"High gravity-gradient proxy with muted topographic slope; buried density boundary possible, NOT verified fault","Lithologic contact, intrusive margin, regional gravity processing artifact"
471,2969,540300.0,4461400.0,5.972451686859131,0.24386867880821228,"High gravity-gradient proxy with muted topographic slope; buried density boundary possible, NOT verified fault","Lithologic contact, intrusive margin, regional gravity processing artifact"
472,942,337600.0,4461300.0,4.028235912322998,0.19785921275615692,"High gravity-gradient proxy with muted topographic slope; buried density boundary possible, NOT verified fault","Lithologic contact, intrusive margin, regional gravity processing artifact"
473,945,337900.0,4461200.0,4.443737506866455,0.1995410919189453,"High gravity-gradient proxy with muted topographic slope; buried density boundary possible, NOT verified fault","Lithologic contact, intrusive margin, regional gravity processing artifact"
473,948,338200.0,4461200.0,4.896575927734375,0.11372224986553192,"High gravity-gradient proxy with muted topographic slope; buried density boundary possible, NOT verified fault","Lithologic contact, intrusive margin, regional gravity processing artifact"
474,939,337300.0,4461100.0,3.5890231132507324,0.13516131043434143,"High gravity-gradient proxy with muted topographic slope; buried density boundary possible, NOT verified fault","Lithologic contact, intrusive margin, regional gravity processing artifact"
474,2969,540300.0,4461100.0,6.112344264984131,0.23788760602474213,"High gravity-gradient proxy with muted topographic slope; buried density boundary possible, NOT verified fault","Lithologic contact, intrusive margin, regional gravity processing artifact"
475,942,337600.0,4461000.0,3.917452335357666,0.19546660780906677,"High gravity-gradient proxy with muted topographic slope; buried density boundary possible, NOT verified fault","Lithologic contact, intrusive margin, regional gravity processing artifact"
476,946,338000.0,4460900.0,4.322525501251221,0.26430001854896545,"High gravity-gradient proxy with muted topographic slope; buried density boundary possible, NOT verified fault","Lithologic contact, intrusive margin, regional gravity processing artifact"
476,949,338300.0,4460900.0,4.654580116271973,0.09054891765117645,"High gravity-gradient proxy with muted topographic slope; buried density boundary possible, NOT verified fault","Lithologic contact, intrusive margin, regional gravity processing artifact"
478,952,338600.0,4460700.0,4.343844413757324,0.10059377551078796,"High gravity-gradient proxy with muted topographic slope; buried density boundary possible, NOT verified fault","Lithologic contact, intrusive margin, regional gravity processing artifact"
479,940,337400.0,4460600.0,3.624793291091919,0.15060602128505707,"High gravity-gradient proxy with muted topographic slope; buried density boundary possible, NOT verified fault","Lithologic contact, intrusive margin, regional gravity processing artifact"
479,2963,539700.0,4460600.0,5.965881824493408,0.2524505853652954,"High gravity-gradient proxy with muted topographic slope; buried density boundary possible, NOT verified fault","Lithologic contact, intrusive margin, regional gravity processing artifact"
481,953,338700.0,4460400.0,3.7820427417755127,0.18187010288238525,"High gravity-gradient proxy with muted topographic slope; buried density boundary possible, NOT verified fault","Lithologic contact, intrusive margin, regional gravity processing artifact"
482,2961,539500.0,4460300.0,5.907732009887695,0.19877062737941742,"High gravity-gradient proxy with muted topographic slope; buried density boundary possible, NOT verified fault","Lithologic contact, intrusive margin, regional gravity processing artifact"
484,953,338700.0,4460100.0,3.347750186920166,0.23154900968074799,"High gravity-gradient proxy with muted topographic slope; buried density boundary possible, NOT verified fault","Lithologic contact, intrusive margin, regional gravity processing artifact"
485,2957,539100.0,4460000.0,5.776407718658447,0.2825300693511963,"High gravity-gradient proxy with muted topographic slope; buried density boundary possible, NOT verified fault","Lithologic contact, intrusive margin, regional gravity processing artifact"
485,2960,539400.0,4460000.0,5.812246322631836,0.26322001218795776,"High gravity-gradient proxy with muted topographic slope; buried density boundary possible, NOT verified fault","Lithologic contact, intrusive margin, regional gravity processing artifact"
487,2954,538800.0,4459800.0,5.438655853271484,0.25099071860313416,"High gravity-gradient proxy with muted topographic slope; buried density boundary possible, NOT verified fault","Lithologic contact, intrusive margin, regional gravity processing artifact"
488,2957,539100.0,4459700.0,5.773405075073242,0.2262069582939148,"High gravity-gradient proxy with muted topographic slope; buried density boundary possible, NOT verified fault","Lithologic contact, intrusive margin, regional gravity processing artifact"
488,2960,539400.0,4459700.0,5.714003086090088,0.22816318273544312,"High gravity-gradient proxy with muted topographic slope; buried density boundary possible, NOT verified fault","Lithologic contact, intrusive margin, regional gravity processing artifact"
490,1366,380000.0,4459500.0,3.394834280014038,0.12915164232254028,"High gravity-gradient proxy with muted topographic slope; buried density boundary possible, NOT verified fault","Lithologic contact, intrusive margin, regional gravity processing artifact"
491,2955,538900.0,4459400.0,5.6435770988464355,0.22337737679481506,"High gravity-gradient proxy with muted topographic slope; buried density boundary possible, NOT verified fault","Lithologic contact, intrusive margin, regional gravity processing artifact"
491,2958,539200.0,4459400.0,5.744255542755127,0.2047141045331955,"High gravity-gradient proxy with muted topographic slope; buried density boundary possible, NOT verified fault","Lithologic contact, intrusive margin, regional gravity processing artifact"
493,1364,379800.0,4459200.0,3.432882785797119,0.19736503064632416,"High gravity-gradient proxy with muted topographic slope; buried density boundary possible, NOT verified fault","Lithologic contact, intrusive margin, regional gravity processing artifact"
493,1367,380100.0,4459200.0,3.6938962936401367,0.08154863119125366,"High gravity-gradient proxy with muted topographic slope; buried density boundary possible, NOT verified fault","Lithologic contact, intrusive margin, regional gravity processing artifact"
494,2958,539200.0,4459100.0,5.690885543823242,0.21950100362300873,"High gravity-gradient proxy with muted topographic slope; buried density boundary possible, NOT verified fault","Lithologic contact, intrusive margin, regional gravity processing artifact"
495,1371,380500.0,4459000.0,4.130191802978516,0.08474715054035187,"High gravity-gradient proxy with muted topographic slope; buried density boundary possible, NOT verified fault","Lithologic contact, intrusive margin, regional gravity processing artifact"
496,1362,379600.0,4458900.0,3.327914237976074,0.17043016850948334,"High gravity-gradient proxy with muted topographic slope; buried density boundary possible, NOT verified fault","Lithologic contact, intrusive margin, regional gravity processing artifact"
496,1365,379900.0,4458900.0,3.6897330284118652,0.09252364933490753,"High gravity-gradient proxy with muted topographic slope; buried density boundary possible, NOT verified fault","Lithologic contact, intrusive margin, regional gravity processing artifact"
496,1368,380200.0,4458900.0,3.9319846630096436,0.3279730975627899,"High gravity-gradient proxy with muted topographic slope; buried density boundary possible, NOT verified fault","Lithologic contact, intrusive margin, regional gravity processing artifact"
499,926,336000.0,4458600.0,3.2828924655914307,0.07251127064228058,"High gravity-gradient proxy with muted topographic slope; buried density boundary possible, NOT verified fault","Lithologic contact, intrusive margin, regional gravity processing artifact"
499,1364,379800.0,4458600.0,3.78507399559021,0.11225699633359909,"High gravity-gradient proxy with muted topographic slope; buried density boundary possible, NOT verified fault","Lithologic contact, intrusive margin, regional gravity processing artifact"
499,1368,380200.0,4458600.0,4.083026885986328,0.203805074095726,"High gravity-gradient proxy with muted topographic slope; buried density boundary possible, NOT verified fault","Lithologic contact, intrusive margin, regional gravity processing artifact"
500,929,336300.0,4458500.0,3.5479178428649902,0.17609257996082306,"High gravity-gradient proxy with muted topographic slope; buried density boundary possible, NOT verified fault","Lithologic contact, intrusive margin, regional gravity processing artifact"
501,923,335700.0,4458400.0,3.3202614784240723,0.08429005742073059,"High gravity-gradient proxy with muted topographic slope; buried density boundary possible, NOT verified fault","Lithologic contact, intrusive margin, regional gravity processing artifact"
502,920,335400.0,4458300.0,3.318607807159424,0.045562438666820526,"High gravity-gradient proxy with muted topographic slope; buried density boundary possible, NOT verified fault","Lithologic contact, intrusive margin, regional gravity processing artifact"
502,926,336000.0,4458300.0,3.561663866043091,0.08667410165071487,"High gravity-gradient proxy with muted topographic slope; buried density boundary possible, NOT verified fault","Lithologic contact, intrusive margin, regional gravity processing artifact"
502,932,336600.0,4458300.0,3.57588529586792,0.08221516013145447,"High gravity-gradient proxy with muted topographic slope; buried density boundary possible, NOT verified fault","Lithologic contact, intrusive margin, regional gravity processing artifact"
502,1366,380000.0,4458300.0,4.08890962600708,0.16008754074573517,"High gravity-gradient proxy with muted topographic slope; buried density boundary possible, NOT verified fault","Lithologic contact, intrusive margin, regional gravity processing artifact"
502,1369,380300.0,4458300.0,4.295478820800781,0.12733350694179535,"High gravity-gradient proxy with muted topographic slope; buried density boundary possible, NOT verified fault","Lithologic contact, intrusive margin, regional gravity processing artifact"
502,1372,380600.0,4458300.0,4.502023220062256,0.2893444001674652,"High gravity-gradient proxy with muted topographic slope; buried density boundary possible, NOT verified fault","Lithologic contact, intrusive margin, regional gravity processing artifact"
503,929,336300.0,4458200.0,3.7317423820495605,0.12305626273155212,"High gravity-gradient proxy with muted topographic slope; buried density boundary possible, NOT verified fault","Lithologic contact, intrusive margin, regional gravity processing artifact"
504,2949,538300.0,4458100.0,5.794626235961914,0.19330857694149017,"High gravity-gradient proxy with muted topographic slope; buried density boundary possible, NOT verified fault","Lithologic contact, intrusive margin, regional gravity processing artifact"
505,1368,380200.0,4458000.0,4.254205226898193,0.1572025865316391,"High gravity-gradient proxy with muted topographic slope; buried density boundary possible, NOT verified fault","Lithologic contact, intrusive margin, regional gravity processing artifact"
505,2928,536200.0,4458000.0,5.387779235839844,0.3746720254421234,"High gravity-gradient proxy with muted topographic slope; buried density boundary possible, NOT verified fault","Lithologic contact, intrusive margin, regional gravity processing artifact"
505,2943,537700.0,4458000.0,5.892315864562988,0.29051482677459717,"High gravity-gradient proxy with muted topographic slope; buried density boundary possible, NOT verified fault","Lithologic contact, intrusive margin, regional gravity processing artifact"
505,2946,538000.0,4458000.0,5.836674213409424,0.20127610862255096,"High gravity-gradient proxy with muted topographic slope; buried density boundary possible, NOT verified fault","Lithologic contact, intrusive margin, regional gravity processing artifact"
506,928,336200.0,4457900.0,3.883392572402954,0.11252748966217041,"High gravity-gradient proxy with muted topographic slope; buried density boundary possible, NOT verified fault","Lithologic contact, intrusive margin, regional gravity processing artifact"
506,931,336500.0,4457900.0,3.7699432373046875,0.1333283632993698,"High gravity-gradient proxy with muted topographic slope; buried density boundary possible, NOT verified fault","Lithologic contact, intrusive margin, regional gravity processing artifact"
506,2940,537400.0,4457900.0,5.9870476722717285,0.22550594806671143,"High gravity-gradient proxy with muted topographic slope; buried density boundary possible, NOT verified fault","Lithologic contact, intrusive margin, regional gravity processing artifact"
507,2925,535900.0,4457800.0,5.145562171936035,0.21221095323562622,"High gravity-gradient proxy with muted topographic slope; buried density boundary possible, NOT verified fault","Lithologic contact, intrusive margin, regional gravity processing artifact"
507,2931,536500.0,4457800.0,5.957238674163818,0.15369464457035065,"High gravity-gradient proxy with muted topographic slope; buried density boundary possible, NOT verified fault","Lithologic contact, intrusive margin, regional gravity processing artifact"
508,2928,536200.0,4457700.0,6.095422267913818,0.2051977813243866,"High gravity-gradient proxy with muted topographic slope; buried density boundary possible, NOT verified fault","Lithologic contact, intrusive margin, regional gravity processing artifact"
508,2937,537100.0,4457700.0,6.232367038726807,0.23117776215076447,"High gravity-gradient proxy with muted topographic slope; buried density boundary possible, NOT verified fault","Lithologic contact, intrusive margin, regional gravity processing artifact"
510,2925,535900.0,4457500.0,5.830342769622803,0.11767406016588211,"High gravity-gradient proxy with muted topographic slope; buried density boundary possible, NOT verified fault","Lithologic contact, intrusive margin, regional gravity processing artifact"
510,2931,536500.0,4457500.0,6.509136199951172,0.15337024629116058,"High gravity-gradient proxy with muted topographic slope; buried density boundary possible, NOT verified fault","Lithologic contact, intrusive margin, regional gravity processing artifact"
511,2922,535600.0,4457400.0,4.916193008422852,0.2717618942260742,"High gravity-gradient proxy with muted topographic slope; buried density boundary possible, NOT verified fault","Lithologic contact, intrusive margin, regional gravity processing artifact"
511,2928,536200.0,4457400.0,6.803140640258789,0.22119222581386566,"High gravity-gradient proxy with muted topographic slope; buried density boundary possible, NOT verified fault","Lithologic contact, intrusive margin, regional gravity processing artifact"
511,2935,536900.0,4457400.0,6.546228408813477,0.18530699610710144,"High gravity-gradient proxy with muted topographic slope; buried density boundary possible, NOT verified fault","Lithologic contact, intrusive margin, regional gravity processing artifact"
513,2919,535300.0,4457200.0,4.137686252593994,0.13187311589717865,"High gravity-gradient proxy with muted topographic slope; buried density boundary possible, NOT verified fault","Lithologic contact, intrusive margin, regional gravity processing artifact"
513,2925,535900.0,4457200.0,6.478731632232666,0.21902458369731903,"High gravity-gradient proxy with muted topographic slope; buried density boundary possible, NOT verified fault","Lithologic contact, intrusive margin, regional gravity processing artifact"
514,2922,535600.0,4457100.0,5.5124897956848145,0.11863952875137329,"High gravity-gradient proxy with muted topographic slope; buried density boundary possible, NOT verified fault","Lithologic contact, intrusive margin, regional gravity processing artifact"
515,911,334500.0,4457000.0,5.057411193847656,0.032050397247076035,"High gravity-gradient proxy with muted topographic slope; buried density boundary possible, NOT verified fault","Lithologic contact, intrusive margin, regional gravity processing artifact"
515,914,334800.0,4457000.0,5.132879734039307,0.02604062668979168,"High gravity-gradient proxy with muted topographic slope; buried density boundary possible, NOT verified fault","Lithologic contact, intrusive margin, regional gravity processing artifact"
515,917,335100.0,4457000.0,5.207962512969971,0.029059214517474174,"High gravity-gradient proxy with muted topographic slope; buried density boundary possible, NOT verified fault","Lithologic contact, intrusive margin, regional gravity processing artifact"
515,920,335400.0,4457000.0,5.265156269073486,0.028317436575889587,"High gravity-gradient proxy with muted topographic slope; buried density boundary possible, NOT verified fault","Lithologic contact, intrusive margin, regional gravity processing artifact"
515,923,335700.0,4457000.0,4.834505081176758,0.05899260938167572,"High gravity-gradient proxy with muted topographic slope; buried density boundary possible, NOT verified fault","Lithologic contact, intrusive margin, regional gravity processing artifact"
515,926,336000.0,4457000.0,4.404463768005371,0.06555517762899399,"High gravity-gradient proxy with muted topographic slope; buried density boundary possible, NOT verified fault","Lithologic contact, intrusive margin, regional gravity processing artifact"
516,2919,535300.0,4456900.0,4.877919673919678,0.032132986932992935,"High gravity-gradient proxy with muted topographic slope; buried density boundary possible, NOT verified fault","Lithologic contact, intrusive margin, regional gravity processing artifact"
517,2922,535600.0,4456800.0,6.125230312347412,0.17947806417942047,"High gravity-gradient proxy with muted topographic slope; buried density boundary possible, NOT verified fault","Lithologic contact, intrusive margin, regional gravity processing artifact"
518,907,334100.0,4456700.0,3.9078078269958496,0.11901181936264038,"High gravity-gradient proxy with muted topographic slope; buried density boundary possible, NOT verified fault","Lithologic contact, intrusive margin, regional gravity processing artifact"
518,910,334400.0,4456700.0,5.088051795959473,0.09412399679422379,"High gravity-gradient proxy with muted topographic slope; buried density boundary possible, NOT verified fault","Lithologic contact, intrusive margin, regional gravity processing artifact"
518,913,334700.0,4456700.0,5.268885135650635,0.13104742765426636,"High gravity-gradient proxy with muted topographic slope; buried density boundary possible, NOT verified fault","Lithologic contact, intrusive margin, regional gravity processing artifact"
518,916,335000.0,4456700.0,5.449333190917969,0.13224074244499207,"High gravity-gradient proxy with muted topographic slope; buried density boundary possible, NOT verified fault","Lithologic contact, intrusive margin, regional gravity processing artifact"
518,919,335300.0,4456700.0,5.629396438598633,0.15442456305027008,"High gravity-gradient proxy with muted topographic slope; buried density boundary possible, NOT verified fault","Lithologic contact, intrusive margin, regional gravity processing artifact"
518,922,335600.0,4456700.0,5.262397766113281,0.1787814497947693,"High gravity-gradient proxy with muted topographic slope; buried density boundary possible, NOT verified fault","Lithologic contact, intrusive margin, regional gravity processing artifact"
518,925,335900.0,4456700.0,4.6642327308654785,0.16336269676685333,"High gravity-gradient proxy with muted topographic slope; buried density boundary possible, NOT verified fault","Lithologic contact, intrusive margin, regional gravity processing artifact"
518,928,336200.0,4456700.0,4.066677093505859,0.16267330944538116,"High gravity-gradient proxy with muted topographic slope; buried density boundary possible, NOT verified fault","Lithologic contact, intrusive margin, regional gravity processing artifact"
518,931,336500.0,4456700.0,3.50468373298645,0.16703666746616364,"High gravity-gradient proxy with muted topographic slope; buried density boundary possible, NOT verified fault","Lithologic contact, intrusive margin, regional gravity processing artifact"
518,2916,535000.0,4456700.0,4.4900593757629395,0.1696690320968628,"High gravity-gradient proxy with muted topographic slope; buried density boundary possible, NOT verified fault","Lithologic contact, intrusive margin, regional gravity processing artifact"
519,2919,535300.0,4456600.0,5.618218421936035,0.17769886553287506,"High gravity-gradient proxy with muted topographic slope; buried density boundary possible, NOT verified fault","Lithologic contact, intrusive margin, regional gravity processing artifact"
520,2913,534700.0,4456500.0,4.282360553741455,0.1686965674161911,"High gravity-gradient proxy with muted topographic slope; buried density boundary possible, NOT verified fault","Lithologic contact, intrusive margin, regional gravity processing artifact"
520,2924,535800.0,4456500.0,7.32001256942749,0.18727661669254303,"High gravity-gradient proxy with muted topographic slope; buried density boundary possible, NOT verified fault","Lithologic contact, intrusive margin, regional gravity processing artifact"
521,908,334200.0,4456400.0,4.45339298248291,0.27884772419929504,"High gravity-gradient proxy with muted topographic slope; buried density boundary possible, NOT verified fault","Lithologic contact, intrusive margin, regional gravity processing artifact"
521,911,334500.0,4456400.0,5.2412567138671875,0.3005141317844391,"High gravity-gradient proxy with muted topographic slope; buried density boundary possible, NOT verified fault","Lithologic contact, intrusive margin, regional gravity processing artifact"
521,914,334800.0,4456400.0,5.525360584259033,0.16565796732902527,"High gravity-gradient proxy with muted topographic slope; buried density boundary possible, NOT verified fault","Lithologic contact, intrusive margin, regional gravity processing artifact"
521,917,335100.0,4456400.0,5.809324741363525,0.12679719924926758,"High gravity-gradient proxy with muted topographic slope; buried density boundary possible, NOT verified fault","Lithologic contact, intrusive margin, regional gravity processing artifact"
521,923,335700.0,4456400.0,5.289468765258789,0.13737952709197998,"High gravity-gradient proxy with muted topographic slope; buried density boundary possible, NOT verified fault","Lithologic contact, intrusive margin, regional gravity processing artifact"
521,929,336300.0,4456400.0,3.760549783706665,0.13232219219207764,"High gravity-gradient proxy with muted topographic slope; buried density boundary possible, NOT verified fault","Lithologic contact, intrusive margin, regional gravity processing artifact"
522,920,335400.0,4456300.0,6.141424179077148,0.12585623562335968,"High gravity-gradient proxy with muted topographic slope; buried density boundary possible, NOT verified fault","Lithologic contact, intrusive margin, regional gravity processing artifact"
522,926,336000.0,4456300.0,4.539004802703857,0.11469287425279617,"High gravity-gradient proxy with muted topographic slope; buried density boundary possible, NOT verified fault","Lithologic contact, intrusive margin, regional gravity processing artifact"
522,2921,535500.0,4456300.0,6.883944988250732,0.16263128817081451,"High gravity-gradient proxy with muted topographic slope; buried density boundary possible, NOT verified fault","Lithologic contact, intrusive margin, regional gravity processing artifact"
523,1361,379500.0,4456200.0,3.4830195903778076,0.12680059671401978,"High gravity-gradient proxy with muted topographic slope; buried density boundary possible, NOT verified fault","Lithologic contact, intrusive margin, regional gravity processing artifact"
523,2912,534600.0,4456200.0,4.694489479064941,0.08970990777015686,"High gravity-gradient proxy with muted topographic slope; buried density boundary possible, NOT verified fault","Lithologic contact, intrusive margin, regional gravity processing artifact"
523,2915,534900.0,4456200.0,5.474765300750732,0.1888013482093811,"High gravity-gradient proxy with muted topographic slope; buried density boundary possible, NOT verified fault","Lithologic contact, intrusive margin, regional gravity processing artifact"
524,908,334200.0,4456100.0,4.615135669708252,0.2198396474123001,"High gravity-gradient proxy with muted topographic slope; buried density boundary possible, NOT verified fault","Lithologic contact, intrusive margin, regional gravity processing artifact"
524,917,335100.0,4456100.0,6.038455486297607,0.17997713387012482,"High gravity-gradient proxy with muted topographic slope; buried density boundary possible, NOT verified fault","Lithologic contact, intrusive margin, regional gravity processing artifact"
524,923,335700.0,4456100.0,5.441033363342285,0.07011492550373077,"High gravity-gradient proxy with muted topographic slope; buried density boundary possible, NOT verified fault","Lithologic contact, intrusive margin, regional gravity processing artifact"
524,929,336300.0,4456100.0,3.6939873695373535,0.13390584290027618,"High gravity-gradient proxy with muted topographic slope; buried density boundary possible, NOT verified fault","Lithologic contact, intrusive margin, regional gravity processing artifact"
524,2909,534300.0,4456100.0,4.030006408691406,0.10695485025644302,"High gravity-gradient proxy with muted topographic slope; buried density boundary possible, NOT verified fault","Lithologic contact, intrusive margin, regional gravity processing artifact"
525,905,333900.0,4456000.0,3.598109483718872,0.31921884417533875,"High gravity-gradient proxy with muted topographic slope; buried density boundary possible, NOT verified fault","Lithologic contact, intrusive margin, regional gravity processing artifact"
525,914,334800.0,4456000.0,5.779914855957031,0.11596037447452545,"High gravity-gradient proxy with muted topographic slope; buried density boundary possible, NOT verified fault","Lithologic contact, intrusive margin, regional gravity processing artifact"
525,920,335400.0,4456000.0,6.40197229385376,0.032853443175554276,"High gravity-gradient proxy with muted topographic slope; buried density boundary possible, NOT verified fault","Lithologic contact, intrusive margin, regional gravity processing artifact"
525,926,336000.0,4456000.0,4.581427097320557,0.15012148022651672,"High gravity-gradient proxy with muted topographic slope; buried density boundary possible, NOT verified fault","Lithologic contact, intrusive margin, regional gravity processing artifact"
526,911,334500.0,4455900.0,5.495758056640625,0.06410617381334305,"High gravity-gradient proxy with muted topographic slope; buried density boundary possible, NOT verified fault","Lithologic contact, intrusive margin, regional gravity processing artifact"
526,2912,534600.0,4455900.0,5.020229816436768,0.2202557623386383,"High gravity-gradient proxy with muted topographic slope; buried density boundary possible, NOT verified fault","Lithologic contact, intrusive margin, regional gravity processing artifact"
527,908,334200.0,4455800.0,4.776792049407959,0.15002372860908508,"High gravity-gradient proxy with muted topographic slope; buried density boundary possible, NOT verified fault","Lithologic contact, intrusive margin, regional gravity processing artifact"
527,917,335100.0,4455800.0,6.267670154571533,0.07746574282646179,"High gravity-gradient proxy with muted topographic slope; buried density boundary possible, NOT verified fault","Lithologic contact, intrusive margin, regional gravity processing artifact"
527,923,335700.0,4455800.0,5.59235954284668,0.325405091047287,"High gravity-gradient proxy with muted topographic slope; buried density boundary possible, NOT verified fault","Lithologic contact, intrusive margin, regional gravity processing artifact"
527,929,336300.0,4455800.0,3.627187728881836,0.10270575433969498,"High gravity-gradient proxy with muted topographic slope; buried density boundary possible, NOT verified fault","Lithologic contact, intrusive margin, regional gravity processing artifact"
527,2909,534300.0,4455800.0,4.377443313598633,0.13951942324638367,"High gravity-gradient proxy with muted topographic slope; buried density boundary possible, NOT verified fault","Lithologic contact, intrusive margin, regional gravity processing artifact"
528,905,333900.0,4455700.0,3.798907518386841,0.16109950840473175,"High gravity-gradient proxy with muted topographic slope; buried density boundary possible, NOT verified fault","Lithologic contact, intrusive margin, regional gravity processing artifact"
528,914,334800.0,4455700.0,5.97092866897583,0.08580052852630615,"High gravity-gradient proxy with muted topographic slope; buried density boundary possible, NOT verified fault","Lithologic contact, intrusive margin, regional gravity processing artifact"
528,920,335400.0,4455700.0,6.662281036376953,0.19412937760353088,"High gravity-gradient proxy with muted topographic slope; buried density boundary possible, NOT verified fault","Lithologic contact, intrusive margin, regional gravity processing artifact"
528,926,336000.0,4455700.0,4.623610973358154,0.0605907216668129,"High gravity-gradient proxy with muted topographic slope; buried density boundary possible, NOT verified fault","Lithologic contact, intrusive margin, regional gravity processing artifact"
529,911,334500.0,4455600.0,5.648571014404297,0.09424124658107758,"High gravity-gradient proxy with muted topographic slope; buried density boundary possible, NOT verified fault","Lithologic contact, intrusive margin, regional gravity processing artifact"
530,908,334200.0,4455500.0,4.938362121582031,0.1365894377231598,"High gravity-gradient proxy with muted topographic slope; buried density boundary possible, NOT verified fault","Lithologic contact, intrusive margin, regional gravity processing artifact"
530,917,335100.0,4455500.0,6.4969682693481445,0.1531548947095871,"High gravity-gradient proxy with muted topographic slope; buried density boundary possible, NOT verified fault","Lithologic contact, intrusive margin, regional gravity processing artifact"
530,923,335700.0,4455500.0,5.743447303771973,0.08092714101076126,"High gravity-gradient proxy with muted topographic slope; buried density boundary possible, NOT verified fault","Lithologic contact, intrusive margin, regional gravity processing artifact"
530,929,336300.0,4455500.0,3.560150623321533,0.1328955441713333,"High gravity-gradient proxy with muted topographic slope; buried density boundary possible, NOT verified fault","Lithologic contact, intrusive margin, regional gravity processing artifact"
531,905,333900.0,4455400.0,3.9891300201416016,0.1346748024225235,"High gravity-gradient proxy with muted topographic slope; buried density boundary possible, NOT verified fault","Lithologic contact, intrusive margin, regional gravity processing artifact"
531,914,334800.0,4455400.0,6.151578903198242,0.1565815955400467,"High gravity-gradient proxy with muted topographic slope; buried density boundary possible, NOT verified fault","Lithologic contact, intrusive margin, regional gravity processing artifact"
531,920,335400.0,4455400.0,6.914249897003174,0.13704702258110046,"High gravity-gradient proxy with muted topographic slope; buried density boundary possible, NOT verified fault","Lithologic contact, intrusive margin, regional gravity processing artifact"
531,926,336000.0,4455400.0,4.673756122589111,0.07729953527450562,"High gravity-gradient proxy with muted topographic slope; buried density boundary possible, NOT verified fault","Lithologic contact, intrusive margin, regional gravity processing artifact"
532,911,334500.0,4455300.0,5.722862243652344,0.11574304848909378,"High gravity-gradient proxy with muted topographic slope; buried density boundary possible, NOT verified fault","Lithologic contact, intrusive margin, regional gravity processing artifact"
533,908,334200.0,4455200.0,4.959322929382324,0.07788214087486267,"High gravity-gradient proxy with muted topographic slope; buried density boundary possible, NOT verified fault","Lithologic contact, intrusive margin, regional gravity processing artifact"
533,917,335100.0,4455200.0,6.600074291229248,0.10061249881982803,"High gravity-gradient proxy with muted topographic slope; buried density boundary possible, NOT verified fault","Lithologic contact, intrusive margin, regional gravity processing artifact"
533,923,335700.0,4455200.0,5.8993048667907715,0.034280918538570404,"High gravity-gradient proxy with muted topographic slope; buried density boundary possible, NOT verified fault","Lithologic contact, intrusive margin, regional gravity processing artifact"
533,929,336300.0,4455200.0,3.7305195331573486,0.08502404391765594,"High gravity-gradient proxy with muted topographic slope; buried density boundary possible, NOT verified fault","Lithologic contact, intrusive margin, regional gravity processing artifact"
534,905,333900.0,4455100.0,4.017691135406494,0.08530677109956741,"High gravity-gradient proxy with muted topographic slope; buried density boundary possible, NOT verified fault","Lithologic contact, intrusive margin, regional gravity processing artifact"
534,920,335400.0,4455100.0,7.018001079559326,0.0982421264052391,"High gravity-gradient proxy with muted topographic slope; buried density boundary possible, NOT verified fault","Lithologic contact, intrusive margin, regional gravity processing artifact"
534,926,336000.0,4455100.0,4.885656356811523,0.13127091526985168,"High gravity-gradient proxy with muted topographic slope; buried density boundary possible, NOT verified fault","Lithologic contact, intrusive margin, regional gravity processing artifact"
534,2904,533800.0,4455100.0,3.939518690109253,0.24304135143756866,"High gravity-gradient proxy with muted topographic slope; buried density boundary possible, NOT verified fault","Lithologic contact, intrusive margin, regional gravity processing artifact"
535,911,334500.0,4455000.0,5.674644470214844,0.10119248181581497,"High gravity-gradient proxy with muted topographic slope; buried density boundary possible, NOT verified fault","Lithologic contact, intrusive margin, regional gravity processing artifact"
536,908,334200.0,4454900.0,4.9270710945129395,0.1062612533569336,"High gravity-gradient proxy with muted topographic slope; buried density boundary possible, NOT verified fault","Lithologic contact, intrusive margin, regional gravity processing artifact"
536,914,334800.0,4454900.0,6.156522750854492,0.1032213419675827,"High gravity-gradient proxy with muted topographic slope; buried density boundary possible, NOT verified fault","Lithologic contact, intrusive margin, regional gravity processing artifact"
536,917,335100.0,4454900.0,6.654262065887451,0.09942135214805603,"High gravity-gradient proxy with muted topographic slope; buried density boundary possible, NOT verified fault","Lithologic contact, intrusive margin, regional gravity processing artifact"
536,923,335700.0,4454900.0,6.05720853805542,0.15485779941082,"High gravity-gradient proxy with muted topographic slope; buried density boundary possible, NOT verified fault","Lithologic contact, intrusive margin, regional gravity processing artifact"
536,929,336300.0,4454900.0,3.996572256088257,0.11928458511829376,"High gravity-gradient proxy with muted topographic slope; buried density boundary possible, NOT verified fault","Lithologic contact, intrusive margin, regional gravity processing artifact"
537,905,333900.0,4454800.0,4.04611873626709,0.0963558554649353,"High gravity-gradient proxy with muted topographic slope; buried density boundary possible, NOT verified fault","Lithologic contact, intrusive margin, regional gravity processing artifact"
537,920,335400.0,4454800.0,7.1218695640563965,0.08209080249071121,"High gravity-gradient proxy with muted topographic slope; buried density boundary possible, NOT verified fault","Lithologic contact, intrusive margin, regional gravity processing artifact"
537,926,336000.0,4454800.0,5.097673416137695,0.1310727894306183,"High gravity-gradient proxy with muted topographic slope; buried density boundary possible, NOT verified fault","Lithologic contact, intrusive margin, regional gravity processing artifact"
537,2903,533700.0,4454800.0,4.032933712005615,0.08012042194604874,"High gravity-gradient proxy with muted topographic slope; buried density boundary possible, NOT verified fault","Lithologic contact, intrusive margin, regional gravity processing artifact"
538,911,334500.0,4454700.0,5.62653923034668,0.14873521029949188,"High gravity-gradient proxy with muted topographic slope; buried density boundary possible, NOT verified fault","Lithologic contact, intrusive margin, regional gravity processing artifact"
539,908,334200.0,4454600.0,4.894685745239258,0.17282569408416748,"High gravity-gradient proxy with muted topographic slope; buried density boundary possible, NOT verified fault","Lithologic contact, intrusive margin, regional gravity processing artifact"
539,914,334800.0,4454600.0,6.159638404846191,0.1483815461397171,"High gravity-gradient proxy with muted topographic slope; buried density boundary possible, NOT verified fault","Lithologic contact, intrusive margin, regional gravity processing artifact"
539,917,335100.0,4454600.0,6.708561420440674,0.11198101937770844,"High gravity-gradient proxy with muted topographic slope; buried density boundary possible, NOT verified fault","Lithologic contact, intrusive margin, regional gravity processing artifact"
539,929,336300.0,4454600.0,4.262742042541504,0.1516617238521576,"High gravity-gradient proxy with muted topographic slope; buried density boundary possible, NOT verified fault","Lithologic contact, intrusive margin, regional gravity processing artifact"
540,920,335400.0,4454500.0,7.225855350494385,0.14073243737220764,"High gravity-gradient proxy with muted topographic slope; buried density boundary possible, NOT verified fault","Lithologic contact, intrusive margin, regional gravity processing artifact"
540,923,335700.0,4454500.0,6.267929553985596,0.15317046642303467,"High gravity-gradient proxy with muted topographic slope; buried density boundary possible, NOT verified fault","Lithologic contact, intrusive margin, regional gravity processing artifact"
540,932,336600.0,4454500.0,3.283221483230591,0.12560679018497467,"High gravity-gradient proxy with muted topographic slope; buried density boundary possible, NOT verified fault","Lithologic contact, intrusive margin, regional gravity processing artifact"
540,2902,533600.0,4454500.0,4.16726541519165,0.27147719264030457,"High gravity-gradient proxy with muted topographic slope; buried density boundary possible, NOT verified fault","Lithologic contact, intrusive margin, regional gravity processing artifact"
542,904,333800.0,4454300.0,3.8133864402770996,0.13056035339832306,"High gravity-gradient proxy with muted topographic slope; buried density boundary possible, NOT verified fault","Lithologic contact, intrusive margin, regional gravity processing artifact"
542,907,334100.0,4454300.0,4.592182636260986,0.09782716631889343,"High gravity-gradient proxy with muted topographic slope; buried density boundary possible, NOT verified fault","Lithologic contact, intrusive margin, regional gravity processing artifact"
542,910,334400.0,4454300.0,5.355113506317139,0.09705052524805069,"High gravity-gradient proxy with muted topographic slope; buried density boundary possible, NOT verified fault","Lithologic contact, intrusive margin, regional gravity processing artifact"
542,926,336000.0,4454300.0,5.366847515106201,0.11261578649282455,"High gravity-gradient proxy with muted topographic slope; buried density boundary possible, NOT verified fault","Lithologic contact, intrusive margin, regional gravity processing artifact"
542,929,336300.0,4454300.0,4.466006755828857,0.13369792699813843,"High gravity-gradient proxy with muted topographic slope; buried density boundary possible, NOT verified fault","Lithologic contact, intrusive margin, regional gravity processing artifact"
543,913,334700.0,4454200.0,5.87804651260376,0.0879019945859909,"High gravity-gradient proxy with muted topographic slope; buried density boundary possible, NOT verified fault","Lithologic contact, intrusive margin, regional gravity processing artifact"
543,917,335100.0,4454200.0,6.612128257751465,0.11628705263137817,"High gravity-gradient proxy with muted topographic slope; buried density boundary possible, NOT verified fault","Lithologic contact, intrusive margin, regional gravity processing artifact"
543,920,335400.0,4454200.0,7.099405765533447,0.11278889328241348,"High gravity-gradient proxy with muted topographic slope; buried density boundary possible, NOT verified fault","Lithologic contact, intrusive margin, regional gravity processing artifact"
543,923,335700.0,4454200.0,6.234489440917969,0.11776625365018845,"High gravity-gradient proxy with muted topographic slope; buried density boundary possible, NOT verified fault","Lithologic contact, intrusive margin, regional gravity processing artifact"
543,932,336600.0,4454200.0,3.4687066078186035,0.12916985154151917,"High gravity-gradient proxy with muted topographic slope; buried density boundary possible, NOT verified fault","Lithologic contact, intrusive margin, regional gravity processing artifact"
545,903,333700.0,4454000.0,3.5592401027679443,0.10994895547628403,"High gravity-gradient proxy with muted topographic slope; buried density boundary possible, NOT verified fault","Lithologic contact, intrusive margin, regional gravity processing artifact"
545,906,334000.0,4454000.0,4.300451755523682,0.15018914639949799,"High gravity-gradient proxy with muted topographic slope; buried density boundary possible, NOT verified fault","Lithologic contact, intrusive margin, regional gravity processing artifact"
545,909,334300.0,4454000.0,5.04180383682251,0.14394116401672363,"High gravity-gradient proxy with muted topographic slope; buried density boundary possible, NOT verified fault","Lithologic contact, intrusive margin, regional gravity processing artifact"
545,927,336100.0,4454000.0,5.108882427215576,0.18809561431407928,"High gravity-gradient proxy with muted topographic slope; buried density boundary possible, NOT verified fault","Lithologic contact, intrusive margin, regional gravity processing artifact"
546,918,335200.0,4453900.0,6.612127780914307,0.1171078309416771,"High gravity-gradient proxy with muted topographic slope; buried density boundary possible, NOT verified fault","Lithologic contact, intrusive margin, regional gravity processing artifact"
546,921,335500.0,4453900.0,6.642518043518066,0.12550874054431915,"High gravity-gradient proxy with muted topographic slope; buried density boundary possible, NOT verified fault","Lithologic contact, intrusive margin, regional gravity processing artifact"
546,924,335800.0,4453900.0,5.882961750030518,0.12656959891319275,"High gravity-gradient proxy with muted topographic slope; buried density boundary possible, NOT verified fault","Lithologic contact, intrusive margin, regional gravity processing artifact"
546,930,336400.0,4453900.0,4.357858180999756,0.1519361287355423,"High gravity-gradient proxy with muted topographic slope; buried density boundary possible, NOT verified fault","Lithologic contact, intrusive margin, regional gravity processing artifact"
547,912,334600.0,4453800.0,5.550899505615234,0.125178724527359,"High gravity-gradient proxy with muted topographic slope; buried density boundary possible, NOT verified fault","Lithologic contact, intrusive margin, regional gravity processing artifact"
548,903,333700.0,4453700.0,3.5645751953125,0.10708717256784439,"High gravity-gradient proxy with muted topographic slope; buried density boundary possible, NOT verified fault","Lithologic contact, intrusive margin, regional gravity processing artifact"
548,906,334000.0,4453700.0,4.26824951171875,0.11411765962839127,"High gravity-gradient proxy with muted topographic slope; buried density boundary possible, NOT verified fault","Lithologic contact, intrusive margin, regional gravity processing artifact"
548,915,334900.0,4453700.0,6.002264976501465,0.1008492186665535,"High gravity-gradient proxy with muted topographic slope; buried density boundary possible, NOT verified fault","Lithologic contact, intrusive margin, regional gravity processing artifact"
548,927,336100.0,4453700.0,5.1513872146606445,0.12193803489208221,"High gravity-gradient proxy with muted topographic slope; buried density boundary possible, NOT verified fault","Lithologic contact, intrusive margin, regional gravity processing artifact"
549,918,335200.0,4453600.0,6.428483963012695,0.12506063282489777,"High gravity-gradient proxy with muted topographic slope; buried density boundary possible, NOT verified fault","Lithologic contact, intrusive margin, regional gravity processing artifact"
549,921,335500.0,4453600.0,6.474123477935791,0.1712324321269989,"High gravity-gradient proxy with muted topographic slope; buried density boundary possible, NOT verified fault","Lithologic contact, intrusive margin, regional gravity processing artifact"
549,924,335800.0,4453600.0,5.82005500793457,0.14982685446739197,"High gravity-gradient proxy with muted topographic slope; buried density boundary possible, NOT verified fault","Lithologic contact, intrusive margin, regional gravity processing artifact"
549,930,336400.0,4453600.0,4.504734992980957,0.14043579995632172,"High gravity-gradient proxy with muted topographic slope; buried density boundary possible, NOT verified fault","Lithologic contact, intrusive margin, regional gravity processing artifact"
549,2898,533200.0,4453600.0,4.351464748382568,0.12484368681907654,"High gravity-gradient proxy with muted topographic slope; buried density boundary possible, NOT verified fault","Lithologic contact, intrusive margin, regional gravity processing artifact"
550,909,334300.0,4453500.0,4.925525188446045,0.11429627984762192,"High gravity-gradient proxy with muted topographic slope; buried density boundary possible, NOT verified fault","Lithologic contact, intrusive margin, regional gravity processing artifact"
550,912,334600.0,4453500.0,5.443052768707275,0.10297675430774689,"High gravity-gradient proxy with muted topographic slope; buried density boundary possible, NOT verified fault","Lithologic contact, intrusive margin, regional gravity processing artifact"
551,906,334000.0,4453400.0,4.235875129699707,0.09913671016693115,"High gravity-gradient proxy with muted topographic slope; buried density boundary possible, NOT verified fault","Lithologic contact, intrusive margin, regional gravity processing artifact"
551,915,334900.0,4453400.0,5.856046676635742,0.12663531303405762,"High gravity-gradient proxy with muted topographic slope; buried density boundary possible, NOT verified fault","Lithologic contact, intrusive margin, regional gravity processing artifact"
551,927,336100.0,4453400.0,5.160624980926514,0.14668530225753784,"High gravity-gradient proxy with muted topographic slope; buried density boundary possible, NOT verified fault","Lithologic contact, intrusive margin, regional gravity processing artifact"
552,903,333700.0,4453300.0,3.544921398162842,0.10015600174665451,"High gravity-gradient proxy with muted topographic slope; buried density boundary possible, NOT verified fault","Lithologic contact, intrusive margin, regional gravity processing artifact"
552,924,335800.0,4453300.0,5.663459777832031,0.13132783770561218,"High gravity-gradient proxy with muted topographic slope; buried density boundary possible, NOT verified fault","Lithologic contact, intrusive margin, regional gravity processing artifact"
552,930,336400.0,4453300.0,4.471110820770264,0.10792847722768784,"High gravity-gradient proxy with muted topographic slope; buried density boundary possible, NOT verified fault","Lithologic contact, intrusive margin, regional gravity processing artifact"
552,2897,533100.0,4453300.0,4.510891437530518,0.09891783446073532,"High gravity-gradient proxy with muted topographic slope; buried density boundary possible, NOT verified fault","Lithologic contact, intrusive margin, regional gravity processing artifact"
553,909,334300.0,4453200.0,4.900456428527832,0.12008678913116455,"High gravity-gradient proxy with muted topographic slope; buried density boundary possible, NOT verified fault","Lithologic contact, intrusive margin, regional gravity processing artifact"
553,912,334600.0,4453200.0,5.366095542907715,0.11884520202875137,"High gravity-gradient proxy with muted topographic slope; buried density boundary possible, NOT verified fault","Lithologic contact, intrusive margin, regional gravity processing artifact"
553,921,335500.0,4453200.0,6.162710666656494,0.1120847538113594,"High gravity-gradient proxy with muted topographic slope; buried density boundary possible, NOT verified fault","Lithologic contact, intrusive margin, regional gravity processing artifact"
553,2889,532300.0,4453200.0,3.8503525257110596,0.16108544170856476,"High gravity-gradient proxy with muted topographic slope; buried density boundary possible, NOT verified fault","Lithologic contact, intrusive margin, regional gravity processing artifact"
554,906,334000.0,4453100.0,4.202826023101807,0.13293515145778656,"High gravity-gradient proxy with muted topographic slope; buried density boundary possible, NOT verified fault","Lithologic contact, intrusive margin, regional gravity processing artifact"
554,915,334900.0,4453100.0,5.706350803375244,0.10261829197406769,"High gravity-gradient proxy with muted topographic slope; buried density boundary possible, NOT verified fault","Lithologic contact, intrusive margin, regional gravity processing artifact"
554,918,335200.0,4453100.0,6.069726467132568,0.12860482931137085,"High gravity-gradient proxy with muted topographic slope; buried density boundary possible, NOT verified fault","Lithologic contact, intrusive margin, regional gravity processing artifact"
554,927,336100.0,4453100.0,4.891051292419434,0.13750801980495453,"High gravity-gradient proxy with muted topographic slope; buried density boundary possible, NOT verified fault","Lithologic contact, intrusive margin, regional gravity processing artifact"
555,903,333700.0,4453000.0,3.491614818572998,0.13578911125659943,"High gravity-gradient proxy with muted topographic slope; buried density boundary possible, NOT verified fault","Lithologic contact, intrusive margin, regional gravity processing artifact"
555,924,335800.0,4453000.0,5.388540744781494,0.16217221319675446,"High gravity-gradient proxy with muted topographic slope; buried density boundary possible, NOT verified fault","Lithologic contact, intrusive margin, regional gravity processing artifact"
555,930,336400.0,4453000.0,4.2064714431762695,0.1579795777797699,"High gravity-gradient proxy with muted topographic slope; buried density boundary possible, NOT verified fault","Lithologic contact, intrusive margin, regional gravity processing artifact"
555,2893,532700.0,4453000.0,4.464680194854736,0.27736055850982666,"High gravity-gradient proxy with muted topographic slope; buried density boundary possible, NOT verified fault","Lithologic contact, intrusive margin, regional gravity processing artifact"
555,2896,533000.0,4453000.0,4.718330383300781,0.16905798017978668,"High gravity-gradient proxy with muted topographic slope; buried density boundary possible, NOT verified fault","Lithologic contact, intrusive margin, regional gravity processing artifact"
555,2899,533300.0,4453000.0,4.981051921844482,0.15778999030590057,"High gravity-gradient proxy with muted topographic slope; buried density boundary possible, NOT verified fault","Lithologic contact, intrusive margin, regional gravity processing artifact"
556,912,334600.0,4452900.0,5.2975592613220215,0.14233264327049255,"High gravity-gradient proxy with muted topographic slope; buried density boundary possible, NOT verified fault","Lithologic contact, intrusive margin, regional gravity processing artifact"
556,921,335500.0,4452900.0,5.882445335388184,0.12956073880195618,"High gravity-gradient proxy with muted topographic slope; buried density boundary possible, NOT verified fault","Lithologic contact, intrusive margin, regional gravity processing artifact"
557,918,335200.0,4452800.0,5.8385772705078125,0.1213994026184082,"High gravity-gradient proxy with muted topographic slope; buried density boundary possible, NOT verified fault","Lithologic contact, intrusive margin, regional gravity processing artifact"
558,903,333700.0,4452700.0,3.4383528232574463,0.08633662015199661,"High gravity-gradient proxy with muted topographic slope; buried density boundary possible, NOT verified fault","Lithologic contact, intrusive margin, regional gravity processing artifact"
558,906,334000.0,4452700.0,4.158829689025879,0.0691995695233345,"High gravity-gradient proxy with muted topographic slope; buried density boundary possible, NOT verified fault","Lithologic contact, intrusive margin, regional gravity processing artifact"
558,909,334300.0,4452700.0,4.879235744476318,0.12070626020431519,"High gravity-gradient proxy with muted topographic slope; buried density boundary possible, NOT verified fault","Lithologic contact, intrusive margin, regional gravity processing artifact"
558,926,336000.0,4452700.0,4.725638389587402,0.16331614553928375,"High gravity-gradient proxy with muted topographic slope; buried density boundary possible, NOT verified fault","Lithologic contact, intrusive margin, regional gravity processing artifact"
558,2892,532600.0,4452700.0,4.750857353210449,0.23711983859539032,"High gravity-gradient proxy with muted topographic slope; buried density boundary possible, NOT verified fault","Lithologic contact, intrusive margin, regional gravity processing artifact"
558,2895,532900.0,4452700.0,4.961113452911377,0.0668332576751709,"High gravity-gradient proxy with muted topographic slope; buried density boundary possible, NOT verified fault","Lithologic contact, intrusive margin, regional gravity processing artifact"
559,912,334600.0,4452600.0,5.228845596313477,0.09413237869739532,"High gravity-gradient proxy with muted topographic slope; buried density boundary possible, NOT verified fault","Lithologic contact, intrusive margin, regional gravity processing artifact"
559,915,334900.0,4452600.0,5.456465244293213,0.08666716516017914,"High gravity-gradient proxy with muted topographic slope; buried density boundary possible, NOT verified fault","Lithologic contact, intrusive margin, regional gravity processing artifact"
559,929,336300.0,4452600.0,4.054969310760498,0.1377648115158081,"High gravity-gradient proxy with muted topographic slope; buried density boundary possible, NOT verified fault","Lithologic contact, intrusive margin, regional gravity processing artifact"
560,923,335700.0,4452500.0,5.123173236846924,0.09668789058923721,"High gravity-gradient proxy with muted topographic slope; buried density boundary possible, NOT verified fault","Lithologic contact, intrusive margin, regional gravity processing artifact"
560,2889,532300.0,4452500.0,4.816673755645752,0.23638111352920532,"High gravity-gradient proxy with muted topographic slope; buried density boundary possible, NOT verified fault","Lithologic contact, intrusive margin, regional gravity processing artifact"
561,905,333900.0,4452400.0,3.8578457832336426,0.10315719991922379,"High gravity-gradient proxy with muted topographic slope; buried density boundary possible, NOT verified fault","Lithologic contact, intrusive margin, regional gravity processing artifact"
561,908,334200.0,4452400.0,4.591141223907471,0.1479542851448059,"High gravity-gradient proxy with muted topographic slope; buried density boundary possible, NOT verified fault","Lithologic contact, intrusive margin, regional gravity processing artifact"
561,920,335400.0,4452400.0,5.5951995849609375,0.13008633255958557,"High gravity-gradient proxy with muted topographic slope; buried density boundary possible, NOT verified fault","Lithologic contact, intrusive margin, regional gravity processing artifact"
561,926,336000.0,4452400.0,4.444595813751221,0.14308318495750427,"High gravity-gradient proxy with muted topographic slope; buried density boundary possible, NOT verified fault","Lithologic contact, intrusive margin, regional gravity processing artifact"
562,911,334500.0,4452300.0,5.012445449829102,0.14688971638679504,"High gravity-gradient proxy with muted topographic slope; buried density boundary possible, NOT verified fault","Lithologic contact, intrusive margin, regional gravity processing artifact"
562,914,334800.0,4452300.0,5.1781697273254395,0.14361196756362915,"High gravity-gradient proxy with muted topographic slope; buried density boundary possible, NOT verified fault","Lithologic contact, intrusive margin, regional gravity processing artifact"
562,917,335100.0,4452300.0,5.344043731689453,0.14378051459789276,"High gravity-gradient proxy with muted topographic slope; buried density boundary possible, NOT verified fault","Lithologic contact, intrusive margin, regional gravity processing artifact"
563,923,335700.0,4452200.0,4.782763957977295,0.08498138934373856,"High gravity-gradient proxy with muted topographic slope; buried density boundary possible, NOT verified fault","Lithologic contact, intrusive margin, regional gravity processing artifact"
564,905,333900.0,4452100.0,3.677556037902832,0.21852877736091614,"High gravity-gradient proxy with muted topographic slope; buried density boundary possible, NOT verified fault","Lithologic contact, intrusive margin, regional gravity processing artifact"
564,920,335400.0,4452100.0,5.225615978240967,0.09300131350755692,"High gravity-gradient proxy with muted topographic slope; buried density boundary possible, NOT verified fault","Lithologic contact, intrusive margin, regional gravity processing artifact"
564,926,336000.0,4452100.0,4.102712631225586,0.1800372451543808,"High gravity-gradient proxy with muted topographic slope; buried density boundary possible, NOT verified fault","Lithologic contact, intrusive margin, regional gravity processing artifact"
564,1344,377800.0,4452100.0,3.7852277755737305,0.1838533878326416,"High gravity-gradient proxy with muted topographic slope; buried density boundary possible, NOT verified fault","Lithologic contact, intrusive margin, regional gravity processing artifact"
565,917,335100.0,4452000.0,5.013672351837158,0.12243888527154922,"High gravity-gradient proxy with muted topographic slope; buried density boundary possible, NOT verified fault","Lithologic contact, intrusive margin, regional gravity processing artifact"
566,908,334200.0,4451900.0,4.238399982452393,0.10381322354078293,"High gravity-gradient proxy with muted topographic slope; buried density boundary possible, NOT verified fault","Lithologic contact, intrusive margin, regional gravity processing artifact"
566,914,334800.0,4451900.0,4.792747497558594,0.09155221283435822,"High gravity-gradient proxy with muted topographic slope; buried density boundary possible, NOT verified fault","Lithologic contact, intrusive margin, regional gravity processing artifact"
566,923,335700.0,4451900.0,4.4270501136779785,0.189542755484581,"High gravity-gradient proxy with muted topographic slope; buried density boundary possible, NOT verified fault","Lithologic contact, intrusive margin, regional gravity processing artifact"
567,905,333900.0,4451800.0,3.4971981048583984,0.07883206754922867,"High gravity-gradient proxy with muted topographic slope; buried density boundary possible, NOT verified fault","Lithologic contact, intrusive margin, regional gravity processing artifact"
567,911,334500.0,4451800.0,4.599508762359619,0.12926213443279266,"High gravity-gradient proxy with muted topographic slope; buried density boundary possible, NOT verified fault","Lithologic contact, intrusive margin, regional gravity processing artifact"
567,920,335400.0,4451800.0,4.856061935424805,0.1335437148809433,"High gravity-gradient proxy with muted topographic slope; buried density boundary possible, NOT verified fault","Lithologic contact, intrusive margin, regional gravity processing artifact"
567,926,336000.0,4451800.0,3.760859489440918,0.13685019314289093,"High gravity-gradient proxy with muted topographic slope; buried density boundary possible, NOT verified fault","Lithologic contact, intrusive margin, regional gravity processing artifact"
568,917,335100.0,4451700.0,4.683211803436279,0.1369943618774414,"High gravity-gradient proxy with muted topographic slope; buried density boundary possible, NOT verified fault","Lithologic contact, intrusive margin, regional gravity processing artifact"
569,908,334200.0,4451600.0,4.026664733886719,0.12950167059898376,"High gravity-gradient proxy with muted topographic slope; buried density boundary possible, NOT verified fault","Lithologic contact, intrusive margin, regional gravity processing artifact"
569,914,334800.0,4451600.0,4.503576755523682,0.1813882440328598,"High gravity-gradient proxy with muted topographic slope; buried density boundary possible, NOT verified fault","Lithologic contact, intrusive margin, regional gravity processing artifact"
569,923,335700.0,4451600.0,4.071366310119629,0.16765587031841278,"High gravity-gradient proxy with muted topographic slope; buried density boundary possible, NOT verified fault","Lithologic contact, intrusive margin, regional gravity processing artifact"
569,2881,531500.0,4451600.0,4.619781970977783,0.2679792046546936,"High gravity-gradient proxy with muted topographic slope; buried density boundary possible, NOT verified fault","Lithologic contact, intrusive margin, regional gravity processing artifact"
570,905,333900.0,4451500.0,3.316771984100342,0.15044735372066498,"High gravity-gradient proxy with muted topographic slope; buried density boundary possible, NOT verified fault","Lithologic contact, intrusive margin, regional gravity processing artifact"
570,911,334500.0,4451500.0,4.351627349853516,0.12984217703342438,"High gravity-gradient proxy with muted topographic slope; buried density boundary possible, NOT verified fault","Lithologic contact, intrusive margin, regional gravity processing artifact"
570,920,335400.0,4451500.0,4.486537933349609,0.17057949304580688,"High gravity-gradient proxy with muted topographic slope; buried density boundary possible, NOT verified fault","Lithologic contact, intrusive margin, regional gravity processing artifact"
571,917,335100.0,4451400.0,4.3437275886535645,0.14880234003067017,"High gravity-gradient proxy with muted topographic slope; buried density boundary possible, NOT verified fault","Lithologic contact, intrusive margin, regional gravity processing artifact"
572,908,334200.0,4451300.0,3.8089439868927,0.14142084121704102,"High gravity-gradient proxy with muted topographic slope; buried density boundary possible, NOT verified fault","Lithologic contact, intrusive margin, regional gravity processing artifact"
572,925,335900.0,4451300.0,3.394584894180298,0.15199187397956848,"High gravity-gradient proxy with muted topographic slope; buried density boundary possible, NOT verified fault","Lithologic contact, intrusive margin, regional gravity processing artifact"
572,2879,531300.0,4451300.0,4.502016544342041,0.2381523847579956,"High gravity-gradient proxy with muted topographic slope; buried density boundary possible, NOT verified fault","Lithologic contact, intrusive margin, regional gravity processing artifact"
572,2882,531600.0,4451300.0,5.076261520385742,0.18184545636177063,"High gravity-gradient proxy with muted topographic slope; buried density boundary possible, NOT verified fault","Lithologic contact, intrusive margin, regional gravity processing artifact"
573,922,335600.0,4451200.0,3.762091875076294,0.1849370151758194,"High gravity-gradient proxy with muted topographic slope; buried density boundary possible, NOT verified fault","Lithologic contact, intrusive margin, regional gravity processing artifact"
574,916,335000.0,4451100.0,3.963923692703247,0.12267737090587616,"High gravity-gradient proxy with muted topographic slope; buried density boundary possible, NOT verified fault","Lithologic contact, intrusive margin, regional gravity processing artifact"
574,919,335300.0,4451100.0,3.956386089324951,0.11369167268276215,"High gravity-gradient proxy with muted topographic slope; buried density boundary possible, NOT verified fault","Lithologic contact, intrusive margin, regional gravity processing artifact"
575,907,334100.0,4451000.0,3.409606695175171,0.21483811736106873,"High gravity-gradient proxy with muted topographic slope; buried density boundary possible, NOT verified fault","Lithologic contact, intrusive margin, regional gravity processing artifact"
575,910,334400.0,4451000.0,3.8897173404693604,0.20862923562526703,"High gravity-gradient proxy with muted topographic slope; buried density boundary possible, NOT verified fault","Lithologic contact, intrusive margin, regional gravity processing artifact"
575,913,334700.0,4451000.0,3.8656888008117676,0.06339556723833084,"High gravity-gradient proxy with muted topographic slope; buried density boundary possible, NOT verified fault","Lithologic contact, intrusive margin, regional gravity processing artifact"
575,2881,531500.0,4451000.0,4.624312400817871,0.1242435947060585,"High gravity-gradient proxy with muted topographic slope; buried density boundary possible, NOT verified fault","Lithologic contact, intrusive margin, regional gravity processing artifact"
576,922,335600.0,4450900.0,3.3919825553894043,0.08731667697429657,"High gravity-gradient proxy with muted topographic slope; buried density boundary possible, NOT verified fault","Lithologic contact, intrusive margin, regional gravity processing artifact"
577,916,335000.0,4450800.0,3.597623825073242,0.046918611973524094,"High gravity-gradient proxy with muted topographic slope; buried density boundary possible, NOT verified fault","Lithologic contact, intrusive margin, regional gravity processing artifact"
577,919,335300.0,4450800.0,3.541663408279419,0.08887342363595963,"High gravity-gradient proxy with muted topographic slope; buried density boundary possible, NOT verified fault","Lithologic contact, intrusive margin, regional gravity processing artifact"
578,909,334300.0,4450700.0,3.514045476913452,0.14876334369182587,"High gravity-gradient proxy with muted topographic slope; buried density boundary possible, NOT verified fault","Lithologic contact, intrusive margin, regional gravity processing artifact"
578,912,334600.0,4450700.0,3.5719079971313477,0.19902056455612183,"High gravity-gradient proxy with muted topographic slope; buried density boundary possible, NOT verified fault","Lithologic contact, intrusive margin, regional gravity processing artifact"
578,2880,531400.0,4450700.0,4.180015563964844,0.1761023998260498,"High gravity-gradient proxy with muted topographic slope; buried density boundary possible, NOT verified fault","Lithologic contact, intrusive margin, regional gravity processing artifact"
645,1311,374500.0,4444000.0,5.06687068939209,0.2328094244003296,"High gravity-gradient proxy with muted topographic slope; buried density boundary possible, NOT verified fault","Lithologic contact, intrusive margin, regional gravity processing artifact"
648,1308,374200.0,4443700.0,5.338810920715332,0.26089051365852356,"High gravity-gradient proxy with muted topographic slope; buried density boundary possible, NOT verified fault","Lithologic contact, intrusive margin, regional gravity processing artifact"
648,1311,374500.0,4443700.0,6.1292033195495605,0.22973062098026276,"High gravity-gradient proxy with muted topographic slope; buried density boundary possible, NOT verified fault","Lithologic contact, intrusive margin, regional gravity processing artifact"
648,1314,374800.0,4443700.0,6.110866546630859,0.2668990194797516,"High gravity-gradient proxy with muted topographic slope; buried density boundary possible, NOT verified fault","Lithologic contact, intrusive margin, regional gravity processing artifact"
651,1309,374300.0,4443400.0,6.190932750701904,0.18972598016262054,"High gravity-gradient proxy with muted topographic slope; buried density boundary possible, NOT verified fault","Lithologic contact, intrusive margin, regional gravity processing artifact"
651,1312,374600.0,4443400.0,7.0143818855285645,0.266242653131485,"High gravity-gradient proxy with muted topographic slope; buried density boundary possible, NOT verified fault","Lithologic contact, intrusive margin, regional gravity processing artifact"
652,1315,374900.0,4443300.0,5.495307445526123,0.30821162462234497,"High gravity-gradient proxy with muted topographic slope; buried density boundary possible, NOT verified fault","Lithologic contact, intrusive margin, regional gravity processing artifact"
654,1307,374100.0,4443100.0,4.671087265014648,0.1614973098039627,"High gravity-gradient proxy with muted topographic slope; buried density boundary possible, NOT verified fault","Lithologic contact, intrusive margin, regional gravity processing artifact"
654,1310,374400.0,4443100.0,5.385400295257568,0.19854173064231873,"High gravity-gradient proxy with muted topographic slope; buried density boundary possible, NOT verified fault","Lithologic contact, intrusive margin, regional gravity processing artifact"
655,1313,374700.0,4443000.0,5.703658580780029,0.21017485857009888,"High gravity-gradient proxy with muted topographic slope; buried density boundary possible, NOT verified fault","Lithologic contact, intrusive margin, regional gravity processing artifact"
657,1310,374400.0,4442800.0,4.305233955383301,0.2794240117073059,"High gravity-gradient proxy with muted topographic slope; buried density boundary possible, NOT verified fault","Lithologic contact, intrusive margin, regional gravity processing artifact"
658,1313,374700.0,4442700.0,4.514493465423584,0.18875715136528015,"High gravity-gradient proxy with muted topographic slope; buried density boundary possible, NOT verified fault","Lithologic contact, intrusive margin, regional gravity processing artifact"
670,1334,376800.0,4441500.0,4.0389723777771,0.24852612614631653,"High gravity-gradient proxy with muted topographic slope; buried density boundary possible, NOT verified fault","Lithologic contact, intrusive margin, regional gravity processing artifact"
673,1335,376900.0,4441200.0,4.089912414550781,0.16316039860248566,"High gravity-gradient proxy with muted topographic slope; buried density boundary possible, NOT verified fault","Lithologic contact, intrusive margin, regional gravity processing artifact"
689,1336,377000.0,4439600.0,4.59576416015625,0.27234044671058655,"High gravity-gradient proxy with muted topographic slope; buried density boundary possible, NOT verified fault","Lithologic contact, intrusive margin, regional gravity processing artifact"
690,1333,376700.0,4439500.0,4.660176753997803,0.25208738446235657,"High gravity-gradient proxy with muted topographic slope; buried density boundary possible, NOT verified fault","Lithologic contact, intrusive margin, regional gravity processing artifact"
690,1339,377300.0,4439500.0,4.517127513885498,0.2602077126502991,"High gravity-gradient proxy with muted topographic slope; buried density boundary possible, NOT verified fault","Lithologic contact, intrusive margin, regional gravity processing artifact"
690,2028,446200.0,4439500.0,3.800736665725708,0.29183948040008545,"High gravity-gradient proxy with muted topographic slope; buried density boundary possible, NOT verified fault","Lithologic contact, intrusive margin, regional gravity processing artifact"
690,2032,446600.0,4439500.0,3.379218339920044,0.062221892178058624,"High gravity-gradient proxy with muted topographic slope; buried density boundary possible, NOT verified fault","Lithologic contact, intrusive margin, regional gravity processing artifact"
692,1336,377000.0,4439300.0,4.733648300170898,0.2021728903055191,"High gravity-gradient proxy with muted topographic slope; buried density boundary possible, NOT verified fault","Lithologic contact, intrusive margin, regional gravity processing artifact"
693,1330,376400.0,4439200.0,4.3314948081970215,0.2722865343093872,"High gravity-gradient proxy with muted topographic slope; buried density boundary possible, NOT verified fault","Lithologic contact, intrusive margin, regional gravity processing artifact"
693,1333,376700.0,4439200.0,4.869096279144287,0.2015163153409958,"High gravity-gradient proxy with muted topographic slope; buried density boundary possible, NOT verified fault","Lithologic contact, intrusive margin, regional gravity processing artifact"
693,1339,377300.0,4439200.0,4.618317127227783,0.25422242283821106,"High gravity-gradient proxy with muted topographic slope; buried density boundary possible, NOT verified fault","Lithologic contact, intrusive margin, regional gravity processing artifact"
693,2028,446200.0,4439200.0,3.8673346042633057,0.10341357439756393,"High gravity-gradient proxy with muted topographic slope; buried density boundary possible, NOT verified fault","Lithologic contact, intrusive margin, regional gravity processing artifact"
693,2031,446500.0,4439200.0,3.5682411193847656,0.15067945420742035,"High gravity-gradient proxy with muted topographic slope; buried density boundary possible, NOT verified fault","Lithologic contact, intrusive margin, regional gravity processing artifact"
695,1336,377000.0,4439000.0,4.889737606048584,0.243439182639122,"High gravity-gradient proxy with muted topographic slope; buried density boundary possible, NOT verified fault","Lithologic contact, intrusive margin, regional gravity processing artifact"
696,1332,376600.0,4438900.0,4.914275169372559,0.22015224397182465,"High gravity-gradient proxy with muted topographic slope; buried density boundary possible, NOT verified fault","Lithologic contact, intrusive margin, regional gravity processing artifact"
696,2025,445900.0,4438900.0,4.063078880310059,0.1865198016166687,"High gravity-gradient proxy with muted topographic slope; buried density boundary possible, NOT verified fault","Lithologic contact, intrusive margin, regional gravity processing artifact"
696,2028,446200.0,4438900.0,3.9206387996673584,0.0821031853556633,"High gravity-gradient proxy with muted topographic slope; buried density boundary possible, NOT verified fault","Lithologic contact, intrusive margin, regional gravity processing artifact"
696,2031,446500.0,4438900.0,3.6398632526397705,0.1773778200149536,"High gravity-gradient proxy with muted topographic slope; buried density boundary possible, NOT verified fault","Lithologic contact, intrusive margin, regional gravity processing artifact"
698,1329,376300.0,4438700.0,4.5972185134887695,0.20568467676639557,"High gravity-gradient proxy with muted topographic slope; buried density boundary possible, NOT verified fault","Lithologic contact, intrusive margin, regional gravity processing artifact"
699,2025,445900.0,4438600.0,4.056967258453369,0.1639762967824936,"High gravity-gradient proxy with muted topographic slope; buried density boundary possible, NOT verified fault","Lithologic contact, intrusive margin, regional gravity processing artifact"
699,2028,446200.0,4438600.0,3.9739830493927,0.02851051092147827,"High gravity-gradient proxy with muted topographic slope; buried density boundary possible, NOT verified fault","Lithologic contact, intrusive margin, regional gravity processing artifact"
699,2031,446500.0,4438600.0,3.711475372314453,0.14327295124530792,"High gravity-gradient proxy with muted topographic slope; buried density boundary possible, NOT verified fault","Lithologic contact, intrusive margin, regional gravity processing artifact"
699,2034,446800.0,4438600.0,3.294247627258301,0.18409398198127747,"High gravity-gradient proxy with muted topographic slope; buried density boundary possible, NOT verified fault","Lithologic contact, intrusive margin, regional gravity processing artifact"
700,1323,375700.0,4438500.0,3.907585382461548,0.23665425181388855,"High gravity-gradient proxy with muted topographic slope; buried density boundary possible, NOT verified fault","Lithologic contact, intrusive margin, regional gravity processing artifact"
700,1326,376000.0,4438500.0,4.3375630378723145,0.21977025270462036,"High gravity-gradient proxy with muted topographic slope; buried density boundary possible, NOT verified fault","Lithologic contact, intrusive margin, regional gravity processing artifact"
700,1332,376600.0,4438500.0,5.212578773498535,0.24527592957019806,"High gravity-gradient proxy with muted topographic slope; buried density boundary possible, NOT verified fault","Lithologic contact, intrusive margin, regional gravity processing artifact"
701,1329,376300.0,4438400.0,4.86102294921875,0.15638278424739838,"High gravity-gradient proxy with muted topographic slope; buried density boundary possible, NOT verified fault","Lithologic contact, intrusive margin, regional gravity processing artifact"
702,2024,445800.0,4438300.0,4.090957164764404,0.11711090803146362,"High gravity-gradient proxy with muted topographic slope; buried density boundary possible, NOT verified fault","Lithologic contact, intrusive margin, regional gravity processing artifact"
702,2027,446100.0,4438300.0,4.053681373596191,0.13791564106941223,"High gravity-gradient proxy with muted topographic slope; buried density boundary possible, NOT verified fault","Lithologic contact, intrusive margin, regional gravity processing artifact"
702,2030,446400.0,4438300.0,3.9407172203063965,0.21838925778865814,"High gravity-gradient proxy with muted topographic slope; buried density boundary possible, NOT verified fault","Lithologic contact, intrusive margin, regional gravity processing artifact"
703,1323,375700.0,4438200.0,4.316036701202393,0.1918400675058365,"High gravity-gradient proxy with muted topographic slope; buried density boundary possible, NOT verified fault","Lithologic contact, intrusive margin, regional gravity processing artifact"
703,1326,376000.0,4438200.0,4.674751281738281,0.1742701679468155,"High gravity-gradient proxy with muted topographic slope; buried density boundary possible, NOT verified fault","Lithologic contact, intrusive margin, regional gravity processing artifact"
703,1332,376600.0,4438200.0,5.391654014587402,0.2446010559797287,"High gravity-gradient proxy with muted topographic slope; buried density boundary possible, NOT verified fault","Lithologic contact, intrusive margin, regional gravity processing artifact"
704,1319,375300.0,4438100.0,3.961726665496826,0.19293992221355438,"High gravity-gradient proxy with muted topographic slope; buried density boundary possible, NOT verified fault","Lithologic contact, intrusive margin, regional gravity processing artifact"
704,1329,376300.0,4438100.0,5.119114875793457,0.19674788415431976,"High gravity-gradient proxy with muted topographic slope; buried density boundary possible, NOT verified fault","Lithologic contact, intrusive margin, regional gravity processing artifact"
704,1335,376900.0,4438100.0,5.368491172790527,0.36767321825027466,"High gravity-gradient proxy with muted topographic slope; buried density boundary possible, NOT verified fault","Lithologic contact, intrusive margin, regional gravity processing artifact"
705,2023,445700.0,4438000.0,4.136641025543213,0.08157353848218918,"High gravity-gradient proxy with muted topographic slope; buried density boundary possible, NOT verified fault","Lithologic contact, intrusive margin, regional gravity processing artifact"
705,2026,446000.0,4438000.0,4.129352569580078,0.0785960927605629,"High gravity-gradient proxy with muted topographic slope; buried density boundary possible, NOT verified fault","Lithologic contact, intrusive margin, regional gravity processing artifact"
705,2029,446300.0,4438000.0,4.1220293045043945,0.07462737709283829,"High gravity-gradient proxy with muted topographic slope; buried density boundary possible, NOT verified fault","Lithologic contact, intrusive margin, regional gravity processing artifact"
706,1322,375600.0,4437900.0,4.599771976470947,0.24862031638622284,"High gravity-gradient proxy with muted topographic slope; buried density boundary possible, NOT verified fault","Lithologic contact, intrusive margin, regional gravity processing artifact"
706,1325,375900.0,4437900.0,4.918768405914307,0.268035352230072,"High gravity-gradient proxy with muted topographic slope; buried density boundary possible, NOT verified fault","Lithologic contact, intrusive margin, regional gravity processing artifact"
706,1332,376600.0,4437900.0,5.570608615875244,0.22185219824314117,"High gravity-gradient proxy with muted topographic slope; buried density boundary possible, NOT verified fault","Lithologic contact, intrusive margin, regional gravity processing artifact"
706,2036,447000.0,4437900.0,3.3687915802001953,0.0389399453997612,"High gravity-gradient proxy with muted topographic slope; buried density boundary possible, NOT verified fault","Lithologic contact, intrusive margin, regional gravity processing artifact"
707,1316,375000.0,4437800.0,3.980070114135742,0.26506662368774414,"High gravity-gradient proxy with muted topographic slope; buried density boundary possible, NOT verified fault","Lithologic contact, intrusive margin, regional gravity processing artifact"
707,1319,375300.0,4437800.0,4.357481479644775,0.23711252212524414,"High gravity-gradient proxy with muted topographic slope; buried density boundary possible, NOT verified fault","Lithologic contact, intrusive margin, regional gravity processing artifact"
707,1335,376900.0,4437800.0,5.459417343139648,0.322252482175827,"High gravity-gradient proxy with muted topographic slope; buried density boundary possible, NOT verified fault","Lithologic contact, intrusive margin, regional gravity processing artifact"
708,1328,376200.0,4437700.0,5.387497425079346,0.23863910138607025,"High gravity-gradient proxy with muted topographic slope; buried density boundary possible, NOT verified fault","Lithologic contact, intrusive margin, regional gravity processing artifact"
708,2022,445600.0,4437700.0,4.162357330322266,0.1314561814069748,"High gravity-gradient proxy with muted topographic slope; buried density boundary possible, NOT verified fault","Lithologic contact, intrusive margin, regional gravity processing artifact"
708,2025,445900.0,4437700.0,4.185055732727051,0.052518103271722794,"High gravity-gradient proxy with muted topographic slope; buried density boundary possible, NOT verified fault","Lithologic contact, intrusive margin, regional gravity processing artifact"
708,2028,446200.0,4437700.0,4.207719802856445,0.19685177505016327,"High gravity-gradient proxy with muted topographic slope; buried density boundary possible, NOT verified fault","Lithologic contact, intrusive margin, regional gravity processing artifact"
709,1322,375600.0,4437600.0,5.0050740242004395,0.23480071127414703,"High gravity-gradient proxy with muted topographic slope; buried density boundary possible, NOT verified fault","Lithologic contact, intrusive margin, regional gravity processing artifact"
709,1325,375900.0,4437600.0,5.282066345214844,0.16043423116207123,"High gravity-gradient proxy with muted topographic slope; buried density boundary possible, NOT verified fault","Lithologic contact, intrusive margin, regional gravity processing artifact"
709,1331,376500.0,4437600.0,5.682604789733887,0.1559293568134308,"High gravity-gradient proxy with muted topographic slope; buried density boundary possible, NOT verified fault","Lithologic contact, intrusive margin, regional gravity processing artifact"
709,2033,446700.0,4437600.0,3.8689608573913574,0.28904595971107483,"High gravity-gradient proxy with muted topographic slope; buried density boundary possible, NOT verified fault","Lithologic contact, intrusive margin, regional gravity processing artifact"
709,2036,447000.0,4437600.0,3.5521886348724365,0.15119436383247375,"High gravity-gradient proxy with muted topographic slope; buried density boundary possible, NOT verified fault","Lithologic contact, intrusive margin, regional gravity processing artifact"
710,1316,375000.0,4437500.0,4.358453273773193,0.17505548894405365,"High gravity-gradient proxy with muted topographic slope; buried density boundary possible, NOT verified fault","Lithologic contact, intrusive margin, regional gravity processing artifact"
710,1319,375300.0,4437500.0,4.745229244232178,0.2601134777069092,"High gravity-gradient proxy with muted topographic slope; buried density boundary possible, NOT verified fault","Lithologic contact, intrusive margin, regional gravity processing artifact"
710,1334,376800.0,4437500.0,5.7549848556518555,0.15794558823108673,"High gravity-gradient proxy with muted topographic slope; buried density boundary possible, NOT verified fault","Lithologic contact, intrusive margin, regional gravity processing artifact"
710,2019,445300.0,4437500.0,4.104898929595947,0.1243647038936615,"High gravity-gradient proxy with muted topographic slope; buried density boundary possible, NOT verified fault","Lithologic contact, intrusive margin, regional gravity processing artifact"
711,1328,376200.0,4437400.0,5.646728515625,0.18352006375789642,"High gravity-gradient proxy with muted topographic slope; buried density boundary possible, NOT verified fault","Lithologic contact, intrusive margin, regional gravity processing artifact"
711,2022,445600.0,4437400.0,4.19494104385376,0.06786876171827316,"High gravity-gradient proxy with muted topographic slope; buried density boundary possible, NOT verified fault","Lithologic contact, intrusive margin, regional gravity processing artifact"
711,2025,445900.0,4437400.0,4.241547107696533,0.056028131395578384,"High gravity-gradient proxy with muted topographic slope; buried density boundary possible, NOT verified fault","Lithologic contact, intrusive margin, regional gravity processing artifact"
711,2028,446200.0,4437400.0,4.288160800933838,0.19786585867404938,"High gravity-gradient proxy with muted topographic slope; buried density boundary possible, NOT verified fault","Lithologic contact, intrusive margin, regional gravity processing artifact"
711,2039,447300.0,4437400.0,3.377314329147339,0.20599424839019775,"High gravity-gradient proxy with muted topographic slope; buried density boundary possible, NOT verified fault","Lithologic contact, intrusive margin, regional gravity processing artifact"
712,1313,374700.0,4437300.0,4.133326053619385,0.20912088453769684,"High gravity-gradient proxy with muted topographic slope; buried density boundary possible, NOT verified fault","Lithologic contact, intrusive margin, regional gravity processing artifact"
712,1322,375600.0,4437300.0,5.298116207122803,0.20930954813957214,"High gravity-gradient proxy with muted topographic slope; buried density boundary possible, NOT verified fault","Lithologic contact, intrusive margin, regional gravity processing artifact"
712,1325,375900.0,4437300.0,5.5559401512146,0.1693766713142395,"High gravity-gradient proxy with muted topographic slope; buried density boundary possible, NOT verified fault","Lithologic contact, intrusive margin, regional gravity processing artifact"
712,1331,376500.0,4437300.0,5.883590221405029,0.11783702671527863,"High gravity-gradient proxy with muted topographic slope; buried density boundary possible, NOT verified fault","Lithologic contact, intrusive margin, regional gravity processing artifact"
712,2031,446500.0,4437300.0,4.180715084075928,0.24474667012691498,"High gravity-gradient proxy with muted topographic slope; buried density boundary possible, NOT verified fault","Lithologic contact, intrusive margin, regional gravity processing artifact"
712,2036,447000.0,4437300.0,3.7166473865509033,0.09493977576494217,"High gravity-gradient proxy with muted topographic slope; buried density boundary possible, NOT verified fault","Lithologic contact, intrusive margin, regional gravity processing artifact"
713,1310,374400.0,4437200.0,3.856804609298706,0.1853354275226593,"High gravity-gradient proxy with muted topographic slope; buried density boundary possible, NOT verified fault","Lithologic contact, intrusive margin, regional gravity processing artifact"
713,1316,375000.0,4437200.0,4.602005958557129,0.19608266651630402,"High gravity-gradient proxy with muted topographic slope; buried density boundary possible, NOT verified fault","Lithologic contact, intrusive margin, regional gravity processing artifact"
713,1319,375300.0,4437200.0,4.991592884063721,0.22842533886432648,"High gravity-gradient proxy with muted topographic slope; buried density boundary possible, NOT verified fault","Lithologic contact, intrusive margin, regional gravity processing artifact"
713,2019,445300.0,4437200.0,4.176507472991943,0.1459488421678543,"High gravity-gradient proxy with muted topographic slope; buried density boundary possible, NOT verified fault","Lithologic contact, intrusive margin, regional gravity processing artifact"
714,1328,376200.0,4437100.0,5.865750312805176,0.23150309920310974,"High gravity-gradient proxy with muted topographic slope; buried density boundary possible, NOT verified fault","Lithologic contact, intrusive margin, regional gravity processing artifact"
714,2023,445700.0,4437100.0,4.287867069244385,0.14352194964885712,"High gravity-gradient proxy with muted topographic slope; buried density boundary possible, NOT verified fault","Lithologic contact, intrusive margin, regional gravity processing artifact"
714,2026,446000.0,4437100.0,4.327624320983887,0.13888143002986908,"High gravity-gradient proxy with muted topographic slope; buried density boundary possible, NOT verified fault","Lithologic contact, intrusive margin, regional gravity processing artifact"
714,2039,447300.0,4437100.0,3.5598320960998535,0.2535550594329834,"High gravity-gradient proxy with muted topographic slope; buried density boundary possible, NOT verified fault","Lithologic contact, intrusive margin, regional gravity processing artifact"
715,1313,374700.0,4437000.0,4.3759026527404785,0.1763116717338562,"High gravity-gradient proxy with muted topographic slope; buried density boundary possible, NOT verified fault","Lithologic contact, intrusive margin, regional gravity processing artifact"
715,1324,375800.0,4437000.0,5.74662446975708,0.22691285610198975,"High gravity-gradient proxy with muted topographic slope; buried density boundary possible, NOT verified fault","Lithologic contact, intrusive margin, regional gravity processing artifact"
715,2036,447000.0,4437000.0,3.861792802810669,0.21132270991802216,"High gravity-gradient proxy with muted topographic slope; buried density boundary possible, NOT verified fault","Lithologic contact, intrusive margin, regional gravity processing artifact"
716,1307,374100.0,4436900.0,3.8040196895599365,0.25359243154525757,"High gravity-gradient proxy with muted topographic slope; buried density boundary possible, NOT verified fault","Lithologic contact, intrusive margin, regional gravity processing artifact"
716,1310,374400.0,4436900.0,4.130343914031982,0.17892691493034363,"High gravity-gradient proxy with muted topographic slope; buried density boundary possible, NOT verified fault","Lithologic contact, intrusive margin, regional gravity processing artifact"
716,1316,375000.0,4436900.0,4.845562934875488,0.22605450451374054,"High gravity-gradient proxy with muted topographic slope; buried density boundary possible, NOT verified fault","Lithologic contact, intrusive margin, regional gravity processing artifact"
716,1319,375300.0,4436900.0,5.2379608154296875,0.21233204007148743,"High gravity-gradient proxy with muted topographic slope; buried density boundary possible, NOT verified fault","Lithologic contact, intrusive margin, regional gravity processing artifact"
716,2017,445100.0,4436900.0,4.041043758392334,0.18514184653759003,"High gravity-gradient proxy with muted topographic slope; buried density boundary possible, NOT verified fault","Lithologic contact, intrusive margin, regional gravity processing artifact"
716,2020,445400.0,4436900.0,4.304277420043945,0.18087367713451385,"High gravity-gradient proxy with muted topographic slope; buried density boundary possible, NOT verified fault","Lithologic contact, intrusive margin, regional gravity processing artifact"
716,2029,446300.0,4436900.0,4.40984582901001,0.08285602182149887,"High gravity-gradient proxy with muted topographic slope; buried density boundary possible, NOT verified fault","Lithologic contact, intrusive margin, regional gravity processing artifact"
717,2026,446000.0,4436800.0,4.398159980773926,0.09589508920907974,"High gravity-gradient proxy with muted topographic slope; buried density boundary possible, NOT verified fault","Lithologic contact, intrusive margin, regional gravity processing artifact"
717,2039,447300.0,4436800.0,3.7423744201660156,0.1968899518251419,"High gravity-gradient proxy with muted topographic slope; buried density boundary possible, NOT verified fault","Lithologic contact, intrusive margin, regional gravity processing artifact"
718,1322,375600.0,4436700.0,5.796475410461426,0.21756896376609802,"High gravity-gradient proxy with muted topographic slope; buried density boundary possible, NOT verified fault","Lithologic contact, intrusive margin, regional gravity processing artifact"
718,1325,375900.0,4436700.0,6.0333251953125,0.24968619644641876,"High gravity-gradient proxy with muted topographic slope; buried density boundary possible, NOT verified fault","Lithologic contact, intrusive margin, regional gravity processing artifact"
718,2023,445700.0,4436700.0,4.391048908233643,0.11572770029306412,"High gravity-gradient proxy with muted topographic slope; buried density boundary possible, NOT verified fault","Lithologic contact, intrusive margin, regional gravity processing artifact"
718,2036,447000.0,4436700.0,4.006962299346924,0.201250821352005,"High gravity-gradient proxy with muted topographic slope; buried density boundary possible, NOT verified fault","Lithologic contact, intrusive margin, regional gravity processing artifact"
719,1306,374000.0,4436600.0,4.010059356689453,0.18945549428462982,"High gravity-gradient proxy with muted topographic slope; buried density boundary possible, NOT verified fault","Lithologic contact, intrusive margin, regional gravity processing artifact"
719,1309,374300.0,4436600.0,4.305377960205078,0.2626824378967285,"High gravity-gradient proxy with muted topographic slope; buried density boundary possible, NOT verified fault","Lithologic contact, intrusive margin, regional gravity processing artifact"
719,1312,374600.0,4436600.0,4.600779056549072,0.20310825109481812,"High gravity-gradient proxy with muted topographic slope; buried density boundary possible, NOT verified fault","Lithologic contact, intrusive margin, regional gravity processing artifact"
719,1316,375000.0,4436600.0,5.0891242027282715,0.3187665641307831,"High gravity-gradient proxy with muted topographic slope; buried density boundary possible, NOT verified fault","Lithologic contact, intrusive margin, regional gravity processing artifact"
719,1319,375300.0,4436600.0,5.484333038330078,0.2629731297492981,"High gravity-gradient proxy with muted topographic slope; buried density boundary possible, NOT verified fault","Lithologic contact, intrusive margin, regional gravity processing artifact"
719,2014,444800.0,4436600.0,3.8056671619415283,0.23914091289043427,"High gravity-gradient proxy with muted topographic slope; buried density boundary possible, NOT verified fault","Lithologic contact, intrusive margin, regional gravity processing artifact"
719,2017,445100.0,4436600.0,4.132092475891113,0.199357271194458,"High gravity-gradient proxy with muted topographic slope; buried density boundary possible, NOT verified fault","Lithologic contact, intrusive margin, regional gravity processing artifact"
719,2020,445400.0,4436600.0,4.388513088226318,0.12242639809846878,"High gravity-gradient proxy with muted topographic slope; buried density boundary possible, NOT verified fault","Lithologic contact, intrusive margin, regional gravity processing artifact"
719,2029,446300.0,4436600.0,4.473526954650879,0.1123272106051445,"High gravity-gradient proxy with muted topographic slope; buried density boundary possible, NOT verified fault","Lithologic contact, intrusive margin, regional gravity processing artifact"
720,1330,376400.0,4436500.0,6.333042621612549,0.19075529277324677,"High gravity-gradient proxy with muted topographic slope; buried density boundary possible, NOT verified fault","Lithologic contact, intrusive margin, regional gravity processing artifact"
720,2026,446000.0,4436500.0,4.468691349029541,0.09001682698726654,"High gravity-gradient proxy with muted topographic slope; buried density boundary possible, NOT verified fault","Lithologic contact, intrusive margin, regional gravity processing artifact"
721,1322,375600.0,4436400.0,5.843581199645996,0.22563432157039642,"High gravity-gradient proxy with muted topographic slope; buried density boundary possible, NOT verified fault","Lithologic contact, intrusive margin, regional gravity processing artifact"
721,2023,445700.0,4436400.0,4.431033134460449,0.04836402088403702,"High gravity-gradient proxy with muted topographic slope; buried density boundary possible, NOT verified fault","Lithologic contact, intrusive margin, regional gravity processing artifact"
721,2032,446600.0,4436400.0,4.34046745300293,0.42881810665130615,"High gravity-gradient proxy with muted topographic slope; buried density boundary possible, NOT verified fault","Lithologic contact, intrusive margin, regional gravity processing artifact"
722,1308,374200.0,4436300.0,4.307075023651123,0.2144491970539093,"High gravity-gradient proxy with muted topographic slope; buried density boundary possible, NOT verified fault","Lithologic contact, intrusive margin, regional gravity processing artifact"
722,1311,374500.0,4436300.0,4.548664569854736,0.23228581249713898,"High gravity-gradient proxy with muted topographic slope; buried density boundary possible, NOT verified fault","Lithologic contact, intrusive margin, regional gravity processing artifact"
722,1314,374800.0,4436300.0,4.821722984313965,0.304205060005188,"High gravity-gradient proxy with muted topographic slope; buried density boundary possible, NOT verified fault","Lithologic contact, intrusive margin, regional gravity processing artifact"
722,1317,375100.0,4436300.0,5.175265789031982,0.27103391289711,"High gravity-gradient proxy with muted topographic slope; buried density boundary possible, NOT verified fault","Lithologic contact, intrusive margin, regional gravity processing artifact"
722,2014,444800.0,4436300.0,3.770214796066284,0.21990960836410522,"High gravity-gradient proxy with muted topographic slope; buried density boundary possible, NOT verified fault","Lithologic contact, intrusive margin, regional gravity processing artifact"
722,2017,445100.0,4436300.0,4.099323749542236,0.1562880426645279,"High gravity-gradient proxy with muted topographic slope; buried density boundary possible, NOT verified fault","Lithologic contact, intrusive margin, regional gravity processing artifact"
722,2020,445400.0,4436300.0,4.359020709991455,0.0668993815779686,"High gravity-gradient proxy with muted topographic slope; buried density boundary possible, NOT verified fault","Lithologic contact, intrusive margin, regional gravity processing artifact"
722,2029,446300.0,4436300.0,4.461000919342041,0.15187932550907135,"High gravity-gradient proxy with muted topographic slope; buried density boundary possible, NOT verified fault","Lithologic contact, intrusive margin, regional gravity processing artifact"
723,1330,376400.0,4436200.0,5.974263668060303,0.22315376996994019,"High gravity-gradient proxy with muted topographic slope; buried density boundary possible, NOT verified fault","Lithologic contact, intrusive margin, regional gravity processing artifact"
723,1333,376700.0,4436200.0,6.040645122528076,0.2492772936820984,"High gravity-gradient proxy with muted topographic slope; buried density boundary possible, NOT verified fault","Lithologic contact, intrusive margin, regional gravity processing artifact"
723,2026,446000.0,4436200.0,4.394567966461182,0.1396057903766632,"High gravity-gradient proxy with muted topographic slope; buried density boundary possible, NOT verified fault","Lithologic contact, intrusive margin, regional gravity processing artifact"
724,1327,376100.0,4436100.0,5.802995681762695,0.2162879854440689,"High gravity-gradient proxy with muted topographic slope; buried density boundary possible, NOT verified fault","Lithologic contact, intrusive margin, regional gravity processing artifact"
724,2023,445700.0,4436100.0,4.3170366287231445,0.12486410140991211,"High gravity-gradient proxy with muted topographic slope; buried density boundary possible, NOT verified fault","Lithologic contact, intrusive margin, regional gravity processing artifact"
725,1308,374200.0,4436000.0,4.344476222991943,0.19899636507034302,"High gravity-gradient proxy with muted topographic slope; buried density boundary possible, NOT verified fault","Lithologic contact, intrusive margin, regional gravity processing artifact"
725,1324,375800.0,4436000.0,5.661057949066162,0.253159761428833,"High gravity-gradient proxy with muted topographic slope; buried density boundary possible, NOT verified fault","Lithologic contact, intrusive margin, regional gravity processing artifact"
725,2014,444800.0,4436000.0,3.616899251937866,0.14393408596515656,"High gravity-gradient proxy with muted topographic slope; buried density boundary possible, NOT verified fault","Lithologic contact, intrusive margin, regional gravity processing artifact"
725,2017,445100.0,4436000.0,3.956711769104004,0.09971489757299423,"High gravity-gradient proxy with muted topographic slope; buried density boundary possible, NOT verified fault","Lithologic contact, intrusive margin, regional gravity processing artifact"
725,2020,445400.0,4436000.0,4.228407382965088,0.16095712780952454,"High gravity-gradient proxy with muted topographic slope; buried density boundary possible, NOT verified fault","Lithologic contact, intrusive margin, regional gravity processing artifact"
726,1321,375500.0,4435900.0,5.3571085929870605,0.2696095108985901,"High gravity-gradient proxy with muted topographic slope; buried density boundary possible, NOT verified fault","Lithologic contact, intrusive margin, regional gravity processing artifact"
726,1330,376400.0,4435900.0,5.615415096282959,0.2595600485801697,"High gravity-gradient proxy with muted topographic slope; buried density boundary possible, NOT verified fault","Lithologic contact, intrusive margin, regional gravity processing artifact"
726,2027,446100.0,4435900.0,4.31591272354126,0.15101462602615356,"High gravity-gradient proxy with muted topographic slope; buried density boundary possible, NOT verified fault","Lithologic contact, intrusive margin, regional gravity processing artifact"
727,576,301000.0,4435800.0,3.3475544452667236,0.09157595783472061,"High gravity-gradient proxy with muted topographic slope; buried density boundary possible, NOT verified fault","Lithologic contact, intrusive margin, regional gravity processing artifact"
727,1327,376100.0,4435800.0,5.487958908081055,0.2746003270149231,"High gravity-gradient proxy with muted topographic slope; buried density boundary possible, NOT verified fault","Lithologic contact, intrusive margin, regional gravity processing artifact"
727,2024,445800.0,4435800.0,4.223618030548096,0.17067377269268036,"High gravity-gradient proxy with muted topographic slope; buried density boundary possible, NOT verified fault","Lithologic contact, intrusive margin, regional gravity processing artifact"
728,1317,375100.0,4435700.0,4.892338275909424,0.22281238436698914,"High gravity-gradient proxy with muted topographic slope; buried density boundary possible, NOT verified fault","Lithologic contact, intrusive margin, regional gravity processing artifact"
728,1324,375800.0,4435700.0,5.389832496643066,0.23067715764045715,"High gravity-gradient proxy with muted topographic slope; buried density boundary possible, NOT verified fault","Lithologic contact, intrusive margin, regional gravity processing artifact"
728,2015,444900.0,4435700.0,3.580430507659912,0.12490268051624298,"High gravity-gradient proxy with muted topographic slope; buried density boundary possible, NOT verified fault","Lithologic contact, intrusive margin, regional gravity processing artifact"
728,2018,445200.0,4435700.0,3.9309422969818115,0.17341332137584686,"High gravity-gradient proxy with muted topographic slope; buried density boundary possible, NOT verified fault","Lithologic contact, intrusive margin, regional gravity processing artifact"
728,2021,445500.0,4435700.0,4.120224952697754,0.20779283344745636,"High gravity-gradient proxy with muted topographic slope; buried density boundary possible, NOT verified fault","Lithologic contact, intrusive margin, regional gravity processing artifact"
729,2027,446100.0,4435600.0,4.224094390869141,0.10926049947738647,"High gravity-gradient proxy with muted topographic slope; buried density boundary possible, NOT verified fault","Lithologic contact, intrusive margin, regional gravity processing artifact"
729,2623,505700.0,4435600.0,3.4201579093933105,0.08936625719070435,"High gravity-gradient proxy with muted topographic slope; buried density boundary possible, NOT verified fault","Lithologic contact, intrusive margin, regional gravity processing artifact"
730,575,300900.0,4435500.0,3.506115198135376,0.12374459952116013,"High gravity-gradient proxy with muted topographic slope; buried density boundary possible, NOT verified fault","Lithologic contact, intrusive margin, regional gravity processing artifact"
730,2024,445800.0,4435500.0,4.115183353424072,0.1396389603614807,"High gravity-gradient proxy with muted topographic slope; buried density boundary possible, NOT verified fault","Lithologic contact, intrusive margin, regional gravity processing artifact"
731,578,301200.0,4435400.0,3.946070909500122,0.21596956253051758,"High gravity-gradient proxy with muted topographic slope; buried density boundary possible, NOT verified fault","Lithologic contact, intrusive margin, regional gravity processing artifact"
731,1300,373400.0,4435400.0,4.294257640838623,0.2200632244348526,"High gravity-gradient proxy with muted topographic slope; buried density boundary possible, NOT verified fault","Lithologic contact, intrusive margin, regional gravity processing artifact"
731,2015,444900.0,4435400.0,3.431840419769287,0.16259777545928955,"High gravity-gradient proxy with muted topographic slope; buried density boundary possible, NOT verified fault","Lithologic contact, intrusive margin, regional gravity processing artifact"
731,2018,445200.0,4435400.0,3.7874231338500977,0.26807016134262085,"High gravity-gradient proxy with muted topographic slope; buried density boundary possible, NOT verified fault","Lithologic contact, intrusive margin, regional gravity processing artifact"
731,2021,445500.0,4435400.0,3.985481023788452,0.1306125521659851,"High gravity-gradient proxy with muted topographic slope; buried density boundary possible, NOT verified fault","Lithologic contact, intrusive margin, regional gravity processing artifact"
732,1304,373800.0,4435300.0,4.382158279418945,0.27270302176475525,"High gravity-gradient proxy with muted topographic slope; buried density boundary possible, NOT verified fault","Lithologic contact, intrusive margin, regional gravity processing artifact"
732,2623,505700.0,4435300.0,3.7547202110290527,0.06747685372829437,"High gravity-gradient proxy with muted topographic slope; buried density boundary possible, NOT verified fault","Lithologic contact, intrusive margin, regional gravity processing artifact"
733,572,300600.0,4435200.0,3.3871686458587646,0.09684481471776962,"High gravity-gradient proxy with muted topographic slope; buried density boundary possible, NOT verified fault","Lithologic contact, intrusive margin, regional gravity processing artifact"
733,575,300900.0,4435200.0,3.843088388442993,0.08333674818277359,"High gravity-gradient proxy with muted topographic slope; buried density boundary possible, NOT verified fault","Lithologic contact, intrusive margin, regional gravity processing artifact"
733,1294,372800.0,4435200.0,4.3975605964660645,0.19743399322032928,"High gravity-gradient proxy with muted topographic slope; buried density boundary possible, NOT verified fault","Lithologic contact, intrusive margin, regional gravity processing artifact"
733,1297,373100.0,4435200.0,4.406673908233643,0.20322442054748535,"High gravity-gradient proxy with muted topographic slope; buried density boundary possible, NOT verified fault","Lithologic contact, intrusive margin, regional gravity processing artifact"
733,2024,445800.0,4435200.0,3.9492838382720947,0.1373356133699417,"High gravity-gradient proxy with muted topographic slope; buried density boundary possible, NOT verified fault","Lithologic contact, intrusive margin, regional gravity processing artifact"
734,1300,373400.0,4435100.0,4.476690292358398,0.20883525907993317,"High gravity-gradient proxy with muted topographic slope; buried density boundary possible, NOT verified fault","Lithologic contact, intrusive margin, regional gravity processing artifact"
734,1307,374100.0,4435100.0,4.418811321258545,0.20974230766296387,"High gravity-gradient proxy with muted topographic slope; buried density boundary possible, NOT verified fault","Lithologic contact, intrusive margin, regional gravity processing artifact"
734,2021,445500.0,4435100.0,3.817720413208008,0.09565193951129913,"High gravity-gradient proxy with muted topographic slope; buried density boundary possible, NOT verified fault","Lithologic contact, intrusive margin, regional gravity processing artifact"
735,1304,373800.0,4435000.0,4.499664783477783,0.1737109273672104,"High gravity-gradient proxy with muted topographic slope; buried density boundary possible, NOT verified fault","Lithologic contact, intrusive margin, regional gravity processing artifact"
735,2018,445200.0,4435000.0,3.5757341384887695,0.14080898463726044,"High gravity-gradient proxy with muted topographic slope; buried density boundary possible, NOT verified fault","Lithologic contact, intrusive margin, regional gravity processing artifact"
735,2622,505600.0,4435000.0,3.709765672683716,0.14552605152130127,"High gravity-gradient proxy with muted topographic slope; buried density boundary possible, NOT verified fault","Lithologic contact, intrusive margin, regional gravity processing artifact"
736,571,300500.0,4434900.0,3.5179286003112793,0.061246391385793686,"High gravity-gradient proxy with muted topographic slope; buried density boundary possible, NOT verified fault","Lithologic contact, intrusive margin, regional gravity processing artifact"
736,574,300800.0,4434900.0,4.0146307945251465,0.10937006026506424,"High gravity-gradient proxy with muted topographic slope; buried density boundary possible, NOT verified fault","Lithologic contact, intrusive margin, regional gravity processing artifact"
736,577,301100.0,4434900.0,4.473938465118408,0.11366161704063416,"High gravity-gradient proxy with muted topographic slope; buried density boundary possible, NOT verified fault","Lithologic contact, intrusive margin, regional gravity processing artifact"
736,1297,373100.0,4434900.0,4.626057147979736,0.23306338489055634,"High gravity-gradient proxy with muted topographic slope; buried density boundary possible, NOT verified fault","Lithologic contact, intrusive margin, regional gravity processing artifact"
737,1301,373500.0,4434800.0,4.645719051361084,0.26530739665031433,"High gravity-gradient proxy with muted topographic slope; buried density boundary possible, NOT verified fault","Lithologic contact, intrusive margin, regional gravity processing artifact"
738,1282,371600.0,4434700.0,4.003910064697266,0.1908102184534073,"High gravity-gradient proxy with muted topographic slope; buried density boundary possible, NOT verified fault","Lithologic contact, intrusive margin, regional gravity processing artifact"
738,2019,445300.0,4434700.0,3.524564027786255,0.18774035573005676,"High gravity-gradient proxy with muted topographic slope; buried density boundary possible, NOT verified fault","Lithologic contact, intrusive margin, regional gravity processing artifact"
738,2622,505600.0,4434700.0,3.9268381595611572,0.06451468169689178,"High gravity-gradient proxy with muted topographic slope; buried density boundary possible, NOT verified fault","Lithologic contact, intrusive margin, regional gravity processing artifact"
739,571,300500.0,4434600.0,3.8155782222747803,0.10069958865642548,"High gravity-gradient proxy with muted topographic slope; buried density boundary possible, NOT verified fault","Lithologic contact, intrusive margin, regional gravity processing artifact"
739,574,300800.0,4434600.0,4.359484672546387,0.11519862711429596,"High gravity-gradient proxy with muted topographic slope; buried density boundary possible, NOT verified fault","Lithologic contact, intrusive margin, regional gravity processing artifact"
739,577,301100.0,4434600.0,4.86114501953125,0.10156591236591339,"High gravity-gradient proxy with muted topographic slope; buried density boundary possible, NOT verified fault","Lithologic contact, intrusive margin, regional gravity processing artifact"
739,2619,505300.0,4434600.0,3.3265037536621094,0.10578726977109909,"High gravity-gradient proxy with muted topographic slope; buried density boundary possible, NOT verified fault","Lithologic contact, intrusive margin, regional gravity processing artifact"
741,580,301400.0,4434400.0,5.451206207275391,0.2719409763813019,"High gravity-gradient proxy with muted topographic slope; buried density boundary possible, NOT verified fault","Lithologic contact, intrusive margin, regional gravity processing artifact"
741,1282,371600.0,4434400.0,4.36381721496582,0.2636460065841675,"High gravity-gradient proxy with muted topographic slope; buried density boundary possible, NOT verified fault","Lithologic contact, intrusive margin, regional gravity processing artifact"
741,2019,445300.0,4434400.0,3.365480661392212,0.07485252618789673,"High gravity-gradient proxy with muted topographic slope; buried density boundary possible, NOT verified fault","Lithologic contact, intrusive margin, regional gravity processing artifact"
742,567,300100.0,4434300.0,3.3434159755706787,0.06393488496541977,"High gravity-gradient proxy with muted topographic slope; buried density boundary possible, NOT verified fault","Lithologic contact, intrusive margin, regional gravity processing artifact"
742,570,300400.0,4434300.0,3.9564924240112305,0.05303816497325897,"High gravity-gradient proxy with muted topographic slope; buried density boundary possible, NOT verified fault","Lithologic contact, intrusive margin, regional gravity processing artifact"
742,573,300700.0,4434300.0,4.56928014755249,0.07960133254528046,"High gravity-gradient proxy with muted topographic slope; buried density boundary possible, NOT verified fault","Lithologic contact, intrusive margin, regional gravity processing artifact"
742,576,301000.0,4434300.0,5.181778907775879,0.12750720977783203,"High gravity-gradient proxy with muted topographic slope; buried density boundary possible, NOT verified fault","Lithologic contact, intrusive margin, regional gravity processing artifact"
743,1518,395200.0,4434200.0,3.8040685653686523,0.17751172184944153,"High gravity-gradient proxy with muted topographic slope; buried density boundary possible, NOT verified fault","Lithologic contact, intrusive margin, regional gravity processing artifact"
744,580,301400.0,4434100.0,5.962799549102783,0.2450055629014969,"High gravity-gradient proxy with muted topographic slope; buried density boundary possible, NOT verified fault","Lithologic contact, intrusive margin, regional gravity processing artifact"
745,568,300200.0,4434000.0,3.824396848678589,0.06996597349643707,"High gravity-gradient proxy with muted topographic slope; buried density boundary possible, NOT verified fault","Lithologic contact, intrusive margin, regional gravity processing artifact"
745,571,300500.0,4434000.0,4.506161689758301,0.07548663020133972,"High gravity-gradient proxy with muted topographic slope; buried density boundary possible, NOT verified fault","Lithologic contact, intrusive margin, regional gravity processing artifact"
745,574,300800.0,4434000.0,5.187638282775879,0.07864237576723099,"High gravity-gradient proxy with muted topographic slope; buried density boundary possible, NOT verified fault","Lithologic contact, intrusive margin, regional gravity processing artifact"
745,577,301100.0,4434000.0,5.816105842590332,0.11353377997875214,"High gravity-gradient proxy with muted topographic slope; buried density boundary possible, NOT verified fault","Lithologic contact, intrusive margin, regional gravity processing artifact"
745,1292,372600.0,4434000.0,5.332923889160156,0.24999886751174927,"High gravity-gradient proxy with muted topographic slope; buried density boundary possible, NOT verified fault","Lithologic contact, intrusive margin, regional gravity processing artifact"
745,1295,372900.0,4434000.0,5.301455974578857,0.24986089766025543,"High gravity-gradient proxy with muted topographic slope; buried density boundary possible, NOT verified fault","Lithologic contact, intrusive margin, regional gravity processing artifact"
745,1298,373200.0,4434000.0,5.186005592346191,0.24974742531776428,"High gravity-gradient proxy with muted topographic slope; buried density boundary possible, NOT verified fault","Lithologic contact, intrusive margin, regional gravity processing artifact"
746,1517,395100.0,4433900.0,3.9011454582214355,0.11694708466529846,"High gravity-gradient proxy with muted topographic slope; buried density boundary possible, NOT verified fault","Lithologic contact, intrusive margin, regional gravity processing artifact"
746,1520,395400.0,4433900.0,4.390140056610107,0.11399238556623459,"High gravity-gradient proxy with muted topographic slope; buried density boundary possible, NOT verified fault","Lithologic contact, intrusive margin, regional gravity processing artifact"
747,581,301500.0,4433800.0,6.587768077850342,0.19244757294654846,"High gravity-gradient proxy with muted topographic slope; buried density boundary possible, NOT verified fault","Lithologic contact, intrusive margin, regional gravity processing artifact"
747,584,301800.0,4433800.0,6.927554130554199,0.18685761094093323,"High gravity-gradient proxy with muted topographic slope; buried density boundary possible, NOT verified fault","Lithologic contact, intrusive margin, regional gravity processing artifact"
747,1302,373600.0,4433800.0,5.129685401916504,0.06118951737880707,"High gravity-gradient proxy with muted topographic slope; buried density boundary possible, NOT verified fault","Lithologic contact, intrusive margin, regional gravity processing artifact"
747,1523,395700.0,4433800.0,4.950488090515137,0.07660499960184097,"High gravity-gradient proxy with muted topographic slope; buried density boundary possible, NOT verified fault","Lithologic contact, intrusive margin, regional gravity processing artifact"
748,569,300300.0,4433700.0,4.351368427276611,0.07959864288568497,"High gravity-gradient proxy with muted topographic slope; buried density boundary possible, NOT verified fault","Lithologic contact, intrusive margin, regional gravity processing artifact"
748,572,300600.0,4433700.0,5.101821422576904,0.0700058862566948,"High gravity-gradient proxy with muted topographic slope; buried density boundary possible, NOT verified fault","Lithologic contact, intrusive margin, regional gravity processing artifact"
748,575,300900.0,4433700.0,5.851986408233643,0.09220252186059952,"High gravity-gradient proxy with muted topographic slope; buried density boundary possible, NOT verified fault","Lithologic contact, intrusive margin, regional gravity processing artifact"
748,578,301200.0,4433700.0,6.410839080810547,0.09960204362869263,"High gravity-gradient proxy with muted topographic slope; buried density boundary possible, NOT verified fault","Lithologic contact, intrusive margin, regional gravity processing artifact"
748,1277,371100.0,4433700.0,4.588657379150391,0.24869048595428467,"High gravity-gradient proxy with muted topographic slope; buried density boundary possible, NOT verified fault","Lithologic contact, intrusive margin, regional gravity processing artifact"
748,1280,371400.0,4433700.0,4.91173791885376,0.24856749176979065,"High gravity-gradient proxy with muted topographic slope; buried density boundary possible, NOT verified fault","Lithologic contact, intrusive margin, regional gravity processing artifact"
748,1293,372700.0,4433700.0,5.597308158874512,0.2499716579914093,"High gravity-gradient proxy with muted topographic slope; buried density boundary possible, NOT verified fault","Lithologic contact, intrusive margin, regional gravity processing artifact"
748,1296,373000.0,4433700.0,5.457619667053223,0.24671493470668793,"High gravity-gradient proxy with muted topographic slope; buried density boundary possible, NOT verified fault","Lithologic contact, intrusive margin, regional gravity processing artifact"
748,1299,373300.0,4433700.0,5.317995548248291,0.2655722200870514,"High gravity-gradient proxy with muted topographic slope; buried density boundary possible, NOT verified fault","Lithologic contact, intrusive margin, regional gravity processing artifact"
749,1516,395000.0,4433600.0,4.016661643981934,0.044438328593969345,"High gravity-gradient proxy with muted topographic slope; buried density boundary possible, NOT verified fault","Lithologic contact, intrusive margin, regional gravity processing artifact"
749,1519,395300.0,4433600.0,4.477934837341309,0.07679367810487747,"High gravity-gradient proxy with muted topographic slope; buried density boundary possible, NOT verified fault","Lithologic contact, intrusive margin, regional gravity processing artifact"
750,566,300000.0,4433500.0,3.640477418899536,0.08566673845052719,"High gravity-gradient proxy with muted topographic slope; buried density boundary possible, NOT verified fault","Lithologic contact, intrusive margin, regional gravity processing artifact"
750,581,301500.0,4433500.0,7.133659839630127,0.1545960158109665,"High gravity-gradient proxy with muted topographic slope; buried density boundary possible, NOT verified fault","Lithologic contact, intrusive margin, regional gravity processing artifact"
750,584,301800.0,4433500.0,7.539051532745361,0.1996753066778183,"High gravity-gradient proxy with muted topographic slope; buried density boundary possible, NOT verified fault","Lithologic contact, intrusive margin, regional gravity processing artifact"
750,1522,395600.0,4433500.0,5.005275249481201,0.06445058435201645,"High gravity-gradient proxy with muted topographic slope; buried density boundary possible, NOT verified fault","Lithologic contact, intrusive margin, regional gravity processing artifact"
751,569,300300.0,4433400.0,4.526298522949219,0.09057757258415222,"High gravity-gradient proxy with muted topographic slope; buried density boundary possible, NOT verified fault","Lithologic contact, intrusive margin, regional gravity processing artifact"
751,572,300600.0,4433400.0,5.380218505859375,0.09736931324005127,"High gravity-gradient proxy with muted topographic slope; buried density boundary possible, NOT verified fault","Lithologic contact, intrusive margin, regional gravity processing artifact"
751,575,300900.0,4433400.0,6.233695983886719,0.11001542210578918,"High gravity-gradient proxy with muted topographic slope; buried density boundary possible, NOT verified fault","Lithologic contact, intrusive margin, regional gravity processing artifact"
751,578,301200.0,4433400.0,6.885937690734863,0.11381882429122925,"High gravity-gradient proxy with muted topographic slope; buried density boundary possible, NOT verified fault","Lithologic contact, intrusive margin, regional gravity processing artifact"
751,1276,371000.0,4433400.0,4.653645038604736,0.23893705010414124,"High gravity-gradient proxy with muted topographic slope; buried density boundary possible, NOT verified fault","Lithologic contact, intrusive margin, regional gravity processing artifact"
751,1279,371300.0,4433400.0,4.973240375518799,0.23881246149539948,"High gravity-gradient proxy with muted topographic slope; buried density boundary possible, NOT verified fault","Lithologic contact, intrusive margin, regional gravity processing artifact"
751,1292,372600.0,4433400.0,5.715387344360352,0.23966272175312042,"High gravity-gradient proxy with muted topographic slope; buried density boundary possible, NOT verified fault","Lithologic contact, intrusive margin, regional gravity processing artifact"
751,1295,372900.0,4433400.0,5.653296947479248,0.2636309266090393,"High gravity-gradient proxy with muted topographic slope; buried density boundary possible, NOT verified fault","Lithologic contact, intrusive margin, regional gravity processing artifact"
751,1298,373200.0,4433400.0,5.511116027832031,0.239089697599411,"High gravity-gradient proxy with muted topographic slope; buried density boundary possible, NOT verified fault","Lithologic contact, intrusive margin, regional gravity processing artifact"
751,1525,395900.0,4433400.0,5.503914833068848,0.1020771861076355,"High gravity-gradient proxy with muted topographic slope; buried density boundary possible, NOT verified fault","Lithologic contact, intrusive margin, regional gravity processing artifact"
752,1516,395000.0,4433300.0,4.184821605682373,0.20178154110908508,"High gravity-gradient proxy with muted topographic slope; buried density boundary possible, NOT verified fault","Lithologic contact, intrusive margin, regional gravity processing artifact"
752,1519,395300.0,4433300.0,4.640045166015625,0.20120663940906525,"High gravity-gradient proxy with muted topographic slope; buried density boundary possible, NOT verified fault","Lithologic contact, intrusive margin, regional gravity processing artifact"
753,566,300000.0,4433200.0,3.7056620121002197,0.07914320379495621,"High gravity-gradient proxy with muted topographic slope; buried density boundary possible, NOT verified fault","Lithologic contact, intrusive margin, regional gravity processing artifact"
753,581,301500.0,4433200.0,7.695318222045898,0.16400988399982452,"High gravity-gradient proxy with muted topographic slope; buried density boundary possible, NOT verified fault","Lithologic contact, intrusive margin, regional gravity processing artifact"
753,584,301800.0,4433200.0,8.188199043273926,0.17201197147369385,"High gravity-gradient proxy with muted topographic slope; buried density boundary possible, NOT verified fault","Lithologic contact, intrusive margin, regional gravity processing artifact"
753,1522,395600.0,4433200.0,5.140263557434082,0.13115666806697845,"High gravity-gradient proxy with muted topographic slope; buried density boundary possible, NOT verified fault","Lithologic contact, intrusive margin, regional gravity processing artifact"
753,1528,396200.0,4433200.0,5.410420894622803,0.08748553693294525,"High gravity-gradient proxy with muted topographic slope; buried density boundary possible, NOT verified fault","Lithologic contact, intrusive margin, regional gravity processing artifact"
754,569,300300.0,4433100.0,4.69284725189209,0.08264738321304321,"High gravity-gradient proxy with muted topographic slope; buried density boundary possible, NOT verified fault","Lithologic contact, intrusive margin, regional gravity processing artifact"
754,572,300600.0,4433100.0,5.652413845062256,0.07580175250768661,"High gravity-gradient proxy with muted topographic slope; buried density boundary possible, NOT verified fault","Lithologic contact, intrusive margin, regional gravity processing artifact"
754,575,300900.0,4433100.0,6.611537456512451,0.08098139613866806,"High gravity-gradient proxy with muted topographic slope; buried density boundary possible, NOT verified fault","Lithologic contact, intrusive margin, regional gravity processing artifact"
754,578,301200.0,4433100.0,7.360177040100098,0.08985034376382828,"High gravity-gradient proxy with muted topographic slope; buried density boundary possible, NOT verified fault","Lithologic contact, intrusive margin, regional gravity processing artifact"
754,1279,371300.0,4433100.0,5.016655921936035,0.23885846138000488,"High gravity-gradient proxy with muted topographic slope; buried density boundary possible, NOT verified fault","Lithologic contact, intrusive margin, regional gravity processing artifact"
754,1291,372500.0,4433100.0,5.752971172332764,0.24231375753879547,"High gravity-gradient proxy with muted topographic slope; buried density boundary possible, NOT verified fault","Lithologic contact, intrusive margin, regional gravity processing artifact"
754,1294,372800.0,4433100.0,5.794647216796875,0.2394576072692871,"High gravity-gradient proxy with muted topographic slope; buried density boundary possible, NOT verified fault","Lithologic contact, intrusive margin, regional gravity processing artifact"
754,1297,373100.0,4433100.0,5.6697678565979,0.23921887576580048,"High gravity-gradient proxy with muted topographic slope; buried density boundary possible, NOT verified fault","Lithologic contact, intrusive margin, regional gravity processing artifact"
754,1525,395900.0,4433100.0,5.639010429382324,0.09427810460329056,"High gravity-gradient proxy with muted topographic slope; buried density boundary possible, NOT verified fault","Lithologic contact, intrusive margin, regional gravity processing artifact"
755,1519,395300.0,4433000.0,4.774551868438721,0.40791767835617065,"High gravity-gradient proxy with muted topographic slope; buried density boundary possible, NOT verified fault","Lithologic contact, intrusive margin, regional gravity processing artifact"
756,566,300000.0,4432900.0,3.7710330486297607,0.08319733291864395,"High gravity-gradient proxy with muted topographic slope; buried density boundary possible, NOT verified fault","Lithologic contact, intrusive margin, regional gravity processing artifact"
756,582,301600.0,4432900.0,8.450682640075684,0.14605888724327087,"High gravity-gradient proxy with muted topographic slope; buried density boundary possible, NOT verified fault","Lithologic contact, intrusive margin, regional gravity processing artifact"
756,585,301900.0,4432900.0,9.03093147277832,0.15677952766418457,"High gravity-gradient proxy with muted topographic slope; buried density boundary possible, NOT verified fault","Lithologic contact, intrusive margin, regional gravity processing artifact"
756,1522,395600.0,4432900.0,5.275252342224121,0.17635802924633026,"High gravity-gradient proxy with muted topographic slope; buried density boundary possible, NOT verified fault","Lithologic contact, intrusive margin, regional gravity processing artifact"
756,1531,396500.0,4432900.0,5.384241104125977,0.15564265847206116,"High gravity-gradient proxy with muted topographic slope; buried density boundary possible, NOT verified fault","Lithologic contact, intrusive margin, regional gravity processing artifact"
757,570,300400.0,4432800.0,5.21476936340332,0.07898837327957153,"High gravity-gradient proxy with muted topographic slope; buried density boundary possible, NOT verified fault","Lithologic contact, intrusive margin, regional gravity processing artifact"
757,573,300700.0,4432800.0,6.279834270477295,0.08151143789291382,"High gravity-gradient proxy with muted topographic slope; buried density boundary possible, NOT verified fault","Lithologic contact, intrusive margin, regional gravity processing artifact"
757,576,301000.0,4432800.0,7.344457149505615,0.09097803384065628,"High gravity-gradient proxy with muted topographic slope; buried density boundary possible, NOT verified fault","Lithologic contact, intrusive margin, regional gravity processing artifact"
757,579,301300.0,4432800.0,8.0379638671875,0.0884714126586914,"High gravity-gradient proxy with muted topographic slope; buried density boundary possible, NOT verified fault","Lithologic contact, intrusive margin, regional gravity processing artifact"
757,1289,372300.0,4432800.0,5.724892616271973,0.24865467846393585,"High gravity-gradient proxy with muted topographic slope; buried density boundary possible, NOT verified fault","Lithologic contact, intrusive margin, regional gravity processing artifact"
757,1292,372600.0,4432800.0,5.877563953399658,0.23972322046756744,"High gravity-gradient proxy with muted topographic slope; buried density boundary possible, NOT verified fault","Lithologic contact, intrusive margin, regional gravity processing artifact"
757,1295,372900.0,4432800.0,5.852781295776367,0.2394435703754425,"High gravity-gradient proxy with muted topographic slope; buried density boundary possible, NOT verified fault","Lithologic contact, intrusive margin, regional gravity processing artifact"
758,1519,395300.0,4432700.0,4.909059524536133,0.20188038051128387,"High gravity-gradient proxy with muted topographic slope; buried density boundary possible, NOT verified fault","Lithologic contact, intrusive margin, regional gravity processing artifact"
759,567,300100.0,4432600.0,4.131432056427002,0.07970386743545532,"High gravity-gradient proxy with muted topographic slope; buried density boundary possible, NOT verified fault","Lithologic contact, intrusive margin, regional gravity processing artifact"
759,582,301600.0,4432600.0,8.970033645629883,0.12756666541099548,"High gravity-gradient proxy with muted topographic slope; buried density boundary possible, NOT verified fault","Lithologic contact, intrusive margin, regional gravity processing artifact"
759,585,301900.0,4432600.0,9.650341033935547,0.1397239863872528,"High gravity-gradient proxy with muted topographic slope; buried density boundary possible, NOT verified fault","Lithologic contact, intrusive margin, regional gravity processing artifact"
760,570,300400.0,4432500.0,5.233983993530273,0.05667341127991676,"High gravity-gradient proxy with muted topographic slope; buried density boundary possible, NOT verified fault","Lithologic contact, intrusive margin, regional gravity processing artifact"
760,573,300700.0,4432500.0,6.395336627960205,0.07233528047800064,"High gravity-gradient proxy with muted topographic slope; buried density boundary possible, NOT verified fault","Lithologic contact, intrusive margin, regional gravity processing artifact"
760,576,301000.0,4432500.0,7.556314468383789,0.08711626380681992,"High gravity-gradient proxy with muted topographic slope; buried density boundary possible, NOT verified fault","Lithologic contact, intrusive margin, regional gravity processing artifact"
760,579,301300.0,4432500.0,8.360374450683594,0.08841404318809509,"High gravity-gradient proxy with muted topographic slope; buried density boundary possible, NOT verified fault","Lithologic contact, intrusive margin, regional gravity processing artifact"
760,1291,372500.0,4432500.0,5.84771203994751,0.2399006485939026,"High gravity-gradient proxy with muted topographic slope; buried density boundary possible, NOT verified fault","Lithologic contact, intrusive margin, regional gravity processing artifact"
760,1534,396800.0,4432500.0,5.444371223449707,0.15351179242134094,"High gravity-gradient proxy with muted topographic slope; buried density boundary possible, NOT verified fault","Lithologic contact, intrusive margin, regional gravity processing artifact"
762,567,300100.0,4432300.0,3.953974485397339,0.06120475009083748,"High gravity-gradient proxy with muted topographic slope; buried density boundary possible, NOT verified fault","Lithologic contact, intrusive margin, regional gravity processing artifact"
762,582,301600.0,4432300.0,9.313138961791992,0.14205004274845123,"High gravity-gradient proxy with muted topographic slope; buried density boundary possible, NOT verified fault","Lithologic contact, intrusive margin, regional gravity processing artifact"
762,585,301900.0,4432300.0,10.12289047241211,0.11992491781711578,"High gravity-gradient proxy with muted topographic slope; buried density boundary possible, NOT verified fault","Lithologic contact, intrusive margin, regional gravity processing artifact"
762,588,302200.0,4432300.0,10.03830337524414,0.12628981471061707,"High gravity-gradient proxy with muted topographic slope; buried density boundary possible, NOT verified fault","Lithologic contact, intrusive margin, regional gravity processing artifact"
763,570,300400.0,4432200.0,5.146401882171631,0.08331924676895142,"High gravity-gradient proxy with muted topographic slope; buried density boundary possible, NOT verified fault","Lithologic contact, intrusive margin, regional gravity processing artifact"
763,573,300700.0,4432200.0,6.39755916595459,0.0936073511838913,"High gravity-gradient proxy with muted topographic slope; buried density boundary possible, NOT verified fault","Lithologic contact, intrusive margin, regional gravity processing artifact"
763,576,301000.0,4432200.0,7.648340702056885,0.08618476241827011,"High gravity-gradient proxy with muted topographic slope; buried density boundary possible, NOT verified fault","Lithologic contact, intrusive margin, regional gravity processing artifact"
763,579,301300.0,4432200.0,8.574139595031738,0.08861896395683289,"High gravity-gradient proxy with muted topographic slope; buried density boundary possible, NOT verified fault","Lithologic contact, intrusive margin, regional gravity processing artifact"
763,1290,372400.0,4432200.0,5.622851371765137,0.24003973603248596,"High gravity-gradient proxy with muted topographic slope; buried density boundary possible, NOT verified fault","Lithologic contact, intrusive margin, regional gravity processing artifact"
763,1532,396600.0,4432200.0,5.7692461013793945,0.1285872906446457,"High gravity-gradient proxy with muted topographic slope; buried density boundary possible, NOT verified fault","Lithologic contact, intrusive margin, regional gravity processing artifact"
763,1535,396900.0,4432200.0,5.631634712219238,0.05683154985308647,"High gravity-gradient proxy with muted topographic slope; buried density boundary possible, NOT verified fault","Lithologic contact, intrusive margin, regional gravity processing artifact"
764,1263,369700.0,4432100.0,4.483368873596191,0.18463653326034546,"High gravity-gradient proxy with muted topographic slope; buried density boundary possible, NOT verified fault","Lithologic contact, intrusive margin, regional gravity processing artifact"
765,567,300100.0,4432000.0,3.7767293453216553,0.042696282267570496,"High gravity-gradient proxy with muted topographic slope; buried density boundary possible, NOT verified fault","Lithologic contact, intrusive margin, regional gravity processing artifact"
765,582,301600.0,4432000.0,9.656551361083984,0.13054218888282776,"High gravity-gradient proxy with muted topographic slope; buried density boundary possible, NOT verified fault","Lithologic contact, intrusive margin, regional gravity processing artifact"
765,585,301900.0,4432000.0,10.595746994018555,0.12520328164100647,"High gravity-gradient proxy with muted topographic slope; buried density boundary possible, NOT verified fault","Lithologic contact, intrusive margin, regional gravity processing artifact"
765,588,302200.0,4432000.0,10.611137390136719,0.09154714643955231,"High gravity-gradient proxy with muted topographic slope; buried density boundary possible, NOT verified fault","Lithologic contact, intrusive margin, regional gravity processing artifact"
766,570,300400.0,4431900.0,5.059028625488281,0.0817854031920433,"High gravity-gradient proxy with muted topographic slope; buried density boundary possible, NOT verified fault","Lithologic contact, intrusive margin, regional gravity processing artifact"
766,573,300700.0,4431900.0,6.399990081787109,0.045016415417194366,"High gravity-gradient proxy with muted topographic slope; buried density boundary possible, NOT verified fault","Lithologic contact, intrusive margin, regional gravity processing artifact"
766,576,301000.0,4431900.0,7.740576267242432,0.03515445441007614,"High gravity-gradient proxy with muted topographic slope; buried density boundary possible, NOT verified fault","Lithologic contact, intrusive margin, regional gravity processing artifact"
766,579,301300.0,4431900.0,8.78821086883545,0.06996258348226547,"High gravity-gradient proxy with muted topographic slope; buried density boundary possible, NOT verified fault","Lithologic contact, intrusive margin, regional gravity processing artifact"
766,1536,397000.0,4431900.0,5.639125823974609,0.10768621414899826,"High gravity-gradient proxy with muted topographic slope; buried density boundary possible, NOT verified fault","Lithologic contact, intrusive margin, regional gravity processing artifact"
768,583,301700.0,4431700.0,10.356541633605957,0.11467710882425308,"High gravity-gradient proxy with muted topographic slope; buried density boundary possible, NOT verified fault","Lithologic contact, intrusive margin, regional gravity processing artifact"
768,586,302000.0,4431700.0,11.42500114440918,0.12198306620121002,"High gravity-gradient proxy with muted topographic slope; buried density boundary possible, NOT verified fault","Lithologic contact, intrusive margin, regional gravity processing artifact"
768,589,302300.0,4431700.0,10.844837188720703,0.08138164132833481,"High gravity-gradient proxy with muted topographic slope; buried density boundary possible, NOT verified fault","Lithologic contact, intrusive margin, regional gravity processing artifact"
769,568,300200.0,4431600.0,4.078274726867676,0.039793454110622406,"High gravity-gradient proxy with muted topographic slope; buried density boundary possible, NOT verified fault","Lithologic contact, intrusive margin, regional gravity processing artifact"
769,571,300500.0,4431600.0,5.445111274719238,0.015322468243539333,"High gravity-gradient proxy with muted topographic slope; buried density boundary possible, NOT verified fault","Lithologic contact, intrusive margin, regional gravity processing artifact"
769,574,300800.0,4431600.0,6.812386989593506,0.017353279516100883,"High gravity-gradient proxy with muted topographic slope; buried density boundary possible, NOT verified fault","Lithologic contact, intrusive margin, regional gravity processing artifact"
769,577,301100.0,4431600.0,8.12834644317627,0.031210552901029587,"High gravity-gradient proxy with muted topographic slope; buried density boundary possible, NOT verified fault","Lithologic contact, intrusive margin, regional gravity processing artifact"
769,580,301400.0,4431600.0,9.161550521850586,0.05421620234847069,"High gravity-gradient proxy with muted topographic slope; buried density boundary possible, NOT verified fault","Lithologic contact, intrusive margin, regional gravity processing artifact"
771,585,301900.0,4431400.0,10.481030464172363,0.11501103639602661,"High gravity-gradient proxy with muted topographic slope; buried density boundary possible, NOT verified fault","Lithologic contact, intrusive margin, regional gravity processing artifact"
771,588,302200.0,4431400.0,10.664000511169434,0.0848756656050682,"High gravity-gradient proxy with muted topographic slope; buried density boundary possible, NOT verified fault","Lithologic contact, intrusive margin, regional gravity processing artifact"
772,567,300100.0,4431300.0,3.6946308612823486,0.05343510955572128,"High gravity-gradient proxy with muted topographic slope; buried density boundary possible, NOT verified fault","Lithologic contact, intrusive margin, regional gravity processing artifact"
772,570,300400.0,4431300.0,4.9558916091918945,0.044182583689689636,"High gravity-gradient proxy with muted topographic slope; buried density boundary possible, NOT verified fault","Lithologic contact, intrusive margin, regional gravity processing artifact"
772,573,300700.0,4431300.0,6.217591762542725,0.014727695845067501,"High gravity-gradient proxy with muted topographic slope; buried density boundary possible, NOT verified fault","Lithologic contact, intrusive margin, regional gravity processing artifact"
772,576,301000.0,4431300.0,7.479731559753418,0.033686745911836624,"High gravity-gradient proxy with muted topographic slope; buried density boundary possible, NOT verified fault","Lithologic contact, intrusive margin, regional gravity processing artifact"
772,579,301300.0,4431300.0,8.453909873962402,0.0785849317908287,"High gravity-gradient proxy with muted topographic slope; buried density boundary possible, NOT verified fault","Lithologic contact, intrusive margin, regional gravity processing artifact"
772,582,301600.0,4431300.0,9.36628532409668,0.08972186595201492,"High gravity-gradient proxy with muted topographic slope; buried density boundary possible, NOT verified fault","Lithologic contact, intrusive margin, regional gravity processing artifact"
774,585,301900.0,4431100.0,9.875328063964844,0.08544030040502548,"High gravity-gradient proxy with muted topographic slope; buried density boundary possible, NOT verified fault","Lithologic contact, intrusive margin, regional gravity processing artifact"
774,588,302200.0,4431100.0,10.12411880493164,0.08057714253664017,"High gravity-gradient proxy with muted topographic slope; buried density boundary possible, NOT verified fault","Lithologic contact, intrusive margin, regional gravity processing artifact"
775,567,300100.0,4431000.0,3.766249418258667,0.049745116382837296,"High gravity-gradient proxy with muted topographic slope; buried density boundary possible, NOT verified fault","Lithologic contact, intrusive margin, regional gravity processing artifact"
775,570,300400.0,4431000.0,4.92208194732666,0.01247198786586523,"High gravity-gradient proxy with muted topographic slope; buried density boundary possible, NOT verified fault","Lithologic contact, intrusive margin, regional gravity processing artifact"
775,573,300700.0,4431000.0,6.078353404998779,0.021916909143328667,"High gravity-gradient proxy with muted topographic slope; buried density boundary possible, NOT verified fault","Lithologic contact, intrusive margin, regional gravity processing artifact"
775,576,301000.0,4431000.0,7.235063552856445,0.015439148992300034,"High gravity-gradient proxy with muted topographic slope; buried density boundary possible, NOT verified fault","Lithologic contact, intrusive margin, regional gravity processing artifact"
775,579,301300.0,4431000.0,8.090438842773438,0.07815701514482498,"High gravity-gradient proxy with muted topographic slope; buried density boundary possible, NOT verified fault","Lithologic contact, intrusive margin, regional gravity processing artifact"
775,582,301600.0,4431000.0,8.881650924682617,0.10600525885820389,"High gravity-gradient proxy with muted topographic slope; buried density boundary possible, NOT verified fault","Lithologic contact, intrusive margin, regional gravity processing artifact"
777,585,301900.0,4430800.0,9.269339561462402,0.280150443315506,"High gravity-gradient proxy with muted topographic slope; buried density boundary possible, NOT verified fault","Lithologic contact, intrusive margin, regional gravity processing artifact"
778,570,300400.0,4430700.0,4.886902332305908,0.24761517345905304,"High gravity-gradient proxy with muted topographic slope; buried density boundary possible, NOT verified fault","Lithologic contact, intrusive margin, regional gravity processing artifact"
778,575,300900.0,4430700.0,6.63956880569458,0.2216334044933319,"High gravity-gradient proxy with muted topographic slope; buried density boundary possible, NOT verified fault","Lithologic contact, intrusive margin, regional gravity processing artifact"
778,578,301200.0,4430700.0,7.504091262817383,0.10676220059394836,"High gravity-gradient proxy with muted topographic slope; buried density boundary possible, NOT verified fault","Lithologic contact, intrusive margin, regional gravity processing artifact"
778,581,301500.0,4430700.0,8.174811363220215,0.26958417892456055,"High gravity-gradient proxy with muted topographic slope; buried density boundary possible, NOT verified fault","Lithologic contact, intrusive margin, regional gravity processing artifact"
782,1540,397400.0,4430300.0,5.58592414855957,0.08159434795379639,"High gravity-gradient proxy with muted topographic slope; buried density boundary possible, NOT verified fault","Lithologic contact, intrusive margin, regional gravity processing artifact"
807,1519,395300.0,4427800.0,8.242471694946289,0.052065182477235794,"High gravity-gradient proxy with muted topographic slope; buried density boundary possible, NOT verified fault","Lithologic contact, intrusive margin, regional gravity processing artifact"
809,569,300300.0,4427600.0,3.9943830966949463,0.12216068059206009,"High gravity-gradient proxy with muted topographic slope; buried density boundary possible, NOT verified fault","Lithologic contact, intrusive margin, regional gravity processing artifact"
812,567,300100.0,4427300.0,3.7880589962005615,0.14825521409511566,"High gravity-gradient proxy with muted topographic slope; buried density boundary possible, NOT verified fault","Lithologic contact, intrusive margin, regional gravity processing artifact"
812,570,300400.0,4427300.0,4.044976234436035,0.10990297049283981,"High gravity-gradient proxy with muted topographic slope; buried density boundary possible, NOT verified fault","Lithologic contact, intrusive margin, regional gravity processing artifact"
812,573,300700.0,4427300.0,4.302008628845215,0.11992769688367844,"High gravity-gradient proxy with muted topographic slope; buried density boundary possible, NOT verified fault","Lithologic contact, intrusive margin, regional gravity processing artifact"
813,564,299800.0,4427200.0,3.34067440032959,0.08615949749946594,"High gravity-gradient proxy with muted topographic slope; buried density boundary possible, NOT verified fault","Lithologic contact, intrusive margin, regional gravity processing artifact"
815,568,300200.0,4427000.0,3.8478543758392334,0.12835927307605743,"High gravity-gradient proxy with muted topographic slope; buried density boundary possible, NOT verified fault","Lithologic contact, intrusive margin, regional gravity processing artifact"
815,571,300500.0,4427000.0,4.076930999755859,0.1685815304517746,"High gravity-gradient proxy with muted topographic slope; buried density boundary possible, NOT verified fault","Lithologic contact, intrusive margin, regional gravity processing artifact"
815,574,300800.0,4427000.0,4.306122779846191,0.06637956202030182,"High gravity-gradient proxy with muted topographic slope; buried density boundary possible, NOT verified fault","Lithologic contact, intrusive margin, regional gravity processing artifact"
815,1519,395300.0,4427000.0,8.134529113769531,0.2900429964065552,"High gravity-gradient proxy with muted topographic slope; buried density boundary possible, NOT verified fault","Lithologic contact, intrusive margin, regional gravity processing artifact"
816,565,299900.0,4426900.0,3.520627498626709,0.18054431676864624,"High gravity-gradient proxy with muted topographic slope; buried density boundary possible, NOT verified fault","Lithologic contact, intrusive margin, regional gravity processing artifact"
816,577,301100.0,4426900.0,4.4739508628845215,0.0607341006398201,"High gravity-gradient proxy with muted topographic slope; buried density boundary possible, NOT verified fault","Lithologic contact, intrusive margin, regional gravity processing artifact"
816,580,301400.0,4426900.0,4.549598693847656,0.046978794038295746,"High gravity-gradient proxy with muted topographic slope; buried density boundary possible, NOT verified fault","Lithologic contact, intrusive margin, regional gravity processing artifact"
816,1522,395600.0,4426900.0,8.499805450439453,0.23432140052318573,"High gravity-gradient proxy with muted topographic slope; buried density boundary possible, NOT verified fault","Lithologic contact, intrusive margin, regional gravity processing artifact"
818,568,300200.0,4426700.0,3.8286447525024414,0.09669236838817596,"High gravity-gradient proxy with muted topographic slope; buried density boundary possible, NOT verified fault","Lithologic contact, intrusive margin, regional gravity processing artifact"
818,571,300500.0,4426700.0,4.030388355255127,0.1777677983045578,"High gravity-gradient proxy with muted topographic slope; buried density boundary possible, NOT verified fault","Lithologic contact, intrusive margin, regional gravity processing artifact"
818,574,300800.0,4426700.0,4.2322282791137695,0.045562367886304855,"High gravity-gradient proxy with muted topographic slope; buried density boundary possible, NOT verified fault","Lithologic contact, intrusive margin, regional gravity processing artifact"
818,1498,393200.0,4426700.0,3.9339022636413574,0.1559571623802185,"High gravity-gradient proxy with muted topographic slope; buried density boundary possible, NOT verified fault","Lithologic contact, intrusive margin, regional gravity processing artifact"
819,564,299800.0,4426600.0,3.414949655532837,0.1933031529188156,"High gravity-gradient proxy with muted topographic slope; buried density boundary possible, NOT verified fault","Lithologic contact, intrusive margin, regional gravity processing artifact"
819,577,301100.0,4426600.0,4.393698215484619,0.032552480697631836,"High gravity-gradient proxy with muted topographic slope; buried density boundary possible, NOT verified fault","Lithologic contact, intrusive margin, regional gravity processing artifact"
819,580,301400.0,4426600.0,4.450814723968506,0.11045659333467484,"High gravity-gradient proxy with muted topographic slope; buried density boundary possible, NOT verified fault","Lithologic contact, intrusive margin, regional gravity processing artifact"
821,567,300100.0,4426400.0,3.7895514965057373,0.10205377638339996,"High gravity-gradient proxy with muted topographic slope; buried density boundary possible, NOT verified fault","Lithologic contact, intrusive margin, regional gravity processing artifact"
821,570,300400.0,4426400.0,3.967888116836548,0.14091376960277557,"High gravity-gradient proxy with muted topographic slope; buried density boundary possible, NOT verified fault","Lithologic contact, intrusive margin, regional gravity processing artifact"
821,573,300700.0,4426400.0,4.1463212966918945,0.1142711192369461,"High gravity-gradient proxy with muted topographic slope; buried density boundary possible, NOT verified fault","Lithologic contact, intrusive margin, regional gravity processing artifact"
821,1496,393000.0,4426400.0,3.7602553367614746,0.08715373277664185,"High gravity-gradient proxy with muted topographic slope; buried density boundary possible, NOT verified fault","Lithologic contact, intrusive margin, regional gravity processing artifact"
821,1499,393300.0,4426400.0,4.30067777633667,0.08802938461303711,"High gravity-gradient proxy with muted topographic slope; buried density boundary possible, NOT verified fault","Lithologic contact, intrusive margin, regional gravity processing artifact"
821,1525,395900.0,4426400.0,8.390310287475586,0.22808533906936646,"High gravity-gradient proxy with muted topographic slope; buried density boundary possible, NOT verified fault","Lithologic contact, intrusive margin, regional gravity processing artifact"
822,576,301000.0,4426300.0,4.310841083526611,0.05673841014504433,"High gravity-gradient proxy with muted topographic slope; buried density boundary possible, NOT verified fault","Lithologic contact, intrusive margin, regional gravity processing artifact"
822,579,301300.0,4426300.0,4.355375289916992,0.1304541677236557,"High gravity-gradient proxy with muted topographic slope; buried density boundary possible, NOT verified fault","Lithologic contact, intrusive margin, regional gravity processing artifact"
824,566,300000.0,4426100.0,3.7376909255981445,0.2195250689983368,"High gravity-gradient proxy with muted topographic slope; buried density boundary possible, NOT verified fault","Lithologic contact, intrusive margin, regional gravity processing artifact"
824,569,300300.0,4426100.0,3.920927047729492,0.22788920998573303,"High gravity-gradient proxy with muted topographic slope; buried density boundary possible, NOT verified fault","Lithologic contact, intrusive margin, regional gravity processing artifact"
824,572,300600.0,4426100.0,4.075953483581543,0.0954822227358818,"High gravity-gradient proxy with muted topographic slope; buried density boundary possible, NOT verified fault","Lithologic contact, intrusive margin, regional gravity processing artifact"
824,582,301600.0,4426100.0,4.30120325088501,0.2191769927740097,"High gravity-gradient proxy with muted topographic slope; buried density boundary possible, NOT verified fault","Lithologic contact, intrusive margin, regional gravity processing artifact"
824,1526,396000.0,4426100.0,7.854752540588379,0.06855017691850662,"High gravity-gradient proxy with muted topographic slope; buried density boundary possible, NOT verified fault","Lithologic contact, intrusive margin, regional gravity processing artifact"
825,575,300900.0,4426000.0,4.2196455001831055,0.0349683053791523,"High gravity-gradient proxy with muted topographic slope; buried density boundary possible, NOT verified fault","Lithologic contact, intrusive margin, regional gravity processing artifact"
825,578,301200.0,4426000.0,4.284035682678223,0.0921894833445549,"High gravity-gradient proxy with muted topographic slope; buried density boundary possible, NOT verified fault","Lithologic contact, intrusive margin, regional gravity processing artifact"
825,1529,396300.0,4426000.0,7.729854583740234,0.22043411433696747,"High gravity-gradient proxy with muted topographic slope; buried density boundary possible, NOT verified fault","Lithologic contact, intrusive margin, regional gravity processing artifact"
826,1501,393500.0,4425900.0,4.943080902099609,0.1682898998260498,"High gravity-gradient proxy with muted topographic slope; buried density boundary possible, NOT verified fault","Lithologic contact, intrusive margin, regional gravity processing artifact"
827,564,299800.0,4425800.0,3.5275614261627197,0.2257452756166458,"High gravity-gradient proxy with muted topographic slope; buried density boundary possible, NOT verified fault","Lithologic contact, intrusive margin, regional gravity processing artifact"
827,567,300100.0,4425800.0,3.845653533935547,0.22921161353588104,"High gravity-gradient proxy with muted topographic slope; buried density boundary possible, NOT verified fault","Lithologic contact, intrusive margin, regional gravity processing artifact"
827,570,300400.0,4425800.0,3.977241039276123,0.08939928561449051,"High gravity-gradient proxy with muted topographic slope; buried density boundary possible, NOT verified fault","Lithologic contact, intrusive margin, regional gravity processing artifact"
827,581,301500.0,4425800.0,4.201562881469727,0.10610101372003555,"High gravity-gradient proxy with muted topographic slope; buried density boundary possible, NOT verified fault","Lithologic contact, intrusive margin, regional gravity processing artifact"
828,573,300700.0,4425700.0,4.1251678466796875,0.15927737951278687,"High gravity-gradient proxy with muted topographic slope; buried density boundary possible, NOT verified fault","Lithologic contact, intrusive margin, regional gravity processing artifact"
828,576,301000.0,4425700.0,4.254459857940674,0.04736553877592087,"High gravity-gradient proxy with muted topographic slope; buried density boundary possible, NOT verified fault","Lithologic contact, intrusive margin, regional gravity processing artifact"
828,1504,393800.0,4425700.0,5.613854885101318,0.09255093336105347,"High gravity-gradient proxy with muted topographic slope; buried density boundary possible, NOT verified fault","Lithologic contact, intrusive margin, regional gravity processing artifact"
828,1528,396200.0,4425700.0,7.24914026260376,0.3081147074699402,"High gravity-gradient proxy with muted topographic slope; buried density boundary possible, NOT verified fault","Lithologic contact, intrusive margin, regional gravity processing artifact"
829,584,301800.0,4425600.0,4.157526969909668,0.22765614092350006,"High gravity-gradient proxy with muted topographic slope; buried density boundary possible, NOT verified fault","Lithologic contact, intrusive margin, regional gravity processing artifact"
829,1501,393500.0,4425600.0,5.111956596374512,0.06253357231616974,"High gravity-gradient proxy with muted topographic slope; buried density boundary possible, NOT verified fault","Lithologic contact, intrusive margin, regional gravity processing artifact"
830,562,299600.0,4425500.0,3.36572003364563,0.14973312616348267,"High gravity-gradient proxy with muted topographic slope; buried density boundary possible, NOT verified fault","Lithologic contact, intrusive margin, regional gravity processing artifact"
830,568,300200.0,4425500.0,3.9741528034210205,0.07925768941640854,"High gravity-gradient proxy with muted topographic slope; buried density boundary possible, NOT verified fault","Lithologic contact, intrusive margin, regional gravity processing artifact"
830,580,301400.0,4425500.0,4.269275665283203,0.051976997405290604,"High gravity-gradient proxy with muted topographic slope; buried density boundary possible, NOT verified fault","Lithologic contact, intrusive margin, regional gravity processing artifact"
831,565,299900.0,4425400.0,3.762918710708618,0.1786251813173294,"High gravity-gradient proxy with muted topographic slope; buried density boundary possible, NOT verified fault","Lithologic contact, intrusive margin, regional gravity processing artifact"
831,571,300500.0,4425400.0,4.145448684692383,0.1137976199388504,"High gravity-gradient proxy with muted topographic slope; buried density boundary possible, NOT verified fault","Lithologic contact, intrusive margin, regional gravity processing artifact"
831,574,300800.0,4425400.0,4.284420967102051,0.11000516265630722,"High gravity-gradient proxy with muted topographic slope; buried density boundary possible, NOT verified fault","Lithologic contact, intrusive margin, regional gravity processing artifact"
831,577,301100.0,4425400.0,4.383123874664307,0.069215789437294,"High gravity-gradient proxy with muted topographic slope; buried density boundary possible, NOT verified fault","Lithologic contact, intrusive margin, regional gravity processing artifact"
832,583,301700.0,4425300.0,4.2273736000061035,0.18980808556079865,"High gravity-gradient proxy with muted topographic slope; buried density boundary possible, NOT verified fault","Lithologic contact, intrusive margin, regional gravity processing artifact"
832,1503,393700.0,4425300.0,5.625391006469727,0.1588883101940155,"High gravity-gradient proxy with muted topographic slope; buried density boundary possible, NOT verified fault","Lithologic contact, intrusive margin, regional gravity processing artifact"
832,1506,394000.0,4425300.0,6.110943794250488,0.20694772899150848,"High gravity-gradient proxy with muted topographic slope; buried density boundary possible, NOT verified fault","Lithologic contact, intrusive margin, regional gravity processing artifact"
832,1509,394300.0,4425300.0,6.499238967895508,0.21573051810264587,"High gravity-gradient proxy with muted topographic slope; buried density boundary possible, NOT verified fault","Lithologic contact, intrusive margin, regional gravity processing artifact"
833,562,299600.0,4425200.0,3.4546260833740234,0.1578516960144043,"High gravity-gradient proxy with muted topographic slope; buried density boundary possible, NOT verified fault","Lithologic contact, intrusive margin, regional gravity processing artifact"
833,568,300200.0,4425200.0,4.071011066436768,0.22399137914180756,"High gravity-gradient proxy with muted topographic slope; buried density boundary possible, NOT verified fault","Lithologic contact, intrusive margin, regional gravity processing artifact"
833,580,301400.0,4425200.0,4.352533340454102,0.09049094468355179,"High gravity-gradient proxy with muted topographic slope; buried density boundary possible, NOT verified fault","Lithologic contact, intrusive margin, regional gravity processing artifact"
833,586,302000.0,4425200.0,4.134902477264404,0.2163350135087967,"High gravity-gradient proxy with muted topographic slope; buried density boundary possible, NOT verified fault","Lithologic contact, intrusive margin, regional gravity processing artifact"
834,565,299900.0,4425100.0,3.853867530822754,0.16701386868953705,"High gravity-gradient proxy with muted topographic slope; buried density boundary possible, NOT verified fault","Lithologic contact, intrusive margin, regional gravity processing artifact"
834,571,300500.0,4425100.0,4.251967906951904,0.10953366756439209,"High gravity-gradient proxy with muted topographic slope; buried density boundary possible, NOT verified fault","Lithologic contact, intrusive margin, regional gravity processing artifact"
834,574,300800.0,4425100.0,4.400594234466553,0.13675016164779663,"High gravity-gradient proxy with muted topographic slope; buried density boundary possible, NOT verified fault","Lithologic contact, intrusive margin, regional gravity processing artifact"
834,577,301100.0,4425100.0,4.500764846801758,0.063172847032547,"High gravity-gradient proxy with muted topographic slope; buried density boundary possible, NOT verified fault","Lithologic contact, intrusive margin, regional gravity processing artifact"
835,583,301700.0,4425000.0,4.276170253753662,0.13655336201190948,"High gravity-gradient proxy with muted topographic slope; buried density boundary possible, NOT verified fault","Lithologic contact, intrusive margin, regional gravity processing artifact"
835,1505,393900.0,4425000.0,6.116156101226807,0.21461810171604156,"High gravity-gradient proxy with muted topographic slope; buried density boundary possible, NOT verified fault","Lithologic contact, intrusive margin, regional gravity processing artifact"
835,1508,394200.0,4425000.0,6.488375186920166,0.21405863761901855,"High gravity-gradient proxy with muted topographic slope; buried density boundary possible, NOT verified fault","Lithologic contact, intrusive margin, regional gravity processing artifact"
835,1511,394500.0,4425000.0,6.860631465911865,0.17624129354953766,"High gravity-gradient proxy with muted topographic slope; buried density boundary possible, NOT verified fault","Lithologic contact, intrusive margin, regional gravity processing artifact"
836,562,299600.0,4424900.0,3.543534755706787,0.1483648121356964,"High gravity-gradient proxy with muted topographic slope; buried density boundary possible, NOT verified fault","Lithologic contact, intrusive margin, regional gravity processing artifact"
836,568,300200.0,4424900.0,4.167891979217529,0.28104308247566223,"High gravity-gradient proxy with muted topographic slope; buried density boundary possible, NOT verified fault","Lithologic contact, intrusive margin, regional gravity processing artifact"
836,580,301400.0,4424900.0,4.435713291168213,0.056937407702207565,"High gravity-gradient proxy with muted topographic slope; buried density boundary possible, NOT verified fault","Lithologic contact, intrusive margin, regional gravity processing artifact"
837,565,299900.0,4424800.0,3.944819688796997,0.04809568077325821,"High gravity-gradient proxy with muted topographic slope; buried density boundary possible, NOT verified fault","Lithologic contact, intrusive margin, regional gravity processing artifact"
837,571,300500.0,4424800.0,4.3585100173950195,0.07784796506166458,"High gravity-gradient proxy with muted topographic slope; buried density boundary possible, NOT verified fault","Lithologic contact, intrusive margin, regional gravity processing artifact"
837,574,300800.0,4424800.0,4.51678991317749,0.09530709683895111,"High gravity-gradient proxy with muted topographic slope; buried density boundary possible, NOT verified fault","Lithologic contact, intrusive margin, regional gravity processing artifact"
837,577,301100.0,4424800.0,4.6183271408081055,0.11974560469388962,"High gravity-gradient proxy with muted topographic slope; buried density boundary possible, NOT verified fault","Lithologic contact, intrusive margin, regional gravity processing artifact"
838,583,301700.0,4424700.0,4.321063041687012,0.17514477670192719,"High gravity-gradient proxy with muted topographic slope; buried density boundary possible, NOT verified fault","Lithologic contact, intrusive margin, regional gravity processing artifact"
838,1509,394300.0,4424700.0,6.725654125213623,0.14467598497867584,"High gravity-gradient proxy with muted topographic slope; buried density boundary possible, NOT verified fault","Lithologic contact, intrusive margin, regional gravity processing artifact"
839,559,299300.0,4424600.0,3.3438515663146973,0.12588614225387573,"High gravity-gradient proxy with muted topographic slope; buried density boundary possible, NOT verified fault","Lithologic contact, intrusive margin, regional gravity processing artifact"
839,562,299600.0,4424600.0,3.706425905227661,0.11766640096902847,"High gravity-gradient proxy with muted topographic slope; buried density boundary possible, NOT verified fault","Lithologic contact, intrusive margin, regional gravity processing artifact"
839,580,301400.0,4424600.0,4.51854944229126,0.039096612483263016,"High gravity-gradient proxy with muted topographic slope; buried density boundary possible, NOT verified fault","Lithologic contact, intrusive margin, regional gravity processing artifact"
840,565,299900.0,4424500.0,4.1386919021606445,0.10056416690349579,"High gravity-gradient proxy with muted topographic slope; buried density boundary possible, NOT verified fault","Lithologic contact, intrusive margin, regional gravity processing artifact"
840,568,300200.0,4424500.0,4.380061626434326,0.34126558899879456,"High gravity-gradient proxy with muted topographic slope; buried density boundary possible, NOT verified fault","Lithologic contact, intrusive margin, regional gravity processing artifact"
840,577,301100.0,4424500.0,4.752004623413086,0.10341482609510422,"High gravity-gradient proxy with muted topographic slope; buried density boundary possible, NOT verified fault","Lithologic contact, intrusive margin, regional gravity processing artifact"
840,1485,391900.0,4424500.0,3.4205362796783447,0.22993291914463043,"High gravity-gradient proxy with muted topographic slope; buried density boundary possible, NOT verified fault","Lithologic contact, intrusive margin, regional gravity processing artifact"
840,1488,392200.0,4424500.0,3.7470943927764893,0.06044882908463478,"High gravity-gradient proxy with muted topographic slope; buried density boundary possible, NOT verified fault","Lithologic contact, intrusive margin, regional gravity processing artifact"
840,1491,392500.0,4424500.0,4.073762893676758,0.15580813586711884,"High gravity-gradient proxy with muted topographic slope; buried density boundary possible, NOT verified fault","Lithologic contact, intrusive margin, regional gravity processing artifact"
840,1506,394000.0,4424500.0,6.451451301574707,0.14537213742733002,"High gravity-gradient proxy with muted topographic slope; buried density boundary possible, NOT verified fault","Lithologic contact, intrusive margin, regional gravity processing artifact"
841,1510,394400.0,4424400.0,6.9989519119262695,0.2240391969680786,"High gravity-gradient proxy with muted topographic slope; buried density boundary possible, NOT verified fault","Lithologic contact, intrusive margin, regional gravity processing artifact"
842,562,299600.0,4424300.0,3.9319112300872803,0.0642077624797821,"High gravity-gradient proxy with muted topographic slope; buried density boundary possible, NOT verified fault","Lithologic contact, intrusive margin, regional gravity processing artifact"
843,565,299900.0,4424200.0,4.3475213050842285,0.05449797958135605,"High gravity-gradient proxy with muted topographic slope; buried density boundary possible, NOT verified fault","Lithologic contact, intrusive margin, regional gravity processing artifact"
843,568,300200.0,4424200.0,4.572209358215332,0.07363636046648026,"High gravity-gradient proxy with muted topographic slope; buried density boundary possible, NOT verified fault","Lithologic contact, intrusive margin, regional gravity processing artifact"
843,1486,392000.0,4424200.0,3.7331573963165283,0.14818842709064484,"High gravity-gradient proxy with muted topographic slope; buried density boundary possible, NOT verified fault","Lithologic contact, intrusive margin, regional gravity processing artifact"
843,1489,392300.0,4424200.0,4.009765625,0.05593746900558472,"High gravity-gradient proxy with muted topographic slope; buried density boundary possible, NOT verified fault","Lithologic contact, intrusive margin, regional gravity processing artifact"
843,1492,392600.0,4424200.0,4.286484718322754,0.10725528001785278,"High gravity-gradient proxy with muted topographic slope; buried density boundary possible, NOT verified fault","Lithologic contact, intrusive margin, regional gravity processing artifact"
843,1504,393800.0,4424200.0,6.2600178718566895,0.12250133603811264,"High gravity-gradient proxy with muted topographic slope; buried density boundary possible, NOT verified fault","Lithologic contact, intrusive margin, regional gravity processing artifact"
843,1507,394100.0,4424200.0,6.70592737197876,0.1483869105577469,"High gravity-gradient proxy with muted topographic slope; buried density boundary possible, NOT verified fault","Lithologic contact, intrusive margin, regional gravity processing artifact"
844,559,299300.0,4424100.0,3.7473766803741455,0.16248103976249695,"High gravity-gradient proxy with muted topographic slope; buried density boundary possible, NOT verified fault","Lithologic contact, intrusive margin, regional gravity processing artifact"
844,1483,391700.0,4424100.0,3.4343271255493164,0.09610535949468613,"High gravity-gradient proxy with muted topographic slope; buried density boundary possible, NOT verified fault","Lithologic contact, intrusive margin, regional gravity processing artifact"
845,562,299600.0,4424000.0,4.157357692718506,0.10284563899040222,"High gravity-gradient proxy with muted topographic slope; buried density boundary possible, NOT verified fault","Lithologic contact, intrusive margin, regional gravity processing artifact"
846,565,299900.0,4423900.0,4.556312561035156,0.11402708292007446,"High gravity-gradient proxy with muted topographic slope; buried density boundary possible, NOT verified fault","Lithologic contact, intrusive margin, regional gravity processing artifact"
846,1487,392100.0,4423900.0,4.012403964996338,0.1075400859117508,"High gravity-gradient proxy with muted topographic slope; buried density boundary possible, NOT verified fault","Lithologic contact, intrusive margin, regional gravity processing artifact"
846,1490,392400.0,4423900.0,4.239062786102295,0.1919173002243042,"High gravity-gradient proxy with muted topographic slope; buried density boundary possible, NOT verified fault","Lithologic contact, intrusive margin, regional gravity processing artifact"
846,1493,392700.0,4423900.0,4.465831756591797,0.1475769579410553,"High gravity-gradient proxy with muted topographic slope; buried density boundary possible, NOT verified fault","Lithologic contact, intrusive margin, regional gravity processing artifact"
846,1496,393000.0,4423900.0,4.843987464904785,0.045356687158346176,"High gravity-gradient proxy with muted topographic slope; buried density boundary possible, NOT verified fault","Lithologic contact, intrusive margin, regional gravity processing artifact"
846,1499,393300.0,4423900.0,5.411777496337891,0.21210291981697083,"High gravity-gradient proxy with muted topographic slope; buried density boundary possible, NOT verified fault","Lithologic contact, intrusive margin, regional gravity processing artifact"
846,1502,393600.0,4423900.0,5.9795403480529785,0.07042606920003891,"High gravity-gradient proxy with muted topographic slope; buried density boundary possible, NOT verified fault","Lithologic contact, intrusive margin, regional gravity processing artifact"
846,1505,393900.0,4423900.0,6.537790775299072,0.1953197717666626,"High gravity-gradient proxy with muted topographic slope; buried density boundary possible, NOT verified fault","Lithologic contact, intrusive margin, regional gravity processing artifact"
846,1508,394200.0,4423900.0,6.988131046295166,0.0801604837179184,"High gravity-gradient proxy with muted topographic slope; buried density boundary possible, NOT verified fault","Lithologic contact, intrusive margin, regional gravity processing artifact"
847,558,299200.0,4423800.0,3.8833906650543213,0.10539139062166214,"High gravity-gradient proxy with muted topographic slope; buried density boundary possible, NOT verified fault","Lithologic contact, intrusive margin, regional gravity processing artifact"
847,1484,391800.0,4423800.0,3.8085083961486816,0.07542300969362259,"High gravity-gradient proxy with muted topographic slope; buried density boundary possible, NOT verified fault","Lithologic contact, intrusive margin, regional gravity processing artifact"
848,561,299500.0,4423700.0,4.196525573730469,0.10777106881141663,"High gravity-gradient proxy with muted topographic slope; buried density boundary possible, NOT verified fault","Lithologic contact, intrusive margin, regional gravity processing artifact"
849,564,299800.0,4423600.0,4.620013236999512,0.19140905141830444,"High gravity-gradient proxy with muted topographic slope; buried density boundary possible, NOT verified fault","Lithologic contact, intrusive margin, regional gravity processing artifact"
849,1481,391500.0,4423600.0,3.40763258934021,0.0807502493262291,"High gravity-gradient proxy with muted topographic slope; buried density boundary possible, NOT verified fault","Lithologic contact, intrusive margin, regional gravity processing artifact"
849,1487,392100.0,4423600.0,4.189159393310547,0.12995024025440216,"High gravity-gradient proxy with muted topographic slope; buried density boundary possible, NOT verified fault","Lithologic contact, intrusive margin, regional gravity processing artifact"
849,1490,392400.0,4423600.0,4.3772478103637695,0.10800179839134216,"High gravity-gradient proxy with muted topographic slope; buried density boundary possible, NOT verified fault","Lithologic contact, intrusive margin, regional gravity processing artifact"
849,1493,392700.0,4423600.0,4.565145492553711,0.0543258935213089,"High gravity-gradient proxy with muted topographic slope; buried density boundary possible, NOT verified fault","Lithologic contact, intrusive margin, regional gravity processing artifact"
849,1496,393000.0,4423600.0,4.927000045776367,0.38291361927986145,"High gravity-gradient proxy with muted topographic slope; buried density boundary possible, NOT verified fault","Lithologic contact, intrusive margin, regional gravity processing artifact"
849,1499,393300.0,4423600.0,5.506538391113281,0.07691533863544464,"High gravity-gradient proxy with muted topographic slope; buried density boundary possible, NOT verified fault","Lithologic contact, intrusive margin, regional gravity processing artifact"
849,1503,393700.0,4423600.0,6.279232025146484,0.09744805842638016,"High gravity-gradient proxy with muted topographic slope; buried density boundary possible, NOT verified fault","Lithologic contact, intrusive margin, regional gravity processing artifact"
849,1506,394000.0,4423600.0,6.820169925689697,0.22012147307395935,"High gravity-gradient proxy with muted topographic slope; buried density boundary possible, NOT verified fault","Lithologic contact, intrusive margin, regional gravity processing artifact"
850,558,299200.0,4423500.0,3.5757198333740234,0.20857372879981995,"High gravity-gradient proxy with muted topographic slope; buried density boundary possible, NOT verified fault","Lithologic contact, intrusive margin, regional gravity processing artifact"
850,1484,391800.0,4423500.0,3.9315433502197266,0.18525110185146332,"High gravity-gradient proxy with muted topographic slope; buried density boundary possible, NOT verified fault","Lithologic contact, intrusive margin, regional gravity processing artifact"
851,561,299500.0,4423400.0,4.084342956542969,0.16209745407104492,"High gravity-gradient proxy with muted topographic slope; buried density boundary possible, NOT verified fault","Lithologic contact, intrusive margin, regional gravity processing artifact"
852,1488,392200.0,4423300.0,4.345616817474365,0.19023285806179047,"High gravity-gradient proxy with muted topographic slope; buried density boundary possible, NOT verified fault","Lithologic contact, intrusive margin, regional gravity processing artifact"
852,1491,392500.0,4423300.0,4.619930744171143,0.07995893806219101,"High gravity-gradient proxy with muted topographic slope; buried density boundary possible, NOT verified fault","Lithologic contact, intrusive margin, regional gravity processing artifact"
852,1494,392800.0,4423300.0,4.894053936004639,0.0866069346666336,"High gravity-gradient proxy with muted topographic slope; buried density boundary possible, NOT verified fault","Lithologic contact, intrusive margin, regional gravity processing artifact"
852,1497,393100.0,4423300.0,5.4115495681762695,0.23965579271316528,"High gravity-gradient proxy with muted topographic slope; buried density boundary possible, NOT verified fault","Lithologic contact, intrusive margin, regional gravity processing artifact"
852,1503,393700.0,4423300.0,6.585196018218994,0.10820648819208145,"High gravity-gradient proxy with muted topographic slope; buried density boundary possible, NOT verified fault","Lithologic contact, intrusive margin, regional gravity processing artifact"
853,1482,391600.0,4423200.0,3.5343434810638428,0.12580615282058716,"High gravity-gradient proxy with muted topographic slope; buried density boundary possible, NOT verified fault","Lithologic contact, intrusive margin, regional gravity processing artifact"
853,1500,393400.0,4423200.0,6.097938060760498,0.13701462745666504,"High gravity-gradient proxy with muted topographic slope; buried density boundary possible, NOT verified fault","Lithologic contact, intrusive margin, regional gravity processing artifact"
854,562,299600.0,4423100.0,4.26645565032959,0.33183661103248596,"High gravity-gradient proxy with muted topographic slope; buried density boundary possible, NOT verified fault","Lithologic contact, intrusive margin, regional gravity processing artifact"
854,1485,391900.0,4423100.0,4.0761399269104,0.08717179298400879,"High gravity-gradient proxy with muted topographic slope; buried density boundary possible, NOT verified fault","Lithologic contact, intrusive margin, regional gravity processing artifact"
855,1488,392200.0,4423000.0,4.439464569091797,0.0838337168097496,"High gravity-gradient proxy with muted topographic slope; buried density boundary possible, NOT verified fault","Lithologic contact, intrusive margin, regional gravity processing artifact"
855,1491,392500.0,4423000.0,4.8000664710998535,0.11441104859113693,"High gravity-gradient proxy with muted topographic slope; buried density boundary possible, NOT verified fault","Lithologic contact, intrusive margin, regional gravity processing artifact"
855,1494,392800.0,4423000.0,5.160478591918945,0.07025089859962463,"High gravity-gradient proxy with muted topographic slope; buried density boundary possible, NOT verified fault","Lithologic contact, intrusive margin, regional gravity processing artifact"
855,1497,393100.0,4423000.0,5.7029266357421875,0.20093531906604767,"High gravity-gradient proxy with muted topographic slope; buried density boundary possible, NOT verified fault","Lithologic contact, intrusive margin, regional gravity processing artifact"
855,1503,393700.0,4423000.0,6.891168594360352,0.20948122441768646,"High gravity-gradient proxy with muted topographic slope; buried density boundary possible, NOT verified fault","Lithologic contact, intrusive margin, regional gravity processing artifact"
856,1482,391600.0,4422900.0,3.497464418411255,0.05516486614942551,"High gravity-gradient proxy with muted topographic slope; buried density boundary possible, NOT verified fault","Lithologic contact, intrusive margin, regional gravity processing artifact"
856,1500,393400.0,4422900.0,6.396615982055664,0.29284122586250305,"High gravity-gradient proxy with muted topographic slope; buried density boundary possible, NOT verified fault","Lithologic contact, intrusive margin, regional gravity processing artifact"
857,1485,391900.0,4422800.0,4.083770751953125,0.07477355748414993,"High gravity-gradient proxy with muted topographic slope; buried density boundary possible, NOT verified fault","Lithologic contact, intrusive margin, regional gravity processing artifact"
858,1491,392500.0,4422700.0,4.98030948638916,0.12852869927883148,"High gravity-gradient proxy with muted topographic slope; buried density boundary possible, NOT verified fault","Lithologic contact, intrusive margin, regional gravity processing artifact"
858,1494,392800.0,4422700.0,5.4270100593566895,0.15252873301506042,"High gravity-gradient proxy with muted topographic slope; buried density boundary possible, NOT verified fault","Lithologic contact, intrusive margin, regional gravity processing artifact"
858,1497,393100.0,4422700.0,5.994312763214111,0.14916004240512848,"High gravity-gradient proxy with muted topographic slope; buried density boundary possible, NOT verified fault","Lithologic contact, intrusive margin, regional gravity processing artifact"
859,1482,391600.0,4422600.0,3.4690704345703125,0.0750257670879364,"High gravity-gradient proxy with muted topographic slope; buried density boundary possible, NOT verified fault","Lithologic contact, intrusive margin, regional gravity processing artifact"
859,1500,393400.0,4422600.0,6.69014835357666,0.1677236407995224,"High gravity-gradient proxy with muted topographic slope; buried density boundary possible, NOT verified fault","Lithologic contact, intrusive margin, regional gravity processing artifact"
860,1485,391900.0,4422500.0,4.113719463348389,0.0917024165391922,"High gravity-gradient proxy with muted topographic slope; buried density boundary possible, NOT verified fault","Lithologic contact, intrusive margin, regional gravity processing artifact"
860,1488,392200.0,4422500.0,4.610241413116455,0.0782150849699974,"High gravity-gradient proxy with muted topographic slope; buried density boundary possible, NOT verified fault","Lithologic contact, intrusive margin, regional gravity processing artifact"
861,1491,392500.0,4422400.0,5.171276092529297,0.05655506253242493,"High gravity-gradient proxy with muted topographic slope; buried density boundary possible, NOT verified fault","Lithologic contact, intrusive margin, regional gravity processing artifact"
861,1496,393000.0,4422400.0,6.068840026855469,0.13196852803230286,"High gravity-gradient proxy with muted topographic slope; buried density boundary possible, NOT verified fault","Lithologic contact, intrusive margin, regional gravity processing artifact"
861,1503,393700.0,4422400.0,7.450050354003906,0.2716604769229889,"High gravity-gradient proxy with muted topographic slope; buried density boundary possible, NOT verified fault","Lithologic contact, intrusive margin, regional gravity processing artifact"
862,1482,391600.0,4422300.0,3.5045278072357178,0.06907113641500473,"High gravity-gradient proxy with muted topographic slope; buried density boundary possible, NOT verified fault","Lithologic contact, intrusive margin, regional gravity processing artifact"
862,1500,393400.0,4422300.0,6.942046642303467,0.06981857120990753,"High gravity-gradient proxy with muted topographic slope; buried density boundary possible, NOT verified fault","Lithologic contact, intrusive margin, regional gravity processing artifact"
863,1485,391900.0,4422200.0,4.171012878417969,0.04886752739548683,"High gravity-gradient proxy with muted topographic slope; buried density boundary possible, NOT verified fault","Lithologic contact, intrusive margin, regional gravity processing artifact"
863,1488,392200.0,4422200.0,4.735896587371826,0.03642095997929573,"High gravity-gradient proxy with muted topographic slope; buried density boundary possible, NOT verified fault","Lithologic contact, intrusive margin, regional gravity processing artifact"
864,1494,392800.0,4422100.0,5.952690124511719,0.15700052678585052,"High gravity-gradient proxy with muted topographic slope; buried density boundary possible, NOT verified fault","Lithologic contact, intrusive margin, regional gravity processing artifact"
864,1497,393100.0,4422100.0,6.532379627227783,0.10754947364330292,"High gravity-gradient proxy with muted topographic slope; buried density boundary possible, NOT verified fault","Lithologic contact, intrusive margin, regional gravity processing artifact"
864,1503,393700.0,4422100.0,7.687588691711426,0.13095572590827942,"High gravity-gradient proxy with muted topographic slope; buried density boundary possible, NOT verified fault","Lithologic contact, intrusive margin, regional gravity processing artifact"
865,1482,391600.0,4422000.0,3.54000186920166,0.15293532609939575,"High gravity-gradient proxy with muted topographic slope; buried density boundary possible, NOT verified fault","Lithologic contact, intrusive margin, regional gravity processing artifact"
865,1500,393400.0,4422000.0,7.193926811218262,0.042973242700099945,"High gravity-gradient proxy with muted topographic slope; buried density boundary possible, NOT verified fault","Lithologic contact, intrusive margin, regional gravity processing artifact"
865,1506,394000.0,4422000.0,8.297773361206055,0.20733752846717834,"High gravity-gradient proxy with muted topographic slope; buried density boundary possible, NOT verified fault","Lithologic contact, intrusive margin, regional gravity processing artifact"
866,1485,391900.0,4421900.0,4.228391647338867,0.05366188660264015,"High gravity-gradient proxy with muted topographic slope; buried density boundary possible, NOT verified fault","Lithologic contact, intrusive margin, regional gravity processing artifact"
866,1488,392200.0,4421900.0,4.861636638641357,0.07639383524656296,"High gravity-gradient proxy with muted topographic slope; buried density boundary possible, NOT verified fault","Lithologic contact, intrusive margin, regional gravity processing artifact"
866,1491,392500.0,4421900.0,5.4947309494018555,0.08843690901994705,"High gravity-gradient proxy with muted topographic slope; buried density boundary possible, NOT verified fault","Lithologic contact, intrusive margin, regional gravity processing artifact"
866,1509,394300.0,4421900.0,8.862128257751465,0.08877908438444138,"High gravity-gradient proxy with muted topographic slope; buried density boundary possible, NOT verified fault","Lithologic contact, intrusive margin, regional gravity processing artifact"
867,1503,393700.0,4421800.0,7.925109386444092,0.14190588891506195,"High gravity-gradient proxy with muted topographic slope; buried density boundary possible, NOT verified fault","Lithologic contact, intrusive margin, regional gravity processing artifact"
868,1482,391600.0,4421700.0,3.575493335723877,0.07134506851434708,"High gravity-gradient proxy with muted topographic slope; buried density boundary possible, NOT verified fault","Lithologic contact, intrusive margin, regional gravity processing artifact"
868,1500,393400.0,4421700.0,7.445789337158203,0.07430215179920197,"High gravity-gradient proxy with muted topographic slope; buried density boundary possible, NOT verified fault","Lithologic contact, intrusive margin, regional gravity processing artifact"
868,1506,394000.0,4421700.0,8.540424346923828,0.13752153515815735,"High gravity-gradient proxy with muted topographic slope; buried density boundary possible, NOT verified fault","Lithologic contact, intrusive margin, regional gravity processing artifact"
869,1487,392100.0,4421600.0,4.766847610473633,0.06615832448005676,"High gravity-gradient proxy with muted topographic slope; buried density boundary possible, NOT verified fault","Lithologic contact, intrusive margin, regional gravity processing artifact"
869,1492,392600.0,4421600.0,5.9312872886657715,0.07534760236740112,"High gravity-gradient proxy with muted topographic slope; buried density boundary possible, NOT verified fault","Lithologic contact, intrusive margin, regional gravity processing artifact"
869,1497,393100.0,4421600.0,6.984333038330078,0.07287387549877167,"High gravity-gradient proxy with muted topographic slope; buried density boundary possible, NOT verified fault","Lithologic contact, intrusive margin, regional gravity processing artifact"
869,1510,394400.0,4421600.0,9.295226097106934,0.13610218465328217,"High gravity-gradient proxy with muted topographic slope; buried density boundary possible, NOT verified fault","Lithologic contact, intrusive margin, regional gravity processing artifact"
871,1484,391800.0,4421400.0,4.163289546966553,0.07679133117198944,"High gravity-gradient proxy with muted topographic slope; buried density boundary possible, NOT verified fault","Lithologic contact, intrusive margin, regional gravity processing artifact"
871,1501,393500.0,4421400.0,7.946678638458252,0.18837828934192657,"High gravity-gradient proxy with muted topographic slope; buried density boundary possible, NOT verified fault","Lithologic contact, intrusive margin, regional gravity processing artifact"
871,1504,393800.0,4421400.0,8.50627613067627,0.14018099009990692,"High gravity-gradient proxy with muted topographic slope; buried density boundary possible, NOT verified fault","Lithologic contact, intrusive margin, regional gravity processing artifact"
871,1507,394100.0,4421400.0,8.97703742980957,0.09067519009113312,"High gravity-gradient proxy with muted topographic slope; buried density boundary possible, NOT verified fault","Lithologic contact, intrusive margin, regional gravity processing artifact"
872,1492,392600.0,4421300.0,6.207889080047607,0.17385247349739075,"High gravity-gradient proxy with muted topographic slope; buried density boundary possible, NOT verified fault","Lithologic contact, intrusive margin, regional gravity processing artifact"
872,1497,393100.0,4421300.0,7.3086323738098145,0.10493038594722748,"High gravity-gradient proxy with muted topographic slope; buried density boundary possible, NOT verified fault","Lithologic contact, intrusive margin, regional gravity processing artifact"
873,1481,391500.0,4421200.0,3.4898829460144043,0.059873390942811966,"High gravity-gradient proxy with muted topographic slope; buried density boundary possible, NOT verified fault","Lithologic contact, intrusive margin, regional gravity processing artifact"
874,1486,392000.0,4421100.0,4.829327583312988,0.05604572221636772,"High gravity-gradient proxy with muted topographic slope; buried density boundary possible, NOT verified fault","Lithologic contact, intrusive margin, regional gravity processing artifact"
874,1489,392300.0,4421100.0,5.6108808517456055,0.23009370267391205,"High gravity-gradient proxy with muted topographic slope; buried density boundary possible, NOT verified fault","Lithologic contact, intrusive margin, regional gravity processing artifact"
874,1500,393400.0,4421100.0,8.089363098144531,0.18408404290676117,"High gravity-gradient proxy with muted topographic slope; buried density boundary possible, NOT verified fault","Lithologic contact, intrusive margin, regional gravity processing artifact"
874,1503,393700.0,4421100.0,8.653881072998047,0.05840901657938957,"High gravity-gradient proxy with muted topographic slope; buried density boundary possible, NOT verified fault","Lithologic contact, intrusive margin, regional gravity processing artifact"
874,1506,394000.0,4421100.0,9.130425453186035,0.02891749143600464,"High gravity-gradient proxy with muted topographic slope; buried density boundary possible, NOT verified fault","Lithologic contact, intrusive margin, regional gravity processing artifact"
874,1509,394300.0,4421100.0,9.48556137084961,0.18923239409923553,"High gravity-gradient proxy with muted topographic slope; buried density boundary possible, NOT verified fault","Lithologic contact, intrusive margin, regional gravity processing artifact"
875,1493,392700.0,4421000.0,6.750529766082764,0.12204964458942413,"High gravity-gradient proxy with muted topographic slope; buried density boundary possible, NOT verified fault","Lithologic contact, intrusive margin, regional gravity processing artifact"
875,1497,393100.0,4421000.0,7.632937431335449,0.08287151902914047,"High gravity-gradient proxy with muted topographic slope; buried density boundary possible, NOT verified fault","Lithologic contact, intrusive margin, regional gravity processing artifact"
876,1480,391400.0,4420900.0,3.311211109161377,0.09852293133735657,"High gravity-gradient proxy with muted topographic slope; buried density boundary possible, NOT verified fault","Lithologic contact, intrusive margin, regional gravity processing artifact"
876,1483,391700.0,4420900.0,4.13047456741333,0.12099803239107132,"High gravity-gradient proxy with muted topographic slope; buried density boundary possible, NOT verified fault","Lithologic contact, intrusive margin, regional gravity processing artifact"
877,1486,392000.0,4420800.0,5.006650924682617,0.10581275075674057,"High gravity-gradient proxy with muted topographic slope; buried density boundary possible, NOT verified fault","Lithologic contact, intrusive margin, regional gravity processing artifact"
877,1489,392300.0,4420800.0,5.837893486022949,0.10478081554174423,"High gravity-gradient proxy with muted topographic slope; buried density boundary possible, NOT verified fault","Lithologic contact, intrusive margin, regional gravity processing artifact"
877,1500,393400.0,4420800.0,8.41858959197998,0.10726124793291092,"High gravity-gradient proxy with muted topographic slope; buried density boundary possible, NOT verified fault","Lithologic contact, intrusive margin, regional gravity processing artifact"
877,1503,393700.0,4420800.0,8.98802375793457,0.12013166397809982,"High gravity-gradient proxy with muted topographic slope; buried density boundary possible, NOT verified fault","Lithologic contact, intrusive margin, regional gravity processing artifact"
877,1506,394000.0,4420800.0,9.430909156799316,0.07509686052799225,"High gravity-gradient proxy with muted topographic slope; buried density boundary possible, NOT verified fault","Lithologic contact, intrusive margin, regional gravity processing artifact"
877,1509,394300.0,4420800.0,9.699519157409668,0.3439335227012634,"High gravity-gradient proxy with muted topographic slope; buried density boundary possible, NOT verified fault","Lithologic contact, intrusive margin, regional gravity processing artifact"
878,1493,392700.0,4420700.0,7.043816089630127,0.17609751224517822,"High gravity-gradient proxy with muted topographic slope; buried density boundary possible, NOT verified fault","Lithologic contact, intrusive margin, regional gravity processing artifact"
878,1496,393000.0,4420700.0,7.766885280609131,0.21898148953914642,"High gravity-gradient proxy with muted topographic slope; buried density boundary possible, NOT verified fault","Lithologic contact, intrusive margin, regional gravity processing artifact"
879,488,292200.0,4420600.0,3.3709309101104736,0.16529963910579681,"High gravity-gradient proxy with muted topographic slope; buried density boundary possible, NOT verified fault","Lithologic contact, intrusive margin, regional gravity processing artifact"
879,1480,391400.0,4420600.0,3.402987003326416,0.08971864730119705,"High gravity-gradient proxy with muted topographic slope; buried density boundary possible, NOT verified fault","Lithologic contact, intrusive margin, regional gravity processing artifact"
879,1483,391700.0,4420600.0,4.262936592102051,0.0736670047044754,"High gravity-gradient proxy with muted topographic slope; buried density boundary possible, NOT verified fault","Lithologic contact, intrusive margin, regional gravity processing artifact"
879,1513,394700.0,4420600.0,10.114741325378418,0.17878887057304382,"High gravity-gradient proxy with muted topographic slope; buried density boundary possible, NOT verified fault","Lithologic contact, intrusive margin, regional gravity processing artifact"
880,1487,392100.0,4420500.0,5.464731216430664,0.1019003838300705,"High gravity-gradient proxy with muted topographic slope; buried density boundary possible, NOT verified fault","Lithologic contact, intrusive margin, regional gravity processing artifact"
880,1490,392400.0,4420500.0,6.32923698425293,0.08904504030942917,"High gravity-gradient proxy with muted topographic slope; buried density boundary possible, NOT verified fault","Lithologic contact, intrusive margin, regional gravity processing artifact"
880,1504,393800.0,4420500.0,9.449922561645508,0.08433348685503006,"High gravity-gradient proxy with muted topographic slope; buried density boundary possible, NOT verified fault","Lithologic contact, intrusive margin, regional gravity processing artifact"
880,1507,394100.0,4420500.0,9.737966537475586,0.0684923380613327,"High gravity-gradient proxy with muted topographic slope; buried density boundary possible, NOT verified fault","Lithologic contact, intrusive margin, regional gravity processing artifact"
880,1510,394400.0,4420500.0,9.933865547180176,0.09871432930231094,"High gravity-gradient proxy with muted topographic slope; buried density boundary possible, NOT verified fault","Lithologic contact, intrusive margin, regional gravity processing artifact"
881,1493,392700.0,4420400.0,7.261534690856934,0.05295893922448158,"High gravity-gradient proxy with muted topographic slope; buried density boundary possible, NOT verified fault","Lithologic contact, intrusive margin, regional gravity processing artifact"
882,488,292200.0,4420300.0,3.3850257396698,0.1663145124912262,"High gravity-gradient proxy with muted topographic slope; buried density boundary possible, NOT verified fault","Lithologic contact, intrusive margin, regional gravity processing artifact"
882,491,292500.0,4420300.0,3.5709445476531982,0.1651381403207779,"High gravity-gradient proxy with muted topographic slope; buried density boundary possible, NOT verified fault","Lithologic contact, intrusive margin, regional gravity processing artifact"
882,1481,391500.0,4420300.0,3.844597339630127,0.11763981729745865,"High gravity-gradient proxy with muted topographic slope; buried density boundary possible, NOT verified fault","Lithologic contact, intrusive margin, regional gravity processing artifact"
882,1484,391800.0,4420300.0,4.7040510177612305,0.0715969130396843,"High gravity-gradient proxy with muted topographic slope; buried density boundary possible, NOT verified fault","Lithologic contact, intrusive margin, regional gravity processing artifact"
882,1496,393000.0,4420300.0,8.067676544189453,0.10463976860046387,"High gravity-gradient proxy with muted topographic slope; buried density boundary possible, NOT verified fault","Lithologic contact, intrusive margin, regional gravity processing artifact"
882,1501,393500.0,4420300.0,9.018853187561035,0.16622041165828705,"High gravity-gradient proxy with muted topographic slope; buried density boundary possible, NOT verified fault","Lithologic contact, intrusive margin, regional gravity processing artifact"
882,1513,394700.0,4420300.0,10.160175323486328,0.1353895515203476,"High gravity-gradient proxy with muted topographic slope; buried density boundary possible, NOT verified fault","Lithologic contact, intrusive margin, regional gravity processing artifact"
883,1487,392100.0,4420200.0,5.6333184242248535,0.0520339272916317,"High gravity-gradient proxy with muted topographic slope; buried density boundary possible, NOT verified fault","Lithologic contact, intrusive margin, regional gravity processing artifact"
883,1490,392400.0,4420200.0,6.5152788162231445,0.13729551434516907,"High gravity-gradient proxy with muted topographic slope; buried density boundary possible, NOT verified fault","Lithologic contact, intrusive margin, regional gravity processing artifact"
883,1504,393800.0,4420200.0,9.659382820129395,0.1386939436197281,"High gravity-gradient proxy with muted topographic slope; buried density boundary possible, NOT verified fault","Lithologic contact, intrusive margin, regional gravity processing artifact"
883,1507,394100.0,4420200.0,9.902107238769531,0.039485834538936615,"High gravity-gradient proxy with muted topographic slope; buried density boundary possible, NOT verified fault","Lithologic contact, intrusive margin, regional gravity processing artifact"
883,1510,394400.0,4420200.0,10.038640975952148,0.10145159810781479,"High gravity-gradient proxy with muted topographic slope; buried density boundary possible, NOT verified fault","Lithologic contact, intrusive margin, regional gravity processing artifact"
884,1493,392700.0,4420100.0,7.465037822723389,0.04287997633218765,"High gravity-gradient proxy with muted topographic slope; buried density boundary possible, NOT verified fault","Lithologic contact, intrusive margin, regional gravity processing artifact"
885,488,292200.0,4420000.0,3.3994154930114746,0.16735248267650604,"High gravity-gradient proxy with muted topographic slope; buried density boundary possible, NOT verified fault","Lithologic contact, intrusive margin, regional gravity processing artifact"
885,491,292500.0,4420000.0,3.7103536128997803,0.1661866307258606,"High gravity-gradient proxy with muted topographic slope; buried density boundary possible, NOT verified fault","Lithologic contact, intrusive margin, regional gravity processing artifact"
885,494,292800.0,4420000.0,4.020763874053955,0.16494318842887878,"High gravity-gradient proxy with muted topographic slope; buried density boundary possible, NOT verified fault","Lithologic contact, intrusive margin, regional gravity processing artifact"
885,1481,391500.0,4420000.0,3.9995577335357666,0.07983209192752838,"High gravity-gradient proxy with muted topographic slope; buried density boundary possible, NOT verified fault","Lithologic contact, intrusive margin, regional gravity processing artifact"
885,1484,391800.0,4420000.0,4.858513832092285,0.06284584850072861,"High gravity-gradient proxy with muted topographic slope; buried density boundary possible, NOT verified fault","Lithologic contact, intrusive margin, regional gravity processing artifact"
885,1496,393000.0,4420000.0,8.280072212219238,0.08924724161624908,"High gravity-gradient proxy with muted topographic slope; buried density boundary possible, NOT verified fault","Lithologic contact, intrusive margin, regional gravity processing artifact"
885,1499,393300.0,4420000.0,8.849676132202148,0.1457209438085556,"High gravity-gradient proxy with muted topographic slope; buried density boundary possible, NOT verified fault","Lithologic contact, intrusive margin, regional gravity processing artifact"
886,1487,392100.0,4419900.0,5.801927089691162,0.03288280591368675,"High gravity-gradient proxy with muted topographic slope; buried density boundary possible, NOT verified fault","Lithologic contact, intrusive margin, regional gravity processing artifact"
886,1490,392400.0,4419900.0,6.7013421058654785,0.06141768768429756,"High gravity-gradient proxy with muted topographic slope; buried density boundary possible, NOT verified fault","Lithologic contact, intrusive margin, regional gravity processing artifact"
886,1502,393600.0,4419900.0,9.489347457885742,0.20003440976142883,"High gravity-gradient proxy with muted topographic slope; buried density boundary possible, NOT verified fault","Lithologic contact, intrusive margin, regional gravity processing artifact"
886,1505,393900.0,4419900.0,10.014803886413574,0.09765161573886871,"High gravity-gradient proxy with muted topographic slope; buried density boundary possible, NOT verified fault","Lithologic contact, intrusive margin, regional gravity processing artifact"
886,1508,394200.0,4419900.0,10.091885566711426,0.08637986332178116,"High gravity-gradient proxy with muted topographic slope; buried density boundary possible, NOT verified fault","Lithologic contact, intrusive margin, regional gravity processing artifact"
886,1511,394500.0,4419900.0,10.169096946716309,0.13617409765720367,"High gravity-gradient proxy with muted topographic slope; buried density boundary possible, NOT verified fault","Lithologic contact, intrusive margin, regional gravity processing artifact"
887,1493,392700.0,4419800.0,7.668562412261963,0.07533279806375504,"High gravity-gradient proxy with muted topographic slope; buried density boundary possible, NOT verified fault","Lithologic contact, intrusive margin, regional gravity processing artifact"
888,490,292400.0,4419700.0,3.716541051864624,0.1574084609746933,"High gravity-gradient proxy with muted topographic slope; buried density boundary possible, NOT verified fault","Lithologic contact, intrusive margin, regional gravity processing artifact"
888,493,292700.0,4419700.0,4.125878810882568,0.156185582280159,"High gravity-gradient proxy with muted topographic slope; buried density boundary possible, NOT verified fault","Lithologic contact, intrusive margin, regional gravity processing artifact"
888,496,293000.0,4419700.0,4.5825886726379395,0.15503868460655212,"High gravity-gradient proxy with muted topographic slope; buried density boundary possible, NOT verified fault","Lithologic contact, intrusive margin, regional gravity processing artifact"
888,1480,391400.0,4419700.0,3.868366241455078,0.14147330820560455,"High gravity-gradient proxy with muted topographic slope; buried density boundary possible, NOT verified fault","Lithologic contact, intrusive margin, regional gravity processing artifact"
888,1483,391700.0,4419700.0,4.7268218994140625,0.1068287119269371,"High gravity-gradient proxy with muted topographic slope; buried density boundary possible, NOT verified fault","Lithologic contact, intrusive margin, regional gravity processing artifact"
889,487,292100.0,4419600.0,3.3291566371917725,0.1590297967195511,"High gravity-gradient proxy with muted topographic slope; buried density boundary possible, NOT verified fault","Lithologic contact, intrusive margin, regional gravity processing artifact"
889,1486,392000.0,4419600.0,5.660069465637207,0.05413304269313812,"High gravity-gradient proxy with muted topographic slope; buried density boundary possible, NOT verified fault","Lithologic contact, intrusive margin, regional gravity processing artifact"
889,1489,392300.0,4419600.0,6.57771110534668,0.049711473286151886,"High gravity-gradient proxy with muted topographic slope; buried density boundary possible, NOT verified fault","Lithologic contact, intrusive margin, regional gravity processing artifact"
889,1498,393200.0,4419600.0,8.94729232788086,0.03660533204674721,"High gravity-gradient proxy with muted topographic slope; buried density boundary possible, NOT verified fault","Lithologic contact, intrusive margin, regional gravity processing artifact"
889,1504,393800.0,4419600.0,10.097557067871094,0.13202668726444244,"High gravity-gradient proxy with muted topographic slope; buried density boundary possible, NOT verified fault","Lithologic contact, intrusive margin, regional gravity processing artifact"
889,1507,394100.0,4419600.0,10.244152069091797,0.24102306365966797,"High gravity-gradient proxy with muted topographic slope; buried density boundary possible, NOT verified fault","Lithologic contact, intrusive margin, regional gravity processing artifact"
890,1492,392600.0,4419500.0,7.555816650390625,0.1552143394947052,"High gravity-gradient proxy with muted topographic slope; buried density boundary possible, NOT verified fault","Lithologic contact, intrusive margin, regional gravity processing artifact"
890,1495,392900.0,4419500.0,8.439995765686035,0.07885724306106567,"High gravity-gradient proxy with muted topographic slope; buried density boundary possible, NOT verified fault","Lithologic contact, intrusive margin, regional gravity processing artifact"
890,1501,393500.0,4419500.0,9.61284351348877,0.1186361238360405,"High gravity-gradient proxy with muted topographic slope; buried density boundary possible, NOT verified fault","Lithologic contact, intrusive margin, regional gravity processing artifact"
891,491,292500.0,4419400.0,4.000176429748535,0.15823599696159363,"High gravity-gradient proxy with muted topographic slope; buried density boundary possible, NOT verified fault","Lithologic contact, intrusive margin, regional gravity processing artifact"
891,494,292800.0,4419400.0,4.469796657562256,0.1570349931716919,"High gravity-gradient proxy with muted topographic slope; buried density boundary possible, NOT verified fault","Lithologic contact, intrusive margin, regional gravity processing artifact"
891,497,293100.0,4419400.0,5.177975177764893,0.15584750473499298,"High gravity-gradient proxy with muted topographic slope; buried density boundary possible, NOT verified fault","Lithologic contact, intrusive margin, regional gravity processing artifact"
891,500,293400.0,4419400.0,6.178764820098877,0.15402807295322418,"High gravity-gradient proxy with muted topographic slope; buried density boundary possible, NOT verified fault","Lithologic contact, intrusive margin, regional gravity processing artifact"
891,1483,391700.0,4419400.0,4.845921516418457,0.1377166509628296,"High gravity-gradient proxy with muted topographic slope; buried density boundary possible, NOT verified fault","Lithologic contact, intrusive margin, regional gravity processing artifact"
892,488,292200.0,4419300.0,3.5592641830444336,0.1598089039325714,"High gravity-gradient proxy with muted topographic slope; buried density boundary possible, NOT verified fault","Lithologic contact, intrusive margin, regional gravity processing artifact"
892,1486,392000.0,4419300.0,5.799620151519775,0.12240172177553177,"High gravity-gradient proxy with muted topographic slope; buried density boundary possible, NOT verified fault","Lithologic contact, intrusive margin, regional gravity processing artifact"
892,1489,392300.0,4419300.0,6.738255500793457,0.13180410861968994,"High gravity-gradient proxy with muted topographic slope; buried density boundary possible, NOT verified fault","Lithologic contact, intrusive margin, regional gravity processing artifact"
893,1480,391400.0,4419200.0,4.017914772033691,0.13907261192798615,"High gravity-gradient proxy with muted topographic slope; buried density boundary possible, NOT verified fault","Lithologic contact, intrusive margin, regional gravity processing artifact"
893,1493,392700.0,4419200.0,8.052549362182617,0.11589276790618896,"High gravity-gradient proxy with muted topographic slope; buried density boundary possible, NOT verified fault","Lithologic contact, intrusive margin, regional gravity processing artifact"
893,1496,393000.0,4419200.0,8.850564956665039,0.06748337298631668,"High gravity-gradient proxy with muted topographic slope; buried density boundary possible, NOT verified fault","Lithologic contact, intrusive margin, regional gravity processing artifact"
894,492,292600.0,4419100.0,4.324169635772705,0.15903343260288239,"High gravity-gradient proxy with muted topographic slope; buried density boundary possible, NOT verified fault","Lithologic contact, intrusive margin, regional gravity processing artifact"
894,495,292900.0,4419100.0,4.854074478149414,0.15785005688667297,"High gravity-gradient proxy with muted topographic slope; buried density boundary possible, NOT verified fault","Lithologic contact, intrusive margin, regional gravity processing artifact"
894,498,293200.0,4419100.0,5.891061782836914,0.15618577599525452,"High gravity-gradient proxy with muted topographic slope; buried density boundary possible, NOT verified fault","Lithologic contact, intrusive margin, regional gravity processing artifact"
894,501,293500.0,4419100.0,7.067663669586182,0.15495412051677704,"High gravity-gradient proxy with muted topographic slope; buried density boundary possible, NOT verified fault","Lithologic contact, intrusive margin, regional gravity processing artifact"
894,1500,393400.0,4419100.0,9.76400089263916,0.22038622200489044,"High gravity-gradient proxy with muted topographic slope; buried density boundary possible, NOT verified fault","Lithologic contact, intrusive margin, regional gravity processing artifact"
894,1503,393700.0,4419100.0,10.395217895507812,0.09708728641271591,"High gravity-gradient proxy with muted topographic slope; buried density boundary possible, NOT verified fault","Lithologic contact, intrusive margin, regional gravity processing artifact"
894,1506,394000.0,4419100.0,10.688474655151367,0.06833827495574951,"High gravity-gradient proxy with muted topographic slope; buried density boundary possible, NOT verified fault","Lithologic contact, intrusive margin, regional gravity processing artifact"
895,486,292000.0,4419000.0,3.27919602394104,0.1618305742740631,"High gravity-gradient proxy with muted topographic slope; buried density boundary possible, NOT verified fault","Lithologic contact, intrusive margin, regional gravity processing artifact"
895,489,292300.0,4419000.0,3.8297297954559326,0.16063427925109863,"High gravity-gradient proxy with muted topographic slope; buried density boundary possible, NOT verified fault","Lithologic contact, intrusive margin, regional gravity processing artifact"
895,1490,392400.0,4419000.0,7.218692302703857,0.13127781450748444,"High gravity-gradient proxy with muted topographic slope; buried density boundary possible, NOT verified fault","Lithologic contact, intrusive margin, regional gravity processing artifact"
896,1480,391400.0,4418900.0,4.1024980545043945,0.14034239947795868,"High gravity-gradient proxy with muted topographic slope; buried density boundary possible, NOT verified fault","Lithologic contact, intrusive margin, regional gravity processing artifact"
896,1483,391700.0,4418900.0,5.036139488220215,0.2043146938085556,"High gravity-gradient proxy with muted topographic slope; buried density boundary possible, NOT verified fault","Lithologic contact, intrusive margin, regional gravity processing artifact"
896,1487,392100.0,4418900.0,6.307941913604736,0.23491305112838745,"High gravity-gradient proxy with muted topographic slope; buried density boundary possible, NOT verified fault","Lithologic contact, intrusive margin, regional gravity processing artifact"
896,1494,392800.0,4418900.0,8.563299179077148,0.14948999881744385,"High gravity-gradient proxy with muted topographic slope; buried density boundary possible, NOT verified fault","Lithologic contact, intrusive margin, regional gravity processing artifact"
897,494,292800.0,4418800.0,4.941891193389893,0.1594383418560028,"High gravity-gradient proxy with muted topographic slope; buried density boundary possible, NOT verified fault","Lithologic contact, intrusive margin, regional gravity processing artifact"
897,497,293100.0,4418800.0,5.866529941558838,0.1583218276500702,"High gravity-gradient proxy with muted topographic slope; buried density boundary possible, NOT verified fault","Lithologic contact, intrusive margin, regional gravity processing artifact"
897,500,293400.0,4418800.0,7.192560195922852,0.15670083463191986,"High gravity-gradient proxy with muted topographic slope; buried density boundary possible, NOT verified fault","Lithologic contact, intrusive margin, regional gravity processing artifact"
897,1502,393600.0,4418800.0,10.467266082763672,0.2039807289838791,"High gravity-gradient proxy with muted topographic slope; buried density boundary possible, NOT verified fault","Lithologic contact, intrusive margin, regional gravity processing artifact"
897,1505,393900.0,4418800.0,11.0468168258667,0.22132664918899536,"High gravity-gradient proxy with muted topographic slope; buried density boundary possible, NOT verified fault","Lithologic contact, intrusive margin, regional gravity processing artifact"
897,1508,394200.0,4418800.0,10.776256561279297,0.10543651133775711,"High gravity-gradient proxy with muted topographic slope; buried density boundary possible, NOT verified fault","Lithologic contact, intrusive margin, regional gravity processing artifact"
898,488,292200.0,4418700.0,3.927433729171753,0.16220520436763763,"High gravity-gradient proxy with muted topographic slope; buried density boundary possible, NOT verified fault","Lithologic contact, intrusive margin, regional gravity processing artifact"
898,491,292500.0,4418700.0,4.562836647033691,0.1610652208328247,"High gravity-gradient proxy with muted topographic slope; buried density boundary possible, NOT verified fault","Lithologic contact, intrusive margin, regional gravity processing artifact"
898,1491,392500.0,4418700.0,7.7131452560424805,0.06552059203386307,"High gravity-gradient proxy with muted topographic slope; buried density boundary possible, NOT verified fault","Lithologic contact, intrusive margin, regional gravity processing artifact"
898,1498,393200.0,4418700.0,9.659916877746582,0.2721470594406128,"High gravity-gradient proxy with muted topographic slope; buried density boundary possible, NOT verified fault","Lithologic contact, intrusive margin, regional gravity processing artifact"
899,1479,391300.0,4418600.0,3.8906259536743164,0.14179088175296783,"High gravity-gradient proxy with muted topographic slope; buried density boundary possible, NOT verified fault","Lithologic contact, intrusive margin, regional gravity processing artifact"
899,1482,391600.0,4418600.0,4.858823299407959,0.06318267434835434,"High gravity-gradient proxy with muted topographic slope; buried density boundary possible, NOT verified fault","Lithologic contact, intrusive margin, regional gravity processing artifact"
899,1485,391900.0,4418600.0,5.829692363739014,0.1525602489709854,"High gravity-gradient proxy with muted topographic slope; buried density boundary possible, NOT verified fault","Lithologic contact, intrusive margin, regional gravity processing artifact"
899,1488,392200.0,4418600.0,6.81611442565918,0.1274310052394867,"High gravity-gradient proxy with muted topographic slope; buried density boundary possible, NOT verified fault","Lithologic contact, intrusive margin, regional gravity processing artifact"
899,1494,392800.0,4418600.0,8.788849830627441,0.08442763239145279,"High gravity-gradient proxy with muted topographic slope; buried density boundary possible, NOT verified fault","Lithologic contact, intrusive margin, regional gravity processing artifact"
900,485,291900.0,4418500.0,3.560014247894287,0.16423580050468445,"High gravity-gradient proxy with muted topographic slope; buried density boundary possible, NOT verified fault","Lithologic contact, intrusive margin, regional gravity processing artifact"
900,495,292900.0,4418500.0,5.947500705718994,0.16032937169075012,"High gravity-gradient proxy with muted topographic slope; buried density boundary possible, NOT verified fault","Lithologic contact, intrusive margin, regional gravity processing artifact"
900,498,293200.0,4418500.0,7.0707573890686035,0.15884746611118317,"High gravity-gradient proxy with muted topographic slope; buried density boundary possible, NOT verified fault","Lithologic contact, intrusive margin, regional gravity processing artifact"
900,1501,393500.0,4418500.0,10.504961013793945,0.105958953499794,"High gravity-gradient proxy with muted topographic slope; buried density boundary possible, NOT verified fault","Lithologic contact, intrusive margin, regional gravity processing artifact"
900,1504,393800.0,4418500.0,11.164334297180176,0.1076027899980545,"High gravity-gradient proxy with muted topographic slope; buried density boundary possible, NOT verified fault","Lithologic contact, intrusive margin, regional gravity processing artifact"
901,489,292300.0,4418400.0,4.708671569824219,0.16307947039604187,"High gravity-gradient proxy with muted topographic slope; buried density boundary possible, NOT verified fault","Lithologic contact, intrusive margin, regional gravity processing artifact"
901,492,292600.0,4418400.0,5.462915420532227,0.1618761122226715,"High gravity-gradient proxy with muted topographic slope; buried density boundary possible, NOT verified fault","Lithologic contact, intrusive margin, regional gravity processing artifact"
901,1371,380500.0,4418400.0,3.3689112663269043,0.17465457320213318,"High gravity-gradient proxy with muted topographic slope; buried density boundary possible, NOT verified fault","Lithologic contact, intrusive margin, regional gravity processing artifact"
901,1491,392500.0,4418400.0,8.006232261657715,0.21551810204982758,"High gravity-gradient proxy with muted topographic slope; buried density boundary possible, NOT verified fault","Lithologic contact, intrusive margin, regional gravity processing artifact"
901,1497,393100.0,4418400.0,9.725080490112305,0.1834549605846405,"High gravity-gradient proxy with muted topographic slope; buried density boundary possible, NOT verified fault","Lithologic contact, intrusive margin, regional gravity processing artifact"
902,1481,391500.0,4418300.0,4.746211051940918,0.1537824273109436,"High gravity-gradient proxy with muted topographic slope; buried density boundary possible, NOT verified fault","Lithologic contact, intrusive margin, regional gravity processing artifact"
902,1484,391800.0,4418300.0,5.76500129699707,0.08298370242118835,"High gravity-gradient proxy with muted topographic slope; buried density boundary possible, NOT verified fault","Lithologic contact, intrusive margin, regional gravity processing artifact"
902,1487,392100.0,4418300.0,6.77084493637085,0.16206929087638855,"High gravity-gradient proxy with muted topographic slope; buried density boundary possible, NOT verified fault","Lithologic contact, intrusive margin, regional gravity processing artifact"
902,1494,392800.0,4418300.0,9.111001014709473,0.06183838099241257,"High gravity-gradient proxy with muted topographic slope; buried density boundary possible, NOT verified fault","Lithologic contact, intrusive margin, regional gravity processing artifact"
902,1507,394100.0,4418300.0,11.165081977844238,0.060201194137334824,"High gravity-gradient proxy with muted topographic slope; buried density boundary possible, NOT verified fault","Lithologic contact, intrusive margin, regional gravity processing artifact"
903,483,291700.0,4418200.0,3.409412145614624,0.16624900698661804,"High gravity-gradient proxy with muted topographic slope; buried density boundary possible, NOT verified fault","Lithologic contact, intrusive margin, regional gravity processing artifact"
903,486,292000.0,4418200.0,4.254329681396484,0.16509689390659332,"High gravity-gradient proxy with muted topographic slope; buried density boundary possible, NOT verified fault","Lithologic contact, intrusive margin, regional gravity processing artifact"
903,1504,393800.0,4418200.0,11.379058837890625,0.0882871076464653,"High gravity-gradient proxy with muted topographic slope; buried density boundary possible, NOT verified fault","Lithologic contact, intrusive margin, regional gravity processing artifact"
904,489,292300.0,4418100.0,5.278329372406006,0.16432222723960876,"High gravity-gradient proxy with muted topographic slope; buried density boundary possible, NOT verified fault","Lithologic contact, intrusive margin, regional gravity processing artifact"
904,492,292600.0,4418100.0,6.151581287384033,0.16316337883472443,"High gravity-gradient proxy with muted topographic slope; buried density boundary possible, NOT verified fault","Lithologic contact, intrusive margin, regional gravity processing artifact"
904,1364,379800.0,4418100.0,3.527883529663086,0.1432417333126068,"High gravity-gradient proxy with muted topographic slope; buried density boundary possible, NOT verified fault","Lithologic contact, intrusive margin, regional gravity processing artifact"
904,1367,380100.0,4418100.0,3.61314058303833,0.17601868510246277,"High gravity-gradient proxy with muted topographic slope; buried density boundary possible, NOT verified fault","Lithologic contact, intrusive margin, regional gravity processing artifact"
904,1370,380400.0,4418100.0,3.698458194732666,0.0996239185333252,"High gravity-gradient proxy with muted topographic slope; buried density boundary possible, NOT verified fault","Lithologic contact, intrusive margin, regional gravity processing artifact"
904,1373,380700.0,4418100.0,3.7838375568389893,0.1383613497018814,"High gravity-gradient proxy with muted topographic slope; buried density boundary possible, NOT verified fault","Lithologic contact, intrusive margin, regional gravity processing artifact"
904,1478,391200.0,4418100.0,3.833643913269043,0.1467282921075821,"High gravity-gradient proxy with muted topographic slope; buried density boundary possible, NOT verified fault","Lithologic contact, intrusive margin, regional gravity processing artifact"
904,1490,392400.0,4418100.0,7.9738593101501465,0.0659947320818901,"High gravity-gradient proxy with muted topographic slope; buried density boundary possible, NOT verified fault","Lithologic contact, intrusive margin, regional gravity processing artifact"
904,1497,393100.0,4418100.0,10.022546768188477,0.1648264229297638,"High gravity-gradient proxy with muted topographic slope; buried density boundary possible, NOT verified fault","Lithologic contact, intrusive margin, regional gravity processing artifact"
905,1481,391500.0,4418000.0,4.956378936767578,0.10253334045410156,"High gravity-gradient proxy with muted topographic slope; buried density boundary possible, NOT verified fault","Lithologic contact, intrusive margin, regional gravity processing artifact"
905,1484,391800.0,4418000.0,6.025832653045654,0.11175612360239029,"High gravity-gradient proxy with muted topographic slope; buried density boundary possible, NOT verified fault","Lithologic contact, intrusive margin, regional gravity processing artifact"
905,1487,392100.0,4418000.0,7.054397106170654,0.11944040656089783,"High gravity-gradient proxy with muted topographic slope; buried density boundary possible, NOT verified fault","Lithologic contact, intrusive margin, regional gravity processing artifact"
905,1493,392700.0,4418000.0,9.093358039855957,0.06077083945274353,"High gravity-gradient proxy with muted topographic slope; buried density boundary possible, NOT verified fault","Lithologic contact, intrusive margin, regional gravity processing artifact"
905,1501,393500.0,4418000.0,10.92192268371582,0.0842653438448906,"High gravity-gradient proxy with muted topographic slope; buried density boundary possible, NOT verified fault","Lithologic contact, intrusive margin, regional gravity processing artifact"
906,483,291700.0,4417900.0,3.755366802215576,0.1646149605512619,"High gravity-gradient proxy with muted topographic slope; buried density boundary possible, NOT verified fault","Lithologic contact, intrusive margin, regional gravity processing artifact"
906,486,292000.0,4417900.0,4.705164432525635,0.1635710597038269,"High gravity-gradient proxy with muted topographic slope; buried density boundary possible, NOT verified fault","Lithologic contact, intrusive margin, regional gravity processing artifact"
906,1505,393900.0,4417900.0,11.691553115844727,0.06653878092765808,"High gravity-gradient proxy with muted topographic slope; buried density boundary possible, NOT verified fault","Lithologic contact, intrusive margin, regional gravity processing artifact"
907,1363,379700.0,4417800.0,3.7494072914123535,0.09822625666856766,"High gravity-gradient proxy with muted topographic slope; buried density boundary possible, NOT verified fault","Lithologic contact, intrusive margin, regional gravity processing artifact"
907,1366,380000.0,4417800.0,3.9841346740722656,0.1768353283405304,"High gravity-gradient proxy with muted topographic slope; buried density boundary possible, NOT verified fault","Lithologic contact, intrusive margin, regional gravity processing artifact"
907,1369,380300.0,4417800.0,4.044559955596924,0.17636017501354218,"High gravity-gradient proxy with muted topographic slope; buried density boundary possible, NOT verified fault","Lithologic contact, intrusive margin, regional gravity processing artifact"
907,1372,380600.0,4417800.0,4.105045795440674,0.17589658498764038,"High gravity-gradient proxy with muted topographic slope; buried density boundary possible, NOT verified fault","Lithologic contact, intrusive margin, regional gravity processing artifact"
907,1478,391200.0,4417800.0,3.993190288543701,0.14531096816062927,"High gravity-gradient proxy with muted topographic slope; buried density boundary possible, NOT verified fault","Lithologic contact, intrusive margin, regional gravity processing artifact"
907,1490,392400.0,4417800.0,8.273975372314453,0.16202612221240997,"High gravity-gradient proxy with muted topographic slope; buried density boundary possible, NOT verified fault","Lithologic contact, intrusive margin, regional gravity processing artifact"
907,1496,393000.0,4417800.0,10.127815246582031,0.12228187173604965,"High gravity-gradient proxy with muted topographic slope; buried density boundary possible, NOT verified fault","Lithologic contact, intrusive margin, regional gravity processing artifact"
908,1481,391500.0,4417700.0,5.166609287261963,0.07296663522720337,"High gravity-gradient proxy with muted topographic slope; buried density boundary possible, NOT verified fault","Lithologic contact, intrusive margin, regional gravity processing artifact"
908,1484,391800.0,4417700.0,6.2867255210876465,0.12451405078172684,"High gravity-gradient proxy with muted topographic slope; buried density boundary possible, NOT verified fault","Lithologic contact, intrusive margin, regional gravity processing artifact"
908,1487,392100.0,4417700.0,7.337969779968262,0.0626809149980545,"High gravity-gradient proxy with muted topographic slope; buried density boundary possible, NOT verified fault","Lithologic contact, intrusive margin, regional gravity processing artifact"
908,1493,392700.0,4417700.0,9.41003131866455,0.14720290899276733,"High gravity-gradient proxy with muted topographic slope; buried density boundary possible, NOT verified fault","Lithologic contact, intrusive margin, regional gravity processing artifact"
908,1502,393600.0,4417700.0,11.36030101776123,0.05377699434757233,"High gravity-gradient proxy with muted topographic slope; buried density boundary possible, NOT verified fault","Lithologic contact, intrusive margin, regional gravity processing artifact"
909,481,291500.0,4417600.0,3.3441824913024902,0.15841040015220642,"High gravity-gradient proxy with muted topographic slope; buried density boundary possible, NOT verified fault","Lithologic contact, intrusive margin, regional gravity processing artifact"
909,484,291800.0,4417600.0,4.365636825561523,0.1572669893503189,"High gravity-gradient proxy with muted topographic slope; buried density boundary possible, NOT verified fault","Lithologic contact, intrusive margin, regional gravity processing artifact"
909,1381,381500.0,4417600.0,3.853229522705078,0.1729511171579361,"High gravity-gradient proxy with muted topographic slope; buried density boundary possible, NOT verified fault","Lithologic contact, intrusive margin, regional gravity processing artifact"
910,1365,379900.0,4417500.0,3.922224760055542,0.15973757207393646,"High gravity-gradient proxy with muted topographic slope; buried density boundary possible, NOT verified fault","Lithologic contact, intrusive margin, regional gravity processing artifact"
910,1368,380200.0,4417500.0,4.022549152374268,0.1728382408618927,"High gravity-gradient proxy with muted topographic slope; buried density boundary possible, NOT verified fault","Lithologic contact, intrusive margin, regional gravity processing artifact"
910,1371,380500.0,4417500.0,4.122694492340088,0.16496138274669647,"High gravity-gradient proxy with muted topographic slope; buried density boundary possible, NOT verified fault","Lithologic contact, intrusive margin, regional gravity processing artifact"
910,1478,391200.0,4417500.0,4.109652996063232,0.17382045090198517,"High gravity-gradient proxy with muted topographic slope; buried density boundary possible, NOT verified fault","Lithologic contact, intrusive margin, regional gravity processing artifact"
910,1497,393100.0,4417500.0,10.635533332824707,0.09847376495599747,"High gravity-gradient proxy with muted topographic slope; buried density boundary possible, NOT verified fault","Lithologic contact, intrusive margin, regional gravity processing artifact"
911,1378,381200.0,4417400.0,4.097650051116943,0.17246994376182556,"High gravity-gradient proxy with muted topographic slope; buried density boundary possible, NOT verified fault","Lithologic contact, intrusive margin, regional gravity processing artifact"
911,1384,381800.0,4417400.0,3.887516736984253,0.2350759655237198,"High gravity-gradient proxy with muted topographic slope; buried density boundary possible, NOT verified fault","Lithologic contact, intrusive margin, regional gravity processing artifact"
911,1482,391600.0,4417400.0,5.661509037017822,0.09277594089508057,"High gravity-gradient proxy with muted topographic slope; buried density boundary possible, NOT verified fault","Lithologic contact, intrusive margin, regional gravity processing artifact"
911,1485,391900.0,4417400.0,6.800983428955078,0.08453585207462311,"High gravity-gradient proxy with muted topographic slope; buried density boundary possible, NOT verified fault","Lithologic contact, intrusive margin, regional gravity processing artifact"
911,1488,392200.0,4417400.0,7.927984714508057,0.08181726187467575,"High gravity-gradient proxy with muted topographic slope; buried density boundary possible, NOT verified fault","Lithologic contact, intrusive margin, regional gravity processing artifact"
911,1491,392500.0,4417400.0,9.054777145385742,0.10923660546541214,"High gravity-gradient proxy with muted topographic slope; buried density boundary possible, NOT verified fault","Lithologic contact, intrusive margin, regional gravity processing artifact"
911,1494,392800.0,4417400.0,10.181361198425293,0.05505107715725899,"High gravity-gradient proxy with muted topographic slope; buried density boundary possible, NOT verified fault","Lithologic contact, intrusive margin, regional gravity processing artifact"
911,1501,393500.0,4417400.0,11.297178268432617,0.1022191047668457,"High gravity-gradient proxy with muted topographic slope; buried density boundary possible, NOT verified fault","Lithologic contact, intrusive margin, regional gravity processing artifact"
911,1504,393800.0,4417400.0,11.7119140625,0.10430505126714706,"High gravity-gradient proxy with muted topographic slope; buried density boundary possible, NOT verified fault","Lithologic contact, intrusive margin, regional gravity processing artifact"
912,482,291600.0,4417300.0,3.914715051651001,0.1594461053609848,"High gravity-gradient proxy with muted topographic slope; buried density boundary possible, NOT verified fault","Lithologic contact, intrusive margin, regional gravity processing artifact"
912,1381,381500.0,4417300.0,4.132247447967529,0.16431276500225067,"High gravity-gradient proxy with muted topographic slope; buried density boundary possible, NOT verified fault","Lithologic contact, intrusive margin, regional gravity processing artifact"
913,1364,379800.0,4417200.0,3.5812013149261475,0.1399955153465271,"High gravity-gradient proxy with muted topographic slope; buried density boundary possible, NOT verified fault","Lithologic contact, intrusive margin, regional gravity processing artifact"
913,1367,380100.0,4417200.0,3.755182981491089,0.09752434492111206,"High gravity-gradient proxy with muted topographic slope; buried density boundary possible, NOT verified fault","Lithologic contact, intrusive margin, regional gravity processing artifact"
913,1370,380400.0,4417200.0,3.928986072540283,0.12296298891305923,"High gravity-gradient proxy with muted topographic slope; buried density boundary possible, NOT verified fault","Lithologic contact, intrusive margin, regional gravity processing artifact"
913,1476,391000.0,4417200.0,3.4283230304718018,0.08183066546916962,"High gravity-gradient proxy with muted topographic slope; buried density boundary possible, NOT verified fault","Lithologic contact, intrusive margin, regional gravity processing artifact"
913,1479,391300.0,4417200.0,4.58315896987915,0.09438565373420715,"High gravity-gradient proxy with muted topographic slope; buried density boundary possible, NOT verified fault","Lithologic contact, intrusive margin, regional gravity processing artifact"
913,1498,393200.0,4417200.0,11.065837860107422,0.09815636277198792,"High gravity-gradient proxy with muted topographic slope; buried density boundary possible, NOT verified fault","Lithologic contact, intrusive margin, regional gravity processing artifact"
914,1376,381000.0,4417100.0,4.1789069175720215,0.15337033569812775,"High gravity-gradient proxy with muted topographic slope; buried density boundary possible, NOT verified fault","Lithologic contact, intrusive margin, regional gravity processing artifact"
914,1384,381800.0,4417100.0,4.282289028167725,0.193705752491951,"High gravity-gradient proxy with muted topographic slope; buried density boundary possible, NOT verified fault","Lithologic contact, intrusive margin, regional gravity processing artifact"
914,1387,382100.0,4417100.0,3.3578991889953613,0.0659165009856224,"High gravity-gradient proxy with muted topographic slope; buried density boundary possible, NOT verified fault","Lithologic contact, intrusive margin, regional gravity processing artifact"
914,1489,392300.0,4417100.0,8.577312469482422,0.12140132486820221,"High gravity-gradient proxy with muted topographic slope; buried density boundary possible, NOT verified fault","Lithologic contact, intrusive margin, regional gravity processing artifact"
914,1492,392600.0,4417100.0,9.79983901977539,0.07482637465000153,"High gravity-gradient proxy with muted topographic slope; buried density boundary possible, NOT verified fault","Lithologic contact, intrusive margin, regional gravity processing artifact"
914,1495,392900.0,4417100.0,10.901991844177246,0.0789322555065155,"High gravity-gradient proxy with muted topographic slope; buried density boundary possible, NOT verified fault","Lithologic contact, intrusive margin, regional gravity processing artifact"
914,1501,393500.0,4417100.0,11.413017272949219,0.1376858800649643,"High gravity-gradient proxy with muted topographic slope; buried density boundary possible, NOT verified fault","Lithologic contact, intrusive margin, regional gravity processing artifact"
915,480,291400.0,4417000.0,3.377812623977661,0.16166622936725616,"High gravity-gradient proxy with muted topographic slope; buried density boundary possible, NOT verified fault","Lithologic contact, intrusive margin, regional gravity processing artifact"
915,1373,380700.0,4417000.0,4.044833183288574,0.16573259234428406,"High gravity-gradient proxy with muted topographic slope; buried density boundary possible, NOT verified fault","Lithologic contact, intrusive margin, regional gravity processing artifact"
915,1379,381300.0,4417000.0,4.324231147766113,0.16513344645500183,"High gravity-gradient proxy with muted topographic slope; buried density boundary possible, NOT verified fault","Lithologic contact, intrusive margin, regional gravity processing artifact"
916,1364,379800.0,4416900.0,3.273756980895996,0.14002163708209991,"High gravity-gradient proxy with muted topographic slope; buried density boundary possible, NOT verified fault","Lithologic contact, intrusive margin, regional gravity processing artifact"
916,1367,380100.0,4416900.0,3.521336555480957,0.16659757494926453,"High gravity-gradient proxy with muted topographic slope; buried density boundary possible, NOT verified fault","Lithologic contact, intrusive margin, regional gravity processing artifact"
916,1370,380400.0,4416900.0,3.76873779296875,0.16631610691547394,"High gravity-gradient proxy with muted topographic slope; buried density boundary possible, NOT verified fault","Lithologic contact, intrusive margin, regional gravity processing artifact"
916,1477,391100.0,4416900.0,3.8953375816345215,0.07274534553289413,"High gravity-gradient proxy with muted topographic slope; buried density boundary possible, NOT verified fault","Lithologic contact, intrusive margin, regional gravity processing artifact"
916,1480,391400.0,4416900.0,5.069730281829834,0.08598592132329941,"High gravity-gradient proxy with muted topographic slope; buried density boundary possible, NOT verified fault","Lithologic contact, intrusive margin, regional gravity processing artifact"
916,1483,391700.0,4416900.0,6.244081974029541,0.09155964106321335,"High gravity-gradient proxy with muted topographic slope; buried density boundary possible, NOT verified fault","Lithologic contact, intrusive margin, regional gravity processing artifact"
916,1486,392000.0,4416900.0,7.473242282867432,0.09752421081066132,"High gravity-gradient proxy with muted topographic slope; buried density boundary possible, NOT verified fault","Lithologic contact, intrusive margin, regional gravity processing artifact"
917,1376,381000.0,4416800.0,4.2215895652771,0.1659124493598938,"High gravity-gradient proxy with muted topographic slope; buried density boundary possible, NOT verified fault","Lithologic contact, intrusive margin, regional gravity processing artifact"
917,1385,381900.0,4416800.0,4.343401908874512,0.11912164837121964,"High gravity-gradient proxy with muted topographic slope; buried density boundary possible, NOT verified fault","Lithologic contact, intrusive margin, regional gravity processing artifact"
917,1491,392500.0,4416800.0,9.730043411254883,0.10113932192325592,"High gravity-gradient proxy with muted topographic slope; buried density boundary possible, NOT verified fault","Lithologic contact, intrusive margin, regional gravity processing artifact"
917,1494,392800.0,4416800.0,11.048235893249512,0.08253379166126251,"High gravity-gradient proxy with muted topographic slope; buried density boundary possible, NOT verified fault","Lithologic contact, intrusive margin, regional gravity processing artifact"
917,1497,393100.0,4416800.0,11.399445533752441,0.11728192120790482,"High gravity-gradient proxy with muted topographic slope; buried density boundary possible, NOT verified fault","Lithologic contact, intrusive margin, regional gravity processing artifact"
917,1500,393400.0,4416800.0,11.49630355834961,0.11488677561283112,"High gravity-gradient proxy with muted topographic slope; buried density boundary possible, NOT verified fault","Lithologic contact, intrusive margin, regional gravity processing artifact"
918,1373,380700.0,4416700.0,3.9622490406036377,0.16635528206825256,"High gravity-gradient proxy with muted topographic slope; buried density boundary possible, NOT verified fault","Lithologic contact, intrusive margin, regional gravity processing artifact"
918,1379,381300.0,4416700.0,4.509539604187012,0.16577231884002686,"High gravity-gradient proxy with muted topographic slope; buried density boundary possible, NOT verified fault","Lithologic contact, intrusive margin, regional gravity processing artifact"
918,1382,381600.0,4416700.0,4.781015872955322,0.4046257436275482,"High gravity-gradient proxy with muted topographic slope; buried density boundary possible, NOT verified fault","Lithologic contact, intrusive margin, regional gravity processing artifact"
919,1478,391200.0,4416600.0,4.412835597991943,0.04672808200120926,"High gravity-gradient proxy with muted topographic slope; buried density boundary possible, NOT verified fault","Lithologic contact, intrusive margin, regional gravity processing artifact"
919,1481,391500.0,4416600.0,5.598689079284668,0.020045233890414238,"High gravity-gradient proxy with muted topographic slope; buried density boundary possible, NOT verified fault","Lithologic contact, intrusive margin, regional gravity processing artifact"
919,1484,391800.0,4416600.0,6.784562110900879,0.07105459272861481,"High gravity-gradient proxy with muted topographic slope; buried density boundary possible, NOT verified fault","Lithologic contact, intrusive margin, regional gravity processing artifact"
919,1487,392100.0,4416600.0,8.083270072937012,0.05968369171023369,"High gravity-gradient proxy with muted topographic slope; buried density boundary possible, NOT verified fault","Lithologic contact, intrusive margin, regional gravity processing artifact"
920,1376,381000.0,4416500.0,4.406034469604492,0.16647718846797943,"High gravity-gradient proxy with muted topographic slope; buried density boundary possible, NOT verified fault","Lithologic contact, intrusive margin, regional gravity processing artifact"
920,1494,392800.0,4416500.0,11.13129711151123,0.17069490253925323,"High gravity-gradient proxy with muted topographic slope; buried density boundary possible, NOT verified fault","Lithologic contact, intrusive margin, regional gravity processing artifact"
920,1497,393100.0,4416500.0,11.421984672546387,0.19773033261299133,"High gravity-gradient proxy with muted topographic slope; buried density boundary possible, NOT verified fault","Lithologic contact, intrusive margin, regional gravity processing artifact"
920,1500,393400.0,4416500.0,11.450382232666016,0.11843035370111465,"High gravity-gradient proxy with muted topographic slope; buried density boundary possible, NOT verified fault","Lithologic contact, intrusive margin, regional gravity processing artifact"
921,1364,379800.0,4416400.0,3.2465453147888184,0.1545812338590622,"High gravity-gradient proxy with muted topographic slope; buried density boundary possible, NOT verified fault","Lithologic contact, intrusive margin, regional gravity processing artifact"
921,1367,380100.0,4416400.0,3.5692250728607178,0.08560529351234436,"High gravity-gradient proxy with muted topographic slope; buried density boundary possible, NOT verified fault","Lithologic contact, intrusive margin, regional gravity processing artifact"
921,1370,380400.0,4416400.0,3.891838550567627,0.16736263036727905,"High gravity-gradient proxy with muted topographic slope; buried density boundary possible, NOT verified fault","Lithologic contact, intrusive margin, regional gravity processing artifact"
921,1373,380700.0,4416400.0,4.2143874168396,0.16704510152339935,"High gravity-gradient proxy with muted topographic slope; buried density boundary possible, NOT verified fault","Lithologic contact, intrusive margin, regional gravity processing artifact"
921,1379,381300.0,4416400.0,4.7551069259643555,0.15125301480293274,"High gravity-gradient proxy with muted topographic slope; buried density boundary possible, NOT verified fault","Lithologic contact, intrusive margin, regional gravity processing artifact"
921,1382,381600.0,4416400.0,5.020218372344971,0.16606085002422333,"High gravity-gradient proxy with muted topographic slope; buried density boundary possible, NOT verified fault","Lithologic contact, intrusive margin, regional gravity processing artifact"
921,1385,381900.0,4416400.0,4.66825532913208,0.3389676511287689,"High gravity-gradient proxy with muted topographic slope; buried density boundary possible, NOT verified fault","Lithologic contact, intrusive margin, regional gravity processing artifact"
922,1476,391000.0,4416300.0,3.838052988052368,0.0593094602227211,"High gravity-gradient proxy with muted topographic slope; buried density boundary possible, NOT verified fault","Lithologic contact, intrusive margin, regional gravity processing artifact"
922,1479,391300.0,4416300.0,5.017261028289795,0.0310677383095026,"High gravity-gradient proxy with muted topographic slope; buried density boundary possible, NOT verified fault","Lithologic contact, intrusive margin, regional gravity processing artifact"
922,1482,391600.0,4416300.0,6.196484088897705,0.06952274590730667,"High gravity-gradient proxy with muted topographic slope; buried density boundary possible, NOT verified fault","Lithologic contact, intrusive margin, regional gravity processing artifact"
922,1485,391900.0,4416300.0,7.382447242736816,0.10313983261585236,"High gravity-gradient proxy with muted topographic slope; buried density boundary possible, NOT verified fault","Lithologic contact, intrusive margin, regional gravity processing artifact"
922,1488,392200.0,4416300.0,8.605005264282227,0.10515296459197998,"High gravity-gradient proxy with muted topographic slope; buried density boundary possible, NOT verified fault","Lithologic contact, intrusive margin, regional gravity processing artifact"
922,1491,392500.0,4416300.0,9.82778263092041,0.07338172942399979,"High gravity-gradient proxy with muted topographic slope; buried density boundary possible, NOT verified fault","Lithologic contact, intrusive margin, regional gravity processing artifact"
923,1376,381000.0,4416200.0,4.657960891723633,0.16710348427295685,"High gravity-gradient proxy with muted topographic slope; buried density boundary possible, NOT verified fault","Lithologic contact, intrusive margin, regional gravity processing artifact"
923,1495,392900.0,4416200.0,11.258590698242188,0.12397682666778564,"High gravity-gradient proxy with muted topographic slope; buried density boundary possible, NOT verified fault","Lithologic contact, intrusive margin, regional gravity processing artifact"
923,1498,393200.0,4416200.0,11.270634651184082,0.48324689269065857,"High gravity-gradient proxy with muted topographic slope; buried density boundary possible, NOT verified fault","Lithologic contact, intrusive margin, regional gravity processing artifact"
924,1364,379800.0,4416100.0,3.416901111602783,0.16057315468788147,"High gravity-gradient proxy with muted topographic slope; buried density boundary possible, NOT verified fault","Lithologic contact, intrusive margin, regional gravity processing artifact"
924,1367,380100.0,4416100.0,3.7668538093566895,0.16824738681316376,"High gravity-gradient proxy with muted topographic slope; buried density boundary possible, NOT verified fault","Lithologic contact, intrusive margin, regional gravity processing artifact"
924,1370,380400.0,4416100.0,4.1167402267456055,0.16540488600730896,"High gravity-gradient proxy with muted topographic slope; buried density boundary possible, NOT verified fault","Lithologic contact, intrusive margin, regional gravity processing artifact"
924,1373,380700.0,4416100.0,4.466562271118164,0.1676391214132309,"High gravity-gradient proxy with muted topographic slope; buried density boundary possible, NOT verified fault","Lithologic contact, intrusive margin, regional gravity processing artifact"
924,1380,381400.0,4416100.0,5.086913108825684,0.1630532145500183,"High gravity-gradient proxy with muted topographic slope; buried density boundary possible, NOT verified fault","Lithologic contact, intrusive margin, regional gravity processing artifact"
924,1383,381700.0,4416100.0,5.3456645011901855,0.1710672378540039,"High gravity-gradient proxy with muted topographic slope; buried density boundary possible, NOT verified fault","Lithologic contact, intrusive margin, regional gravity processing artifact"
924,1386,382000.0,4416100.0,4.482248306274414,0.13201804459095,"High gravity-gradient proxy with muted topographic slope; buried density boundary possible, NOT verified fault","Lithologic contact, intrusive margin, regional gravity processing artifact"
925,1477,391100.0,4416000.0,4.444678783416748,0.045497678220272064,"High gravity-gradient proxy with muted topographic slope; buried density boundary possible, NOT verified fault","Lithologic contact, intrusive margin, regional gravity processing artifact"
925,1480,391400.0,4416000.0,5.617256164550781,0.09559796750545502,"High gravity-gradient proxy with muted topographic slope; buried density boundary possible, NOT verified fault","Lithologic contact, intrusive margin, regional gravity processing artifact"
925,1483,391700.0,4416000.0,6.789851188659668,0.09939871728420258,"High gravity-gradient proxy with muted topographic slope; buried density boundary possible, NOT verified fault","Lithologic contact, intrusive margin, regional gravity processing artifact"
925,1486,392000.0,4416000.0,7.937576770782471,0.05968313664197922,"High gravity-gradient proxy with muted topographic slope; buried density boundary possible, NOT verified fault","Lithologic contact, intrusive margin, regional gravity processing artifact"
925,1489,392300.0,4416000.0,9.059515953063965,0.08469954133033752,"High gravity-gradient proxy with muted topographic slope; buried density boundary possible, NOT verified fault","Lithologic contact, intrusive margin, regional gravity processing artifact"
925,1492,392600.0,4416000.0,10.181674003601074,0.11627408862113953,"High gravity-gradient proxy with muted topographic slope; buried density boundary possible, NOT verified fault","Lithologic contact, intrusive margin, regional gravity processing artifact"
926,1377,381100.0,4415900.0,4.994706630706787,0.16763833165168762,"High gravity-gradient proxy with muted topographic slope; buried density boundary possible, NOT verified fault","Lithologic contact, intrusive margin, regional gravity processing artifact"
926,1495,392900.0,4415900.0,11.11408805847168,0.07592650502920151,"High gravity-gradient proxy with muted topographic slope; buried density boundary possible, NOT verified fault","Lithologic contact, intrusive margin, regional gravity processing artifact"
927,1361,379500.0,4415800.0,3.3889737129211426,0.16056710481643677,"High gravity-gradient proxy with muted topographic slope; buried density boundary possible, NOT verified fault","Lithologic contact, intrusive margin, regional gravity processing artifact"
927,1364,379800.0,4415800.0,3.5872936248779297,0.16050255298614502,"High gravity-gradient proxy with muted topographic slope; buried density boundary possible, NOT verified fault","Lithologic contact, intrusive margin, regional gravity processing artifact"
927,1367,380100.0,4415800.0,3.9645190238952637,0.16742075979709625,"High gravity-gradient proxy with muted topographic slope; buried density boundary possible, NOT verified fault","Lithologic contact, intrusive margin, regional gravity processing artifact"
927,1370,380400.0,4415800.0,4.341678619384766,0.08588685095310211,"High gravity-gradient proxy with muted topographic slope; buried density boundary possible, NOT verified fault","Lithologic contact, intrusive margin, regional gravity processing artifact"
927,1373,380700.0,4415800.0,4.718773365020752,0.16797798871994019,"High gravity-gradient proxy with muted topographic slope; buried density boundary possible, NOT verified fault","Lithologic contact, intrusive margin, regional gravity processing artifact"
927,1381,381500.0,4415800.0,5.414469242095947,0.1674490123987198,"High gravity-gradient proxy with muted topographic slope; buried density boundary possible, NOT verified fault","Lithologic contact, intrusive margin, regional gravity processing artifact"
927,1384,381800.0,4415800.0,5.486241340637207,0.1650952249765396,"High gravity-gradient proxy with muted topographic slope; buried density boundary possible, NOT verified fault","Lithologic contact, intrusive margin, regional gravity processing artifact"
927,1387,382100.0,4415800.0,4.249230861663818,0.127863809466362,"High gravity-gradient proxy with muted topographic slope; buried density boundary possible, NOT verified fault","Lithologic contact, intrusive margin, regional gravity processing artifact"
927,1474,390800.0,4415800.0,3.4071412086486816,0.13394500315189362,"High gravity-gradient proxy with muted topographic slope; buried density boundary possible, NOT verified fault","Lithologic contact, intrusive margin, regional gravity processing artifact"
928,1477,391100.0,4415700.0,4.658026218414307,0.08145425468683243,"High gravity-gradient proxy with muted topographic slope; buried density boundary possible, NOT verified fault","Lithologic contact, intrusive margin, regional gravity processing artifact"
928,1480,391400.0,4415700.0,5.823946952819824,0.07837852090597153,"High gravity-gradient proxy with muted topographic slope; buried density boundary possible, NOT verified fault","Lithologic contact, intrusive margin, regional gravity processing artifact"
928,1483,391700.0,4415700.0,6.989989757537842,0.10007436573505402,"High gravity-gradient proxy with muted topographic slope; buried density boundary possible, NOT verified fault","Lithologic contact, intrusive margin, regional gravity processing artifact"
928,1486,392000.0,4415700.0,8.085089683532715,0.045393407344818115,"High gravity-gradient proxy with muted topographic slope; buried density boundary possible, NOT verified fault","Lithologic contact, intrusive margin, regional gravity processing artifact"
928,1489,392300.0,4415700.0,9.106337547302246,0.09470576047897339,"High gravity-gradient proxy with muted topographic slope; buried density boundary possible, NOT verified fault","Lithologic contact, intrusive margin, regional gravity processing artifact"
928,1492,392600.0,4415700.0,10.127803802490234,0.11359012126922607,"High gravity-gradient proxy with muted topographic slope; buried density boundary possible, NOT verified fault","Lithologic contact, intrusive margin, regional gravity processing artifact"
929,1376,381000.0,4415600.0,4.9776411056518555,0.168787881731987,"High gravity-gradient proxy with muted topographic slope; buried density boundary possible, NOT verified fault","Lithologic contact, intrusive margin, regional gravity processing artifact"
929,1495,392900.0,4415600.0,10.828904151916504,0.20023871958255768,"High gravity-gradient proxy with muted topographic slope; buried density boundary possible, NOT verified fault","Lithologic contact, intrusive margin, regional gravity processing artifact"
930,1361,379500.0,4415500.0,3.372241735458374,0.150496244430542,"High gravity-gradient proxy with muted topographic slope; buried density boundary possible, NOT verified fault","Lithologic contact, intrusive margin, regional gravity processing artifact"
930,1364,379800.0,4415500.0,3.567932367324829,0.06554632633924484,"High gravity-gradient proxy with muted topographic slope; buried density boundary possible, NOT verified fault","Lithologic contact, intrusive margin, regional gravity processing artifact"
930,1367,380100.0,4415500.0,3.932840585708618,0.1069096103310585,"High gravity-gradient proxy with muted topographic slope; buried density boundary possible, NOT verified fault","Lithologic contact, intrusive margin, regional gravity processing artifact"
930,1370,380400.0,4415500.0,4.297818183898926,0.130365252494812,"High gravity-gradient proxy with muted topographic slope; buried density boundary possible, NOT verified fault","Lithologic contact, intrusive margin, regional gravity processing artifact"
930,1373,380700.0,4415500.0,4.66286563873291,0.1596546769142151,"High gravity-gradient proxy with muted topographic slope; buried density boundary possible, NOT verified fault","Lithologic contact, intrusive margin, regional gravity processing artifact"
930,1379,381300.0,4415500.0,5.104269981384277,0.1589382439851761,"High gravity-gradient proxy with muted topographic slope; buried density boundary possible, NOT verified fault","Lithologic contact, intrusive margin, regional gravity processing artifact"
930,1383,381700.0,4415500.0,5.379636764526367,0.1621210277080536,"High gravity-gradient proxy with muted topographic slope; buried density boundary possible, NOT verified fault","Lithologic contact, intrusive margin, regional gravity processing artifact"
930,1386,382000.0,4415500.0,4.501618385314941,0.09737906605005264,"High gravity-gradient proxy with muted topographic slope; buried density boundary possible, NOT verified fault","Lithologic contact, intrusive margin, regional gravity processing artifact"
930,1389,382300.0,4415500.0,3.3325374126434326,0.19257916510105133,"High gravity-gradient proxy with muted topographic slope; buried density boundary possible, NOT verified fault","Lithologic contact, intrusive margin, regional gravity processing artifact"
930,1474,390800.0,4415500.0,3.6102607250213623,0.07462575286626816,"High gravity-gradient proxy with muted topographic slope; buried density boundary possible, NOT verified fault","Lithologic contact, intrusive margin, regional gravity processing artifact"
931,1477,391100.0,4415400.0,4.805386543273926,0.09930359572172165,"High gravity-gradient proxy with muted topographic slope; buried density boundary possible, NOT verified fault","Lithologic contact, intrusive margin, regional gravity processing artifact"
931,1480,391400.0,4415400.0,5.916834831237793,0.09970694035291672,"High gravity-gradient proxy with muted topographic slope; buried density boundary possible, NOT verified fault","Lithologic contact, intrusive margin, regional gravity processing artifact"
931,1483,391700.0,4415400.0,7.028404235839844,0.07258283346891403,"High gravity-gradient proxy with muted topographic slope; buried density boundary possible, NOT verified fault","Lithologic contact, intrusive margin, regional gravity processing artifact"
931,1486,392000.0,4415400.0,8.013145446777344,0.08325696736574173,"High gravity-gradient proxy with muted topographic slope; buried density boundary possible, NOT verified fault","Lithologic contact, intrusive margin, regional gravity processing artifact"
931,1489,392300.0,4415400.0,8.86644458770752,0.1153533011674881,"High gravity-gradient proxy with muted topographic slope; buried density boundary possible, NOT verified fault","Lithologic contact, intrusive margin, regional gravity processing artifact"
931,1492,392600.0,4415400.0,9.720108985900879,0.1285858303308487,"High gravity-gradient proxy with muted topographic slope; buried density boundary possible, NOT verified fault","Lithologic contact, intrusive margin, regional gravity processing artifact"
932,1376,381000.0,4415300.0,4.738454341888428,0.13995859026908875,"High gravity-gradient proxy with muted topographic slope; buried density boundary possible, NOT verified fault","Lithologic contact, intrusive margin, regional gravity processing artifact"
932,1495,392900.0,4415300.0,10.257852554321289,0.12816013395786285,"High gravity-gradient proxy with muted topographic slope; buried density boundary possible, NOT verified fault","Lithologic contact, intrusive margin, regional gravity processing artifact"
933,1362,379600.0,4415200.0,3.3355956077575684,0.1459549218416214,"High gravity-gradient proxy with muted topographic slope; buried density boundary possible, NOT verified fault","Lithologic contact, intrusive margin, regional gravity processing artifact"
933,1366,380000.0,4415200.0,3.696284770965576,0.16092583537101746,"High gravity-gradient proxy with muted topographic slope; buried density boundary possible, NOT verified fault","Lithologic contact, intrusive margin, regional gravity processing artifact"
933,1369,380300.0,4415200.0,4.032453536987305,0.15847356617450714,"High gravity-gradient proxy with muted topographic slope; buried density boundary possible, NOT verified fault","Lithologic contact, intrusive margin, regional gravity processing artifact"
933,1372,380600.0,4415200.0,4.368692398071289,0.1570787876844406,"High gravity-gradient proxy with muted topographic slope; buried density boundary possible, NOT verified fault","Lithologic contact, intrusive margin, regional gravity processing artifact"
933,1379,381300.0,4415200.0,4.801787376403809,0.1497233361005783,"High gravity-gradient proxy with muted topographic slope; buried density boundary possible, NOT verified fault","Lithologic contact, intrusive margin, regional gravity processing artifact"
933,1382,381600.0,4415200.0,4.945018768310547,0.16082513332366943,"High gravity-gradient proxy with muted topographic slope; buried density boundary possible, NOT verified fault","Lithologic contact, intrusive margin, regional gravity processing artifact"
933,1385,381900.0,4415200.0,4.54731559753418,0.16091254353523254,"High gravity-gradient proxy with muted topographic slope; buried density boundary possible, NOT verified fault","Lithologic contact, intrusive margin, regional gravity processing artifact"
933,1388,382200.0,4415200.0,3.5036890506744385,0.1779092699289322,"High gravity-gradient proxy with muted topographic slope; buried density boundary possible, NOT verified fault","Lithologic contact, intrusive margin, regional gravity processing artifact"
933,1474,390800.0,4415200.0,3.8054358959198,0.12301848083734512,"High gravity-gradient proxy with muted topographic slope; buried density boundary possible, NOT verified fault","Lithologic contact, intrusive margin, regional gravity processing artifact"
934,1479,391300.0,4415100.0,5.657317161560059,0.08033972978591919,"High gravity-gradient proxy with muted topographic slope; buried density boundary possible, NOT verified fault","Lithologic contact, intrusive margin, regional gravity processing artifact"
934,1482,391600.0,4415100.0,6.714372634887695,0.10024158656597137,"High gravity-gradient proxy with muted topographic slope; buried density boundary possible, NOT verified fault","Lithologic contact, intrusive margin, regional gravity processing artifact"
934,1485,391900.0,4415100.0,7.7126898765563965,0.04863331466913223,"High gravity-gradient proxy with muted topographic slope; buried density boundary possible, NOT verified fault","Lithologic contact, intrusive margin, regional gravity processing artifact"
934,1488,392200.0,4415100.0,8.39759349822998,0.023849206045269966,"High gravity-gradient proxy with muted topographic slope; buried density boundary possible, NOT verified fault","Lithologic contact, intrusive margin, regional gravity processing artifact"
934,1491,392500.0,4415100.0,9.08286190032959,0.08903323113918304,"High gravity-gradient proxy with muted topographic slope; buried density boundary possible, NOT verified fault","Lithologic contact, intrusive margin, regional gravity processing artifact"
935,1375,380900.0,4415000.0,4.4655842781066895,0.15667513012886047,"High gravity-gradient proxy with muted topographic slope; buried density boundary possible, NOT verified fault","Lithologic contact, intrusive margin, regional gravity processing artifact"
936,1366,380000.0,4414900.0,3.5813345909118652,0.1395704597234726,"High gravity-gradient proxy with muted topographic slope; buried density boundary possible, NOT verified fault","Lithologic contact, intrusive margin, regional gravity processing artifact"
936,1369,380300.0,4414900.0,3.8887178897857666,0.14969724416732788,"High gravity-gradient proxy with muted topographic slope; buried density boundary possible, NOT verified fault","Lithologic contact, intrusive margin, regional gravity processing artifact"
936,1372,380600.0,4414900.0,4.196170806884766,0.15054349601268768,"High gravity-gradient proxy with muted topographic slope; buried density boundary possible, NOT verified fault","Lithologic contact, intrusive margin, regional gravity processing artifact"
936,1378,381200.0,4414900.0,4.47260046005249,0.1428220570087433,"High gravity-gradient proxy with muted topographic slope; buried density boundary possible, NOT verified fault","Lithologic contact, intrusive margin, regional gravity processing artifact"
936,1381,381500.0,4414900.0,4.552513122558594,0.1549435555934906,"High gravity-gradient proxy with muted topographic slope; buried density boundary possible, NOT verified fault","Lithologic contact, intrusive margin, regional gravity processing artifact"
936,1384,381800.0,4414900.0,4.509575843811035,0.1390998810529709,"High gravity-gradient proxy with muted topographic slope; buried density boundary possible, NOT verified fault","Lithologic contact, intrusive margin, regional gravity processing artifact"
936,1387,382100.0,4414900.0,3.5914032459259033,0.12263019382953644,"High gravity-gradient proxy with muted topographic slope; buried density boundary possible, NOT verified fault","Lithologic contact, intrusive margin, regional gravity processing artifact"
936,1476,391000.0,4414900.0,4.710646152496338,0.07047010958194733,"High gravity-gradient proxy with muted topographic slope; buried density boundary possible, NOT verified fault","Lithologic contact, intrusive margin, regional gravity processing artifact"
937,1490,392400.0,4414800.0,8.557638168334961,0.03069469705224037,"High gravity-gradient proxy with muted topographic slope; buried density boundary possible, NOT verified fault","Lithologic contact, intrusive margin, regional gravity processing artifact"
937,1493,392700.0,4414800.0,9.074875831604004,0.46613559126853943,"High gravity-gradient proxy with muted topographic slope; buried density boundary possible, NOT verified fault","Lithologic contact, intrusive margin, regional gravity processing artifact"
938,1375,380900.0,4414700.0,4.234652996063232,0.16333125531673431,"High gravity-gradient proxy with muted topographic slope; buried density boundary possible, NOT verified fault","Lithologic contact, intrusive margin, regional gravity processing artifact"
938,1473,390700.0,4414700.0,3.724205493927002,0.08826258033514023,"High gravity-gradient proxy with muted topographic slope; buried density boundary possible, NOT verified fault","Lithologic contact, intrusive margin, regional gravity processing artifact"
939,1366,380000.0,4414600.0,3.3849992752075195,0.15944166481494904,"High gravity-gradient proxy with muted topographic slope; buried density boundary possible, NOT verified fault","Lithologic contact, intrusive margin, regional gravity processing artifact"
939,1369,380300.0,4414600.0,3.6634867191314697,0.166556254029274,"High gravity-gradient proxy with muted topographic slope; buried density boundary possible, NOT verified fault","Lithologic contact, intrusive margin, regional gravity processing artifact"
939,1372,380600.0,4414600.0,3.9420456886291504,0.166921004652977,"High gravity-gradient proxy with muted topographic slope; buried density boundary possible, NOT verified fault","Lithologic contact, intrusive margin, regional gravity processing artifact"
939,1378,381200.0,4414600.0,4.1436944007873535,0.12249629944562912,"High gravity-gradient proxy with muted topographic slope; buried density boundary possible, NOT verified fault","Lithologic contact, intrusive margin, regional gravity processing artifact"
939,1381,381500.0,4414600.0,4.183220863342285,0.13998958468437195,"High gravity-gradient proxy with muted topographic slope; buried density boundary possible, NOT verified fault","Lithologic contact, intrusive margin, regional gravity processing artifact"
939,1384,381800.0,4414600.0,4.118627071380615,0.1828543245792389,"High gravity-gradient proxy with muted topographic slope; buried density boundary possible, NOT verified fault","Lithologic contact, intrusive margin, regional gravity processing artifact"
939,1478,391200.0,4414600.0,5.532014846801758,0.12112388014793396,"High gravity-gradient proxy with muted topographic slope; buried density boundary possible, NOT verified fault","Lithologic contact, intrusive margin, regional gravity processing artifact"
939,1481,391500.0,4414600.0,6.506258010864258,0.07775169610977173,"High gravity-gradient proxy with muted topographic slope; buried density boundary possible, NOT verified fault","Lithologic contact, intrusive margin, regional gravity processing artifact"
939,1484,391800.0,4414600.0,7.480576038360596,0.10487628728151321,"High gravity-gradient proxy with muted topographic slope; buried density boundary possible, NOT verified fault","Lithologic contact, intrusive margin, regional gravity processing artifact"
939,1487,392100.0,4414600.0,8.006509780883789,0.07933437079191208,"High gravity-gradient proxy with muted topographic slope; buried density boundary possible, NOT verified fault","Lithologic contact, intrusive margin, regional gravity processing artifact"
941,1375,380900.0,4414400.0,3.843244791030884,0.14383183419704437,"High gravity-gradient proxy with muted topographic slope; buried density boundary possible, NOT verified fault","Lithologic contact, intrusive margin, regional gravity processing artifact"
941,1475,390900.0,4414400.0,4.687166213989258,0.17522501945495605,"High gravity-gradient proxy with muted topographic slope; buried density boundary possible, NOT verified fault","Lithologic contact, intrusive margin, regional gravity processing artifact"
942,1369,380300.0,4414300.0,3.320467472076416,0.1298697292804718,"High gravity-gradient proxy with muted topographic slope; buried density boundary possible, NOT verified fault","Lithologic contact, intrusive margin, regional gravity processing artifact"
942,1372,380600.0,4414300.0,3.5693862438201904,0.1011999249458313,"High gravity-gradient proxy with muted topographic slope; buried density boundary possible, NOT verified fault","Lithologic contact, intrusive margin, regional gravity processing artifact"
942,1378,381200.0,4414300.0,3.745291233062744,0.1723686009645462,"High gravity-gradient proxy with muted topographic slope; buried density boundary possible, NOT verified fault","Lithologic contact, intrusive margin, regional gravity processing artifact"
942,1381,381500.0,4414300.0,3.7778255939483643,0.17766867578029633,"High gravity-gradient proxy with muted topographic slope; buried density boundary possible, NOT verified fault","Lithologic contact, intrusive margin, regional gravity processing artifact"
942,1384,381800.0,4414300.0,3.719576120376587,0.13828201591968536,"High gravity-gradient proxy with muted topographic slope; buried density boundary possible, NOT verified fault","Lithologic contact, intrusive margin, regional gravity processing artifact"
942,1472,390600.0,4414300.0,3.5758721828460693,0.08348189294338226,"High gravity-gradient proxy with muted topographic slope; buried density boundary possible, NOT verified fault","Lithologic contact, intrusive margin, regional gravity processing artifact"
942,1478,391200.0,4414300.0,5.693512916564941,0.11253631114959717,"High gravity-gradient proxy with muted topographic slope; buried density boundary possible, NOT verified fault","Lithologic contact, intrusive margin, regional gravity processing artifact"
942,1481,391500.0,4414300.0,6.635275840759277,0.051176946610212326,"High gravity-gradient proxy with muted topographic slope; buried density boundary possible, NOT verified fault","Lithologic contact, intrusive margin, regional gravity processing artifact"
942,1484,391800.0,4414300.0,7.577113151550293,0.11624237895011902,"High gravity-gradient proxy with muted topographic slope; buried density boundary possible, NOT verified fault","Lithologic contact, intrusive margin, regional gravity processing artifact"
942,1487,392100.0,4414300.0,8.019290924072266,0.03893650695681572,"High gravity-gradient proxy with muted topographic slope; buried density boundary possible, NOT verified fault","Lithologic contact, intrusive margin, regional gravity processing artifact"
942,1490,392400.0,4414300.0,8.356585502624512,0.04056147113442421,"High gravity-gradient proxy with muted topographic slope; buried density boundary possible, NOT verified fault","Lithologic contact, intrusive margin, regional gravity processing artifact"
944,1375,380900.0,4414100.0,3.4518258571624756,0.16157914698123932,"High gravity-gradient proxy with muted topographic slope; buried density boundary possible, NOT verified fault","Lithologic contact, intrusive margin, regional gravity processing artifact"
944,1475,390900.0,4414100.0,4.881117820739746,0.03916914388537407,"High gravity-gradient proxy with muted topographic slope; buried density boundary possible, NOT verified fault","Lithologic contact, intrusive margin, regional gravity processing artifact"
945,1380,381400.0,4414000.0,3.3639023303985596,0.16141605377197266,"High gravity-gradient proxy with muted topographic slope; buried density boundary possible, NOT verified fault","Lithologic contact, intrusive margin, regional gravity processing artifact"
945,1383,381700.0,4414000.0,3.389455795288086,0.16128325462341309,"High gravity-gradient proxy with muted topographic slope; buried density boundary possible, NOT verified fault","Lithologic contact, intrusive margin, regional gravity processing artifact"
945,1472,390600.0,4414000.0,3.769611120223999,0.1922977715730667,"High gravity-gradient proxy with muted topographic slope; buried density boundary possible, NOT verified fault","Lithologic contact, intrusive margin, regional gravity processing artifact"
945,1480,391400.0,4414000.0,6.461150646209717,0.07717513293027878,"High gravity-gradient proxy with muted topographic slope; buried density boundary possible, NOT verified fault","Lithologic contact, intrusive margin, regional gravity processing artifact"
945,1483,391700.0,4414000.0,7.370481491088867,0.06701891869306564,"High gravity-gradient proxy with muted topographic slope; buried density boundary possible, NOT verified fault","Lithologic contact, intrusive margin, regional gravity processing artifact"
945,1486,392000.0,4414000.0,7.950953006744385,0.08693919330835342,"High gravity-gradient proxy with muted topographic slope; buried density boundary possible, NOT verified fault","Lithologic contact, intrusive margin, regional gravity processing artifact"
945,1489,392300.0,4414000.0,8.194037437438965,0.05243314430117607,"High gravity-gradient proxy with muted topographic slope; buried density boundary possible, NOT verified fault","Lithologic contact, intrusive margin, regional gravity processing artifact"
947,1476,391000.0,4413800.0,5.370873928070068,0.08763273060321808,"High gravity-gradient proxy with muted topographic slope; buried density boundary possible, NOT verified fault","Lithologic contact, intrusive margin, regional gravity processing artifact"
948,1473,390700.0,4413700.0,4.367791652679443,0.036127593368291855,"High gravity-gradient proxy with muted topographic slope; buried density boundary possible, NOT verified fault","Lithologic contact, intrusive margin, regional gravity processing artifact"
948,1483,391700.0,4413700.0,7.4765849113464355,0.08343330770730972,"High gravity-gradient proxy with muted topographic slope; buried density boundary possible, NOT verified fault","Lithologic contact, intrusive margin, regional gravity processing artifact"
948,1486,392000.0,4413700.0,7.998102188110352,0.058463435620069504,"High gravity-gradient proxy with muted topographic slope; buried density boundary possible, NOT verified fault","Lithologic contact, intrusive margin, regional gravity processing artifact"
948,1489,392300.0,4413700.0,8.151546478271484,0.11273825913667679,"High gravity-gradient proxy with muted topographic slope; buried density boundary possible, NOT verified fault","Lithologic contact, intrusive margin, regional gravity processing artifact"
951,1475,390900.0,4413400.0,5.125722408294678,0.07314855605363846,"High gravity-gradient proxy with muted topographic slope; buried density boundary possible, NOT verified fault","Lithologic contact, intrusive margin, regional gravity processing artifact"
951,1484,391800.0,4413400.0,7.870124340057373,0.07072006911039352,"High gravity-gradient proxy with muted topographic slope; buried density boundary possible, NOT verified fault","Lithologic contact, intrusive margin, regional gravity processing artifact"
951,1487,392100.0,4413400.0,8.138263702392578,0.19083687663078308,"High gravity-gradient proxy with muted topographic slope; buried density boundary possible, NOT verified fault","Lithologic contact, intrusive margin, regional gravity processing artifact"
954,1475,390900.0,4413100.0,5.124727249145508,0.02714441530406475,"High gravity-gradient proxy with muted topographic slope; buried density boundary possible, NOT verified fault","Lithologic contact, intrusive margin, regional gravity processing artifact"
954,1485,391900.0,4413100.0,8.15102481842041,0.056799013167619705,"High gravity-gradient proxy with muted topographic slope; buried density boundary possible, NOT verified fault","Lithologic contact, intrusive margin, regional gravity processing artifact"
957,1475,390900.0,4412800.0,5.123771667480469,0.025722341611981392,"High gravity-gradient proxy with muted topographic slope; buried density boundary possible, NOT verified fault","Lithologic contact, intrusive margin, regional gravity processing artifact"
957,1486,392000.0,4412800.0,8.284623146057129,0.16999627649784088,"High gravity-gradient proxy with muted topographic slope; buried density boundary possible, NOT verified fault","Lithologic contact, intrusive margin, regional gravity processing artifact"
959,1470,390400.0,4412600.0,3.5265815258026123,0.050655148923397064,"High gravity-gradient proxy with muted topographic slope; buried density boundary possible, NOT verified fault","Lithologic contact, intrusive margin, regional gravity processing artifact"
959,1480,391400.0,4412600.0,6.724873065948486,0.04931431636214256,"High gravity-gradient proxy with muted topographic slope; buried density boundary possible, NOT verified fault","Lithologic contact, intrusive margin, regional gravity processing artifact"
962,1470,390400.0,4412300.0,3.660172939300537,0.068297378718853,"High gravity-gradient proxy with muted topographic slope; buried density boundary possible, NOT verified fault","Lithologic contact, intrusive margin, regional gravity processing artifact"
962,1473,390700.0,4412300.0,4.588379383087158,0.05410098284482956,"High gravity-gradient proxy with muted topographic slope; buried density boundary possible, NOT verified fault","Lithologic contact, intrusive margin, regional gravity processing artifact"
962,1476,391000.0,4412300.0,5.475964069366455,0.07998041808605194,"High gravity-gradient proxy with muted topographic slope; buried density boundary possible, NOT verified fault","Lithologic contact, intrusive margin, regional gravity processing artifact"
962,1479,391300.0,4412300.0,6.327144622802734,0.04651462659239769,"High gravity-gradient proxy with muted topographic slope; buried density boundary possible, NOT verified fault","Lithologic contact, intrusive margin, regional gravity processing artifact"
962,1482,391600.0,4412300.0,7.178536891937256,0.13067202270030975,"High gravity-gradient proxy with muted topographic slope; buried density boundary possible, NOT verified fault","Lithologic contact, intrusive margin, regional gravity processing artifact"
965,1471,390500.0,4412000.0,4.0879950523376465,0.028691567480564117,"High gravity-gradient proxy with muted topographic slope; buried density boundary possible, NOT verified fault","Lithologic contact, intrusive margin, regional gravity processing artifact"
965,1474,390800.0,4412000.0,4.970916271209717,0.03500816226005554,"High gravity-gradient proxy with muted topographic slope; buried density boundary possible, NOT verified fault","Lithologic contact, intrusive margin, regional gravity processing artifact"
965,1477,391100.0,4412000.0,5.74277925491333,0.05040336772799492,"High gravity-gradient proxy with muted topographic slope; buried density boundary possible, NOT verified fault","Lithologic contact, intrusive margin, regional gravity processing artifact"
965,1480,391400.0,4412000.0,6.4968485832214355,0.052228834480047226,"High gravity-gradient proxy with muted topographic slope; buried density boundary possible, NOT verified fault","Lithologic contact, intrusive margin, regional gravity processing artifact"
968,1469,390300.0,4411700.0,3.6515514850616455,0.037133581936359406,"High gravity-gradient proxy with muted topographic slope; buried density boundary possible, NOT verified fault","Lithologic contact, intrusive margin, regional gravity processing artifact"
968,1472,390600.0,4411700.0,4.489039897918701,0.0451342947781086,"High gravity-gradient proxy with muted topographic slope; buried density boundary possible, NOT verified fault","Lithologic contact, intrusive margin, regional gravity processing artifact"
968,1475,390900.0,4411700.0,5.292632102966309,0.026148073375225067,"High gravity-gradient proxy with muted topographic slope; buried density boundary possible, NOT verified fault","Lithologic contact, intrusive margin, regional gravity processing artifact"
968,1478,391200.0,4411700.0,5.9556145668029785,0.04795529320836067,"High gravity-gradient proxy with muted topographic slope; buried density boundary possible, NOT verified fault","Lithologic contact, intrusive margin, regional gravity processing artifact"
968,1481,391500.0,4411700.0,6.618701934814453,0.05941397324204445,"High gravity-gradient proxy with muted topographic slope; buried density boundary possible, NOT verified fault","Lithologic contact, intrusive margin, regional gravity processing artifact"
971,1469,390300.0,4411400.0,3.82705020904541,0.06683410704135895,"High gravity-gradient proxy with muted topographic slope; buried density boundary possible, NOT verified fault","Lithologic contact, intrusive margin, regional gravity processing artifact"
971,1472,390600.0,4411400.0,4.619070529937744,0.033067911863327026,"High gravity-gradient proxy with muted topographic slope; buried density boundary possible, NOT verified fault","Lithologic contact, intrusive margin, regional gravity processing artifact"
971,1475,390900.0,4411400.0,5.3765997886657715,0.05359334498643875,"High gravity-gradient proxy with muted topographic slope; buried density boundary possible, NOT verified fault","Lithologic contact, intrusive margin, regional gravity processing artifact"
971,1478,391200.0,4411400.0,5.99160099029541,0.08761874586343765,"High gravity-gradient proxy with muted topographic slope; buried density boundary possible, NOT verified fault","Lithologic contact, intrusive margin, regional gravity processing artifact"
971,1481,391500.0,4411400.0,6.606706142425537,0.0733359083533287,"High gravity-gradient proxy with muted topographic slope; buried density boundary possible, NOT verified fault","Lithologic contact, intrusive margin, regional gravity processing artifact"
974,1470,390400.0,4411100.0,4.251332759857178,0.050594884902238846,"High gravity-gradient proxy with muted topographic slope; buried density boundary possible, NOT verified fault","Lithologic contact, intrusive margin, regional gravity processing artifact"
974,1473,390700.0,4411100.0,4.997918128967285,0.02689550630748272,"High gravity-gradient proxy with muted topographic slope; buried density boundary possible, NOT verified fault","Lithologic contact, intrusive margin, regional gravity processing artifact"
974,1476,391000.0,4411100.0,5.6495041847229,0.05486771836876869,"High gravity-gradient proxy with muted topographic slope; buried density boundary possible, NOT verified fault","Lithologic contact, intrusive margin, regional gravity processing artifact"
974,1479,391300.0,4411100.0,6.21655797958374,0.04425094276666641,"High gravity-gradient proxy with muted topographic slope; buried density boundary possible, NOT verified fault","Lithologic contact, intrusive margin, regional gravity processing artifact"
974,1482,391600.0,4411100.0,6.783715724945068,0.1207001805305481,"High gravity-gradient proxy with muted topographic slope; buried density boundary possible, NOT verified fault","Lithologic contact, intrusive margin, regional gravity processing artifact"
976,1467,390100.0,4410900.0,3.641988515853882,0.1681290715932846,"High gravity-gradient proxy with muted topographic slope; buried density boundary possible, NOT verified fault","Lithologic contact, intrusive margin, regional gravity processing artifact"
977,1470,390400.0,4410800.0,4.411565780639648,0.07282208651304245,"High gravity-gradient proxy with muted topographic slope; buried density boundary possible, NOT verified fault","Lithologic contact, intrusive margin, regional gravity processing artifact"
977,1473,390700.0,4410800.0,5.112683296203613,0.06584787368774414,"High gravity-gradient proxy with muted topographic slope; buried density boundary possible, NOT verified fault","Lithologic contact, intrusive margin, regional gravity processing artifact"
977,1476,391000.0,4410800.0,5.717362880706787,0.07661177217960358,"High gravity-gradient proxy with muted topographic slope; buried density boundary possible, NOT verified fault","Lithologic contact, intrusive margin, regional gravity processing artifact"
977,1479,391300.0,4410800.0,6.2364349365234375,0.08193471282720566,"High gravity-gradient proxy with muted topographic slope; buried density boundary possible, NOT verified fault","Lithologic contact, intrusive margin, regional gravity processing artifact"
977,1482,391600.0,4410800.0,6.755610942840576,0.08270737528800964,"High gravity-gradient proxy with muted topographic slope; buried density boundary possible, NOT verified fault","Lithologic contact, intrusive margin, regional gravity processing artifact"
979,1467,390100.0,4410600.0,3.8759615421295166,0.16483573615550995,"High gravity-gradient proxy with muted topographic slope; buried density boundary possible, NOT verified fault","Lithologic contact, intrusive margin, regional gravity processing artifact"
980,1472,390600.0,4410500.0,5.107715606689453,0.018778521567583084,"High gravity-gradient proxy with muted topographic slope; buried density boundary possible, NOT verified fault","Lithologic contact, intrusive margin, regional gravity processing artifact"
980,1475,390900.0,4410500.0,5.7532572746276855,0.0502358004450798,"High gravity-gradient proxy with muted topographic slope; buried density boundary possible, NOT verified fault","Lithologic contact, intrusive margin, regional gravity processing artifact"
980,1478,391200.0,4410500.0,6.231717586517334,0.04617743939161301,"High gravity-gradient proxy with muted topographic slope; buried density boundary possible, NOT verified fault","Lithologic contact, intrusive margin, regional gravity processing artifact"
980,1481,391500.0,4410500.0,6.710262298583984,0.06587782502174377,"High gravity-gradient proxy with muted topographic slope; buried density boundary possible, NOT verified fault","Lithologic contact, intrusive margin, regional gravity processing artifact"
981,1464,389800.0,4410400.0,3.373318672180176,0.12379635870456696,"High gravity-gradient proxy with muted topographic slope; buried density boundary possible, NOT verified fault","Lithologic contact, intrusive margin, regional gravity processing artifact"
982,1469,390300.0,4410300.0,4.592766761779785,0.08044052869081497,"High gravity-gradient proxy with muted topographic slope; buried density boundary possible, NOT verified fault","Lithologic contact, intrusive margin, regional gravity processing artifact"
983,1474,390800.0,4410200.0,5.809384346008301,0.04317528381943703,"High gravity-gradient proxy with muted topographic slope; buried density boundary possible, NOT verified fault","Lithologic contact, intrusive margin, regional gravity processing artifact"
983,1477,391100.0,4410200.0,6.281447410583496,0.028501516208052635,"High gravity-gradient proxy with muted topographic slope; buried density boundary possible, NOT verified fault","Lithologic contact, intrusive margin, regional gravity processing artifact"
983,1480,391400.0,4410200.0,6.721151828765869,0.04252095893025398,"High gravity-gradient proxy with muted topographic slope; buried density boundary possible, NOT verified fault","Lithologic contact, intrusive margin, regional gravity processing artifact"
984,1463,389700.0,4410100.0,3.4277055263519287,0.13501767814159393,"High gravity-gradient proxy with muted topographic slope; buried density boundary possible, NOT verified fault","Lithologic contact, intrusive margin, regional gravity processing artifact"
984,1466,390000.0,4410100.0,4.0885329246521,0.0982697531580925,"High gravity-gradient proxy with muted topographic slope; buried density boundary possible, NOT verified fault","Lithologic contact, intrusive margin, regional gravity processing artifact"
985,1471,390500.0,4410000.0,5.298874855041504,0.04571984335780144,"High gravity-gradient proxy with muted topographic slope; buried density boundary possible, NOT verified fault","Lithologic contact, intrusive margin, regional gravity processing artifact"
986,1476,391000.0,4409900.0,6.3570146560668945,0.030440663918852806,"High gravity-gradient proxy with muted topographic slope; buried density boundary possible, NOT verified fault","Lithologic contact, intrusive margin, regional gravity processing artifact"
986,1479,391300.0,4409900.0,6.757879257202148,0.08760065585374832,"High gravity-gradient proxy with muted topographic slope; buried density boundary possible, NOT verified fault","Lithologic contact, intrusive margin, regional gravity processing artifact"
987,1462,389600.0,4409800.0,3.4723618030548096,0.17387989163398743,"High gravity-gradient proxy with muted topographic slope; buried density boundary possible, NOT verified fault","Lithologic contact, intrusive margin, regional gravity processing artifact"
987,1465,389900.0,4409800.0,4.131307601928711,0.1182486042380333,"High gravity-gradient proxy with muted topographic slope; buried density boundary possible, NOT verified fault","Lithologic contact, intrusive margin, regional gravity processing artifact"
987,1468,390200.0,4409800.0,4.799076080322266,0.06806576997041702,"High gravity-gradient proxy with muted topographic slope; buried density boundary possible, NOT verified fault","Lithologic contact, intrusive margin, regional gravity processing artifact"
987,1482,391600.0,4409800.0,7.206982135772705,0.16652633249759674,"High gravity-gradient proxy with muted topographic slope; buried density boundary possible, NOT verified fault","Lithologic contact, intrusive margin, regional gravity processing artifact"
988,1473,390700.0,4409700.0,6.013253688812256,0.057289592921733856,"High gravity-gradient proxy with muted topographic slope; buried density boundary possible, NOT verified fault","Lithologic contact, intrusive margin, regional gravity processing artifact"
989,1476,391000.0,4409600.0,6.633235931396484,0.06496606767177582,"High gravity-gradient proxy with muted topographic slope; buried density boundary possible, NOT verified fault","Lithologic contact, intrusive margin, regional gravity processing artifact"
990,1461,389500.0,4409500.0,3.4738216400146484,0.15235674381256104,"High gravity-gradient proxy with muted topographic slope; buried density boundary possible, NOT verified fault","Lithologic contact, intrusive margin, regional gravity processing artifact"
990,1464,389800.0,4409500.0,4.119708061218262,0.15618689358234406,"High gravity-gradient proxy with muted topographic slope; buried density boundary possible, NOT verified fault","Lithologic contact, intrusive margin, regional gravity processing artifact"
990,1467,390100.0,4409500.0,4.82328987121582,0.08526024222373962,"High gravity-gradient proxy with muted topographic slope; buried density boundary possible, NOT verified fault","Lithologic contact, intrusive margin, regional gravity processing artifact"
990,1470,390400.0,4409500.0,5.533502578735352,0.05126291140913963,"High gravity-gradient proxy with muted topographic slope; buried density boundary possible, NOT verified fault","Lithologic contact, intrusive margin, regional gravity processing artifact"
990,1479,391300.0,4409500.0,7.0536322593688965,0.07041256874799728,"High gravity-gradient proxy with muted topographic slope; buried density boundary possible, NOT verified fault","Lithologic contact, intrusive margin, regional gravity processing artifact"
990,1482,391600.0,4409500.0,7.3657612800598145,0.08802293986082077,"High gravity-gradient proxy with muted topographic slope; buried density boundary possible, NOT verified fault","Lithologic contact, intrusive margin, regional gravity processing artifact"
993,1462,389600.0,4409200.0,3.899183511734009,0.1171773374080658,"High gravity-gradient proxy with muted topographic slope; buried density boundary possible, NOT verified fault","Lithologic contact, intrusive margin, regional gravity processing artifact"
993,1465,389900.0,4409200.0,4.56028413772583,0.05078943073749542,"High gravity-gradient proxy with muted topographic slope; buried density boundary possible, NOT verified fault","Lithologic contact, intrusive margin, regional gravity processing artifact"
993,1468,390200.0,4409200.0,5.321211338043213,0.0326843187212944,"High gravity-gradient proxy with muted topographic slope; buried density boundary possible, NOT verified fault","Lithologic contact, intrusive margin, regional gravity processing artifact"
993,1471,390500.0,4409200.0,6.082034111022949,0.10870324075222015,"High gravity-gradient proxy with muted topographic slope; buried density boundary possible, NOT verified fault","Lithologic contact, intrusive margin, regional gravity processing artifact"
993,1475,390900.0,4409200.0,6.990365028381348,0.1088910847902298,"High gravity-gradient proxy with muted topographic slope; buried density boundary possible, NOT verified fault","Lithologic contact, intrusive margin, regional gravity processing artifact"
993,1478,391200.0,4409200.0,7.220180034637451,0.08759866654872894,"High gravity-gradient proxy with muted topographic slope; buried density boundary possible, NOT verified fault","Lithologic contact, intrusive margin, regional gravity processing artifact"
993,1481,391500.0,4409200.0,7.450171947479248,0.03809818997979164,"High gravity-gradient proxy with muted topographic slope; buried density boundary possible, NOT verified fault","Lithologic contact, intrusive margin, regional gravity processing artifact"
996,1459,389300.0,4408900.0,3.492433786392212,0.17902696132659912,"High gravity-gradient proxy with muted topographic slope; buried density boundary possible, NOT verified fault","Lithologic contact, intrusive margin, regional gravity processing artifact"
996,1462,389600.0,4408900.0,4.109236240386963,0.10438273102045059,"High gravity-gradient proxy with muted topographic slope; buried density boundary possible, NOT verified fault","Lithologic contact, intrusive margin, regional gravity processing artifact"
996,1465,389900.0,4408900.0,4.770873546600342,0.06249589845538139,"High gravity-gradient proxy with muted topographic slope; buried density boundary possible, NOT verified fault","Lithologic contact, intrusive margin, regional gravity processing artifact"
996,1468,390200.0,4408900.0,5.582444667816162,0.04581331089138985,"High gravity-gradient proxy with muted topographic slope; buried density boundary possible, NOT verified fault","Lithologic contact, intrusive margin, regional gravity processing artifact"
996,1471,390500.0,4408900.0,6.393912315368652,0.06244292110204697,"High gravity-gradient proxy with muted topographic slope; buried density boundary possible, NOT verified fault","Lithologic contact, intrusive margin, regional gravity processing artifact"
996,1474,390800.0,4408900.0,7.205270767211914,0.09210554510354996,"High gravity-gradient proxy with muted topographic slope; buried density boundary possible, NOT verified fault","Lithologic contact, intrusive margin, regional gravity processing artifact"
996,1477,391100.0,4408900.0,7.44136905670166,0.05159541219472885,"High gravity-gradient proxy with muted topographic slope; buried density boundary possible, NOT verified fault","Lithologic contact, intrusive margin, regional gravity processing artifact"
996,1480,391400.0,4408900.0,7.589224815368652,0.07241508364677429,"High gravity-gradient proxy with muted topographic slope; buried density boundary possible, NOT verified fault","Lithologic contact, intrusive margin, regional gravity processing artifact"
999,1459,389300.0,4408600.0,3.7847070693969727,0.13565491139888763,"High gravity-gradient proxy with muted topographic slope; buried density boundary possible, NOT verified fault","Lithologic contact, intrusive margin, regional gravity processing artifact"
999,1462,389600.0,4408600.0,4.402059555053711,0.11597000807523727,"High gravity-gradient proxy with muted topographic slope; buried density boundary possible, NOT verified fault","Lithologic contact, intrusive margin, regional gravity processing artifact"
999,1465,389900.0,4408600.0,5.06579065322876,0.04229503124952316,"High gravity-gradient proxy with muted topographic slope; buried density boundary possible, NOT verified fault","Lithologic contact, intrusive margin, regional gravity processing artifact"
999,1468,390200.0,4408600.0,5.884388446807861,0.08017127215862274,"High gravity-gradient proxy with muted topographic slope; buried density boundary possible, NOT verified fault","Lithologic contact, intrusive margin, regional gravity processing artifact"
999,1471,390500.0,4408600.0,6.703052043914795,0.06549358367919922,"High gravity-gradient proxy with muted topographic slope; buried density boundary possible, NOT verified fault","Lithologic contact, intrusive margin, regional gravity processing artifact"
999,1474,390800.0,4408600.0,7.521774768829346,0.07932693511247635,"High gravity-gradient proxy with muted topographic slope; buried density boundary possible, NOT verified fault","Lithologic contact, intrusive margin, regional gravity processing artifact"
999,1477,391100.0,4408600.0,7.689994812011719,0.026883011683821678,"High gravity-gradient proxy with muted topographic slope; buried density boundary possible, NOT verified fault","Lithologic contact, intrusive margin, regional gravity processing artifact"
999,1480,391400.0,4408600.0,7.758889675140381,0.10698499530553818,"High gravity-gradient proxy with muted topographic slope; buried density boundary possible, NOT verified fault","Lithologic contact, intrusive margin, regional gravity processing artifact"
1002,1455,388900.0,4408300.0,3.289853811264038,0.17045782506465912,"High gravity-gradient proxy with muted topographic slope; buried density boundary possible, NOT verified fault","Lithologic contact, intrusive margin, regional gravity processing artifact"
1002,1458,389200.0,4408300.0,3.9198546409606934,0.10625151544809341,"High gravity-gradient proxy with muted topographic slope; buried density boundary possible, NOT verified fault","Lithologic contact, intrusive margin, regional gravity processing artifact"
1002,1461,389500.0,4408300.0,4.549828052520752,0.14407148957252502,"High gravity-gradient proxy with muted topographic slope; buried density boundary possible, NOT verified fault","Lithologic contact, intrusive margin, regional gravity processing artifact"
1002,1464,389800.0,4408300.0,5.179773807525635,0.06353718042373657,"High gravity-gradient proxy with muted topographic slope; buried density boundary possible, NOT verified fault","Lithologic contact, intrusive margin, regional gravity processing artifact"
1002,1467,390100.0,4408300.0,5.954672813415527,0.04797671362757683,"High gravity-gradient proxy with muted topographic slope; buried density boundary possible, NOT verified fault","Lithologic contact, intrusive margin, regional gravity processing artifact"
1002,1470,390400.0,4408300.0,6.746125221252441,0.06849905103445053,"High gravity-gradient proxy with muted topographic slope; buried density boundary possible, NOT verified fault","Lithologic contact, intrusive margin, regional gravity processing artifact"
1002,1473,390700.0,4408300.0,7.537639617919922,0.0968964695930481,"High gravity-gradient proxy with muted topographic slope; buried density boundary possible, NOT verified fault","Lithologic contact, intrusive margin, regional gravity processing artifact"
1002,1476,391000.0,4408300.0,7.901788711547852,0.06901852041482925,"High gravity-gradient proxy with muted topographic slope; buried density boundary possible, NOT verified fault","Lithologic contact, intrusive margin, regional gravity processing artifact"
1002,1479,391300.0,4408300.0,7.8940043449401855,0.046945881098508835,"High gravity-gradient proxy with muted topographic slope; buried density boundary possible, NOT verified fault","Lithologic contact, intrusive margin, regional gravity processing artifact"
1005,1457,389100.0,4408000.0,4.046606540679932,0.1437232941389084,"High gravity-gradient proxy with muted topographic slope; buried density boundary possible, NOT verified fault","Lithologic contact, intrusive margin, regional gravity processing artifact"
1005,1460,389400.0,4408000.0,4.6892008781433105,0.1146266981959343,"High gravity-gradient proxy with muted topographic slope; buried density boundary possible, NOT verified fault","Lithologic contact, intrusive margin, regional gravity processing artifact"
1005,1463,389700.0,4408000.0,5.331767559051514,0.09234032779932022,"High gravity-gradient proxy with muted topographic slope; buried density boundary possible, NOT verified fault","Lithologic contact, intrusive margin, regional gravity processing artifact"
1005,1466,390000.0,4408000.0,6.043057918548584,0.0415499210357666,"High gravity-gradient proxy with muted topographic slope; buried density boundary possible, NOT verified fault","Lithologic contact, intrusive margin, regional gravity processing artifact"
1005,1469,390300.0,4408000.0,6.8072991371154785,0.07487032562494278,"High gravity-gradient proxy with muted topographic slope; buried density boundary possible, NOT verified fault","Lithologic contact, intrusive margin, regional gravity processing artifact"
1005,1472,390600.0,4408000.0,7.5716047286987305,0.05599924176931381,"High gravity-gradient proxy with muted topographic slope; buried density boundary possible, NOT verified fault","Lithologic contact, intrusive margin, regional gravity processing artifact"
1005,1475,390900.0,4408000.0,8.164593696594238,0.019083036109805107,"High gravity-gradient proxy with muted topographic slope; buried density boundary possible, NOT verified fault","Lithologic contact, intrusive margin, regional gravity processing artifact"
1005,1478,391200.0,4408000.0,8.080130577087402,0.07523954659700394,"High gravity-gradient proxy with muted topographic slope; buried density boundary possible, NOT verified fault","Lithologic contact, intrusive margin, regional gravity processing artifact"
1007,1454,388800.0,4407800.0,3.6242010593414307,0.1551969051361084,"High gravity-gradient proxy with muted topographic slope; buried density boundary possible, NOT verified fault","Lithologic contact, intrusive margin, regional gravity processing artifact"
1008,1459,389300.0,4407700.0,4.841655254364014,0.1640441119670868,"High gravity-gradient proxy with muted topographic slope; buried density boundary possible, NOT verified fault","Lithologic contact, intrusive margin, regional gravity processing artifact"
1008,1462,389600.0,4407700.0,5.499747276306152,0.11583264917135239,"High gravity-gradient proxy with muted topographic slope; buried density boundary possible, NOT verified fault","Lithologic contact, intrusive margin, regional gravity processing artifact"
1008,1465,389900.0,4407700.0,6.171829700469971,0.07927598804235458,"High gravity-gradient proxy with muted topographic slope; buried density boundary possible, NOT verified fault","Lithologic contact, intrusive margin, regional gravity processing artifact"
1008,1468,390200.0,4407700.0,6.890415191650391,0.07478270679712296,"High gravity-gradient proxy with muted topographic slope; buried density boundary possible, NOT verified fault","Lithologic contact, intrusive margin, regional gravity processing artifact"
1008,1471,390500.0,4407700.0,7.609221935272217,0.06313151866197586,"High gravity-gradient proxy with muted topographic slope; buried density boundary possible, NOT verified fault","Lithologic contact, intrusive margin, regional gravity processing artifact"
1008,1474,390800.0,4407700.0,8.328241348266602,0.04749252274632454,"High gravity-gradient proxy with muted topographic slope; buried density boundary possible, NOT verified fault","Lithologic contact, intrusive margin, regional gravity processing artifact"
1008,1477,391100.0,4407700.0,8.292618751525879,0.07058953493833542,"High gravity-gradient proxy with muted topographic slope; buried density boundary possible, NOT verified fault","Lithologic contact, intrusive margin, regional gravity processing artifact"
1010,1453,388700.0,4407500.0,3.7995638847351074,0.20055314898490906,"High gravity-gradient proxy with muted topographic slope; buried density boundary possible, NOT verified fault","Lithologic contact, intrusive margin, regional gravity processing artifact"
1010,1456,389000.0,4407500.0,4.45267391204834,0.1623920202255249,"High gravity-gradient proxy with muted topographic slope; buried density boundary possible, NOT verified fault","Lithologic contact, intrusive margin, regional gravity processing artifact"
1011,1459,389300.0,4407400.0,5.269606590270996,0.12893608212471008,"High gravity-gradient proxy with muted topographic slope; buried density boundary possible, NOT verified fault","Lithologic contact, intrusive margin, regional gravity processing artifact"
1011,1462,389600.0,4407400.0,5.951900005340576,0.12342432886362076,"High gravity-gradient proxy with muted topographic slope; buried density boundary possible, NOT verified fault","Lithologic contact, intrusive margin, regional gravity processing artifact"
1011,1465,389900.0,4407400.0,6.619564533233643,0.09713668376207352,"High gravity-gradient proxy with muted topographic slope; buried density boundary possible, NOT verified fault","Lithologic contact, intrusive margin, regional gravity processing artifact"
1011,1468,390200.0,4407400.0,7.239349365234375,0.06657133996486664,"High gravity-gradient proxy with muted topographic slope; buried density boundary possible, NOT verified fault","Lithologic contact, intrusive margin, regional gravity processing artifact"
1011,1471,390500.0,4407400.0,7.8593549728393555,0.040087081491947174,"High gravity-gradient proxy with muted topographic slope; buried density boundary possible, NOT verified fault","Lithologic contact, intrusive margin, regional gravity processing artifact"
1011,1474,390800.0,4407400.0,8.479573249816895,0.0655488520860672,"High gravity-gradient proxy with muted topographic slope; buried density boundary possible, NOT verified fault","Lithologic contact, intrusive margin, regional gravity processing artifact"
1011,1477,391100.0,4407400.0,8.404145240783691,0.05689329653978348,"High gravity-gradient proxy with muted topographic slope; buried density boundary possible, NOT verified fault","Lithologic contact, intrusive margin, regional gravity processing artifact"
1013,1450,388400.0,4407200.0,3.527362108230591,0.15670907497406006,"High gravity-gradient proxy with muted topographic slope; buried density boundary possible, NOT verified fault","Lithologic contact, intrusive margin, regional gravity processing artifact"
1013,1453,388700.0,4407200.0,4.177469730377197,0.17008136212825775,"High gravity-gradient proxy with muted topographic slope; buried density boundary possible, NOT verified fault","Lithologic contact, intrusive margin, regional gravity processing artifact"
1013,1456,389000.0,4407200.0,4.856443881988525,0.19719484448432922,"High gravity-gradient proxy with muted topographic slope; buried density boundary possible, NOT verified fault","Lithologic contact, intrusive margin, regional gravity processing artifact"
1014,1460,389400.0,4407100.0,5.933091163635254,0.16179847717285156,"High gravity-gradient proxy with muted topographic slope; buried density boundary possible, NOT verified fault","Lithologic contact, intrusive margin, regional gravity processing artifact"
1014,1474,390800.0,4407100.0,8.63078784942627,0.088799849152565,"High gravity-gradient proxy with muted topographic slope; buried density boundary possible, NOT verified fault","Lithologic contact, intrusive margin, regional gravity processing artifact"
1014,1477,391100.0,4407100.0,8.515637397766113,0.10210563242435455,"High gravity-gradient proxy with muted topographic slope; buried density boundary possible, NOT verified fault","Lithologic contact, intrusive margin, regional gravity processing artifact"
1016,1448,388200.0,4406900.0,3.4247841835021973,0.11996417492628098,"High gravity-gradient proxy with muted topographic slope; buried density boundary possible, NOT verified fault","Lithologic contact, intrusive margin, regional gravity processing artifact"
1016,1451,388500.0,4406900.0,4.103179931640625,0.18386560678482056,"High gravity-gradient proxy with muted topographic slope; buried density boundary possible, NOT verified fault","Lithologic contact, intrusive margin, regional gravity processing artifact"
1016,1454,388800.0,4406900.0,4.781513214111328,0.1659376323223114,"High gravity-gradient proxy with muted topographic slope; buried density boundary possible, NOT verified fault","Lithologic contact, intrusive margin, regional gravity processing artifact"
1016,1457,389100.0,4406900.0,5.501141548156738,0.20472967624664307,"High gravity-gradient proxy with muted topographic slope; buried density boundary possible, NOT verified fault","Lithologic contact, intrusive margin, regional gravity processing artifact"
1016,1463,389700.0,4406900.0,6.946415901184082,0.1216130331158638,"High gravity-gradient proxy with muted topographic slope; buried density boundary possible, NOT verified fault","Lithologic contact, intrusive margin, regional gravity processing artifact"
1016,1466,390000.0,4406900.0,7.517213821411133,0.08539818972349167,"High gravity-gradient proxy with muted topographic slope; buried density boundary possible, NOT verified fault","Lithologic contact, intrusive margin, regional gravity processing artifact"
1016,1469,390300.0,4406900.0,7.972403526306152,0.101260244846344,"High gravity-gradient proxy with muted topographic slope; buried density boundary possible, NOT verified fault","Lithologic contact, intrusive margin, regional gravity processing artifact"
1017,1460,389400.0,4406800.0,6.369166851043701,0.19867560267448425,"High gravity-gradient proxy with muted topographic slope; buried density boundary possible, NOT verified fault","Lithologic contact, intrusive margin, regional gravity processing artifact"
1017,1472,390600.0,4406800.0,8.500121116638184,0.09569892287254333,"High gravity-gradient proxy with muted topographic slope; buried density boundary possible, NOT verified fault","Lithologic contact, intrusive margin, regional gravity processing artifact"
1017,1475,390900.0,4406800.0,8.787376403808594,0.08631271123886108,"High gravity-gradient proxy with muted topographic slope; buried density boundary possible, NOT verified fault","Lithologic contact, intrusive margin, regional gravity processing artifact"
1019,1448,388200.0,4406600.0,3.761950731277466,0.1673048734664917,"High gravity-gradient proxy with muted topographic slope; buried density boundary possible, NOT verified fault","Lithologic contact, intrusive margin, regional gravity processing artifact"
1019,1451,388500.0,4406600.0,4.441874027252197,0.16921629011631012,"High gravity-gradient proxy with muted topographic slope; buried density boundary possible, NOT verified fault","Lithologic contact, intrusive margin, regional gravity processing artifact"
1019,1454,388800.0,4406600.0,5.121828556060791,0.1326981782913208,"High gravity-gradient proxy with muted topographic slope; buried density boundary possible, NOT verified fault","Lithologic contact, intrusive margin, regional gravity processing artifact"
1019,1457,389100.0,4406600.0,5.828909397125244,0.20738956332206726,"High gravity-gradient proxy with muted topographic slope; buried density boundary possible, NOT verified fault","Lithologic contact, intrusive margin, regional gravity processing artifact"
1019,1463,389700.0,4406600.0,7.247314929962158,0.09069886803627014,"High gravity-gradient proxy with muted topographic slope; buried density boundary possible, NOT verified fault","Lithologic contact, intrusive margin, regional gravity processing artifact"
1019,1466,390000.0,4406600.0,7.754202842712402,0.05657520517706871,"High gravity-gradient proxy with muted topographic slope; buried density boundary possible, NOT verified fault","Lithologic contact, intrusive margin, regional gravity processing artifact"
1019,1469,390300.0,4406600.0,8.107232093811035,0.0878901481628418,"High gravity-gradient proxy with muted topographic slope; buried density boundary possible, NOT verified fault","Lithologic contact, intrusive margin, regional gravity processing artifact"
1020,1460,389400.0,4406500.0,6.61833381652832,0.1260751336812973,"High gravity-gradient proxy with muted topographic slope; buried density boundary possible, NOT verified fault","Lithologic contact, intrusive margin, regional gravity processing artifact"
1020,1472,390600.0,4406500.0,8.433635711669922,0.12320030480623245,"High gravity-gradient proxy with muted topographic slope; buried density boundary possible, NOT verified fault","Lithologic contact, intrusive margin, regional gravity processing artifact"
1020,1475,390900.0,4406500.0,8.624504089355469,0.13226959109306335,"High gravity-gradient proxy with muted topographic slope; buried density boundary possible, NOT verified fault","Lithologic contact, intrusive margin, regional gravity processing artifact"
1022,1445,387900.0,4406300.0,3.4372732639312744,0.16641923785209656,"High gravity-gradient proxy with muted topographic slope; buried density boundary possible, NOT verified fault","Lithologic contact, intrusive margin, regional gravity processing artifact"
1022,1448,388200.0,4406300.0,4.102821350097656,0.17535799741744995,"High gravity-gradient proxy with muted topographic slope; buried density boundary possible, NOT verified fault","Lithologic contact, intrusive margin, regional gravity processing artifact"
1022,1451,388500.0,4406300.0,4.7684006690979,0.14364217221736908,"High gravity-gradient proxy with muted topographic slope; buried density boundary possible, NOT verified fault","Lithologic contact, intrusive margin, regional gravity processing artifact"
1022,1454,388800.0,4406300.0,5.434011459350586,0.11984740197658539,"High gravity-gradient proxy with muted topographic slope; buried density boundary possible, NOT verified fault","Lithologic contact, intrusive margin, regional gravity processing artifact"
1022,1457,389100.0,4406300.0,6.106149673461914,0.20541901886463165,"High gravity-gradient proxy with muted topographic slope; buried density boundary possible, NOT verified fault","Lithologic contact, intrusive margin, regional gravity processing artifact"
1022,1463,389700.0,4406300.0,7.451613903045654,0.070513516664505,"High gravity-gradient proxy with muted topographic slope; buried density boundary possible, NOT verified fault","Lithologic contact, intrusive margin, regional gravity processing artifact"
1022,1466,390000.0,4406300.0,7.883029937744141,0.09528996795415878,"High gravity-gradient proxy with muted topographic slope; buried density boundary possible, NOT verified fault","Lithologic contact, intrusive margin, regional gravity processing artifact"
1022,1469,390300.0,4406300.0,8.131345748901367,0.07352907210588455,"High gravity-gradient proxy with muted topographic slope; buried density boundary possible, NOT verified fault","Lithologic contact, intrusive margin, regional gravity processing artifact"
1023,1460,389400.0,4406200.0,6.859089374542236,0.03730345144867897,"High gravity-gradient proxy with muted topographic slope; buried density boundary possible, NOT verified fault","Lithologic contact, intrusive margin, regional gravity processing artifact"
1023,1473,390700.0,4406200.0,8.4242582321167,0.08622299879789352,"High gravity-gradient proxy with muted topographic slope; buried density boundary possible, NOT verified fault","Lithologic contact, intrusive margin, regional gravity processing artifact"
1025,1445,387900.0,4406000.0,3.7924704551696777,0.18518796563148499,"High gravity-gradient proxy with muted topographic slope; buried density boundary possible, NOT verified fault","Lithologic contact, intrusive margin, regional gravity processing artifact"
1025,1448,388200.0,4406000.0,4.443674564361572,0.14857085049152374,"High gravity-gradient proxy with muted topographic slope; buried density boundary possible, NOT verified fault","Lithologic contact, intrusive margin, regional gravity processing artifact"
1025,1451,388500.0,4406000.0,5.094910144805908,0.199399933218956,"High gravity-gradient proxy with muted topographic slope; buried density boundary possible, NOT verified fault","Lithologic contact, intrusive margin, regional gravity processing artifact"
1025,1454,388800.0,4406000.0,5.746177673339844,0.20906026661396027,"High gravity-gradient proxy with muted topographic slope; buried density boundary possible, NOT verified fault","Lithologic contact, intrusive margin, regional gravity processing artifact"
1025,1457,389100.0,4406000.0,6.383347034454346,0.11941894143819809,"High gravity-gradient proxy with muted topographic slope; buried density boundary possible, NOT verified fault","Lithologic contact, intrusive margin, regional gravity processing artifact"
1025,1464,389800.0,4406000.0,7.867988109588623,0.139512300491333,"High gravity-gradient proxy with muted topographic slope; buried density boundary possible, NOT verified fault","Lithologic contact, intrusive margin, regional gravity processing artifact"
1025,1467,390100.0,4406000.0,8.059576988220215,0.02600334770977497,"High gravity-gradient proxy with muted topographic slope; buried density boundary possible, NOT verified fault","Lithologic contact, intrusive margin, regional gravity processing artifact"
1025,1470,390400.0,4406000.0,8.203255653381348,0.08183673769235611,"High gravity-gradient proxy with muted topographic slope; buried density boundary possible, NOT verified fault","Lithologic contact, intrusive margin, regional gravity processing artifact"
1026,1461,389500.0,4405900.0,7.307840824127197,0.09287582337856293,"High gravity-gradient proxy with muted topographic slope; buried density boundary possible, NOT verified fault","Lithologic contact, intrusive margin, regional gravity processing artifact"
1026,1473,390700.0,4405900.0,8.30859088897705,0.16798418760299683,"High gravity-gradient proxy with muted topographic slope; buried density boundary possible, NOT verified fault","Lithologic contact, intrusive margin, regional gravity processing artifact"
1028,1443,387700.0,4405700.0,3.6328279972076416,0.20448672771453857,"High gravity-gradient proxy with muted topographic slope; buried density boundary possible, NOT verified fault","Lithologic contact, intrusive margin, regional gravity processing artifact"
1028,1446,388000.0,4405700.0,4.296497821807861,0.19332168996334076,"High gravity-gradient proxy with muted topographic slope; buried density boundary possible, NOT verified fault","Lithologic contact, intrusive margin, regional gravity processing artifact"
1028,1449,388300.0,4405700.0,4.935317039489746,0.20014819502830505,"High gravity-gradient proxy with muted topographic slope; buried density boundary possible, NOT verified fault","Lithologic contact, intrusive margin, regional gravity processing artifact"
1028,1452,388600.0,4405700.0,5.574156284332275,0.21107174456119537,"High gravity-gradient proxy with muted topographic slope; buried density boundary possible, NOT verified fault","Lithologic contact, intrusive margin, regional gravity processing artifact"
1028,1455,388900.0,4405700.0,6.200814247131348,0.14093449711799622,"High gravity-gradient proxy with muted topographic slope; buried density boundary possible, NOT verified fault","Lithologic contact, intrusive margin, regional gravity processing artifact"
1028,1458,389200.0,4405700.0,6.793934345245361,0.06114384904503822,"High gravity-gradient proxy with muted topographic slope; buried density boundary possible, NOT verified fault","Lithologic contact, intrusive margin, regional gravity processing artifact"
1028,1467,390100.0,4405700.0,8.088493347167969,0.08982645720243454,"High gravity-gradient proxy with muted topographic slope; buried density boundary possible, NOT verified fault","Lithologic contact, intrusive margin, regional gravity processing artifact"
1028,1470,390400.0,4405700.0,8.144360542297363,0.06354128569364548,"High gravity-gradient proxy with muted topographic slope; buried density boundary possible, NOT verified fault","Lithologic contact, intrusive margin, regional gravity processing artifact"
1029,1464,389800.0,4405600.0,7.961841106414795,0.09722494333982468,"High gravity-gradient proxy with muted topographic slope; buried density boundary possible, NOT verified fault","Lithologic contact, intrusive margin, regional gravity processing artifact"
1031,1443,387700.0,4405400.0,3.808894157409668,0.1668640375137329,"High gravity-gradient proxy with muted topographic slope; buried density boundary possible, NOT verified fault","Lithologic contact, intrusive margin, regional gravity processing artifact"
1031,1446,388000.0,4405400.0,4.45283317565918,0.14331881701946259,"High gravity-gradient proxy with muted topographic slope; buried density boundary possible, NOT verified fault","Lithologic contact, intrusive margin, regional gravity processing artifact"
1031,1449,388300.0,4405400.0,5.082634449005127,0.16705629229545593,"High gravity-gradient proxy with muted topographic slope; buried density boundary possible, NOT verified fault","Lithologic contact, intrusive margin, regional gravity processing artifact"
1031,1458,389200.0,4405400.0,6.852766036987305,0.09958653897047043,"High gravity-gradient proxy with muted topographic slope; buried density boundary possible, NOT verified fault","Lithologic contact, intrusive margin, regional gravity processing artifact"
1031,1461,389500.0,4405400.0,7.388521671295166,0.11063625663518906,"High gravity-gradient proxy with muted topographic slope; buried density boundary possible, NOT verified fault","Lithologic contact, intrusive margin, regional gravity processing artifact"
1031,1467,390100.0,4405400.0,7.979246616363525,0.11892262101173401,"High gravity-gradient proxy with muted topographic slope; buried density boundary possible, NOT verified fault","Lithologic contact, intrusive margin, regional gravity processing artifact"
1031,1470,390400.0,4405400.0,7.9828290939331055,0.08661564439535141,"High gravity-gradient proxy with muted topographic slope; buried density boundary possible, NOT verified fault","Lithologic contact, intrusive margin, regional gravity processing artifact"
1032,1452,388600.0,4405300.0,5.758552551269531,0.219765767455101,"High gravity-gradient proxy with muted topographic slope; buried density boundary possible, NOT verified fault","Lithologic contact, intrusive margin, regional gravity processing artifact"
1032,1455,388900.0,4405300.0,6.355893611907959,0.21025121212005615,"High gravity-gradient proxy with muted topographic slope; buried density boundary possible, NOT verified fault","Lithologic contact, intrusive margin, regional gravity processing artifact"
1032,1464,389800.0,4405300.0,7.9056715965271,0.05673018470406532,"High gravity-gradient proxy with muted topographic slope; buried density boundary possible, NOT verified fault","Lithologic contact, intrusive margin, regional gravity processing artifact"
1034,1443,387700.0,4405100.0,3.984915256500244,0.13523733615875244,"High gravity-gradient proxy with muted topographic slope; buried density boundary possible, NOT verified fault","Lithologic contact, intrusive margin, regional gravity processing artifact"
1034,1446,388000.0,4405100.0,4.609157562255859,0.13480117917060852,"High gravity-gradient proxy with muted topographic slope; buried density boundary possible, NOT verified fault","Lithologic contact, intrusive margin, regional gravity processing artifact"
1034,1449,388300.0,4405100.0,5.229940891265869,0.21985436975955963,"High gravity-gradient proxy with muted topographic slope; buried density boundary possible, NOT verified fault","Lithologic contact, intrusive margin, regional gravity processing artifact"
1034,1458,389200.0,4405100.0,6.911530494689941,0.09317555278539658,"High gravity-gradient proxy with muted topographic slope; buried density boundary possible, NOT verified fault","Lithologic contact, intrusive margin, regional gravity processing artifact"
1034,1461,389500.0,4405100.0,7.389796733856201,0.06309731304645538,"High gravity-gradient proxy with muted topographic slope; buried density boundary possible, NOT verified fault","Lithologic contact, intrusive margin, regional gravity processing artifact"
1034,1469,390300.0,4405100.0,7.837459564208984,0.06808867305517197,"High gravity-gradient proxy with muted topographic slope; buried density boundary possible, NOT verified fault","Lithologic contact, intrusive margin, regional gravity processing artifact"
1035,1452,388600.0,4405000.0,5.8968377113342285,0.18978604674339294,"High gravity-gradient proxy with muted topographic slope; buried density boundary possible, NOT verified fault","Lithologic contact, intrusive margin, regional gravity processing artifact"
1035,1455,388900.0,4405000.0,6.4721245765686035,0.145460844039917,"High gravity-gradient proxy with muted topographic slope; buried density boundary possible, NOT verified fault","Lithologic contact, intrusive margin, regional gravity processing artifact"
1035,1466,390000.0,4405000.0,7.855557441711426,0.07202347368001938,"High gravity-gradient proxy with muted topographic slope; buried density boundary possible, NOT verified fault","Lithologic contact, intrusive margin, regional gravity processing artifact"
1037,1442,387600.0,4404800.0,3.964709520339966,0.20865988731384277,"High gravity-gradient proxy with muted topographic slope; buried density boundary possible, NOT verified fault","Lithologic contact, intrusive margin, regional gravity processing artifact"
1037,1445,387900.0,4404800.0,4.562490463256836,0.167275071144104,"High gravity-gradient proxy with muted topographic slope; buried density boundary possible, NOT verified fault","Lithologic contact, intrusive margin, regional gravity processing artifact"
1037,1448,388200.0,4404800.0,5.1731977462768555,0.137507826089859,"High gravity-gradient proxy with muted topographic slope; buried density boundary possible, NOT verified fault","Lithologic contact, intrusive margin, regional gravity processing artifact"
1037,1460,389400.0,4404800.0,7.249039649963379,0.0836833268404007,"High gravity-gradient proxy with muted topographic slope; buried density boundary possible, NOT verified fault","Lithologic contact, intrusive margin, regional gravity processing artifact"
1037,1463,389700.0,4404800.0,7.670048236846924,0.13421954214572906,"High gravity-gradient proxy with muted topographic slope; buried density boundary possible, NOT verified fault","Lithologic contact, intrusive margin, regional gravity processing artifact"
1038,1451,388500.0,4404700.0,5.815577030181885,0.17172612249851227,"High gravity-gradient proxy with muted topographic slope; buried density boundary possible, NOT verified fault","Lithologic contact, intrusive margin, regional gravity processing artifact"
1038,1454,388800.0,4404700.0,6.4095611572265625,0.12712548673152924,"High gravity-gradient proxy with muted topographic slope; buried density boundary possible, NOT verified fault","Lithologic contact, intrusive margin, regional gravity processing artifact"
1038,1457,389100.0,4404700.0,6.82463264465332,0.06932200491428375,"High gravity-gradient proxy with muted topographic slope; buried density boundary possible, NOT verified fault","Lithologic contact, intrusive margin, regional gravity processing artifact"
1038,1466,390000.0,4404700.0,7.736210346221924,0.19841963052749634,"High gravity-gradient proxy with muted topographic slope; buried density boundary possible, NOT verified fault","Lithologic contact, intrusive margin, regional gravity processing artifact"
1040,1439,387300.0,4404500.0,3.6427009105682373,0.20989328622817993,"High gravity-gradient proxy with muted topographic slope; buried density boundary possible, NOT verified fault","Lithologic contact, intrusive margin, regional gravity processing artifact"
1040,1442,387600.0,4404500.0,4.200431823730469,0.1713963896036148,"High gravity-gradient proxy with muted topographic slope; buried density boundary possible, NOT verified fault","Lithologic contact, intrusive margin, regional gravity processing artifact"
1040,1445,387900.0,4404500.0,4.758826732635498,0.13573111593723297,"High gravity-gradient proxy with muted topographic slope; buried density boundary possible, NOT verified fault","Lithologic contact, intrusive margin, regional gravity processing artifact"
1040,1448,388200.0,4404500.0,5.318696975708008,0.2462623566389084,"High gravity-gradient proxy with muted topographic slope; buried density boundary possible, NOT verified fault","Lithologic contact, intrusive margin, regional gravity processing artifact"
1040,1460,389400.0,4404500.0,7.183943271636963,0.0574144646525383,"High gravity-gradient proxy with muted topographic slope; buried density boundary possible, NOT verified fault","Lithologic contact, intrusive margin, regional gravity processing artifact"
1040,1463,389700.0,4404500.0,7.550427436828613,0.05621928349137306,"High gravity-gradient proxy with muted topographic slope; buried density boundary possible, NOT verified fault","Lithologic contact, intrusive margin, regional gravity processing artifact"
1041,1451,388500.0,4404400.0,5.910218238830566,0.22822986543178558,"High gravity-gradient proxy with muted topographic slope; buried density boundary possible, NOT verified fault","Lithologic contact, intrusive margin, regional gravity processing artifact"
1041,1454,388800.0,4404400.0,6.453364849090576,0.20656585693359375,"High gravity-gradient proxy with muted topographic slope; buried density boundary possible, NOT verified fault","Lithologic contact, intrusive margin, regional gravity processing artifact"
1041,1457,389100.0,4404400.0,6.814038276672363,0.10914979875087738,"High gravity-gradient proxy with muted topographic slope; buried density boundary possible, NOT verified fault","Lithologic contact, intrusive margin, regional gravity processing artifact"
1043,1439,387300.0,4404200.0,3.9129080772399902,0.19176237285137177,"High gravity-gradient proxy with muted topographic slope; buried density boundary possible, NOT verified fault","Lithologic contact, intrusive margin, regional gravity processing artifact"
1043,1442,387600.0,4404200.0,4.436112403869629,0.23552678525447845,"High gravity-gradient proxy with muted topographic slope; buried density boundary possible, NOT verified fault","Lithologic contact, intrusive margin, regional gravity processing artifact"
1043,1445,387900.0,4404200.0,4.955102920532227,0.25345349311828613,"High gravity-gradient proxy with muted topographic slope; buried density boundary possible, NOT verified fault","Lithologic contact, intrusive margin, regional gravity processing artifact"
1043,1448,388200.0,4404200.0,5.464135646820068,0.1764259934425354,"High gravity-gradient proxy with muted topographic slope; buried density boundary possible, NOT verified fault","Lithologic contact, intrusive margin, regional gravity processing artifact"
1043,1460,389400.0,4404200.0,7.118782043457031,0.06828774511814117,"High gravity-gradient proxy with muted topographic slope; buried density boundary possible, NOT verified fault","Lithologic contact, intrusive margin, regional gravity processing artifact"
1043,1463,389700.0,4404200.0,7.430741786956787,0.07017398625612259,"High gravity-gradient proxy with muted topographic slope; buried density boundary possible, NOT verified fault","Lithologic contact, intrusive margin, regional gravity processing artifact"
1045,1453,388700.0,4404000.0,6.35321044921875,0.16895504295825958,"High gravity-gradient proxy with muted topographic slope; buried density boundary possible, NOT verified fault","Lithologic contact, intrusive margin, regional gravity processing artifact"
1046,1438,387200.0,4403900.0,4.020199298858643,0.20386360585689545,"High gravity-gradient proxy with muted topographic slope; buried density boundary possible, NOT verified fault","Lithologic contact, intrusive margin, regional gravity processing artifact"
1046,1441,387500.0,4403900.0,4.508850574493408,0.20060397684574127,"High gravity-gradient proxy with muted topographic slope; buried density boundary possible, NOT verified fault","Lithologic contact, intrusive margin, regional gravity processing artifact"
1046,1444,387800.0,4403900.0,4.99758243560791,0.2232920080423355,"High gravity-gradient proxy with muted topographic slope; buried density boundary possible, NOT verified fault","Lithologic contact, intrusive margin, regional gravity processing artifact"
1046,1447,388100.0,4403900.0,5.456770420074463,0.18121765553951263,"High gravity-gradient proxy with muted topographic slope; buried density boundary possible, NOT verified fault","Lithologic contact, intrusive margin, regional gravity processing artifact"
1046,1450,388400.0,4403900.0,5.915040016174316,0.1904837191104889,"High gravity-gradient proxy with muted topographic slope; buried density boundary possible, NOT verified fault","Lithologic contact, intrusive margin, regional gravity processing artifact"
1046,1456,389000.0,4403900.0,6.7104926109313965,0.11282668262720108,"High gravity-gradient proxy with muted topographic slope; buried density boundary possible, NOT verified fault","Lithologic contact, intrusive margin, regional gravity processing artifact"
1046,1459,389300.0,4403900.0,6.967771530151367,0.04350966587662697,"High gravity-gradient proxy with muted topographic slope; buried density boundary possible, NOT verified fault","Lithologic contact, intrusive margin, regional gravity processing artifact"
1046,1462,389600.0,4403900.0,7.225168228149414,0.09544423222541809,"High gravity-gradient proxy with muted topographic slope; buried density boundary possible, NOT verified fault","Lithologic contact, intrusive margin, regional gravity processing artifact"
1048,1453,388700.0,4403700.0,6.429442405700684,0.16229510307312012,"High gravity-gradient proxy with muted topographic slope; buried density boundary possible, NOT verified fault","Lithologic contact, intrusive margin, regional gravity processing artifact"
1049,1435,386900.0,4403600.0,3.8144571781158447,0.17441318929195404,"High gravity-gradient proxy with muted topographic slope; buried density boundary possible, NOT verified fault","Lithologic contact, intrusive margin, regional gravity processing artifact"
1049,1438,387200.0,4403600.0,4.310223579406738,0.1828632950782776,"High gravity-gradient proxy with muted topographic slope; buried density boundary possible, NOT verified fault","Lithologic contact, intrusive margin, regional gravity processing artifact"
1049,1441,387500.0,4403600.0,4.805939674377441,0.15212470293045044,"High gravity-gradient proxy with muted topographic slope; buried density boundary possible, NOT verified fault","Lithologic contact, intrusive margin, regional gravity processing artifact"
1049,1444,387800.0,4403600.0,5.301610946655273,0.17244985699653625,"High gravity-gradient proxy with muted topographic slope; buried density boundary possible, NOT verified fault","Lithologic contact, intrusive margin, regional gravity processing artifact"
1049,1447,388100.0,4403600.0,5.691010475158691,0.14954809844493866,"High gravity-gradient proxy with muted topographic slope; buried density boundary possible, NOT verified fault","Lithologic contact, intrusive margin, regional gravity processing artifact"
1049,1450,388400.0,4403600.0,6.076958656311035,0.1928321123123169,"High gravity-gradient proxy with muted topographic slope; buried density boundary possible, NOT verified fault","Lithologic contact, intrusive margin, regional gravity processing artifact"
1049,1459,389300.0,4403600.0,6.901806354522705,0.14991888403892517,"High gravity-gradient proxy with muted topographic slope; buried density boundary possible, NOT verified fault","Lithologic contact, intrusive margin, regional gravity processing artifact"
1049,1462,389600.0,4403600.0,7.080174446105957,0.10690079629421234,"High gravity-gradient proxy with muted topographic slope; buried density boundary possible, NOT verified fault","Lithologic contact, intrusive margin, regional gravity processing artifact"
1051,1454,388800.0,4403400.0,6.641197681427002,0.1361292004585266,"High gravity-gradient proxy with muted topographic slope; buried density boundary possible, NOT verified fault","Lithologic contact, intrusive margin, regional gravity processing artifact"
1052,1435,386900.0,4403300.0,4.084789276123047,0.1585599184036255,"High gravity-gradient proxy with muted topographic slope; buried density boundary possible, NOT verified fault","Lithologic contact, intrusive margin, regional gravity processing artifact"
1052,1438,387200.0,4403300.0,4.603434085845947,0.1546875685453415,"High gravity-gradient proxy with muted topographic slope; buried density boundary possible, NOT verified fault","Lithologic contact, intrusive margin, regional gravity processing artifact"
1052,1441,387500.0,4403300.0,5.122028827667236,0.18221215903759003,"High gravity-gradient proxy with muted topographic slope; buried density boundary possible, NOT verified fault","Lithologic contact, intrusive margin, regional gravity processing artifact"
1052,1444,387800.0,4403300.0,5.6405792236328125,0.1640044003725052,"High gravity-gradient proxy with muted topographic slope; buried density boundary possible, NOT verified fault","Lithologic contact, intrusive margin, regional gravity processing artifact"
1052,1448,388200.0,4403300.0,6.054605484008789,0.1934594362974167,"High gravity-gradient proxy with muted topographic slope; buried density boundary possible, NOT verified fault","Lithologic contact, intrusive margin, regional gravity processing artifact"
1052,1451,388500.0,4403300.0,6.360147953033447,0.190873384475708,"High gravity-gradient proxy with muted topographic slope; buried density boundary possible, NOT verified fault","Lithologic contact, intrusive margin, regional gravity processing artifact"
1052,1460,389400.0,4403300.0,6.858203887939453,0.10936325043439865,"High gravity-gradient proxy with muted topographic slope; buried density boundary possible, NOT verified fault","Lithologic contact, intrusive margin, regional gravity processing artifact"
1053,1457,389100.0,4403200.0,6.763906955718994,0.10003214329481125,"High gravity-gradient proxy with muted topographic slope; buried density boundary possible, NOT verified fault","Lithologic contact, intrusive margin, regional gravity processing artifact"
1054,1454,388800.0,4403100.0,6.715170860290527,0.0742117390036583,"High gravity-gradient proxy with muted topographic slope; buried density boundary possible, NOT verified fault","Lithologic contact, intrusive margin, regional gravity processing artifact"
1055,1437,387100.0,4403000.0,4.716169834136963,0.19239111244678497,"High gravity-gradient proxy with muted topographic slope; buried density boundary possible, NOT verified fault","Lithologic contact, intrusive margin, regional gravity processing artifact"
1055,1440,387400.0,4403000.0,5.257659435272217,0.14749829471111298,"High gravity-gradient proxy with muted topographic slope; buried density boundary possible, NOT verified fault","Lithologic contact, intrusive margin, regional gravity processing artifact"
1055,1443,387700.0,4403000.0,5.799103736877441,0.16164295375347137,"High gravity-gradient proxy with muted topographic slope; buried density boundary possible, NOT verified fault","Lithologic contact, intrusive margin, regional gravity processing artifact"
1055,1448,388200.0,4403000.0,6.289477348327637,0.1677829623222351,"High gravity-gradient proxy with muted topographic slope; buried density boundary possible, NOT verified fault","Lithologic contact, intrusive margin, regional gravity processing artifact"
1055,1451,388500.0,4403000.0,6.514554500579834,0.040773358196020126,"High gravity-gradient proxy with muted topographic slope; buried density boundary possible, NOT verified fault","Lithologic contact, intrusive margin, regional gravity processing artifact"
1055,1460,389400.0,4403000.0,6.755062580108643,0.1952311396598816,"High gravity-gradient proxy with muted topographic slope; buried density boundary possible, NOT verified fault","Lithologic contact, intrusive margin, regional gravity processing artifact"
1056,1434,386800.0,4402900.0,4.262142181396484,0.23590458929538727,"High gravity-gradient proxy with muted topographic slope; buried density boundary possible, NOT verified fault","Lithologic contact, intrusive margin, regional gravity processing artifact"
1056,1457,389100.0,4402900.0,6.749465465545654,0.11210121214389801,"High gravity-gradient proxy with muted topographic slope; buried density boundary possible, NOT verified fault","Lithologic contact, intrusive margin, regional gravity processing artifact"
1057,1454,388800.0,4402800.0,6.793534278869629,0.23226746916770935,"High gravity-gradient proxy with muted topographic slope; buried density boundary possible, NOT verified fault","Lithologic contact, intrusive margin, regional gravity processing artifact"
1058,1439,387300.0,4402700.0,5.3628387451171875,0.1490470916032791,"High gravity-gradient proxy with muted topographic slope; buried density boundary possible, NOT verified fault","Lithologic contact, intrusive margin, regional gravity processing artifact"
1058,1442,387600.0,4402700.0,5.924219608306885,0.16103893518447876,"High gravity-gradient proxy with muted topographic slope; buried density boundary possible, NOT verified fault","Lithologic contact, intrusive margin, regional gravity processing artifact"
1058,1445,387900.0,4402700.0,6.363492012023926,0.16072921454906464,"High gravity-gradient proxy with muted topographic slope; buried density boundary possible, NOT verified fault","Lithologic contact, intrusive margin, regional gravity processing artifact"
1058,1448,388200.0,4402700.0,6.520814895629883,0.10229181498289108,"High gravity-gradient proxy with muted topographic slope; buried density boundary possible, NOT verified fault","Lithologic contact, intrusive margin, regional gravity processing artifact"
1058,1451,388500.0,4402700.0,6.67824649810791,0.1356426626443863,"High gravity-gradient proxy with muted topographic slope; buried density boundary possible, NOT verified fault","Lithologic contact, intrusive margin, regional gravity processing artifact"
1059,1433,386700.0,4402600.0,4.297704219818115,0.2374672293663025,"High gravity-gradient proxy with muted topographic slope; buried density boundary possible, NOT verified fault","Lithologic contact, intrusive margin, regional gravity processing artifact"
1059,1436,387000.0,4402600.0,4.884485244750977,0.14973609149456024,"High gravity-gradient proxy with muted topographic slope; buried density boundary possible, NOT verified fault","Lithologic contact, intrusive margin, regional gravity processing artifact"
1060,1456,389000.0,4402500.0,6.829920291900635,0.2657199800014496,"High gravity-gradient proxy with muted topographic slope; buried density boundary possible, NOT verified fault","Lithologic contact, intrusive margin, regional gravity processing artifact"
1061,1441,387500.0,4402400.0,6.012591361999512,0.21973513066768646,"High gravity-gradient proxy with muted topographic slope; buried density boundary possible, NOT verified fault","Lithologic contact, intrusive margin, regional gravity processing artifact"
1061,1444,387800.0,4402400.0,6.589738368988037,0.16935831308364868,"High gravity-gradient proxy with muted topographic slope; buried density boundary possible, NOT verified fault","Lithologic contact, intrusive margin, regional gravity processing artifact"
1061,1447,388100.0,4402400.0,6.711518287658691,0.056786537170410156,"High gravity-gradient proxy with muted topographic slope; buried density boundary possible, NOT verified fault","Lithologic contact, intrusive margin, regional gravity processing artifact"
1061,1450,388400.0,4402400.0,6.81901216506958,0.06437967717647552,"High gravity-gradient proxy with muted topographic slope; buried density boundary possible, NOT verified fault","Lithologic contact, intrusive margin, regional gravity processing artifact"
1061,1453,388700.0,4402400.0,6.926615238189697,0.096718929708004,"High gravity-gradient proxy with muted topographic slope; buried density boundary possible, NOT verified fault","Lithologic contact, intrusive margin, regional gravity processing artifact"
1062,1432,386600.0,4402300.0,4.303813934326172,0.20814788341522217,"High gravity-gradient proxy with muted topographic slope; buried density boundary possible, NOT verified fault","Lithologic contact, intrusive margin, regional gravity processing artifact"
1062,1435,386900.0,4402300.0,4.939516067504883,0.1549598127603531,"High gravity-gradient proxy with muted topographic slope; buried density boundary possible, NOT verified fault","Lithologic contact, intrusive margin, regional gravity processing artifact"
1062,1438,387200.0,4402300.0,5.521988868713379,0.16217461228370667,"High gravity-gradient proxy with muted topographic slope; buried density boundary possible, NOT verified fault","Lithologic contact, intrusive margin, regional gravity processing artifact"
1064,1443,387700.0,4402100.0,6.6833977699279785,0.16469670832157135,"High gravity-gradient proxy with muted topographic slope; buried density boundary possible, NOT verified fault","Lithologic contact, intrusive margin, regional gravity processing artifact"
1064,1446,388000.0,4402100.0,6.935442924499512,0.10452453792095184,"High gravity-gradient proxy with muted topographic slope; buried density boundary possible, NOT verified fault","Lithologic contact, intrusive margin, regional gravity processing artifact"
1064,1449,388300.0,4402100.0,6.99299955368042,0.062429483979940414,"High gravity-gradient proxy with muted topographic slope; buried density boundary possible, NOT verified fault","Lithologic contact, intrusive margin, regional gravity processing artifact"
1064,1452,388600.0,4402100.0,7.050664901733398,0.1321883350610733,"High gravity-gradient proxy with muted topographic slope; buried density boundary possible, NOT verified fault","Lithologic contact, intrusive margin, regional gravity processing artifact"
1064,1455,388900.0,4402100.0,7.011350631713867,0.1570316106081009,"High gravity-gradient proxy with muted topographic slope; buried density boundary possible, NOT verified fault","Lithologic contact, intrusive margin, regional gravity processing artifact"
1065,1431,386500.0,4402000.0,4.286296367645264,0.23907123506069183,"High gravity-gradient proxy with muted topographic slope; buried density boundary possible, NOT verified fault","Lithologic contact, intrusive margin, regional gravity processing artifact"
1065,1434,386800.0,4402000.0,4.984038352966309,0.1707638055086136,"High gravity-gradient proxy with muted topographic slope; buried density boundary possible, NOT verified fault","Lithologic contact, intrusive margin, regional gravity processing artifact"
1065,1437,387100.0,4402000.0,5.582308292388916,0.16353480517864227,"High gravity-gradient proxy with muted topographic slope; buried density boundary possible, NOT verified fault","Lithologic contact, intrusive margin, regional gravity processing artifact"
1065,1440,387400.0,4402000.0,6.180542945861816,0.16981224715709686,"High gravity-gradient proxy with muted topographic slope; buried density boundary possible, NOT verified fault","Lithologic contact, intrusive margin, regional gravity processing artifact"
1067,1443,387700.0,4401800.0,6.936724662780762,0.17936287820339203,"High gravity-gradient proxy with muted topographic slope; buried density boundary possible, NOT verified fault","Lithologic contact, intrusive margin, regional gravity processing artifact"
1067,1446,388000.0,4401800.0,7.161078929901123,0.04481459781527519,"High gravity-gradient proxy with muted topographic slope; buried density boundary possible, NOT verified fault","Lithologic contact, intrusive margin, regional gravity processing artifact"
1067,1449,388300.0,4401800.0,7.17170524597168,0.06914006918668747,"High gravity-gradient proxy with muted topographic slope; buried density boundary possible, NOT verified fault","Lithologic contact, intrusive margin, regional gravity processing artifact"
1067,1452,388600.0,4401800.0,7.182391166687012,0.13385936617851257,"High gravity-gradient proxy with muted topographic slope; buried density boundary possible, NOT verified fault","Lithologic contact, intrusive margin, regional gravity processing artifact"
1068,1430,386400.0,4401700.0,4.261843204498291,0.23209692537784576,"High gravity-gradient proxy with muted topographic slope; buried density boundary possible, NOT verified fault","Lithologic contact, intrusive margin, regional gravity processing artifact"
1068,1433,386700.0,4401700.0,4.968133449554443,0.1635475754737854,"High gravity-gradient proxy with muted topographic slope; buried density boundary possible, NOT verified fault","Lithologic contact, intrusive margin, regional gravity processing artifact"
1068,1436,387000.0,4401700.0,5.589538097381592,0.18006564676761627,"High gravity-gradient proxy with muted topographic slope; buried density boundary possible, NOT verified fault","Lithologic contact, intrusive margin, regional gravity processing artifact"
1068,1439,387300.0,4401700.0,6.168741703033447,0.1714254915714264,"High gravity-gradient proxy with muted topographic slope; buried density boundary possible, NOT verified fault","Lithologic contact, intrusive margin, regional gravity processing artifact"
1070,1442,387600.0,4401500.0,6.770612716674805,0.19951775670051575,"High gravity-gradient proxy with muted topographic slope; buried density boundary possible, NOT verified fault","Lithologic contact, intrusive margin, regional gravity processing artifact"
1070,1445,387900.0,4401500.0,7.140258312225342,0.14512251317501068,"High gravity-gradient proxy with muted topographic slope; buried density boundary possible, NOT verified fault","Lithologic contact, intrusive margin, regional gravity processing artifact"
1070,1448,388200.0,4401500.0,7.1235198974609375,0.025030001997947693,"High gravity-gradient proxy with muted topographic slope; buried density boundary possible, NOT verified fault","Lithologic contact, intrusive margin, regional gravity processing artifact"
1070,1451,388500.0,4401500.0,7.106841087341309,0.12177575379610062,"High gravity-gradient proxy with muted topographic slope; buried density boundary possible, NOT verified fault","Lithologic contact, intrusive margin, regional gravity processing artifact"
1071,1433,386700.0,4401400.0,5.172552108764648,0.180413618683815,"High gravity-gradient proxy with muted topographic slope; buried density boundary possible, NOT verified fault","Lithologic contact, intrusive margin, regional gravity processing artifact"
1071,1436,387000.0,4401400.0,5.7453389167785645,0.1494981050491333,"High gravity-gradient proxy with muted topographic slope; buried density boundary possible, NOT verified fault","Lithologic contact, intrusive margin, regional gravity processing artifact"
1071,1439,387300.0,4401400.0,6.263535499572754,0.14161770045757294,"High gravity-gradient proxy with muted topographic slope; buried density boundary possible, NOT verified fault","Lithologic contact, intrusive margin, regional gravity processing artifact"
1073,1442,387600.0,4401200.0,6.804351806640625,0.162226140499115,"High gravity-gradient proxy with muted topographic slope; buried density boundary possible, NOT verified fault","Lithologic contact, intrusive margin, regional gravity processing artifact"
1073,1445,387900.0,4401200.0,7.122934818267822,0.1139918714761734,"High gravity-gradient proxy with muted topographic slope; buried density boundary possible, NOT verified fault","Lithologic contact, intrusive margin, regional gravity processing artifact"
1073,1448,388200.0,4401200.0,7.078851699829102,0.12619751691818237,"High gravity-gradient proxy with muted topographic slope; buried density boundary possible, NOT verified fault","Lithologic contact, intrusive margin, regional gravity processing artifact"
1073,1451,388500.0,4401200.0,7.034827709197998,0.17436973750591278,"High gravity-gradient proxy with muted topographic slope; buried density boundary possible, NOT verified fault","Lithologic contact, intrusive margin, regional gravity processing artifact"
1076,1448,388200.0,4400900.0,7.034151554107666,0.06993435323238373,"High gravity-gradient proxy with muted topographic slope; buried density boundary possible, NOT verified fault","Lithologic contact, intrusive margin, regional gravity processing artifact"
1076,1451,388500.0,4400900.0,6.962782859802246,0.17646600306034088,"High gravity-gradient proxy with muted topographic slope; buried density boundary possible, NOT verified fault","Lithologic contact, intrusive margin, regional gravity processing artifact"
1077,1442,387600.0,4400800.0,6.831580638885498,0.12781476974487305,"High gravity-gradient proxy with muted topographic slope; buried density boundary possible, NOT verified fault","Lithologic contact, intrusive margin, regional gravity processing artifact"
1077,1445,387900.0,4400800.0,7.079591274261475,0.06556334346532822,"High gravity-gradient proxy with muted topographic slope; buried density boundary possible, NOT verified fault","Lithologic contact, intrusive margin, regional gravity processing artifact"
1080,1444,387800.0,4400500.0,6.965572357177734,0.062027763575315475,"High gravity-gradient proxy with muted topographic slope; buried density boundary possible, NOT verified fault","Lithologic contact, intrusive margin, regional gravity processing artifact"
1080,1447,388100.0,4400500.0,6.827898025512695,0.15898765623569489,"High gravity-gradient proxy with muted topographic slope; buried density boundary possible, NOT verified fault","Lithologic contact, intrusive margin, regional gravity processing artifact"
1081,1441,387500.0,4400400.0,6.620887756347656,0.108289934694767,"High gravity-gradient proxy with muted topographic slope; buried density boundary possible, NOT verified fault","Lithologic contact, intrusive margin, regional gravity processing artifact"
1083,1445,387900.0,4400200.0,6.776754379272461,0.17375385761260986,"High gravity-gradient proxy with muted topographic slope; buried density boundary possible, NOT verified fault","Lithologic contact, intrusive margin, regional gravity processing artifact"
1083,1448,388200.0,4400200.0,6.561820983886719,0.3333040177822113,"High gravity-gradient proxy with muted topographic slope; buried density boundary possible, NOT verified fault","Lithologic contact, intrusive margin, regional gravity processing artifact"
1084,1439,387300.0,4400100.0,6.407430171966553,0.06300666928291321,"High gravity-gradient proxy with muted topographic slope; buried density boundary possible, NOT verified fault","Lithologic contact, intrusive margin, regional gravity processing artifact"
1084,1442,387600.0,4400100.0,6.6386260986328125,0.09662877023220062,"High gravity-gradient proxy with muted topographic slope; buried density boundary possible, NOT verified fault","Lithologic contact, intrusive margin, regional gravity processing artifact"
1085,1436,387000.0,4400000.0,6.195598125457764,0.053722649812698364,"High gravity-gradient proxy with muted topographic slope; buried density boundary possible, NOT verified fault","Lithologic contact, intrusive margin, regional gravity processing artifact"
1086,1446,388000.0,4399900.0,6.532067775726318,0.22140604257583618,"High gravity-gradient proxy with muted topographic slope; buried density boundary possible, NOT verified fault","Lithologic contact, intrusive margin, regional gravity processing artifact"
1087,1440,387400.0,4399800.0,6.447592258453369,0.10909538716077805,"High gravity-gradient proxy with muted topographic slope; buried density boundary possible, NOT verified fault","Lithologic contact, intrusive margin, regional gravity processing artifact"
1087,1443,387700.0,4399800.0,6.610405921936035,0.11632991582155228,"High gravity-gradient proxy with muted topographic slope; buried density boundary possible, NOT verified fault","Lithologic contact, intrusive margin, regional gravity processing artifact"
1088,1434,386800.0,4399700.0,6.149094104766846,0.3581714630126953,"High gravity-gradient proxy with muted topographic slope; buried density boundary possible, NOT verified fault","Lithologic contact, intrusive margin, regional gravity processing artifact"
1088,1437,387100.0,4399700.0,6.29148006439209,0.17697913944721222,"High gravity-gradient proxy with muted topographic slope; buried density boundary possible, NOT verified fault","Lithologic contact, intrusive margin, regional gravity processing artifact"
1089,1446,388000.0,4399600.0,6.374618053436279,0.029837941750884056,"High gravity-gradient proxy with muted topographic slope; buried density boundary possible, NOT verified fault","Lithologic contact, intrusive margin, regional gravity processing artifact"
1090,1440,387400.0,4399500.0,6.406787395477295,0.05120878666639328,"High gravity-gradient proxy with muted topographic slope; buried density boundary possible, NOT verified fault","Lithologic contact, intrusive margin, regional gravity processing artifact"
1090,1443,387700.0,4399500.0,6.509109973907471,0.05767085775732994,"High gravity-gradient proxy with muted topographic slope; buried density boundary possible, NOT verified fault","Lithologic contact, intrusive margin, regional gravity processing artifact"
1091,1431,386500.0,4399400.0,5.616945266723633,0.32978370785713196,"High gravity-gradient proxy with muted topographic slope; buried density boundary possible, NOT verified fault","Lithologic contact, intrusive margin, regional gravity processing artifact"
1091,1434,386800.0,4399400.0,6.229247570037842,0.16591869294643402,"High gravity-gradient proxy with muted topographic slope; buried density boundary possible, NOT verified fault","Lithologic contact, intrusive margin, regional gravity processing artifact"
1091,1437,387100.0,4399400.0,6.311142444610596,0.23303614556789398,"High gravity-gradient proxy with muted topographic slope; buried density boundary possible, NOT verified fault","Lithologic contact, intrusive margin, regional gravity processing artifact"
1093,1440,387400.0,4399200.0,6.365912437438965,0.1298498660326004,"High gravity-gradient proxy with muted topographic slope; buried density boundary possible, NOT verified fault","Lithologic contact, intrusive margin, regional gravity processing artifact"
1093,1443,387700.0,4399200.0,6.40774393081665,0.13038556277751923,"High gravity-gradient proxy with muted topographic slope; buried density boundary possible, NOT verified fault","Lithologic contact, intrusive margin, regional gravity processing artifact"
1094,1432,386600.0,4399100.0,5.896432876586914,0.11854126304388046,"High gravity-gradient proxy with muted topographic slope; buried density boundary possible, NOT verified fault","Lithologic contact, intrusive margin, regional gravity processing artifact"
1094,1435,386900.0,4399100.0,6.316450595855713,0.09760566800832748,"High gravity-gradient proxy with muted topographic slope; buried density boundary possible, NOT verified fault","Lithologic contact, intrusive margin, regional gravity processing artifact"
1096,1438,387200.0,4398900.0,6.337479591369629,0.18786047399044037,"High gravity-gradient proxy with muted topographic slope; buried density boundary possible, NOT verified fault","Lithologic contact, intrusive margin, regional gravity processing artifact"
1096,1441,387500.0,4398900.0,6.318732738494873,0.08986817300319672,"High gravity-gradient proxy with muted topographic slope; buried density boundary possible, NOT verified fault","Lithologic contact, intrusive margin, regional gravity processing artifact"
1097,1432,386600.0,4398800.0,5.918929100036621,0.07013165950775146,"High gravity-gradient proxy with muted topographic slope; buried density boundary possible, NOT verified fault","Lithologic contact, intrusive margin, regional gravity processing artifact"
1097,1435,386900.0,4398800.0,6.314400672912598,0.07357733696699142,"High gravity-gradient proxy with muted topographic slope; buried density boundary possible, NOT verified fault","Lithologic contact, intrusive margin, regional gravity processing artifact"
1099,1440,387400.0,4398600.0,6.181480407714844,0.11985813081264496,"High gravity-gradient proxy with muted topographic slope; buried density boundary possible, NOT verified fault","Lithologic contact, intrusive margin, regional gravity processing artifact"
1100,1431,386500.0,4398500.0,5.590694904327393,0.2701416313648224,"High gravity-gradient proxy with muted topographic slope; buried density boundary possible, NOT verified fault","Lithologic contact, intrusive margin, regional gravity processing artifact"
1100,1434,386800.0,4398500.0,6.081320285797119,0.12091146409511566,"High gravity-gradient proxy with muted topographic slope; buried density boundary possible, NOT verified fault","Lithologic contact, intrusive margin, regional gravity processing artifact"
1100,1437,387100.0,4398500.0,6.105251312255859,0.27912333607673645,"High gravity-gradient proxy with muted topographic slope; buried density boundary possible, NOT verified fault","Lithologic contact, intrusive margin, regional gravity processing artifact"
1103,1429,386300.0,4398200.0,5.211456298828125,0.17368163168430328,"High gravity-gradient proxy with muted topographic slope; buried density boundary possible, NOT verified fault","Lithologic contact, intrusive margin, regional gravity processing artifact"
1103,1432,386600.0,4398200.0,5.591547966003418,0.10439301282167435,"High gravity-gradient proxy with muted topographic slope; buried density boundary possible, NOT verified fault","Lithologic contact, intrusive margin, regional gravity processing artifact"
1103,1435,386900.0,4398200.0,5.864261150360107,0.11668141931295395,"High gravity-gradient proxy with muted topographic slope; buried density boundary possible, NOT verified fault","Lithologic contact, intrusive margin, regional gravity processing artifact"
1103,1438,387200.0,4398200.0,5.928912162780762,0.058401864022016525,"High gravity-gradient proxy with muted topographic slope; buried density boundary possible, NOT verified fault","Lithologic contact, intrusive margin, regional gravity processing artifact"
1106,1428,386200.0,4397900.0,5.072464466094971,0.323607474565506,"High gravity-gradient proxy with muted topographic slope; buried density boundary possible, NOT verified fault","Lithologic contact, intrusive margin, regional gravity processing artifact"
1106,1431,386500.0,4397900.0,5.338819980621338,0.058308545500040054,"High gravity-gradient proxy with muted topographic slope; buried density boundary possible, NOT verified fault","Lithologic contact, intrusive margin, regional gravity processing artifact"
1109,1431,386500.0,4397600.0,5.1082563400268555,0.12474242597818375,"High gravity-gradient proxy with muted topographic slope; buried density boundary possible, NOT verified fault","Lithologic contact, intrusive margin, regional gravity processing artifact"
1110,1434,386800.0,4397500.0,5.220527648925781,0.10664214938879013,"High gravity-gradient proxy with muted topographic slope; buried density boundary possible, NOT verified fault","Lithologic contact, intrusive margin, regional gravity processing artifact"
1116,1426,386000.0,4396900.0,4.400089263916016,0.2316281795501709,"High gravity-gradient proxy with muted topographic slope; buried density boundary possible, NOT verified fault","Lithologic contact, intrusive margin, regional gravity processing artifact"
1117,1423,385700.0,4396800.0,4.276525497436523,0.32462748885154724,"High gravity-gradient proxy with muted topographic slope; buried density boundary possible, NOT verified fault","Lithologic contact, intrusive margin, regional gravity processing artifact"
1119,1427,386100.0,4396600.0,4.1735639572143555,0.09641735255718231,"High gravity-gradient proxy with muted topographic slope; buried density boundary possible, NOT verified fault","Lithologic contact, intrusive margin, regional gravity processing artifact"
1119,1430,386400.0,4396600.0,4.307794570922852,0.14160241186618805,"High gravity-gradient proxy with muted topographic slope; buried density boundary possible, NOT verified fault","Lithologic contact, intrusive margin, regional gravity processing artifact"
1120,1424,385800.0,4396500.0,3.935476541519165,0.16029322147369385,"High gravity-gradient proxy with muted topographic slope; buried density boundary possible, NOT verified fault","Lithologic contact, intrusive margin, regional gravity processing artifact"
1122,1409,384300.0,4396300.0,4.30874490737915,0.1767735481262207,"High gravity-gradient proxy with muted topographic slope; buried density boundary possible, NOT verified fault","Lithologic contact, intrusive margin, regional gravity processing artifact"
1122,1421,385500.0,4396300.0,4.052004337310791,0.17197585105895996,"High gravity-gradient proxy with muted topographic slope; buried density boundary possible, NOT verified fault","Lithologic contact, intrusive margin, regional gravity processing artifact"
1122,1427,386100.0,4396300.0,3.913055896759033,0.15404202044010162,"High gravity-gradient proxy with muted topographic slope; buried density boundary possible, NOT verified fault","Lithologic contact, intrusive margin, regional gravity processing artifact"
1123,1424,385800.0,4396200.0,3.624284267425537,0.17820051312446594,"High gravity-gradient proxy with muted topographic slope; buried density boundary possible, NOT verified fault","Lithologic contact, intrusive margin, regional gravity processing artifact"
1125,1407,384100.0,4396000.0,4.230550765991211,0.3527224361896515,"High gravity-gradient proxy with muted topographic slope; buried density boundary possible, NOT verified fault","Lithologic contact, intrusive margin, regional gravity processing artifact"
1125,1410,384400.0,4396000.0,4.586968421936035,0.19643434882164001,"High gravity-gradient proxy with muted topographic slope; buried density boundary possible, NOT verified fault","Lithologic contact, intrusive margin, regional gravity processing artifact"
1125,1413,384700.0,4396000.0,4.943397045135498,0.12664124369621277,"High gravity-gradient proxy with muted topographic slope; buried density boundary possible, NOT verified fault","Lithologic contact, intrusive margin, regional gravity processing artifact"
1125,1421,385500.0,4396000.0,3.870779514312744,0.24683886766433716,"High gravity-gradient proxy with muted topographic slope; buried density boundary possible, NOT verified fault","Lithologic contact, intrusive margin, regional gravity processing artifact"
1128,1409,384300.0,4395700.0,4.4333977699279785,0.16479121148586273,"High gravity-gradient proxy with muted topographic slope; buried density boundary possible, NOT verified fault","Lithologic contact, intrusive margin, regional gravity processing artifact"
1128,1412,384600.0,4395700.0,4.719625949859619,0.18485616147518158,"High gravity-gradient proxy with muted topographic slope; buried density boundary possible, NOT verified fault","Lithologic contact, intrusive margin, regional gravity processing artifact"
1128,1416,385000.0,4395700.0,4.518748760223389,0.2006058394908905,"High gravity-gradient proxy with muted topographic slope; buried density boundary possible, NOT verified fault","Lithologic contact, intrusive margin, regional gravity processing artifact"
1130,1419,385300.0,4395500.0,3.8676581382751465,0.06263440102338791,"High gravity-gradient proxy with muted topographic slope; buried density boundary possible, NOT verified fault","Lithologic contact, intrusive margin, regional gravity processing artifact"
1131,1413,384700.0,4395400.0,4.53726863861084,0.14613865315914154,"High gravity-gradient proxy with muted topographic slope; buried density boundary possible, NOT verified fault","Lithologic contact, intrusive margin, regional gravity processing artifact"
1131,1416,385000.0,4395400.0,4.247900009155273,0.18349595367908478,"High gravity-gradient proxy with muted topographic slope; buried density boundary possible, NOT verified fault","Lithologic contact, intrusive margin, regional gravity processing artifact"
1134,1416,385000.0,4395100.0,3.9771058559417725,0.3087179660797119,"High gravity-gradient proxy with muted topographic slope; buried density boundary possible, NOT verified fault","Lithologic contact, intrusive margin, regional gravity processing artifact"
1144,1412,384600.0,4394100.0,4.1088995933532715,0.22062502801418304,"High gravity-gradient proxy with muted topographic slope; buried density boundary possible, NOT verified fault","Lithologic contact, intrusive margin, regional gravity processing artifact"
1149,1408,384200.0,4393600.0,4.3797760009765625,0.25736483931541443,"High gravity-gradient proxy with muted topographic slope; buried density boundary possible, NOT verified fault","Lithologic contact, intrusive margin, regional gravity processing artifact"
1149,1411,384500.0,4393600.0,4.285532474517822,0.046168845146894455,"High gravity-gradient proxy with muted topographic slope; buried density boundary possible, NOT verified fault","Lithologic contact, intrusive margin, regional gravity processing artifact"
1152,1407,384100.0,4393300.0,4.502206325531006,0.176696315407753,"High gravity-gradient proxy with muted topographic slope; buried density boundary possible, NOT verified fault","Lithologic contact, intrusive margin, regional gravity processing artifact"
1152,1410,384400.0,4393300.0,4.432159423828125,0.08927322924137115,"High gravity-gradient proxy with muted topographic slope; buried density boundary possible, NOT verified fault","Lithologic contact, intrusive margin, regional gravity processing artifact"
1152,1413,384700.0,4393300.0,4.362059116363525,0.030776841565966606,"High gravity-gradient proxy with muted topographic slope; buried density boundary possible, NOT verified fault","Lithologic contact, intrusive margin, regional gravity processing artifact"
1153,1404,383800.0,4393200.0,4.594489097595215,0.11487327516078949,"High gravity-gradient proxy with muted topographic slope; buried density boundary possible, NOT verified fault","Lithologic contact, intrusive margin, regional gravity processing artifact"
1155,1409,384300.0,4393000.0,4.562689304351807,0.09033627063035965,"High gravity-gradient proxy with muted topographic slope; buried density boundary possible, NOT verified fault","Lithologic contact, intrusive margin, regional gravity processing artifact"
1156,1406,384000.0,4392900.0,4.628992557525635,0.11050375550985336,"High gravity-gradient proxy with muted topographic slope; buried density boundary possible, NOT verified fault","Lithologic contact, intrusive margin, regional gravity processing artifact"
1156,1412,384600.0,4392900.0,4.560390949249268,0.10231269896030426,"High gravity-gradient proxy with muted topographic slope; buried density boundary possible, NOT verified fault","Lithologic contact, intrusive margin, regional gravity processing artifact"
1157,1403,383700.0,4392800.0,4.571951866149902,0.3113318085670471,"High gravity-gradient proxy with muted topographic slope; buried density boundary possible, NOT verified fault","Lithologic contact, intrusive margin, regional gravity processing artifact"
1158,1409,384300.0,4392700.0,4.636605739593506,0.15521101653575897,"High gravity-gradient proxy with muted topographic slope; buried density boundary possible, NOT verified fault","Lithologic contact, intrusive margin, regional gravity processing artifact"
1159,1406,384000.0,4392600.0,4.625412464141846,0.2390824258327484,"High gravity-gradient proxy with muted topographic slope; buried density boundary possible, NOT verified fault","Lithologic contact, intrusive margin, regional gravity processing artifact"
1159,1412,384600.0,4392600.0,4.689519882202148,0.07779871672391891,"High gravity-gradient proxy with muted topographic slope; buried density boundary possible, NOT verified fault","Lithologic contact, intrusive margin, regional gravity processing artifact"
1160,1401,383500.0,4392500.0,4.329367637634277,0.1270003318786621,"High gravity-gradient proxy with muted topographic slope; buried density boundary possible, NOT verified fault","Lithologic contact, intrusive margin, regional gravity processing artifact"
1161,1398,383200.0,4392400.0,4.031258583068848,0.11633197963237762,"High gravity-gradient proxy with muted topographic slope; buried density boundary possible, NOT verified fault","Lithologic contact, intrusive margin, regional gravity processing artifact"
1163,1401,383500.0,4392200.0,4.279852390289307,0.0876823142170906,"High gravity-gradient proxy with muted topographic slope; buried density boundary possible, NOT verified fault","Lithologic contact, intrusive margin, regional gravity processing artifact"
1164,1398,383200.0,4392100.0,3.9877405166625977,0.06623273342847824,"High gravity-gradient proxy with muted topographic slope; buried density boundary possible, NOT verified fault","Lithologic contact, intrusive margin, regional gravity processing artifact"
1164,1404,383800.0,4392100.0,4.524388790130615,0.16363532841205597,"High gravity-gradient proxy with muted topographic slope; buried density boundary possible, NOT verified fault","Lithologic contact, intrusive margin, regional gravity processing artifact"
1166,1401,383500.0,4391900.0,4.197445869445801,0.13837377727031708,"High gravity-gradient proxy with muted topographic slope; buried density boundary possible, NOT verified fault","Lithologic contact, intrusive margin, regional gravity processing artifact"
1168,1404,383800.0,4391700.0,4.221310138702393,0.143873929977417,"High gravity-gradient proxy with muted topographic slope; buried density boundary possible, NOT verified fault","Lithologic contact, intrusive margin, regional gravity processing artifact"
1169,1397,383100.0,4391600.0,3.545289993286133,0.03356967866420746,"High gravity-gradient proxy with muted topographic slope; buried density boundary possible, NOT verified fault","Lithologic contact, intrusive margin, regional gravity processing artifact"
1169,1400,383400.0,4391600.0,3.7858309745788574,0.08467268943786621,"High gravity-gradient proxy with muted topographic slope; buried density boundary possible, NOT verified fault","Lithologic contact, intrusive margin, regional gravity processing artifact"
1171,1403,383700.0,4391400.0,3.7927184104919434,0.1410454362630844,"High gravity-gradient proxy with muted topographic slope; buried density boundary possible, NOT verified fault","Lithologic contact, intrusive margin, regional gravity processing artifact"
1172,1400,383400.0,4391300.0,3.4639387130737305,0.1887984573841095,"High gravity-gradient proxy with muted topographic slope; buried density boundary possible, NOT verified fault","Lithologic contact, intrusive margin, regional gravity processing artifact"
1172,1406,384000.0,4391300.0,3.908644914627075,0.19214092195034027,"High gravity-gradient proxy with muted topographic slope; buried density boundary possible, NOT verified fault","Lithologic contact, intrusive margin, regional gravity processing artifact"
1174,1403,383700.0,4391100.0,3.442119598388672,0.12653802335262299,"High gravity-gradient proxy with muted topographic slope; buried density boundary possible, NOT verified fault","Lithologic contact, intrusive margin, regional gravity processing artifact"
1175,1406,384000.0,4391000.0,3.573397159576416,0.060392193496227264,"High gravity-gradient proxy with muted topographic slope; buried density boundary possible, NOT verified fault","Lithologic contact, intrusive margin, regional gravity processing artifact"
1402,1232,366600.0,4368300.0,4.676203727722168,0.17524416744709015,"High gravity-gradient proxy with muted topographic slope; buried density boundary possible, NOT verified fault","Lithologic contact, intrusive margin, regional gravity processing artifact"
1405,1232,366600.0,4368000.0,4.162961006164551,0.21185556054115295,"High gravity-gradient proxy with muted topographic slope; buried density boundary possible, NOT verified fault","Lithologic contact, intrusive margin, regional gravity processing artifact"
1433,1160,359400.0,4365200.0,3.689715623855591,0.12471160292625427,"High gravity-gradient proxy with muted topographic slope; buried density boundary possible, NOT verified fault","Lithologic contact, intrusive margin, regional gravity processing artifact"
1449,1141,357500.0,4363600.0,4.232227802276611,0.17616812884807587,"High gravity-gradient proxy with muted topographic slope; buried density boundary possible, NOT verified fault","Lithologic contact, intrusive margin, regional gravity processing artifact"
1452,1141,357500.0,4363300.0,4.561992645263672,0.20137348771095276,"High gravity-gradient proxy with muted topographic slope; buried density boundary possible, NOT verified fault","Lithologic contact, intrusive margin, regional gravity processing artifact"
1455,1140,357400.0,4363000.0,4.681338310241699,0.10043390840291977,"High gravity-gradient proxy with muted topographic slope; buried density boundary possible, NOT verified fault","Lithologic contact, intrusive margin, regional gravity processing artifact"
1455,1143,357700.0,4363000.0,4.449800968170166,0.15490859746932983,"High gravity-gradient proxy with muted topographic slope; buried density boundary possible, NOT verified fault","Lithologic contact, intrusive margin, regional gravity processing artifact"
1463,1135,356900.0,4362200.0,4.588803768157959,0.21382904052734375,"High gravity-gradient proxy with muted topographic slope; buried density boundary possible, NOT verified fault","Lithologic contact, intrusive margin, regional gravity processing artifact"
1464,1132,356600.0,4362100.0,4.41378927230835,0.2065579742193222,"High gravity-gradient proxy with muted topographic slope; buried density boundary possible, NOT verified fault","Lithologic contact, intrusive margin, regional gravity processing artifact"
1465,1138,357200.0,4362000.0,4.6490254402160645,0.09259966015815735,"High gravity-gradient proxy with muted topographic slope; buried density boundary possible, NOT verified fault","Lithologic contact, intrusive margin, regional gravity processing artifact"
1466,1129,356300.0,4361900.0,4.2991557121276855,0.1360389143228531,"High gravity-gradient proxy with muted topographic slope; buried density boundary possible, NOT verified fault","Lithologic contact, intrusive margin, regional gravity processing artifact"
1466,1135,356900.0,4361900.0,4.5469279289245605,0.2947925329208374,"High gravity-gradient proxy with muted topographic slope; buried density boundary possible, NOT verified fault","Lithologic contact, intrusive margin, regional gravity processing artifact"
1467,1132,356600.0,4361800.0,4.592411518096924,0.11373686045408249,"High gravity-gradient proxy with muted topographic slope; buried density boundary possible, NOT verified fault","Lithologic contact, intrusive margin, regional gravity processing artifact"
1468,1138,357200.0,4361700.0,4.38638973236084,0.35989415645599365,"High gravity-gradient proxy with muted topographic slope; buried density boundary possible, NOT verified fault","Lithologic contact, intrusive margin, regional gravity processing artifact"
1469,1126,356000.0,4361600.0,4.176328659057617,0.20620906352996826,"High gravity-gradient proxy with muted topographic slope; buried density boundary possible, NOT verified fault","Lithologic contact, intrusive margin, regional gravity processing artifact"
1469,1129,356300.0,4361600.0,4.537506580352783,0.20663762092590332,"High gravity-gradient proxy with muted topographic slope; buried density boundary possible, NOT verified fault","Lithologic contact, intrusive margin, regional gravity processing artifact"
1469,1135,356900.0,4361600.0,4.504791259765625,0.15687735378742218,"High gravity-gradient proxy with muted topographic slope; buried density boundary possible, NOT verified fault","Lithologic contact, intrusive margin, regional gravity processing artifact"
1470,1132,356600.0,4361500.0,4.770772933959961,0.07058753073215485,"High gravity-gradient proxy with muted topographic slope; buried density boundary possible, NOT verified fault","Lithologic contact, intrusive margin, regional gravity processing artifact"
1472,1127,356100.0,4361300.0,4.522149562835693,0.16645336151123047,"High gravity-gradient proxy with muted topographic slope; buried density boundary possible, NOT verified fault","Lithologic contact, intrusive margin, regional gravity processing artifact"
1491,1129,356300.0,4359400.0,4.1037821769714355,0.21654611825942993,"High gravity-gradient proxy with muted topographic slope; buried density boundary possible, NOT verified fault","Lithologic contact, intrusive margin, regional gravity processing artifact"
1548,1120,355400.0,4353700.0,4.132472038269043,0.2211969494819641,"High gravity-gradient proxy with muted topographic slope; buried density boundary possible, NOT verified fault","Lithologic contact, intrusive margin, regional gravity processing artifact"
1550,1113,354700.0,4353500.0,4.135091781616211,0.2213900238275528,"High gravity-gradient proxy with muted topographic slope; buried density boundary possible, NOT verified fault","Lithologic contact, intrusive margin, regional gravity processing artifact"
1550,1116,355000.0,4353500.0,4.201563358306885,0.2213066667318344,"High gravity-gradient proxy with muted topographic slope; buried density boundary possible, NOT verified fault","Lithologic contact, intrusive margin, regional gravity processing artifact"
1551,1120,355400.0,4353400.0,4.368934154510498,0.2211645096540451,"High gravity-gradient proxy with muted topographic slope; buried density boundary possible, NOT verified fault","Lithologic contact, intrusive margin, regional gravity processing artifact"
1551,1123,355700.0,4353400.0,4.336760520935059,0.2296649068593979,"High gravity-gradient proxy with muted topographic slope; buried density boundary possible, NOT verified fault","Lithologic contact, intrusive margin, regional gravity processing artifact"
1553,1110,354400.0,4353200.0,4.00615930557251,0.22143755853176117,"High gravity-gradient proxy with muted topographic slope; buried density boundary possible, NOT verified fault","Lithologic contact, intrusive margin, regional gravity processing artifact"
1553,1113,354700.0,4353200.0,4.148138523101807,0.22084422409534454,"High gravity-gradient proxy with muted topographic slope; buried density boundary possible, NOT verified fault","Lithologic contact, intrusive margin, regional gravity processing artifact"
1553,1116,355000.0,4353200.0,4.241663455963135,0.2212194949388504,"High gravity-gradient proxy with muted topographic slope; buried density boundary possible, NOT verified fault","Lithologic contact, intrusive margin, regional gravity processing artifact"
1554,1119,355300.0,4353100.0,4.294418811798096,0.17722679674625397,"High gravity-gradient proxy with muted topographic slope; buried density boundary possible, NOT verified fault","Lithologic contact, intrusive margin, regional gravity processing artifact"
1554,1122,355600.0,4353100.0,4.3408989906311035,0.2210499793291092,"High gravity-gradient proxy with muted topographic slope; buried density boundary possible, NOT verified fault","Lithologic contact, intrusive margin, regional gravity processing artifact"
1556,1113,354700.0,4352900.0,3.9600038528442383,0.22129040956497192,"High gravity-gradient proxy with muted topographic slope; buried density boundary possible, NOT verified fault","Lithologic contact, intrusive margin, regional gravity processing artifact"
1556,1116,355000.0,4352900.0,4.086569786071777,0.2212417721748352,"High gravity-gradient proxy with muted topographic slope; buried density boundary possible, NOT verified fault","Lithologic contact, intrusive margin, regional gravity processing artifact"
1557,1120,355400.0,4352800.0,4.2181925773620605,0.22108574211597443,"High gravity-gradient proxy with muted topographic slope; buried density boundary possible, NOT verified fault","Lithologic contact, intrusive margin, regional gravity processing artifact"
1557,1123,355700.0,4352800.0,4.244100093841553,0.22934125363826752,"High gravity-gradient proxy with muted topographic slope; buried density boundary possible, NOT verified fault","Lithologic contact, intrusive margin, regional gravity processing artifact"
1569,1504,393800.0,4351600.0,5.790060997009277,0.2164241373538971,"High gravity-gradient proxy with muted topographic slope; buried density boundary possible, NOT verified fault","Lithologic contact, intrusive margin, regional gravity processing artifact"
1569,1510,394400.0,4351600.0,6.350885391235352,0.2591388523578644,"High gravity-gradient proxy with muted topographic slope; buried density boundary possible, NOT verified fault","Lithologic contact, intrusive margin, regional gravity processing artifact"
1570,1507,394100.0,4351500.0,6.134944915771484,0.06922060996294022,"High gravity-gradient proxy with muted topographic slope; buried density boundary possible, NOT verified fault","Lithologic contact, intrusive margin, regional gravity processing artifact"
1572,1501,393500.0,4351300.0,5.296506881713867,0.19223539531230927,"High gravity-gradient proxy with muted topographic slope; buried density boundary possible, NOT verified fault","Lithologic contact, intrusive margin, regional gravity processing artifact"
1572,1504,393800.0,4351300.0,5.835045337677002,0.12812910974025726,"High gravity-gradient proxy with muted topographic slope; buried density boundary possible, NOT verified fault","Lithologic contact, intrusive margin, regional gravity processing artifact"
1575,1503,393700.0,4351000.0,5.361708164215088,0.08038858324289322,"High gravity-gradient proxy with muted topographic slope; buried density boundary possible, NOT verified fault","Lithologic contact, intrusive margin, regional gravity processing artifact"
1575,1506,394000.0,4351000.0,5.863962173461914,0.2846117913722992,"High gravity-gradient proxy with muted topographic slope; buried density boundary possible, NOT verified fault","Lithologic contact, intrusive margin, regional gravity processing artifact"
1576,1500,393400.0,4350900.0,4.83909273147583,0.1608385145664215,"High gravity-gradient proxy with muted topographic slope; buried density boundary possible, NOT verified fault","Lithologic contact, intrusive margin, regional gravity processing artifact"
1578,1503,393700.0,4350700.0,5.067829608917236,0.06972301006317139,"High gravity-gradient proxy with muted topographic slope; buried density boundary possible, NOT verified fault","Lithologic contact, intrusive margin, regional gravity processing artifact"
1578,1506,394000.0,4350700.0,5.628730773925781,0.23929236829280853,"High gravity-gradient proxy with muted topographic slope; buried density boundary possible, NOT verified fault","Lithologic contact, intrusive margin, regional gravity processing artifact"
1581,1503,393700.0,4350400.0,4.773880958557129,0.2761803865432739,"High gravity-gradient proxy with muted topographic slope; buried density boundary possible, NOT verified fault","Lithologic contact, intrusive margin, regional gravity processing artifact"
1606,1332,376600.0,4347900.0,5.557334899902344,0.26048222184181213,"High gravity-gradient proxy with muted topographic slope; buried density boundary possible, NOT verified fault","Lithologic contact, intrusive margin, regional gravity processing artifact"
1609,1331,376500.0,4347600.0,5.833898544311523,0.1697123497724533,"High gravity-gradient proxy with muted topographic slope; buried density boundary possible, NOT verified fault","Lithologic contact, intrusive margin, regional gravity processing artifact"
1612,1331,376500.0,4347300.0,6.020763874053955,0.09168978035449982,"High gravity-gradient proxy with muted topographic slope; buried density boundary possible, NOT verified fault","Lithologic contact, intrusive margin, regional gravity processing artifact"
1615,1331,376500.0,4347000.0,5.560810089111328,0.12397165596485138,"High gravity-gradient proxy with muted topographic slope; buried density boundary possible, NOT verified fault","Lithologic contact, intrusive margin, regional gravity processing artifact"
1619,1326,376000.0,4346600.0,4.730274677276611,0.17659582197666168,"High gravity-gradient proxy with muted topographic slope; buried density boundary possible, NOT verified fault","Lithologic contact, intrusive margin, regional gravity processing artifact"
1622,1324,375800.0,4346300.0,4.349705696105957,0.13654962182044983,"High gravity-gradient proxy with muted topographic slope; buried density boundary possible, NOT verified fault","Lithologic contact, intrusive margin, regional gravity processing artifact"
1973,1523,395700.0,4311200.0,6.042537689208984,0.20365728437900543,"High gravity-gradient proxy with muted topographic slope; buried density boundary possible, NOT verified fault","Lithologic contact, intrusive margin, regional gravity processing artifact"
1973,1526,396000.0,4311200.0,6.431064605712891,0.25704705715179443,"High gravity-gradient proxy with muted topographic slope; buried density boundary possible, NOT verified fault","Lithologic contact, intrusive margin, regional gravity processing artifact"
1975,1520,395400.0,4311000.0,5.507862091064453,0.21106524765491486,"High gravity-gradient proxy with muted topographic slope; buried density boundary possible, NOT verified fault","Lithologic contact, intrusive margin, regional gravity processing artifact"
1976,1523,395700.0,4310900.0,6.667662143707275,0.26778358221054077,"High gravity-gradient proxy with muted topographic slope; buried density boundary possible, NOT verified fault","Lithologic contact, intrusive margin, regional gravity processing artifact"
1976,1526,396000.0,4310900.0,6.8210906982421875,0.24610266089439392,"High gravity-gradient proxy with muted topographic slope; buried density boundary possible, NOT verified fault","Lithologic contact, intrusive margin, regional gravity processing artifact"
1978,1519,395300.0,4310700.0,5.9943318367004395,0.2737308740615845,"High gravity-gradient proxy with muted topographic slope; buried density boundary possible, NOT verified fault","Lithologic contact, intrusive margin, regional gravity processing artifact"
1979,1516,395000.0,4310600.0,5.445074081420898,0.21350514888763428,"High gravity-gradient proxy with muted topographic slope; buried density boundary possible, NOT verified fault","Lithologic contact, intrusive margin, regional gravity processing artifact"
1979,1526,396000.0,4310600.0,7.199820041656494,0.19662265479564667,"High gravity-gradient proxy with muted topographic slope; buried density boundary possible, NOT verified fault","Lithologic contact, intrusive margin, regional gravity processing artifact"
1980,1523,395700.0,4310500.0,7.483209609985352,0.23772962391376495,"High gravity-gradient proxy with muted topographic slope; buried density boundary possible, NOT verified fault","Lithologic contact, intrusive margin, regional gravity processing artifact"
1982,1513,394700.0,4310300.0,5.359020709991455,0.210871621966362,"High gravity-gradient proxy with muted topographic slope; buried density boundary possible, NOT verified fault","Lithologic contact, intrusive margin, regional gravity processing artifact"
1982,1516,395000.0,4310300.0,6.246732711791992,0.26881659030914307,"High gravity-gradient proxy with muted topographic slope; buried density boundary possible, NOT verified fault","Lithologic contact, intrusive margin, regional gravity processing artifact"
1983,1519,395300.0,4310200.0,7.186385631561279,0.24878618121147156,"High gravity-gradient proxy with muted topographic slope; buried density boundary possible, NOT verified fault","Lithologic contact, intrusive margin, regional gravity processing artifact"
1983,1522,395600.0,4310200.0,7.858965873718262,0.24124974012374878,"High gravity-gradient proxy with muted topographic slope; buried density boundary possible, NOT verified fault","Lithologic contact, intrusive margin, regional gravity processing artifact"
1983,1525,395900.0,4310200.0,8.140105247497559,0.24229739606380463,"High gravity-gradient proxy with muted topographic slope; buried density boundary possible, NOT verified fault","Lithologic contact, intrusive margin, regional gravity processing artifact"
1985,1511,394500.0,4310000.0,5.38622522354126,0.24561600387096405,"High gravity-gradient proxy with muted topographic slope; buried density boundary possible, NOT verified fault","Lithologic contact, intrusive margin, regional gravity processing artifact"
1985,1514,394800.0,4310000.0,6.574752330780029,0.24720877408981323,"High gravity-gradient proxy with muted topographic slope; buried density boundary possible, NOT verified fault","Lithologic contact, intrusive margin, regional gravity processing artifact"
1986,1517,395100.0,4309900.0,7.5108561515808105,0.2252657562494278,"High gravity-gradient proxy with muted topographic slope; buried density boundary possible, NOT verified fault","Lithologic contact, intrusive margin, regional gravity processing artifact"
1986,1520,395400.0,4309900.0,8.096919059753418,0.2238805890083313,"High gravity-gradient proxy with muted topographic slope; buried density boundary possible, NOT verified fault","Lithologic contact, intrusive margin, regional gravity processing artifact"
1986,1523,395700.0,4309900.0,8.683117866516113,0.26194798946380615,"High gravity-gradient proxy with muted topographic slope; buried density boundary possible, NOT verified fault","Lithologic contact, intrusive margin, regional gravity processing artifact"
1986,1526,396000.0,4309900.0,8.040307998657227,0.23075789213180542,"High gravity-gradient proxy with muted topographic slope; buried density boundary possible, NOT verified fault","Lithologic contact, intrusive margin, regional gravity processing artifact"
1988,1510,394400.0,4309700.0,5.684831619262695,0.23975926637649536,"High gravity-gradient proxy with muted topographic slope; buried density boundary possible, NOT verified fault","Lithologic contact, intrusive margin, regional gravity processing artifact"
1988,1513,394700.0,4309700.0,6.924437999725342,0.22991080582141876,"High gravity-gradient proxy with muted topographic slope; buried density boundary possible, NOT verified fault","Lithologic contact, intrusive margin, regional gravity processing artifact"
1989,1516,395000.0,4309600.0,7.7786865234375,0.18626531958580017,"High gravity-gradient proxy with muted topographic slope; buried density boundary possible, NOT verified fault","Lithologic contact, intrusive margin, regional gravity processing artifact"
1989,1519,395300.0,4309600.0,8.409592628479004,0.2352660894393921,"High gravity-gradient proxy with muted topographic slope; buried density boundary possible, NOT verified fault","Lithologic contact, intrusive margin, regional gravity processing artifact"
1989,1522,395600.0,4309600.0,9.040141105651855,0.20412421226501465,"High gravity-gradient proxy with muted topographic slope; buried density boundary possible, NOT verified fault","Lithologic contact, intrusive margin, regional gravity processing artifact"
1989,1525,395900.0,4309600.0,9.129687309265137,0.25161007046699524,"High gravity-gradient proxy with muted topographic slope; buried density boundary possible, NOT verified fault","Lithologic contact, intrusive margin, regional gravity processing artifact"
1989,1528,396200.0,4309600.0,6.934970855712891,0.2784940302371979,"High gravity-gradient proxy with muted topographic slope; buried density boundary possible, NOT verified fault","Lithologic contact, intrusive margin, regional gravity processing artifact"
1991,1509,394300.0,4309400.0,5.385234832763672,0.20848380029201508,"High gravity-gradient proxy with muted topographic slope; buried density boundary possible, NOT verified fault","Lithologic contact, intrusive margin, regional gravity processing artifact"
1991,1512,394600.0,4309400.0,6.48118782043457,0.1895008236169815,"High gravity-gradient proxy with muted topographic slope; buried density boundary possible, NOT verified fault","Lithologic contact, intrusive margin, regional gravity processing artifact"
1992,1515,394900.0,4309300.0,7.477601528167725,0.15478895604610443,"High gravity-gradient proxy with muted topographic slope; buried density boundary possible, NOT verified fault","Lithologic contact, intrusive margin, regional gravity processing artifact"
1992,1518,395200.0,4309300.0,8.337879180908203,0.17501354217529297,"High gravity-gradient proxy with muted topographic slope; buried density boundary possible, NOT verified fault","Lithologic contact, intrusive margin, regional gravity processing artifact"
1992,1521,395500.0,4309300.0,9.197798728942871,0.24260376393795013,"High gravity-gradient proxy with muted topographic slope; buried density boundary possible, NOT verified fault","Lithologic contact, intrusive margin, regional gravity processing artifact"
1992,1524,395800.0,4309300.0,10.057363510131836,0.21416115760803223,"High gravity-gradient proxy with muted topographic slope; buried density boundary possible, NOT verified fault","Lithologic contact, intrusive margin, regional gravity processing artifact"
1992,1527,396100.0,4309300.0,7.846678733825684,0.29023295640945435,"High gravity-gradient proxy with muted topographic slope; buried density boundary possible, NOT verified fault","Lithologic contact, intrusive margin, regional gravity processing artifact"
1995,1513,394700.0,4309000.0,6.742580890655518,0.2179415374994278,"High gravity-gradient proxy with muted topographic slope; buried density boundary possible, NOT verified fault","Lithologic contact, intrusive margin, regional gravity processing artifact"
1995,1516,395000.0,4309000.0,7.750247955322266,0.17728297412395477,"High gravity-gradient proxy with muted topographic slope; buried density boundary possible, NOT verified fault","Lithologic contact, intrusive margin, regional gravity processing artifact"
1995,1519,395300.0,4309000.0,8.839658737182617,0.20297405123710632,"High gravity-gradient proxy with muted topographic slope; buried density boundary possible, NOT verified fault","Lithologic contact, intrusive margin, regional gravity processing artifact"
1995,1522,395600.0,4309000.0,9.9287109375,0.23160399496555328,"High gravity-gradient proxy with muted topographic slope; buried density boundary possible, NOT verified fault","Lithologic contact, intrusive margin, regional gravity processing artifact"
1995,1525,395900.0,4309000.0,10.186532974243164,0.2142942249774933,"High gravity-gradient proxy with muted topographic slope; buried density boundary possible, NOT verified fault","Lithologic contact, intrusive margin, regional gravity processing artifact"
1998,1514,394800.0,4308700.0,6.928285598754883,0.29806196689605713,"High gravity-gradient proxy with muted topographic slope; buried density boundary possible, NOT verified fault","Lithologic contact, intrusive margin, regional gravity processing artifact"
1998,1517,395100.0,4308700.0,8.098587036132812,0.1981063038110733,"High gravity-gradient proxy with muted topographic slope; buried density boundary possible, NOT verified fault","Lithologic contact, intrusive margin, regional gravity processing artifact"
1998,1520,395400.0,4308700.0,9.320708274841309,0.2030341625213623,"High gravity-gradient proxy with muted topographic slope; buried density boundary possible, NOT verified fault","Lithologic contact, intrusive margin, regional gravity processing artifact"
1998,1523,395700.0,4308700.0,10.543808937072754,0.23487825691699982,"High gravity-gradient proxy with muted topographic slope; buried density boundary possible, NOT verified fault","Lithologic contact, intrusive margin, regional gravity processing artifact"
2001,1518,395200.0,4308400.0,7.679961681365967,0.238453671336174,"High gravity-gradient proxy with muted topographic slope; buried density boundary possible, NOT verified fault","Lithologic contact, intrusive margin, regional gravity processing artifact"
2001,1521,395500.0,4308400.0,8.273920059204102,0.19989727437496185,"High gravity-gradient proxy with muted topographic slope; buried density boundary possible, NOT verified fault","Lithologic contact, intrusive margin, regional gravity processing artifact"
2004,1521,395500.0,4308100.0,6.81917667388916,0.23353417217731476,"High gravity-gradient proxy with muted topographic slope; buried density boundary possible, NOT verified fault","Lithologic contact, intrusive margin, regional gravity processing artifact"
2009,1762,419600.0,4307600.0,7.948701858520508,0.1624916046857834,"High gravity-gradient proxy with muted topographic slope; buried density boundary possible, NOT verified fault","Lithologic contact, intrusive margin, regional gravity processing artifact"
2012,1761,419500.0,4307300.0,7.578856468200684,0.054002728313207626,"High gravity-gradient proxy with muted topographic slope; buried density boundary possible, NOT verified fault","Lithologic contact, intrusive margin, regional gravity processing artifact"
2019,1478,391200.0,4306600.0,3.4144446849823,0.16596585512161255,"High gravity-gradient proxy with muted topographic slope; buried density boundary possible, NOT verified fault","Lithologic contact, intrusive margin, regional gravity processing artifact"
2020,1466,390000.0,4306500.0,3.294001817703247,0.04168444871902466,"High gravity-gradient proxy with muted topographic slope; buried density boundary possible, NOT verified fault","Lithologic contact, intrusive margin, regional gravity processing artifact"
2020,1469,390300.0,4306500.0,3.439338445663452,0.16850212216377258,"High gravity-gradient proxy with muted topographic slope; buried density boundary possible, NOT verified fault","Lithologic contact, intrusive margin, regional gravity processing artifact"
2020,1475,390900.0,4306500.0,3.6861135959625244,0.18321311473846436,"High gravity-gradient proxy with muted topographic slope; buried density boundary possible, NOT verified fault","Lithologic contact, intrusive margin, regional gravity processing artifact"
2020,1484,391800.0,4306500.0,3.7480387687683105,0.16668535768985748,"High gravity-gradient proxy with muted topographic slope; buried density boundary possible, NOT verified fault","Lithologic contact, intrusive margin, regional gravity processing artifact"
2022,1478,391200.0,4306300.0,4.292163848876953,0.1384662240743637,"High gravity-gradient proxy with muted topographic slope; buried density boundary possible, NOT verified fault","Lithologic contact, intrusive margin, regional gravity processing artifact"
2022,1481,391500.0,4306300.0,4.4184980392456055,0.21330425143241882,"High gravity-gradient proxy with muted topographic slope; buried density boundary possible, NOT verified fault","Lithologic contact, intrusive margin, regional gravity processing artifact"
2023,1465,389900.0,4306200.0,3.6232595443725586,0.11044583469629288,"High gravity-gradient proxy with muted topographic slope; buried density boundary possible, NOT verified fault","Lithologic contact, intrusive margin, regional gravity processing artifact"
2023,1468,390200.0,4306200.0,3.86449933052063,0.09800335019826889,"High gravity-gradient proxy with muted topographic slope; buried density boundary possible, NOT verified fault","Lithologic contact, intrusive margin, regional gravity processing artifact"
2023,1475,390900.0,4306200.0,4.40532112121582,0.1533086597919464,"High gravity-gradient proxy with muted topographic slope; buried density boundary possible, NOT verified fault","Lithologic contact, intrusive margin, regional gravity processing artifact"
2023,1484,391800.0,4306200.0,4.942875385284424,0.18401524424552917,"High gravity-gradient proxy with muted topographic slope; buried density boundary possible, NOT verified fault","Lithologic contact, intrusive margin, regional gravity processing artifact"
2024,1460,389400.0,4306100.0,3.390192747116089,0.050363507121801376,"High gravity-gradient proxy with muted topographic slope; buried density boundary possible, NOT verified fault","Lithologic contact, intrusive margin, regional gravity processing artifact"
2025,1472,390600.0,4306000.0,4.586880207061768,0.09463786333799362,"High gravity-gradient proxy with muted topographic slope; buried density boundary possible, NOT verified fault","Lithologic contact, intrusive margin, regional gravity processing artifact"
2025,1478,391200.0,4306000.0,5.169975757598877,0.178713858127594,"High gravity-gradient proxy with muted topographic slope; buried density boundary possible, NOT verified fault","Lithologic contact, intrusive margin, regional gravity processing artifact"
2025,1481,391500.0,4306000.0,5.45485258102417,0.1926129013299942,"High gravity-gradient proxy with muted topographic slope; buried density boundary possible, NOT verified fault","Lithologic contact, intrusive margin, regional gravity processing artifact"
2026,1463,389700.0,4305900.0,3.814610242843628,0.13805803656578064,"High gravity-gradient proxy with muted topographic slope; buried density boundary possible, NOT verified fault","Lithologic contact, intrusive margin, regional gravity processing artifact"
2026,1466,390000.0,4305900.0,4.1134352684021,0.1315361112356186,"High gravity-gradient proxy with muted topographic slope; buried density boundary possible, NOT verified fault","Lithologic contact, intrusive margin, regional gravity processing artifact"
2026,1469,390300.0,4305900.0,4.450477600097656,0.10559511929750443,"High gravity-gradient proxy with muted topographic slope; buried density boundary possible, NOT verified fault","Lithologic contact, intrusive margin, regional gravity processing artifact"
2026,1475,390900.0,4305900.0,5.124621868133545,0.11175788938999176,"High gravity-gradient proxy with muted topographic slope; buried density boundary possible, NOT verified fault","Lithologic contact, intrusive margin, regional gravity processing artifact"
2026,1484,391800.0,4305900.0,6.1378045082092285,0.29618245363235474,"High gravity-gradient proxy with muted topographic slope; buried density boundary possible, NOT verified fault","Lithologic contact, intrusive margin, regional gravity processing artifact"
2027,1454,388800.0,4305800.0,3.3148374557495117,0.10465054214000702,"High gravity-gradient proxy with muted topographic slope; buried density boundary possible, NOT verified fault","Lithologic contact, intrusive margin, regional gravity processing artifact"
2027,1457,389100.0,4305800.0,3.5191471576690674,0.10405583679676056,"High gravity-gradient proxy with muted topographic slope; buried density boundary possible, NOT verified fault","Lithologic contact, intrusive margin, regional gravity processing artifact"
2027,1460,389400.0,4305800.0,3.723447322845459,0.03964725509285927,"High gravity-gradient proxy with muted topographic slope; buried density boundary possible, NOT verified fault","Lithologic contact, intrusive margin, regional gravity processing artifact"
2028,1472,390600.0,4305700.0,5.122267246246338,0.1638699322938919,"High gravity-gradient proxy with muted topographic slope; buried density boundary possible, NOT verified fault","Lithologic contact, intrusive margin, regional gravity processing artifact"
2028,1478,391200.0,4305700.0,5.947881698608398,0.1257099211215973,"High gravity-gradient proxy with muted topographic slope; buried density boundary possible, NOT verified fault","Lithologic contact, intrusive margin, regional gravity processing artifact"
2028,1481,391500.0,4305700.0,6.3718581199646,0.1359349638223648,"High gravity-gradient proxy with muted topographic slope; buried density boundary possible, NOT verified fault","Lithologic contact, intrusive margin, regional gravity processing artifact"
2029,1463,389700.0,4305600.0,4.074911117553711,0.05206941440701485,"High gravity-gradient proxy with muted topographic slope; buried density boundary possible, NOT verified fault","Lithologic contact, intrusive margin, regional gravity processing artifact"
2029,1466,390000.0,4305600.0,4.416415214538574,0.08176243305206299,"High gravity-gradient proxy with muted topographic slope; buried density boundary possible, NOT verified fault","Lithologic contact, intrusive margin, regional gravity processing artifact"
2029,1469,390300.0,4305600.0,4.820373058319092,0.10567504167556763,"High gravity-gradient proxy with muted topographic slope; buried density boundary possible, NOT verified fault","Lithologic contact, intrusive margin, regional gravity processing artifact"
2029,1475,390900.0,4305600.0,5.643328666687012,0.17293044924736023,"High gravity-gradient proxy with muted topographic slope; buried density boundary possible, NOT verified fault","Lithologic contact, intrusive margin, regional gravity processing artifact"
2029,1484,391800.0,4305600.0,6.9843010902404785,0.09876274317502975,"High gravity-gradient proxy with muted topographic slope; buried density boundary possible, NOT verified fault","Lithologic contact, intrusive margin, regional gravity processing artifact"
2030,1454,388800.0,4305500.0,3.6276743412017822,0.14788562059402466,"High gravity-gradient proxy with muted topographic slope; buried density boundary possible, NOT verified fault","Lithologic contact, intrusive margin, regional gravity processing artifact"
2030,1457,389100.0,4305500.0,3.798692464828491,0.17681731283664703,"High gravity-gradient proxy with muted topographic slope; buried density boundary possible, NOT verified fault","Lithologic contact, intrusive margin, regional gravity processing artifact"
2030,1460,389400.0,4305500.0,3.9697728157043457,0.11580246686935425,"High gravity-gradient proxy with muted topographic slope; buried density boundary possible, NOT verified fault","Lithologic contact, intrusive margin, regional gravity processing artifact"
2031,1472,390600.0,4305400.0,5.428262710571289,0.10902056843042374,"High gravity-gradient proxy with muted topographic slope; buried density boundary possible, NOT verified fault","Lithologic contact, intrusive margin, regional gravity processing artifact"
2031,1479,391300.0,4305400.0,6.539885997772217,0.1176452562212944,"High gravity-gradient proxy with muted topographic slope; buried density boundary possible, NOT verified fault","Lithologic contact, intrusive margin, regional gravity processing artifact"
2032,1463,389700.0,4305300.0,4.272914409637451,0.06837742775678635,"High gravity-gradient proxy with muted topographic slope; buried density boundary possible, NOT verified fault","Lithologic contact, intrusive margin, regional gravity processing artifact"
2032,1466,390000.0,4305300.0,4.63502311706543,0.12482335418462753,"High gravity-gradient proxy with muted topographic slope; buried density boundary possible, NOT verified fault","Lithologic contact, intrusive margin, regional gravity processing artifact"
2032,1469,390300.0,4305300.0,5.082678318023682,0.12082226574420929,"High gravity-gradient proxy with muted topographic slope; buried density boundary possible, NOT verified fault","Lithologic contact, intrusive margin, regional gravity processing artifact"
2032,1476,391000.0,4305300.0,6.174015522003174,0.1698816567659378,"High gravity-gradient proxy with muted topographic slope; buried density boundary possible, NOT verified fault","Lithologic contact, intrusive margin, regional gravity processing artifact"
2032,1485,391900.0,4305300.0,7.412929534912109,0.1428939700126648,"High gravity-gradient proxy with muted topographic slope; buried density boundary possible, NOT verified fault","Lithologic contact, intrusive margin, regional gravity processing artifact"
2033,1450,388400.0,4305200.0,3.464754104614258,0.07795824110507965,"High gravity-gradient proxy with muted topographic slope; buried density boundary possible, NOT verified fault","Lithologic contact, intrusive margin, regional gravity processing artifact"
2033,1453,388700.0,4305200.0,3.835298538208008,0.044246986508369446,"High gravity-gradient proxy with muted topographic slope; buried density boundary possible, NOT verified fault","Lithologic contact, intrusive margin, regional gravity processing artifact"
2033,1456,389000.0,4305200.0,4.028235912322998,0.04755181819200516,"High gravity-gradient proxy with muted topographic slope; buried density boundary possible, NOT verified fault","Lithologic contact, intrusive margin, regional gravity processing artifact"
2033,1460,389400.0,4305200.0,4.205722808837891,0.20581761002540588,"High gravity-gradient proxy with muted topographic slope; buried density boundary possible, NOT verified fault","Lithologic contact, intrusive margin, regional gravity processing artifact"
2033,1488,392200.0,4305200.0,7.040482521057129,0.134239062666893,"High gravity-gradient proxy with muted topographic slope; buried density boundary possible, NOT verified fault","Lithologic contact, intrusive margin, regional gravity processing artifact"
2034,1473,390700.0,4305100.0,5.89317512512207,0.08009166270494461,"High gravity-gradient proxy with muted topographic slope; buried density boundary possible, NOT verified fault","Lithologic contact, intrusive margin, regional gravity processing artifact"
2035,1464,389800.0,4305000.0,4.52604866027832,0.07633644342422485,"High gravity-gradient proxy with muted topographic slope; buried density boundary possible, NOT verified fault","Lithologic contact, intrusive margin, regional gravity processing artifact"
2035,1467,390100.0,4305000.0,5.0174479484558105,0.1252875030040741,"High gravity-gradient proxy with muted topographic slope; buried density boundary possible, NOT verified fault","Lithologic contact, intrusive margin, regional gravity processing artifact"
2035,1470,390400.0,4305000.0,5.508779525756836,0.1061997041106224,"High gravity-gradient proxy with muted topographic slope; buried density boundary possible, NOT verified fault","Lithologic contact, intrusive margin, regional gravity processing artifact"
2035,1477,391100.0,4305000.0,6.750755786895752,0.1738668531179428,"High gravity-gradient proxy with muted topographic slope; buried density boundary possible, NOT verified fault","Lithologic contact, intrusive margin, regional gravity processing artifact"
2036,1447,388100.0,4304900.0,3.2844066619873047,0.0511510856449604,"High gravity-gradient proxy with muted topographic slope; buried density boundary possible, NOT verified fault","Lithologic contact, intrusive margin, regional gravity processing artifact"
2036,1450,388400.0,4304900.0,3.710420846939087,0.050255339592695236,"High gravity-gradient proxy with muted topographic slope; buried density boundary possible, NOT verified fault","Lithologic contact, intrusive margin, regional gravity processing artifact"
2036,1453,388700.0,4304900.0,4.1363444328308105,0.1264733076095581,"High gravity-gradient proxy with muted topographic slope; buried density boundary possible, NOT verified fault","Lithologic contact, intrusive margin, regional gravity processing artifact"
2036,1456,389000.0,4304900.0,4.314769268035889,0.07450474053621292,"High gravity-gradient proxy with muted topographic slope; buried density boundary possible, NOT verified fault","Lithologic contact, intrusive margin, regional gravity processing artifact"
2036,1461,389500.0,4304900.0,4.473388195037842,0.12420028448104858,"High gravity-gradient proxy with muted topographic slope; buried density boundary possible, NOT verified fault","Lithologic contact, intrusive margin, regional gravity processing artifact"
2037,1474,390800.0,4304800.0,6.3893351554870605,0.0529169924557209,"High gravity-gradient proxy with muted topographic slope; buried density boundary possible, NOT verified fault","Lithologic contact, intrusive margin, regional gravity processing artifact"
2038,1465,389900.0,4304700.0,4.777898788452148,0.08816526085138321,"High gravity-gradient proxy with muted topographic slope; buried density boundary possible, NOT verified fault","Lithologic contact, intrusive margin, regional gravity processing artifact"
2038,1468,390200.0,4304700.0,5.31573486328125,0.14918099343776703,"High gravity-gradient proxy with muted topographic slope; buried density boundary possible, NOT verified fault","Lithologic contact, intrusive margin, regional gravity processing artifact"
2038,1471,390500.0,4304700.0,5.853486061096191,0.015161173418164253,"High gravity-gradient proxy with muted topographic slope; buried density boundary possible, NOT verified fault","Lithologic contact, intrusive margin, regional gravity processing artifact"
2038,1489,392300.0,4304700.0,7.084125518798828,0.2911781668663025,"High gravity-gradient proxy with muted topographic slope; buried density boundary possible, NOT verified fault","Lithologic contact, intrusive margin, regional gravity processing artifact"
2039,1448,388200.0,4304600.0,3.605405807495117,0.04071377217769623,"High gravity-gradient proxy with muted topographic slope; buried density boundary possible, NOT verified fault","Lithologic contact, intrusive margin, regional gravity processing artifact"
2039,1451,388500.0,4304600.0,4.008618354797363,0.06272634118795395,"High gravity-gradient proxy with muted topographic slope; buried density boundary possible, NOT verified fault","Lithologic contact, intrusive margin, regional gravity processing artifact"
2039,1454,388800.0,4304600.0,4.381501197814941,0.14727984368801117,"High gravity-gradient proxy with muted topographic slope; buried density boundary possible, NOT verified fault","Lithologic contact, intrusive margin, regional gravity processing artifact"
2039,1457,389100.0,4304600.0,4.4122443199157715,0.08315778523683548,"High gravity-gradient proxy with muted topographic slope; buried density boundary possible, NOT verified fault","Lithologic contact, intrusive margin, regional gravity processing artifact"
2039,1462,389600.0,4304600.0,4.463780403137207,0.09417491406202316,"High gravity-gradient proxy with muted topographic slope; buried density boundary possible, NOT verified fault","Lithologic contact, intrusive margin, regional gravity processing artifact"
2040,1474,390800.0,4304500.0,6.336864471435547,0.09089808166027069,"High gravity-gradient proxy with muted topographic slope; buried density boundary possible, NOT verified fault","Lithologic contact, intrusive margin, regional gravity processing artifact"
2041,1465,389900.0,4304400.0,4.5325775146484375,0.09705981612205505,"High gravity-gradient proxy with muted topographic slope; buried density boundary possible, NOT verified fault","Lithologic contact, intrusive margin, regional gravity processing artifact"
2041,1468,390200.0,4304400.0,5.123431205749512,0.034245312213897705,"High gravity-gradient proxy with muted topographic slope; buried density boundary possible, NOT verified fault","Lithologic contact, intrusive margin, regional gravity processing artifact"
2041,1471,390500.0,4304400.0,5.714199542999268,0.04797215387225151,"High gravity-gradient proxy with muted topographic slope; buried density boundary possible, NOT verified fault","Lithologic contact, intrusive margin, regional gravity processing artifact"
2042,1446,388000.0,4304300.0,3.5460777282714844,0.052668262273073196,"High gravity-gradient proxy with muted topographic slope; buried density boundary possible, NOT verified fault","Lithologic contact, intrusive margin, regional gravity processing artifact"
2042,1449,388300.0,4304300.0,3.873244524002075,0.043687254190444946,"High gravity-gradient proxy with muted topographic slope; buried density boundary possible, NOT verified fault","Lithologic contact, intrusive margin, regional gravity processing artifact"
2042,1452,388600.0,4304300.0,4.200535774230957,0.111178457736969,"High gravity-gradient proxy with muted topographic slope; buried density boundary possible, NOT verified fault","Lithologic contact, intrusive margin, regional gravity processing artifact"
2042,1455,388900.0,4304300.0,4.370283126831055,0.11452382802963257,"High gravity-gradient proxy with muted topographic slope; buried density boundary possible, NOT verified fault","Lithologic contact, intrusive margin, regional gravity processing artifact"
2042,1458,389200.0,4304300.0,4.318212985992432,0.1172691136598587,"High gravity-gradient proxy with muted topographic slope; buried density boundary possible, NOT verified fault","Lithologic contact, intrusive margin, regional gravity processing artifact"
2042,1461,389500.0,4304300.0,4.2662763595581055,0.06723050028085709,"High gravity-gradient proxy with muted topographic slope; buried density boundary possible, NOT verified fault","Lithologic contact, intrusive margin, regional gravity processing artifact"
2043,1485,391900.0,4304200.0,8.7408447265625,0.15465767681598663,"High gravity-gradient proxy with muted topographic slope; buried density boundary possible, NOT verified fault","Lithologic contact, intrusive margin, regional gravity processing artifact"
2044,1464,389800.0,4304100.0,4.0726423263549805,0.09041579812765121,"High gravity-gradient proxy with muted topographic slope; buried density boundary possible, NOT verified fault","Lithologic contact, intrusive margin, regional gravity processing artifact"
2044,1467,390100.0,4304100.0,4.716541767120361,0.11566919088363647,"High gravity-gradient proxy with muted topographic slope; buried density boundary possible, NOT verified fault","Lithologic contact, intrusive margin, regional gravity processing artifact"
2045,1445,387900.0,4304000.0,3.671736240386963,0.0901581346988678,"High gravity-gradient proxy with muted topographic slope; buried density boundary possible, NOT verified fault","Lithologic contact, intrusive margin, regional gravity processing artifact"
2045,1448,388200.0,4304000.0,3.9228992462158203,0.08096939325332642,"High gravity-gradient proxy with muted topographic slope; buried density boundary possible, NOT verified fault","Lithologic contact, intrusive margin, regional gravity processing artifact"
2045,1451,388500.0,4304000.0,4.174186706542969,0.08569415658712387,"High gravity-gradient proxy with muted topographic slope; buried density boundary possible, NOT verified fault","Lithologic contact, intrusive margin, regional gravity processing artifact"
2045,1454,388800.0,4304000.0,4.393789768218994,0.02420489303767681,"High gravity-gradient proxy with muted topographic slope; buried density boundary possible, NOT verified fault","Lithologic contact, intrusive margin, regional gravity processing artifact"
2045,1457,389100.0,4304000.0,4.258816719055176,0.08329721540212631,"High gravity-gradient proxy with muted topographic slope; buried density boundary possible, NOT verified fault","Lithologic contact, intrusive margin, regional gravity processing artifact"
2045,1460,389400.0,4304000.0,4.123976707458496,0.12279441207647324,"High gravity-gradient proxy with muted topographic slope; buried density boundary possible, NOT verified fault","Lithologic contact, intrusive margin, regional gravity processing artifact"
2046,1442,387600.0,4303900.0,3.385103940963745,0.08282031118869781,"High gravity-gradient proxy with muted topographic slope; buried density boundary possible, NOT verified fault","Lithologic contact, intrusive margin, regional gravity processing artifact"
2046,1483,391700.0,4303900.0,9.066180229187012,0.056784361600875854,"High gravity-gradient proxy with muted topographic slope; buried density boundary possible, NOT verified fault","Lithologic contact, intrusive margin, regional gravity processing artifact"
2047,1477,391100.0,4303800.0,7.142776966094971,0.05528159812092781,"High gravity-gradient proxy with muted topographic slope; buried density boundary possible, NOT verified fault","Lithologic contact, intrusive margin, regional gravity processing artifact"
2048,1447,388100.0,4303700.0,4.020554065704346,0.08899994939565659,"High gravity-gradient proxy with muted topographic slope; buried density boundary possible, NOT verified fault","Lithologic contact, intrusive margin, regional gravity processing artifact"
2048,1450,388400.0,4303700.0,4.202465057373047,0.03699524700641632,"High gravity-gradient proxy with muted topographic slope; buried density boundary possible, NOT verified fault","Lithologic contact, intrusive margin, regional gravity processing artifact"
2048,1453,388700.0,4303700.0,4.384462833404541,0.03469836711883545,"High gravity-gradient proxy with muted topographic slope; buried density boundary possible, NOT verified fault","Lithologic contact, intrusive margin, regional gravity processing artifact"
2048,1456,389000.0,4303700.0,4.2917914390563965,0.05889836698770523,"High gravity-gradient proxy with muted topographic slope; buried density boundary possible, NOT verified fault","Lithologic contact, intrusive margin, regional gravity processing artifact"
2048,1470,390400.0,4303700.0,5.21740198135376,0.06065371632575989,"High gravity-gradient proxy with muted topographic slope; buried density boundary possible, NOT verified fault","Lithologic contact, intrusive margin, regional gravity processing artifact"
2049,1441,387500.0,4303600.0,3.432478666305542,0.07200296968221664,"High gravity-gradient proxy with muted topographic slope; buried density boundary possible, NOT verified fault","Lithologic contact, intrusive margin, regional gravity processing artifact"
2049,1444,387800.0,4303600.0,3.9149508476257324,0.05976110324263573,"High gravity-gradient proxy with muted topographic slope; buried density boundary possible, NOT verified fault","Lithologic contact, intrusive margin, regional gravity processing artifact"
2049,1459,389300.0,4303600.0,4.143189907073975,0.03401615843176842,"High gravity-gradient proxy with muted topographic slope; buried density boundary possible, NOT verified fault","Lithologic contact, intrusive margin, regional gravity processing artifact"
2049,1462,389600.0,4303600.0,3.9686925411224365,0.04058610647916794,"High gravity-gradient proxy with muted topographic slope; buried density boundary possible, NOT verified fault","Lithologic contact, intrusive margin, regional gravity processing artifact"
2049,1482,391600.0,4303600.0,8.72946834564209,0.34259048104286194,"High gravity-gradient proxy with muted topographic slope; buried density boundary possible, NOT verified fault","Lithologic contact, intrusive margin, regional gravity processing artifact"
2050,1475,390900.0,4303500.0,6.465603828430176,0.04021234065294266,"High gravity-gradient proxy with muted topographic slope; buried density boundary possible, NOT verified fault","Lithologic contact, intrusive margin, regional gravity processing artifact"
2051,1449,388300.0,4303400.0,4.281278133392334,0.027147093787789345,"High gravity-gradient proxy with muted topographic slope; buried density boundary possible, NOT verified fault","Lithologic contact, intrusive margin, regional gravity processing artifact"
2051,1452,388600.0,4303400.0,4.409732341766357,0.01773034781217575,"High gravity-gradient proxy with muted topographic slope; buried density boundary possible, NOT verified fault","Lithologic contact, intrusive margin, regional gravity processing artifact"
2051,1455,388900.0,4303400.0,4.4206719398498535,0.1233530268073082,"High gravity-gradient proxy with muted topographic slope; buried density boundary possible, NOT verified fault","Lithologic contact, intrusive margin, regional gravity processing artifact"
2051,1468,390200.0,4303400.0,4.859377384185791,0.10034146159887314,"High gravity-gradient proxy with muted topographic slope; buried density boundary possible, NOT verified fault","Lithologic contact, intrusive margin, regional gravity processing artifact"
2052,1440,387400.0,4303300.0,3.43367075920105,0.0652557909488678,"High gravity-gradient proxy with muted topographic slope; buried density boundary possible, NOT verified fault","Lithologic contact, intrusive margin, regional gravity processing artifact"
2052,1443,387700.0,4303300.0,4.0056915283203125,0.0658905953168869,"High gravity-gradient proxy with muted topographic slope; buried density boundary possible, NOT verified fault","Lithologic contact, intrusive margin, regional gravity processing artifact"
2052,1446,388000.0,4303300.0,4.217228889465332,0.07933731377124786,"High gravity-gradient proxy with muted topographic slope; buried density boundary possible, NOT verified fault","Lithologic contact, intrusive margin, regional gravity processing artifact"
2052,1458,389200.0,4303300.0,4.299308776855469,0.029273629188537598,"High gravity-gradient proxy with muted topographic slope; buried density boundary possible, NOT verified fault","Lithologic contact, intrusive margin, regional gravity processing artifact"
2053,1475,390900.0,4303200.0,6.459731101989746,0.18820080161094666,"High gravity-gradient proxy with muted topographic slope; buried density boundary possible, NOT verified fault","Lithologic contact, intrusive margin, regional gravity processing artifact"
2053,1478,391200.0,4303200.0,7.343155384063721,0.10899882018566132,"High gravity-gradient proxy with muted topographic slope; buried density boundary possible, NOT verified fault","Lithologic contact, intrusive margin, regional gravity processing artifact"
2054,1450,388400.0,4303100.0,4.445676803588867,0.04629046097397804,"High gravity-gradient proxy with muted topographic slope; buried density boundary possible, NOT verified fault","Lithologic contact, intrusive margin, regional gravity processing artifact"
2054,1453,388700.0,4303100.0,4.5206451416015625,0.1192948967218399,"High gravity-gradient proxy with muted topographic slope; buried density boundary possible, NOT verified fault","Lithologic contact, intrusive margin, regional gravity processing artifact"
2054,1466,390000.0,4303100.0,4.557244777679443,0.07784880697727203,"High gravity-gradient proxy with muted topographic slope; buried density boundary possible, NOT verified fault","Lithologic contact, intrusive margin, regional gravity processing artifact"
2054,1472,390600.0,4303100.0,5.763131141662598,0.14633478224277496,"High gravity-gradient proxy with muted topographic slope; buried density boundary possible, NOT verified fault","Lithologic contact, intrusive margin, regional gravity processing artifact"
2054,1482,391600.0,4303100.0,8.46914005279541,0.07658872753381729,"High gravity-gradient proxy with muted topographic slope; buried density boundary possible, NOT verified fault","Lithologic contact, intrusive margin, regional gravity processing artifact"
2055,1441,387500.0,4303000.0,3.8162546157836914,0.07335291057825089,"High gravity-gradient proxy with muted topographic slope; buried density boundary possible, NOT verified fault","Lithologic contact, intrusive margin, regional gravity processing artifact"
2055,1444,387800.0,4303000.0,4.372200012207031,0.11055335402488708,"High gravity-gradient proxy with muted topographic slope; buried density boundary possible, NOT verified fault","Lithologic contact, intrusive margin, regional gravity processing artifact"
2055,1447,388100.0,4303000.0,4.429156303405762,0.05676974728703499,"High gravity-gradient proxy with muted topographic slope; buried density boundary possible, NOT verified fault","Lithologic contact, intrusive margin, regional gravity processing artifact"
2055,1457,389100.0,4303000.0,4.435028076171875,0.04294290766119957,"High gravity-gradient proxy with muted topographic slope; buried density boundary possible, NOT verified fault","Lithologic contact, intrusive margin, regional gravity processing artifact"
2056,1478,391200.0,4302900.0,7.2728190422058105,0.09480621665716171,"High gravity-gradient proxy with muted topographic slope; buried density boundary possible, NOT verified fault","Lithologic contact, intrusive margin, regional gravity processing artifact"
2056,1489,392300.0,4302900.0,6.135783672332764,0.3421836197376251,"High gravity-gradient proxy with muted topographic slope; buried density boundary possible, NOT verified fault","Lithologic contact, intrusive margin, regional gravity processing artifact"
2057,1464,389800.0,4302800.0,4.311000347137451,0.08194102346897125,"High gravity-gradient proxy with muted topographic slope; buried density boundary possible, NOT verified fault","Lithologic contact, intrusive margin, regional gravity processing artifact"
2058,1440,387400.0,4302700.0,3.6744260787963867,0.08591286838054657,"High gravity-gradient proxy with muted topographic slope; buried density boundary possible, NOT verified fault","Lithologic contact, intrusive margin, regional gravity processing artifact"
2058,1443,387700.0,4302700.0,4.3309712409973145,0.07606441527605057,"High gravity-gradient proxy with muted topographic slope; buried density boundary possible, NOT verified fault","Lithologic contact, intrusive margin, regional gravity processing artifact"
2058,1446,388000.0,4302700.0,4.509485244750977,0.05056831240653992,"High gravity-gradient proxy with muted topographic slope; buried density boundary possible, NOT verified fault","Lithologic contact, intrusive margin, regional gravity processing artifact"
2058,1449,388300.0,4302700.0,4.554291248321533,0.06426592171192169,"High gravity-gradient proxy with muted topographic slope; buried density boundary possible, NOT verified fault","Lithologic contact, intrusive margin, regional gravity processing artifact"
2058,1457,389100.0,4302700.0,4.543459415435791,0.08940665423870087,"High gravity-gradient proxy with muted topographic slope; buried density boundary possible, NOT verified fault","Lithologic contact, intrusive margin, regional gravity processing artifact"
2058,1461,389500.0,4302700.0,4.443002223968506,0.09193073958158493,"High gravity-gradient proxy with muted topographic slope; buried density boundary possible, NOT verified fault","Lithologic contact, intrusive margin, regional gravity processing artifact"
2058,1475,390900.0,4302700.0,6.4300055503845215,0.0857379287481308,"High gravity-gradient proxy with muted topographic slope; buried density boundary possible, NOT verified fault","Lithologic contact, intrusive margin, regional gravity processing artifact"
2059,1453,388700.0,4302600.0,4.639068126678467,0.11231433600187302,"High gravity-gradient proxy with muted topographic slope; buried density boundary possible, NOT verified fault","Lithologic contact, intrusive margin, regional gravity processing artifact"
2059,1472,390600.0,4302600.0,5.855090141296387,0.17958812415599823,"High gravity-gradient proxy with muted topographic slope; buried density boundary possible, NOT verified fault","Lithologic contact, intrusive margin, regional gravity processing artifact"
2059,1483,391700.0,4302600.0,8.075554847717285,0.11049498617649078,"High gravity-gradient proxy with muted topographic slope; buried density boundary possible, NOT verified fault","Lithologic contact, intrusive margin, regional gravity processing artifact"
2059,1486,392000.0,4302600.0,7.2087721824646,0.13917557895183563,"High gravity-gradient proxy with muted topographic slope; buried density boundary possible, NOT verified fault","Lithologic contact, intrusive margin, regional gravity processing artifact"
2060,1469,390300.0,4302500.0,5.391483783721924,0.08533553034067154,"High gravity-gradient proxy with muted topographic slope; buried density boundary possible, NOT verified fault","Lithologic contact, intrusive margin, regional gravity processing artifact"
2061,1441,387500.0,4302400.0,3.7370340824127197,0.09078014642000198,"High gravity-gradient proxy with muted topographic slope; buried density boundary possible, NOT verified fault","Lithologic contact, intrusive margin, regional gravity processing artifact"
2061,1444,387800.0,4302400.0,4.339900970458984,0.1269897073507309,"High gravity-gradient proxy with muted topographic slope; buried density boundary possible, NOT verified fault","Lithologic contact, intrusive margin, regional gravity processing artifact"
2061,1447,388100.0,4302400.0,4.456555366516113,0.063140369951725,"High gravity-gradient proxy with muted topographic slope; buried density boundary possible, NOT verified fault","Lithologic contact, intrusive margin, regional gravity processing artifact"
2061,1450,388400.0,4302400.0,4.573093414306641,0.046869415789842606,"High gravity-gradient proxy with muted topographic slope; buried density boundary possible, NOT verified fault","Lithologic contact, intrusive margin, regional gravity processing artifact"
2061,1456,389000.0,4302400.0,4.702003479003906,0.06689131259918213,"High gravity-gradient proxy with muted topographic slope; buried density boundary possible, NOT verified fault","Lithologic contact, intrusive margin, regional gravity processing artifact"
2061,1459,389300.0,4302400.0,4.679892539978027,0.029593249782919884,"High gravity-gradient proxy with muted topographic slope; buried density boundary possible, NOT verified fault","Lithologic contact, intrusive margin, regional gravity processing artifact"
2061,1466,390000.0,4302400.0,4.977047443389893,0.07637781649827957,"High gravity-gradient proxy with muted topographic slope; buried density boundary possible, NOT verified fault","Lithologic contact, intrusive margin, regional gravity processing artifact"
2061,1479,391300.0,4302400.0,6.962507724761963,0.1819668412208557,"High gravity-gradient proxy with muted topographic slope; buried density boundary possible, NOT verified fault","Lithologic contact, intrusive margin, regional gravity processing artifact"
2062,1453,388700.0,4302300.0,4.714745044708252,0.060868777334690094,"High gravity-gradient proxy with muted topographic slope; buried density boundary possible, NOT verified fault","Lithologic contact, intrusive margin, regional gravity processing artifact"
2062,1482,391600.0,4302300.0,7.186493873596191,0.14444583654403687,"High gravity-gradient proxy with muted topographic slope; buried density boundary possible, NOT verified fault","Lithologic contact, intrusive margin, regional gravity processing artifact"
2062,1488,392200.0,4302300.0,5.404975414276123,0.1739318072795868,"High gravity-gradient proxy with muted topographic slope; buried density boundary possible, NOT verified fault","Lithologic contact, intrusive margin, regional gravity processing artifact"
2063,1485,391900.0,4302200.0,6.663522720336914,0.041604913771152496,"High gravity-gradient proxy with muted topographic slope; buried density boundary possible, NOT verified fault","Lithologic contact, intrusive margin, regional gravity processing artifact"
2064,1441,387500.0,4302100.0,3.5807981491088867,0.14976948499679565,"High gravity-gradient proxy with muted topographic slope; buried density boundary possible, NOT verified fault","Lithologic contact, intrusive margin, regional gravity processing artifact"
2064,1444,387800.0,4302100.0,4.200294494628906,0.06922277063131332,"High gravity-gradient proxy with muted topographic slope; buried density boundary possible, NOT verified fault","Lithologic contact, intrusive margin, regional gravity processing artifact"
2064,1447,388100.0,4302100.0,4.388719081878662,0.040236376225948334,"High gravity-gradient proxy with muted topographic slope; buried density boundary possible, NOT verified fault","Lithologic contact, intrusive margin, regional gravity processing artifact"
2064,1450,388400.0,4302100.0,4.577027797698975,0.08629658818244934,"High gravity-gradient proxy with muted topographic slope; buried density boundary possible, NOT verified fault","Lithologic contact, intrusive margin, regional gravity processing artifact"
2064,1456,389000.0,4302100.0,4.835487365722656,0.09899375587701797,"High gravity-gradient proxy with muted topographic slope; buried density boundary possible, NOT verified fault","Lithologic contact, intrusive margin, regional gravity processing artifact"
2064,1459,389300.0,4302100.0,4.866565704345703,0.11764641106128693,"High gravity-gradient proxy with muted topographic slope; buried density boundary possible, NOT verified fault","Lithologic contact, intrusive margin, regional gravity processing artifact"
2064,1465,389900.0,4302100.0,5.066926956176758,0.1202584058046341,"High gravity-gradient proxy with muted topographic slope; buried density boundary possible, NOT verified fault","Lithologic contact, intrusive margin, regional gravity processing artifact"
2064,1474,390800.0,4302100.0,6.231533050537109,0.1838839054107666,"High gravity-gradient proxy with muted topographic slope; buried density boundary possible, NOT verified fault","Lithologic contact, intrusive margin, regional gravity processing artifact"
2064,1477,391100.0,4302100.0,6.419171333312988,0.20863670110702515,"High gravity-gradient proxy with muted topographic slope; buried density boundary possible, NOT verified fault","Lithologic contact, intrusive margin, regional gravity processing artifact"
2065,1453,388700.0,4302000.0,4.790463924407959,0.06011927127838135,"High gravity-gradient proxy with muted topographic slope; buried density boundary possible, NOT verified fault","Lithologic contact, intrusive margin, regional gravity processing artifact"
2065,1488,392200.0,4302000.0,4.70022439956665,0.05725262314081192,"High gravity-gradient proxy with muted topographic slope; buried density boundary possible, NOT verified fault","Lithologic contact, intrusive margin, regional gravity processing artifact"
2065,1491,392500.0,4302000.0,3.284055471420288,0.10612496733665466,"High gravity-gradient proxy with muted topographic slope; buried density boundary possible, NOT verified fault","Lithologic contact, intrusive margin, regional gravity processing artifact"
2066,1462,389600.0,4301900.0,5.057484149932861,0.4223334491252899,"High gravity-gradient proxy with muted topographic slope; buried density boundary possible, NOT verified fault","Lithologic contact, intrusive margin, regional gravity processing artifact"
2066,1471,390500.0,4301900.0,5.910806179046631,0.12244941294193268,"High gravity-gradient proxy with muted topographic slope; buried density boundary possible, NOT verified fault","Lithologic contact, intrusive margin, regional gravity processing artifact"
2066,1485,391900.0,4301900.0,5.842566967010498,0.07456828653812408,"High gravity-gradient proxy with muted topographic slope; buried density boundary possible, NOT verified fault","Lithologic contact, intrusive margin, regional gravity processing artifact"
2067,1444,387800.0,4301800.0,4.052685737609863,0.10798874497413635,"High gravity-gradient proxy with muted topographic slope; buried density boundary possible, NOT verified fault","Lithologic contact, intrusive margin, regional gravity processing artifact"
2067,1447,388100.0,4301800.0,4.311982154846191,0.1940630078315735,"High gravity-gradient proxy with muted topographic slope; buried density boundary possible, NOT verified fault","Lithologic contact, intrusive margin, regional gravity processing artifact"
2067,1450,388400.0,4301800.0,4.57122802734375,0.09290097653865814,"High gravity-gradient proxy with muted topographic slope; buried density boundary possible, NOT verified fault","Lithologic contact, intrusive margin, regional gravity processing artifact"
2067,1456,389000.0,4301800.0,4.95721960067749,0.06193360313773155,"High gravity-gradient proxy with muted topographic slope; buried density boundary possible, NOT verified fault","Lithologic contact, intrusive margin, regional gravity processing artifact"
2067,1482,391600.0,4301800.0,6.061836242675781,0.0253580491989851,"High gravity-gradient proxy with muted topographic slope; buried density boundary possible, NOT verified fault","Lithologic contact, intrusive margin, regional gravity processing artifact"
2068,1453,388700.0,4301700.0,4.721060752868652,0.06955912709236145,"High gravity-gradient proxy with muted topographic slope; buried density boundary possible, NOT verified fault","Lithologic contact, intrusive margin, regional gravity processing artifact"
2068,1474,390800.0,4301700.0,6.111699104309082,0.03255285695195198,"High gravity-gradient proxy with muted topographic slope; buried density boundary possible, NOT verified fault","Lithologic contact, intrusive margin, regional gravity processing artifact"
2068,1477,391100.0,4301700.0,6.0734734535217285,0.12286937236785889,"High gravity-gradient proxy with muted topographic slope; buried density boundary possible, NOT verified fault","Lithologic contact, intrusive margin, regional gravity processing artifact"
2068,1488,392200.0,4301700.0,4.124628067016602,0.09896589815616608,"High gravity-gradient proxy with muted topographic slope; buried density boundary possible, NOT verified fault","Lithologic contact, intrusive margin, regional gravity processing artifact"
2069,1468,390200.0,4301600.0,5.3604021072387695,0.031848203390836716,"High gravity-gradient proxy with muted topographic slope; buried density boundary possible, NOT verified fault","Lithologic contact, intrusive margin, regional gravity processing artifact"
2069,1471,390500.0,4301600.0,5.674254894256592,0.07935012131929398,"High gravity-gradient proxy with muted topographic slope; buried density boundary possible, NOT verified fault","Lithologic contact, intrusive margin, regional gravity processing artifact"
2069,1485,391900.0,4301600.0,5.476505279541016,0.16814415156841278,"High gravity-gradient proxy with muted topographic slope; buried density boundary possible, NOT verified fault","Lithologic contact, intrusive margin, regional gravity processing artifact"
2070,1450,388400.0,4301500.0,4.212033748626709,0.08846817910671234,"High gravity-gradient proxy with muted topographic slope; buried density boundary possible, NOT verified fault","Lithologic contact, intrusive margin, regional gravity processing artifact"
2070,1482,391600.0,4301500.0,5.904707908630371,0.26675260066986084,"High gravity-gradient proxy with muted topographic slope; buried density boundary possible, NOT verified fault","Lithologic contact, intrusive margin, regional gravity processing artifact"
2071,1476,391000.0,4301400.0,5.752957820892334,0.08236173540353775,"High gravity-gradient proxy with muted topographic slope; buried density boundary possible, NOT verified fault","Lithologic contact, intrusive margin, regional gravity processing artifact"
2071,1479,391300.0,4301400.0,5.802720069885254,0.08265899121761322,"High gravity-gradient proxy with muted topographic slope; buried density boundary possible, NOT verified fault","Lithologic contact, intrusive margin, regional gravity processing artifact"
2072,1467,390100.0,4301300.0,4.876124858856201,0.09129038453102112,"High gravity-gradient proxy with muted topographic slope; buried density boundary possible, NOT verified fault","Lithologic contact, intrusive margin, regional gravity processing artifact"
2072,1470,390400.0,4301300.0,5.183837413787842,0.10139597952365875,"High gravity-gradient proxy with muted topographic slope; buried density boundary possible, NOT verified fault","Lithologic contact, intrusive margin, regional gravity processing artifact"
2072,1473,390700.0,4301300.0,5.491559028625488,0.09533662348985672,"High gravity-gradient proxy with muted topographic slope; buried density boundary possible, NOT verified fault","Lithologic contact, intrusive margin, regional gravity processing artifact"
2072,1486,392000.0,4301300.0,4.77227258682251,0.08156955242156982,"High gravity-gradient proxy with muted topographic slope; buried density boundary possible, NOT verified fault","Lithologic contact, intrusive margin, regional gravity processing artifact"
2074,1477,391100.0,4301100.0,5.465697288513184,0.09637858718633652,"High gravity-gradient proxy with muted topographic slope; buried density boundary possible, NOT verified fault","Lithologic contact, intrusive margin, regional gravity processing artifact"
2074,1483,391700.0,4301100.0,5.74114990234375,0.14910027384757996,"High gravity-gradient proxy with muted topographic slope; buried density boundary possible, NOT verified fault","Lithologic contact, intrusive margin, regional gravity processing artifact"
2075,1465,389900.0,4301000.0,4.295414447784424,0.07176999002695084,"High gravity-gradient proxy with muted topographic slope; buried density boundary possible, NOT verified fault","Lithologic contact, intrusive margin, regional gravity processing artifact"
2075,1468,390200.0,4301000.0,4.59698486328125,0.07859496027231216,"High gravity-gradient proxy with muted topographic slope; buried density boundary possible, NOT verified fault","Lithologic contact, intrusive margin, regional gravity processing artifact"
2075,1471,390500.0,4301000.0,4.898562431335449,0.11130919307470322,"High gravity-gradient proxy with muted topographic slope; buried density boundary possible, NOT verified fault","Lithologic contact, intrusive margin, regional gravity processing artifact"
2075,1474,390800.0,4301000.0,5.197125434875488,0.21567422151565552,"High gravity-gradient proxy with muted topographic slope; buried density boundary possible, NOT verified fault","Lithologic contact, intrusive margin, regional gravity processing artifact"
2075,1480,391400.0,4301000.0,5.531576156616211,0.12035907059907913,"High gravity-gradient proxy with muted topographic slope; buried density boundary possible, NOT verified fault","Lithologic contact, intrusive margin, regional gravity processing artifact"
2075,1487,392100.0,4301000.0,3.948084592819214,0.08894015103578568,"High gravity-gradient proxy with muted topographic slope; buried density boundary possible, NOT verified fault","Lithologic contact, intrusive margin, regional gravity processing artifact"
2077,1484,391800.0,4300800.0,5.665388584136963,0.15532608330249786,"High gravity-gradient proxy with muted topographic slope; buried density boundary possible, NOT verified fault","Lithologic contact, intrusive margin, regional gravity processing artifact"
2078,1469,390300.0,4300700.0,4.253768444061279,0.1185532882809639,"High gravity-gradient proxy with muted topographic slope; buried density boundary possible, NOT verified fault","Lithologic contact, intrusive margin, regional gravity processing artifact"
2078,1472,390600.0,4300700.0,4.4364495277404785,0.32123467326164246,"High gravity-gradient proxy with muted topographic slope; buried density boundary possible, NOT verified fault","Lithologic contact, intrusive margin, regional gravity processing artifact"
2078,1475,390900.0,4300700.0,4.652558326721191,0.23311908543109894,"High gravity-gradient proxy with muted topographic slope; buried density boundary possible, NOT verified fault","Lithologic contact, intrusive margin, regional gravity processing artifact"
2078,1478,391200.0,4300700.0,4.928254127502441,0.0372842401266098,"High gravity-gradient proxy with muted topographic slope; buried density boundary possible, NOT verified fault","Lithologic contact, intrusive margin, regional gravity processing artifact"
2078,1481,391500.0,4300700.0,5.203729629516602,0.03866284340620041,"High gravity-gradient proxy with muted topographic slope; buried density boundary possible, NOT verified fault","Lithologic contact, intrusive margin, regional gravity processing artifact"
2080,1485,391900.0,4300500.0,4.566119194030762,0.19054599106311798,"High gravity-gradient proxy with muted topographic slope; buried density boundary possible, NOT verified fault","Lithologic contact, intrusive margin, regional gravity processing artifact"
2081,1476,391000.0,4300400.0,3.8129022121429443,0.10619384050369263,"High gravity-gradient proxy with muted topographic slope; buried density boundary possible, NOT verified fault","Lithologic contact, intrusive margin, regional gravity processing artifact"
2081,1479,391300.0,4300400.0,4.228178977966309,0.030586207285523415,"High gravity-gradient proxy with muted topographic slope; buried density boundary possible, NOT verified fault","Lithologic contact, intrusive margin, regional gravity processing artifact"
2081,1482,391600.0,4300400.0,4.643235683441162,0.025708142668008804,"High gravity-gradient proxy with muted topographic slope; buried density boundary possible, NOT verified fault","Lithologic contact, intrusive margin, regional gravity processing artifact"
2083,1485,391900.0,4300200.0,4.089024543762207,0.03656095266342163,"High gravity-gradient proxy with muted topographic slope; buried density boundary possible, NOT verified fault","Lithologic contact, intrusive margin, regional gravity processing artifact"
2084,1482,391600.0,4300100.0,3.991039276123047,0.18419688940048218,"High gravity-gradient proxy with muted topographic slope; buried density boundary possible, NOT verified fault","Lithologic contact, intrusive margin, regional gravity processing artifact"
2596,1899,433300.0,4248900.0,4.6878743171691895,0.15050111711025238,"High gravity-gradient proxy with muted topographic slope; buried density boundary possible, NOT verified fault","Lithologic contact, intrusive margin, regional gravity processing artifact"
2599,1897,433100.0,4248600.0,4.521658420562744,0.25277844071388245,"High gravity-gradient proxy with muted topographic slope; buried density boundary possible, NOT verified fault","Lithologic contact, intrusive margin, regional gravity processing artifact"
2599,1900,433400.0,4248600.0,4.762639045715332,0.14357158541679382,"High gravity-gradient proxy with muted topographic slope; buried density boundary possible, NOT verified fault","Lithologic contact, intrusive margin, regional gravity processing artifact"
2600,1903,433700.0,4248500.0,4.810123920440674,0.1144619882106781,"High gravity-gradient proxy with muted topographic slope; buried density boundary possible, NOT verified fault","Lithologic contact, intrusive margin, regional gravity processing artifact"
2602,1897,433100.0,4248300.0,4.554337501525879,0.13849501311779022,"High gravity-gradient proxy with muted topographic slope; buried density boundary possible, NOT verified fault","Lithologic contact, intrusive margin, regional gravity processing artifact"
2602,1900,433400.0,4248300.0,4.8643341064453125,0.16178388893604279,"High gravity-gradient proxy with muted topographic slope; buried density boundary possible, NOT verified fault","Lithologic contact, intrusive margin, regional gravity processing artifact"
2603,1903,433700.0,4248200.0,4.981133460998535,0.15029051899909973,"High gravity-gradient proxy with muted topographic slope; buried density boundary possible, NOT verified fault","Lithologic contact, intrusive margin, regional gravity processing artifact"
2605,1897,433100.0,4248000.0,4.66616153717041,0.28646528720855713,"High gravity-gradient proxy with muted topographic slope; buried density boundary possible, NOT verified fault","Lithologic contact, intrusive margin, regional gravity processing artifact"
2605,1900,433400.0,4248000.0,5.010473251342773,0.17224980890750885,"High gravity-gradient proxy with muted topographic slope; buried density boundary possible, NOT verified fault","Lithologic contact, intrusive margin, regional gravity processing artifact"
2608,1898,433200.0,4247700.0,5.072408199310303,0.07131383568048477,"High gravity-gradient proxy with muted topographic slope; buried density boundary possible, NOT verified fault","Lithologic contact, intrusive margin, regional gravity processing artifact"
2608,1901,433500.0,4247700.0,5.198718547821045,0.3404630422592163,"High gravity-gradient proxy with muted topographic slope; buried density boundary possible, NOT verified fault","Lithologic contact, intrusive margin, regional gravity processing artifact"
2614,1897,433100.0,4247100.0,4.971108913421631,0.09243379533290863,"High gravity-gradient proxy with muted topographic slope; buried density boundary possible, NOT verified fault","Lithologic contact, intrusive margin, regional gravity processing artifact"
2617,1893,432700.0,4246800.0,3.7491872310638428,0.15552115440368652,"High gravity-gradient proxy with muted topographic slope; buried density boundary possible, NOT verified fault","Lithologic contact, intrusive margin, regional gravity processing artifact"
2617,1896,433000.0,4246800.0,4.719178199768066,0.11340256035327911,"High gravity-gradient proxy with muted topographic slope; buried density boundary possible, NOT verified fault","Lithologic contact, intrusive margin, regional gravity processing artifact"
2617,1899,433300.0,4246800.0,5.37591552734375,0.21897724270820618,"High gravity-gradient proxy with muted topographic slope; buried density boundary possible, NOT verified fault","Lithologic contact, intrusive margin, regional gravity processing artifact"
2620,1892,432600.0,4246500.0,3.643768310546875,0.17887787520885468,"High gravity-gradient proxy with muted topographic slope; buried density boundary possible, NOT verified fault","Lithologic contact, intrusive margin, regional gravity processing artifact"
2620,1895,432900.0,4246500.0,4.525837421417236,0.08910472691059113,"High gravity-gradient proxy with muted topographic slope; buried density boundary possible, NOT verified fault","Lithologic contact, intrusive margin, regional gravity processing artifact"
2620,1898,433200.0,4246500.0,5.36065149307251,0.20777066051959991,"High gravity-gradient proxy with muted topographic slope; buried density boundary possible, NOT verified fault","Lithologic contact, intrusive margin, regional gravity processing artifact"
2623,1891,432500.0,4246200.0,3.5907623767852783,0.17164461314678192,"High gravity-gradient proxy with muted topographic slope; buried density boundary possible, NOT verified fault","Lithologic contact, intrusive margin, regional gravity processing artifact"
2623,1894,432800.0,4246200.0,4.403890132904053,0.11222638934850693,"High gravity-gradient proxy with muted topographic slope; buried density boundary possible, NOT verified fault","Lithologic contact, intrusive margin, regional gravity processing artifact"
2625,1897,433100.0,4246000.0,5.3110480308532715,0.4196866452693939,"High gravity-gradient proxy with muted topographic slope; buried density boundary possible, NOT verified fault","Lithologic contact, intrusive margin, regional gravity processing artifact"
2628,1890,432400.0,4245700.0,3.7348742485046387,0.03765014559030533,"High gravity-gradient proxy with muted topographic slope; buried density boundary possible, NOT verified fault","Lithologic contact, intrusive margin, regional gravity processing artifact"
2628,1893,432700.0,4245700.0,4.470771312713623,0.02726243995130062,"High gravity-gradient proxy with muted topographic slope; buried density boundary possible, NOT verified fault","Lithologic contact, intrusive margin, regional gravity processing artifact"
2628,1896,433000.0,4245700.0,5.206707954406738,0.09703901410102844,"High gravity-gradient proxy with muted topographic slope; buried density boundary possible, NOT verified fault","Lithologic contact, intrusive margin, regional gravity processing artifact"
2628,1899,433300.0,4245700.0,5.717909336090088,0.14576628804206848,"High gravity-gradient proxy with muted topographic slope; buried density boundary possible, NOT verified fault","Lithologic contact, intrusive margin, regional gravity processing artifact"
2631,1889,432300.0,4245400.0,3.7541043758392334,0.1478542685508728,"High gravity-gradient proxy with muted topographic slope; buried density boundary possible, NOT verified fault","Lithologic contact, intrusive margin, regional gravity processing artifact"
2631,1892,432600.0,4245400.0,4.443658828735352,0.10017232596874237,"High gravity-gradient proxy with muted topographic slope; buried density boundary possible, NOT verified fault","Lithologic contact, intrusive margin, regional gravity processing artifact"
2631,1895,432900.0,4245400.0,5.133251190185547,0.0716250017285347,"High gravity-gradient proxy with muted topographic slope; buried density boundary possible, NOT verified fault","Lithologic contact, intrusive margin, regional gravity processing artifact"
2631,1898,433200.0,4245400.0,5.78582239151001,0.10599678754806519,"High gravity-gradient proxy with muted topographic slope; buried density boundary possible, NOT verified fault","Lithologic contact, intrusive margin, regional gravity processing artifact"
2634,1888,432200.0,4245100.0,3.730762481689453,0.16948972642421722,"High gravity-gradient proxy with muted topographic slope; buried density boundary possible, NOT verified fault","Lithologic contact, intrusive margin, regional gravity processing artifact"
2634,1891,432500.0,4245100.0,4.403659820556641,0.14498057961463928,"High gravity-gradient proxy with muted topographic slope; buried density boundary possible, NOT verified fault","Lithologic contact, intrusive margin, regional gravity processing artifact"
2634,1894,432800.0,4245100.0,5.076566219329834,0.1399732083082199,"High gravity-gradient proxy with muted topographic slope; buried density boundary possible, NOT verified fault","Lithologic contact, intrusive margin, regional gravity processing artifact"
2634,1897,433100.0,4245100.0,5.74948263168335,0.15243302285671234,"High gravity-gradient proxy with muted topographic slope; buried density boundary possible, NOT verified fault","Lithologic contact, intrusive margin, regional gravity processing artifact"
2634,1900,433400.0,4245100.0,6.030903339385986,0.25486817955970764,"High gravity-gradient proxy with muted topographic slope; buried density boundary possible, NOT verified fault","Lithologic contact, intrusive margin, regional gravity processing artifact"
2637,1887,432100.0,4244800.0,3.6179018020629883,0.1558900773525238,"High gravity-gradient proxy with muted topographic slope; buried density boundary possible, NOT verified fault","Lithologic contact, intrusive margin, regional gravity processing artifact"
2637,1890,432400.0,4244800.0,4.363280296325684,0.13503316044807434,"High gravity-gradient proxy with muted topographic slope; buried density boundary possible, NOT verified fault","Lithologic contact, intrusive margin, regional gravity processing artifact"
2637,1893,432700.0,4244800.0,5.025855541229248,0.13114957511425018,"High gravity-gradient proxy with muted topographic slope; buried density boundary possible, NOT verified fault","Lithologic contact, intrusive margin, regional gravity processing artifact"
2637,1896,433000.0,4244800.0,5.688441276550293,0.14068113267421722,"High gravity-gradient proxy with muted topographic slope; buried density boundary possible, NOT verified fault","Lithologic contact, intrusive margin, regional gravity processing artifact"
2637,1899,433300.0,4244800.0,6.131852626800537,0.09483391791582108,"High gravity-gradient proxy with muted topographic slope; buried density boundary possible, NOT verified fault","Lithologic contact, intrusive margin, regional gravity processing artifact"
2640,1888,432200.0,4244500.0,4.112371444702148,0.19506743550300598,"High gravity-gradient proxy with muted topographic slope; buried density boundary possible, NOT verified fault","Lithologic contact, intrusive margin, regional gravity processing artifact"
2640,1891,432500.0,4244500.0,4.764613628387451,0.16713638603687286,"High gravity-gradient proxy with muted topographic slope; buried density boundary possible, NOT verified fault","Lithologic contact, intrusive margin, regional gravity processing artifact"
2640,1894,432800.0,4244500.0,5.416864395141602,0.17812703549861908,"High gravity-gradient proxy with muted topographic slope; buried density boundary possible, NOT verified fault","Lithologic contact, intrusive margin, regional gravity processing artifact"
2640,1897,433100.0,4244500.0,6.069125652313232,0.19966785609722137,"High gravity-gradient proxy with muted topographic slope; buried density boundary possible, NOT verified fault","Lithologic contact, intrusive margin, regional gravity processing artifact"
2643,1895,432900.0,4244200.0,5.803093433380127,0.2341431826353073,"High gravity-gradient proxy with muted topographic slope; buried density boundary possible, NOT verified fault","Lithologic contact, intrusive margin, regional gravity processing artifact"
2643,1898,433200.0,4244200.0,6.4071831703186035,0.24915361404418945,"High gravity-gradient proxy with muted topographic slope; buried density boundary possible, NOT verified fault","Lithologic contact, intrusive margin, regional gravity processing artifact"
2646,1896,433000.0,4243900.0,6.18631649017334,0.28731605410575867,"High gravity-gradient proxy with muted topographic slope; buried density boundary possible, NOT verified fault","Lithologic contact, intrusive margin, regional gravity processing artifact"
2878,2135,456900.0,4220700.0,3.307337522506714,0.1554185450077057,"High gravity-gradient proxy with muted topographic slope; buried density boundary possible, NOT verified fault","Lithologic contact, intrusive margin, regional gravity processing artifact"
2879,2126,456000.0,4220600.0,3.4387381076812744,0.14481472969055176,"High gravity-gradient proxy with muted topographic slope; buried density boundary possible, NOT verified fault","Lithologic contact, intrusive margin, regional gravity processing artifact"
2879,2129,456300.0,4220600.0,3.5775527954101562,0.11505535244941711,"High gravity-gradient proxy with muted topographic slope; buried density boundary possible, NOT verified fault","Lithologic contact, intrusive margin, regional gravity processing artifact"
2879,2132,456600.0,4220600.0,3.5304722785949707,0.15544916689395905,"High gravity-gradient proxy with muted topographic slope; buried density boundary possible, NOT verified fault","Lithologic contact, intrusive margin, regional gravity processing artifact"
2881,2136,457000.0,4220400.0,3.399933099746704,0.13548919558525085,"High gravity-gradient proxy with muted topographic slope; buried density boundary possible, NOT verified fault","Lithologic contact, intrusive margin, regional gravity processing artifact"
2882,2121,455500.0,4220300.0,3.6974313259124756,0.1799725890159607,"High gravity-gradient proxy with muted topographic slope; buried density boundary possible, NOT verified fault","Lithologic contact, intrusive margin, regional gravity processing artifact"
2882,2124,455800.0,4220300.0,3.7569708824157715,0.21401561796665192,"High gravity-gradient proxy with muted topographic slope; buried density boundary possible, NOT verified fault","Lithologic contact, intrusive margin, regional gravity processing artifact"
2882,2127,456100.0,4220300.0,3.81654691696167,0.1312430500984192,"High gravity-gradient proxy with muted topographic slope; buried density boundary possible, NOT verified fault","Lithologic contact, intrusive margin, regional gravity processing artifact"
2882,2130,456400.0,4220300.0,3.8704590797424316,0.0861479789018631,"High gravity-gradient proxy with muted topographic slope; buried density boundary possible, NOT verified fault","Lithologic contact, intrusive margin, regional gravity processing artifact"
2882,2133,456700.0,4220300.0,3.644989252090454,0.08206754922866821,"High gravity-gradient proxy with muted topographic slope; buried density boundary possible, NOT verified fault","Lithologic contact, intrusive margin, regional gravity processing artifact"
2883,2118,455200.0,4220200.0,3.478297472000122,0.15185321867465973,"High gravity-gradient proxy with muted topographic slope; buried density boundary possible, NOT verified fault","Lithologic contact, intrusive margin, regional gravity processing artifact"
2885,2131,456500.0,4220000.0,4.011089324951172,0.1448371559381485,"High gravity-gradient proxy with muted topographic slope; buried density boundary possible, NOT verified fault","Lithologic contact, intrusive margin, regional gravity processing artifact"
2886,2115,454900.0,4219900.0,3.400604009628296,0.11265143752098083,"High gravity-gradient proxy with muted topographic slope; buried density boundary possible, NOT verified fault","Lithologic contact, intrusive margin, regional gravity processing artifact"
2888,2122,455600.0,4219700.0,4.629796981811523,0.3474428951740265,"High gravity-gradient proxy with muted topographic slope; buried density boundary possible, NOT verified fault","Lithologic contact, intrusive margin, regional gravity processing artifact"
2889,2113,454700.0,4219600.0,3.526527166366577,0.1204337403178215,"High gravity-gradient proxy with muted topographic slope; buried density boundary possible, NOT verified fault","Lithologic contact, intrusive margin, regional gravity processing artifact"
2889,2116,455000.0,4219600.0,4.115101337432861,0.09554411470890045,"High gravity-gradient proxy with muted topographic slope; buried density boundary possible, NOT verified fault","Lithologic contact, intrusive margin, regional gravity processing artifact"
2889,2119,455300.0,4219600.0,4.7036967277526855,0.11584284156560898,"High gravity-gradient proxy with muted topographic slope; buried density boundary possible, NOT verified fault","Lithologic contact, intrusive margin, regional gravity processing artifact"
2890,2133,456700.0,4219500.0,4.014238357543945,0.11421473324298859,"High gravity-gradient proxy with muted topographic slope; buried density boundary possible, NOT verified fault","Lithologic contact, intrusive margin, regional gravity processing artifact"
2891,2123,455700.0,4219400.0,4.892179012298584,0.10285094380378723,"High gravity-gradient proxy with muted topographic slope; buried density boundary possible, NOT verified fault","Lithologic contact, intrusive margin, regional gravity processing artifact"
2891,2130,456400.0,4219400.0,4.533599376678467,0.13059818744659424,"High gravity-gradient proxy with muted topographic slope; buried density boundary possible, NOT verified fault","Lithologic contact, intrusive margin, regional gravity processing artifact"
2892,2111,454500.0,4219300.0,3.54050874710083,0.12303833663463593,"High gravity-gradient proxy with muted topographic slope; buried density boundary possible, NOT verified fault","Lithologic contact, intrusive margin, regional gravity processing artifact"
2892,2114,454800.0,4219300.0,4.083293914794922,0.12746673822402954,"High gravity-gradient proxy with muted topographic slope; buried density boundary possible, NOT verified fault","Lithologic contact, intrusive margin, regional gravity processing artifact"
2892,2117,455100.0,4219300.0,4.626102924346924,0.12075220048427582,"High gravity-gradient proxy with muted topographic slope; buried density boundary possible, NOT verified fault","Lithologic contact, intrusive margin, regional gravity processing artifact"
2892,2120,455400.0,4219300.0,5.132569313049316,0.11634302139282227,"High gravity-gradient proxy with muted topographic slope; buried density boundary possible, NOT verified fault","Lithologic contact, intrusive margin, regional gravity processing artifact"
2892,2127,456100.0,4219300.0,4.748839378356934,0.21447929739952087,"High gravity-gradient proxy with muted topographic slope; buried density boundary possible, NOT verified fault","Lithologic contact, intrusive margin, regional gravity processing artifact"
2893,2133,456700.0,4219200.0,4.051405429840088,0.08353447914123535,"High gravity-gradient proxy with muted topographic slope; buried density boundary possible, NOT verified fault","Lithologic contact, intrusive margin, regional gravity processing artifact"
2893,2136,457000.0,4219200.0,3.4826161861419678,0.1594192236661911,"High gravity-gradient proxy with muted topographic slope; buried density boundary possible, NOT verified fault","Lithologic contact, intrusive margin, regional gravity processing artifact"
2894,2124,455800.0,4219100.0,5.055908679962158,0.1262625902891159,"High gravity-gradient proxy with muted topographic slope; buried density boundary possible, NOT verified fault","Lithologic contact, intrusive margin, regional gravity processing artifact"
2894,2130,456400.0,4219100.0,4.663554668426514,0.13984963297843933,"High gravity-gradient proxy with muted topographic slope; buried density boundary possible, NOT verified fault","Lithologic contact, intrusive margin, regional gravity processing artifact"
2895,2112,454600.0,4219000.0,4.112524509429932,0.10815805941820145,"High gravity-gradient proxy with muted topographic slope; buried density boundary possible, NOT verified fault","Lithologic contact, intrusive margin, regional gravity processing artifact"
2895,2115,454900.0,4219000.0,4.609545707702637,0.13175272941589355,"High gravity-gradient proxy with muted topographic slope; buried density boundary possible, NOT verified fault","Lithologic contact, intrusive margin, regional gravity processing artifact"
2895,2118,455200.0,4219000.0,5.106589317321777,0.06489622592926025,"High gravity-gradient proxy with muted topographic slope; buried density boundary possible, NOT verified fault","Lithologic contact, intrusive margin, regional gravity processing artifact"
2895,2121,455500.0,4219000.0,5.333156108856201,0.12505178153514862,"High gravity-gradient proxy with muted topographic slope; buried density boundary possible, NOT verified fault","Lithologic contact, intrusive margin, regional gravity processing artifact"
2895,2127,456100.0,4219000.0,4.921306133270264,0.1462523192167282,"High gravity-gradient proxy with muted topographic slope; buried density boundary possible, NOT verified fault","Lithologic contact, intrusive margin, regional gravity processing artifact"
2896,2133,456700.0,4218900.0,4.088569164276123,0.08714019507169724,"High gravity-gradient proxy with muted topographic slope; buried density boundary possible, NOT verified fault","Lithologic contact, intrusive margin, regional gravity processing artifact"
2897,2107,454100.0,4218800.0,3.459927797317505,0.061553701758384705,"High gravity-gradient proxy with muted topographic slope; buried density boundary possible, NOT verified fault","Lithologic contact, intrusive margin, regional gravity processing artifact"
2897,2124,455800.0,4218800.0,5.269846439361572,0.125553160905838,"High gravity-gradient proxy with muted topographic slope; buried density boundary possible, NOT verified fault","Lithologic contact, intrusive margin, regional gravity processing artifact"
2898,2110,454400.0,4218700.0,4.202793598175049,0.08064931631088257,"High gravity-gradient proxy with muted topographic slope; buried density boundary possible, NOT verified fault","Lithologic contact, intrusive margin, regional gravity processing artifact"
2898,2121,455500.0,4218700.0,5.588566303253174,0.12833480536937714,"High gravity-gradient proxy with muted topographic slope; buried density boundary possible, NOT verified fault","Lithologic contact, intrusive margin, regional gravity processing artifact"
2898,2127,456100.0,4218700.0,5.093770503997803,0.07424965500831604,"High gravity-gradient proxy with muted topographic slope; buried density boundary possible, NOT verified fault","Lithologic contact, intrusive margin, regional gravity processing artifact"
2899,2130,456400.0,4218600.0,4.879541397094727,0.15661334991455078,"High gravity-gradient proxy with muted topographic slope; buried density boundary possible, NOT verified fault","Lithologic contact, intrusive margin, regional gravity processing artifact"
2899,2133,456700.0,4218600.0,4.1236982345581055,0.2297120988368988,"High gravity-gradient proxy with muted topographic slope; buried density boundary possible, NOT verified fault","Lithologic contact, intrusive margin, regional gravity processing artifact"
2900,2107,454100.0,4218500.0,3.851419687271118,0.037880927324295044,"High gravity-gradient proxy with muted topographic slope; buried density boundary possible, NOT verified fault","Lithologic contact, intrusive margin, regional gravity processing artifact"
2900,2113,454700.0,4218500.0,4.851485729217529,0.23450501263141632,"High gravity-gradient proxy with muted topographic slope; buried density boundary possible, NOT verified fault","Lithologic contact, intrusive margin, regional gravity processing artifact"
2900,2118,455200.0,4218500.0,5.560266494750977,0.1275693029165268,"High gravity-gradient proxy with muted topographic slope; buried density boundary possible, NOT verified fault","Lithologic contact, intrusive margin, regional gravity processing artifact"
2900,2124,455800.0,4218500.0,5.4561944007873535,0.12583069503307343,"High gravity-gradient proxy with muted topographic slope; buried density boundary possible, NOT verified fault","Lithologic contact, intrusive margin, regional gravity processing artifact"
2901,2110,454400.0,4218400.0,4.514912128448486,0.04781069606542587,"High gravity-gradient proxy with muted topographic slope; buried density boundary possible, NOT verified fault","Lithologic contact, intrusive margin, regional gravity processing artifact"
2901,2121,455500.0,4218400.0,5.7706298828125,0.12763404846191406,"High gravity-gradient proxy with muted topographic slope; buried density boundary possible, NOT verified fault","Lithologic contact, intrusive margin, regional gravity processing artifact"
2901,2127,456100.0,4218400.0,5.23458194732666,0.14350925385951996,"High gravity-gradient proxy with muted topographic slope; buried density boundary possible, NOT verified fault","Lithologic contact, intrusive margin, regional gravity processing artifact"
2902,2130,456400.0,4218300.0,4.992649555206299,0.13204078376293182,"High gravity-gradient proxy with muted topographic slope; buried density boundary possible, NOT verified fault","Lithologic contact, intrusive margin, regional gravity processing artifact"
2903,2104,453800.0,4218200.0,3.622602939605713,0.04934434965252876,"High gravity-gradient proxy with muted topographic slope; buried density boundary possible, NOT verified fault","Lithologic contact, intrusive margin, regional gravity processing artifact"
2903,2107,454100.0,4218200.0,4.163607120513916,0.012580645270645618,"High gravity-gradient proxy with muted topographic slope; buried density boundary possible, NOT verified fault","Lithologic contact, intrusive margin, regional gravity processing artifact"
2903,2115,454900.0,4218200.0,5.344943523406982,0.05641499161720276,"High gravity-gradient proxy with muted topographic slope; buried density boundary possible, NOT verified fault","Lithologic contact, intrusive margin, regional gravity processing artifact"
2903,2118,455200.0,4218200.0,5.736578941345215,0.07911118119955063,"High gravity-gradient proxy with muted topographic slope; buried density boundary possible, NOT verified fault","Lithologic contact, intrusive margin, regional gravity processing artifact"
2903,2124,455800.0,4218200.0,5.595419883728027,0.16351033747196198,"High gravity-gradient proxy with muted topographic slope; buried density boundary possible, NOT verified fault","Lithologic contact, intrusive margin, regional gravity processing artifact"
2904,2110,454400.0,4218100.0,4.780926704406738,0.18223819136619568,"High gravity-gradient proxy with muted topographic slope; buried density boundary possible, NOT verified fault","Lithologic contact, intrusive margin, regional gravity processing artifact"
2904,2121,455500.0,4218100.0,5.9216814041137695,0.20357707142829895,"High gravity-gradient proxy with muted topographic slope; buried density boundary possible, NOT verified fault","Lithologic contact, intrusive margin, regional gravity processing artifact"
2904,2127,456100.0,4218100.0,5.361979961395264,0.07574590295553207,"High gravity-gradient proxy with muted topographic slope; buried density boundary possible, NOT verified fault","Lithologic contact, intrusive margin, regional gravity processing artifact"
2905,2130,456400.0,4218000.0,5.105752468109131,0.03412425518035889,"High gravity-gradient proxy with muted topographic slope; buried density boundary possible, NOT verified fault","Lithologic contact, intrusive margin, regional gravity processing artifact"
2906,2105,453900.0,4217900.0,4.14665412902832,0.009178086183965206,"High gravity-gradient proxy with muted topographic slope; buried density boundary possible, NOT verified fault","Lithologic contact, intrusive margin, regional gravity processing artifact"
2906,2115,454900.0,4217900.0,5.5548930168151855,0.054083388298749924,"High gravity-gradient proxy with muted topographic slope; buried density boundary possible, NOT verified fault","Lithologic contact, intrusive margin, regional gravity processing artifact"
2906,2118,455200.0,4217900.0,5.91288948059082,0.07020243257284164,"High gravity-gradient proxy with muted topographic slope; buried density boundary possible, NOT verified fault","Lithologic contact, intrusive margin, regional gravity processing artifact"
2906,2124,455800.0,4217900.0,5.734644412994385,0.03878505900502205,"High gravity-gradient proxy with muted topographic slope; buried density boundary possible, NOT verified fault","Lithologic contact, intrusive margin, regional gravity processing artifact"
2907,2121,455500.0,4217800.0,6.072733402252197,0.05140947923064232,"High gravity-gradient proxy with muted topographic slope; buried density boundary possible, NOT verified fault","Lithologic contact, intrusive margin, regional gravity processing artifact"
2907,2127,456100.0,4217800.0,5.489377975463867,0.2398795187473297,"High gravity-gradient proxy with muted topographic slope; buried density boundary possible, NOT verified fault","Lithologic contact, intrusive margin, regional gravity processing artifact"
2908,2130,456400.0,4217700.0,5.218851089477539,0.13112452626228333,"High gravity-gradient proxy with muted topographic slope; buried density boundary possible, NOT verified fault","Lithologic contact, intrusive margin, regional gravity processing artifact"
2909,2105,453900.0,4217600.0,4.476469993591309,0.05433572828769684,"High gravity-gradient proxy with muted topographic slope; buried density boundary possible, NOT verified fault","Lithologic contact, intrusive margin, regional gravity processing artifact"
2909,2117,455100.0,4217600.0,5.967011451721191,0.11402935534715652,"High gravity-gradient proxy with muted topographic slope; buried density boundary possible, NOT verified fault","Lithologic contact, intrusive margin, regional gravity processing artifact"
2909,2124,455800.0,4217600.0,5.857155799865723,0.10838274657726288,"High gravity-gradient proxy with muted topographic slope; buried density boundary possible, NOT verified fault","Lithologic contact, intrusive margin, regional gravity processing artifact"
2910,2102,453600.0,4217500.0,4.093055248260498,0.10155461728572845,"High gravity-gradient proxy with muted topographic slope; buried density boundary possible, NOT verified fault","Lithologic contact, intrusive margin, regional gravity processing artifact"
2910,2114,454800.0,4217500.0,5.651491165161133,0.06605121493339539,"High gravity-gradient proxy with muted topographic slope; buried density boundary possible, NOT verified fault","Lithologic contact, intrusive margin, regional gravity processing artifact"
2910,2120,455400.0,4217500.0,6.2414045333862305,0.11793163418769836,"High gravity-gradient proxy with muted topographic slope; buried density boundary possible, NOT verified fault","Lithologic contact, intrusive margin, regional gravity processing artifact"
2910,2127,456100.0,4217500.0,5.509846210479736,0.2015920877456665,"High gravity-gradient proxy with muted topographic slope; buried density boundary possible, NOT verified fault","Lithologic contact, intrusive margin, regional gravity processing artifact"
2911,2130,456400.0,4217400.0,5.1207966804504395,0.08681752532720566,"High gravity-gradient proxy with muted topographic slope; buried density boundary possible, NOT verified fault","Lithologic contact, intrusive margin, regional gravity processing artifact"
2912,2105,453900.0,4217300.0,4.624229431152344,0.07621806114912033,"High gravity-gradient proxy with muted topographic slope; buried density boundary possible, NOT verified fault","Lithologic contact, intrusive margin, regional gravity processing artifact"
2912,2108,454200.0,4217300.0,5.028679370880127,0.08720093220472336,"High gravity-gradient proxy with muted topographic slope; buried density boundary possible, NOT verified fault","Lithologic contact, intrusive margin, regional gravity processing artifact"
2912,2117,455100.0,4217300.0,5.95358419418335,0.16980694234371185,"High gravity-gradient proxy with muted topographic slope; buried density boundary possible, NOT verified fault","Lithologic contact, intrusive margin, regional gravity processing artifact"
2912,2124,455800.0,4217300.0,5.755767822265625,0.13397404551506042,"High gravity-gradient proxy with muted topographic slope; buried density boundary possible, NOT verified fault","Lithologic contact, intrusive margin, regional gravity processing artifact"
2913,2098,453200.0,4217200.0,3.6211729049682617,0.11703803390264511,"High gravity-gradient proxy with muted topographic slope; buried density boundary possible, NOT verified fault","Lithologic contact, intrusive margin, regional gravity processing artifact"
2913,2101,453500.0,4217200.0,4.153071403503418,0.056659866124391556,"High gravity-gradient proxy with muted topographic slope; buried density boundary possible, NOT verified fault","Lithologic contact, intrusive margin, regional gravity processing artifact"
2913,2113,454700.0,4217200.0,5.586313247680664,0.05842483043670654,"High gravity-gradient proxy with muted topographic slope; buried density boundary possible, NOT verified fault","Lithologic contact, intrusive margin, regional gravity processing artifact"
2913,2127,456100.0,4217200.0,5.371623516082764,0.13816025853157043,"High gravity-gradient proxy with muted topographic slope; buried density boundary possible, NOT verified fault","Lithologic contact, intrusive margin, regional gravity processing artifact"
2914,2130,456400.0,4217100.0,4.9468793869018555,0.24217407405376434,"High gravity-gradient proxy with muted topographic slope; buried density boundary possible, NOT verified fault","Lithologic contact, intrusive margin, regional gravity processing artifact"
2915,2104,453800.0,4217000.0,4.6512932777404785,0.07959531992673874,"High gravity-gradient proxy with muted topographic slope; buried density boundary possible, NOT verified fault","Lithologic contact, intrusive margin, regional gravity processing artifact"
2915,2107,454100.0,4217000.0,5.01338005065918,0.05761389061808586,"High gravity-gradient proxy with muted topographic slope; buried density boundary possible, NOT verified fault","Lithologic contact, intrusive margin, regional gravity processing artifact"
2915,2110,454400.0,4217000.0,5.365866661071777,0.04719763994216919,"High gravity-gradient proxy with muted topographic slope; buried density boundary possible, NOT verified fault","Lithologic contact, intrusive margin, regional gravity processing artifact"
2915,2124,455800.0,4217000.0,5.6543779373168945,0.21898998320102692,"High gravity-gradient proxy with muted topographic slope; buried density boundary possible, NOT verified fault","Lithologic contact, intrusive margin, regional gravity processing artifact"
2916,2098,453200.0,4216900.0,3.8343098163604736,0.08147478103637695,"High gravity-gradient proxy with muted topographic slope; buried density boundary possible, NOT verified fault","Lithologic contact, intrusive margin, regional gravity processing artifact"
2916,2101,453500.0,4216900.0,4.357304096221924,0.05190129578113556,"High gravity-gradient proxy with muted topographic slope; buried density boundary possible, NOT verified fault","Lithologic contact, intrusive margin, regional gravity processing artifact"
2916,2113,454700.0,4216900.0,5.624810695648193,0.10022842139005661,"High gravity-gradient proxy with muted topographic slope; buried density boundary possible, NOT verified fault","Lithologic contact, intrusive margin, regional gravity processing artifact"
2916,2127,456100.0,4216900.0,5.233399391174316,0.10342148691415787,"High gravity-gradient proxy with muted topographic slope; buried density boundary possible, NOT verified fault","Lithologic contact, intrusive margin, regional gravity processing artifact"
2918,2106,454000.0,4216700.0,5.0263190269470215,0.07553883641958237,"High gravity-gradient proxy with muted topographic slope; buried density boundary possible, NOT verified fault","Lithologic contact, intrusive margin, regional gravity processing artifact"
2918,2109,454300.0,4216700.0,5.346061706542969,0.06780575215816498,"High gravity-gradient proxy with muted topographic slope; buried density boundary possible, NOT verified fault","Lithologic contact, intrusive margin, regional gravity processing artifact"
2919,2097,453100.0,4216600.0,3.7924954891204834,0.09703201055526733,"High gravity-gradient proxy with muted topographic slope; buried density boundary possible, NOT verified fault","Lithologic contact, intrusive margin, regional gravity processing artifact"
2919,2100,453400.0,4216600.0,4.43419885635376,0.05924374610185623,"High gravity-gradient proxy with muted topographic slope; buried density boundary possible, NOT verified fault","Lithologic contact, intrusive margin, regional gravity processing artifact"
2919,2103,453700.0,4216600.0,4.740489959716797,0.09567547589540482,"High gravity-gradient proxy with muted topographic slope; buried density boundary possible, NOT verified fault","Lithologic contact, intrusive margin, regional gravity processing artifact"
2919,2112,454600.0,4216600.0,5.579300403594971,0.05725356563925743,"High gravity-gradient proxy with muted topographic slope; buried density boundary possible, NOT verified fault","Lithologic contact, intrusive margin, regional gravity processing artifact"
2920,2115,454900.0,4216500.0,5.737616539001465,0.04871393367648125,"High gravity-gradient proxy with muted topographic slope; buried density boundary possible, NOT verified fault","Lithologic contact, intrusive margin, regional gravity processing artifact"
2921,2106,454000.0,4216400.0,4.982182502746582,0.07982621341943741,"High gravity-gradient proxy with muted topographic slope; buried density boundary possible, NOT verified fault","Lithologic contact, intrusive margin, regional gravity processing artifact"
2921,2109,454300.0,4216400.0,5.264413833618164,0.08089283108711243,"High gravity-gradient proxy with muted topographic slope; buried density boundary possible, NOT verified fault","Lithologic contact, intrusive margin, regional gravity processing artifact"
2922,2097,453100.0,4216300.0,3.7401249408721924,0.07982195913791656,"High gravity-gradient proxy with muted topographic slope; buried density boundary possible, NOT verified fault","Lithologic contact, intrusive margin, regional gravity processing artifact"
2922,2100,453400.0,4216300.0,4.409557342529297,0.15051263570785522,"High gravity-gradient proxy with muted topographic slope; buried density boundary possible, NOT verified fault","Lithologic contact, intrusive margin, regional gravity processing artifact"
2922,2103,453700.0,4216300.0,4.679707050323486,0.032056670635938644,"High gravity-gradient proxy with muted topographic slope; buried density boundary possible, NOT verified fault","Lithologic contact, intrusive margin, regional gravity processing artifact"
2922,2112,454600.0,4216300.0,5.445271015167236,0.0660853460431099,"High gravity-gradient proxy with muted topographic slope; buried density boundary possible, NOT verified fault","Lithologic contact, intrusive margin, regional gravity processing artifact"
2923,2115,454900.0,4216200.0,5.614375591278076,0.1250457912683487,"High gravity-gradient proxy with muted topographic slope; buried density boundary possible, NOT verified fault","Lithologic contact, intrusive margin, regional gravity processing artifact"
2924,2106,454000.0,4216100.0,4.885257244110107,0.13422942161560059,"High gravity-gradient proxy with muted topographic slope; buried density boundary possible, NOT verified fault","Lithologic contact, intrusive margin, regional gravity processing artifact"
2924,2109,454300.0,4216100.0,5.131346702575684,0.09377775341272354,"High gravity-gradient proxy with muted topographic slope; buried density boundary possible, NOT verified fault","Lithologic contact, intrusive margin, regional gravity processing artifact"
2925,2098,453200.0,4216000.0,3.9400737285614014,0.059217341244220734,"High gravity-gradient proxy with muted topographic slope; buried density boundary possible, NOT verified fault","Lithologic contact, intrusive margin, regional gravity processing artifact"
2925,2101,453500.0,4216000.0,4.462915420532227,0.1025199443101883,"High gravity-gradient proxy with muted topographic slope; buried density boundary possible, NOT verified fault","Lithologic contact, intrusive margin, regional gravity processing artifact"
2927,2104,453800.0,4215800.0,4.648374080657959,0.07806672155857086,"High gravity-gradient proxy with muted topographic slope; buried density boundary possible, NOT verified fault","Lithologic contact, intrusive margin, regional gravity processing artifact"
2927,2107,454100.0,4215800.0,4.858310699462891,0.04546893760561943,"High gravity-gradient proxy with muted topographic slope; buried density boundary possible, NOT verified fault","Lithologic contact, intrusive margin, regional gravity processing artifact"
2927,2110,454400.0,4215800.0,5.0697760581970215,0.18730482459068298,"High gravity-gradient proxy with muted topographic slope; buried density boundary possible, NOT verified fault","Lithologic contact, intrusive margin, regional gravity processing artifact"
2927,2113,454700.0,4215800.0,5.297945499420166,0.13699379563331604,"High gravity-gradient proxy with muted topographic slope; buried density boundary possible, NOT verified fault","Lithologic contact, intrusive margin, regional gravity processing artifact"
2927,2116,455000.0,4215800.0,5.526109218597412,0.0628325492143631,"High gravity-gradient proxy with muted topographic slope; buried density boundary possible, NOT verified fault","Lithologic contact, intrusive margin, regional gravity processing artifact"
2928,2098,453200.0,4215700.0,3.8996999263763428,0.06119021028280258,"High gravity-gradient proxy with muted topographic slope; buried density boundary possible, NOT verified fault","Lithologic contact, intrusive margin, regional gravity processing artifact"
2928,2101,453500.0,4215700.0,4.4262237548828125,0.0884365364909172,"High gravity-gradient proxy with muted topographic slope; buried density boundary possible, NOT verified fault","Lithologic contact, intrusive margin, regional gravity processing artifact"
2930,2105,453900.0,4215500.0,4.5930304527282715,0.08581142127513885,"High gravity-gradient proxy with muted topographic slope; buried density boundary possible, NOT verified fault","Lithologic contact, intrusive margin, regional gravity processing artifact"
2930,2108,454200.0,4215500.0,4.800792217254639,0.05206644535064697,"High gravity-gradient proxy with muted topographic slope; buried density boundary possible, NOT verified fault","Lithologic contact, intrusive margin, regional gravity processing artifact"
2930,2111,454500.0,4215500.0,4.988199234008789,0.08777341991662979,"High gravity-gradient proxy with muted topographic slope; buried density boundary possible, NOT verified fault","Lithologic contact, intrusive margin, regional gravity processing artifact"
2930,2114,454800.0,4215500.0,5.147144794464111,0.12530317902565002,"High gravity-gradient proxy with muted topographic slope; buried density boundary possible, NOT verified fault","Lithologic contact, intrusive margin, regional gravity processing artifact"
2931,2099,453300.0,4215400.0,3.9891600608825684,0.06868448108434677,"High gravity-gradient proxy with muted topographic slope; buried density boundary possible, NOT verified fault","Lithologic contact, intrusive margin, regional gravity processing artifact"
2931,2102,453600.0,4215400.0,4.3163886070251465,0.10297034680843353,"High gravity-gradient proxy with muted topographic slope; buried density boundary possible, NOT verified fault","Lithologic contact, intrusive margin, regional gravity processing artifact"
2933,2105,453900.0,4215200.0,4.422347545623779,0.16953520476818085,"High gravity-gradient proxy with muted topographic slope; buried density boundary possible, NOT verified fault","Lithologic contact, intrusive margin, regional gravity processing artifact"
2933,2108,454200.0,4215200.0,4.666016578674316,0.13456271588802338,"High gravity-gradient proxy with muted topographic slope; buried density boundary possible, NOT verified fault","Lithologic contact, intrusive margin, regional gravity processing artifact"
2933,2111,454500.0,4215200.0,4.808073997497559,0.09399514645338058,"High gravity-gradient proxy with muted topographic slope; buried density boundary possible, NOT verified fault","Lithologic contact, intrusive margin, regional gravity processing artifact"
2934,2099,453300.0,4215100.0,3.7788517475128174,0.043021153658628464,"High gravity-gradient proxy with muted topographic slope; buried density boundary possible, NOT verified fault","Lithologic contact, intrusive margin, regional gravity processing artifact"
2934,2102,453600.0,4215100.0,4.109798908233643,0.07315132021903992,"High gravity-gradient proxy with muted topographic slope; buried density boundary possible, NOT verified fault","Lithologic contact, intrusive margin, regional gravity processing artifact"
2936,2105,453900.0,4214900.0,4.251666069030762,0.09048981219530106,"High gravity-gradient proxy with muted topographic slope; buried density boundary possible, NOT verified fault","Lithologic contact, intrusive margin, regional gravity processing artifact"
2937,2099,453300.0,4214800.0,3.5685389041900635,0.20038144290447235,"High gravity-gradient proxy with muted topographic slope; buried density boundary possible, NOT verified fault","Lithologic contact, intrusive margin, regional gravity processing artifact"
2937,2102,453600.0,4214800.0,3.9032106399536133,0.17326396703720093,"High gravity-gradient proxy with muted topographic slope; buried density boundary possible, NOT verified fault","Lithologic contact, intrusive margin, regional gravity processing artifact"
2969,2038,447200.0,4211600.0,3.338534355163574,0.11907104402780533,"High gravity-gradient proxy with muted topographic slope; buried density boundary possible, NOT verified fault","Lithologic contact, intrusive margin, regional gravity processing artifact"
2977,2029,446300.0,4210800.0,5.216303825378418,0.2671506106853485,"High gravity-gradient proxy with muted topographic slope; buried density boundary possible, NOT verified fault","Lithologic contact, intrusive margin, regional gravity processing artifact"
2993,2011,444500.0,4209200.0,3.718153238296509,0.25108054280281067,"High gravity-gradient proxy with muted topographic slope; buried density boundary possible, NOT verified fault","Lithologic contact, intrusive margin, regional gravity processing artifact"
2996,2010,444400.0,4208900.0,3.762852430343628,0.09003119170665741,"High gravity-gradient proxy with muted topographic slope; buried density boundary possible, NOT verified fault","Lithologic contact, intrusive margin, regional gravity processing artifact"
2996,2021,445500.0,4208900.0,5.472651481628418,0.011837554164230824,"High gravity-gradient proxy with muted topographic slope; buried density boundary possible, NOT verified fault","Lithologic contact, intrusive margin, regional gravity processing artifact"
2999,2009,444300.0,4208600.0,3.6877453327178955,0.15145035088062286,"High gravity-gradient proxy with muted topographic slope; buried density boundary possible, NOT verified fault","Lithologic contact, intrusive margin, regional gravity processing artifact"
3002,2008,444200.0,4208300.0,3.3998985290527344,0.12511883676052094,"High gravity-gradient proxy with muted topographic slope; buried density boundary possible, NOT verified fault","Lithologic contact, intrusive margin, regional gravity processing artifact"
3223,2126,456000.0,4186200.0,4.878902912139893,0.2517106235027313,"High gravity-gradient proxy with muted topographic slope; buried density boundary possible, NOT verified fault","Lithologic contact, intrusive margin, regional gravity processing artifact"
3223,2129,456300.0,4186200.0,6.12358283996582,0.27798178791999817,"High gravity-gradient proxy with muted topographic slope; buried density boundary possible, NOT verified fault","Lithologic contact, intrusive margin, regional gravity processing artifact"
3226,2127,456100.0,4185900.0,5.731423854827881,0.22967982292175293,"High gravity-gradient proxy with muted topographic slope; buried density boundary possible, NOT verified fault","Lithologic contact, intrusive margin, regional gravity processing artifact"
3226,2130,456400.0,4185900.0,7.0259013175964355,0.16296692192554474,"High gravity-gradient proxy with muted topographic slope; buried density boundary possible, NOT verified fault","Lithologic contact, intrusive margin, regional gravity processing artifact"
3226,2133,456700.0,4185900.0,6.301706314086914,0.21903261542320251,"High gravity-gradient proxy with muted topographic slope; buried density boundary possible, NOT verified fault","Lithologic contact, intrusive margin, regional gravity processing artifact"
3227,2124,455800.0,4185800.0,4.398540496826172,0.23288606107234955,"High gravity-gradient proxy with muted topographic slope; buried density boundary possible, NOT verified fault","Lithologic contact, intrusive margin, regional gravity processing artifact"
3229,2128,456200.0,4185600.0,6.204061985015869,0.15339159965515137,"High gravity-gradient proxy with muted topographic slope; buried density boundary possible, NOT verified fault","Lithologic contact, intrusive margin, regional gravity processing artifact"
3229,2131,456500.0,4185600.0,6.854339122772217,0.1490422934293747,"High gravity-gradient proxy with muted topographic slope; buried density boundary possible, NOT verified fault","Lithologic contact, intrusive margin, regional gravity processing artifact"
3229,2134,456800.0,4185600.0,6.230363368988037,0.16277357935905457,"High gravity-gradient proxy with muted topographic slope; buried density boundary possible, NOT verified fault","Lithologic contact, intrusive margin, regional gravity processing artifact"
3230,2122,455600.0,4185500.0,3.509161949157715,0.1241120994091034,"High gravity-gradient proxy with muted topographic slope; buried density boundary possible, NOT verified fault","Lithologic contact, intrusive margin, regional gravity processing artifact"
3230,2125,455900.0,4185500.0,4.861116886138916,0.2701398730278015,"High gravity-gradient proxy with muted topographic slope; buried density boundary possible, NOT verified fault","Lithologic contact, intrusive margin, regional gravity processing artifact"
3232,2129,456300.0,4185300.0,6.68424654006958,0.16486814618110657,"High gravity-gradient proxy with muted topographic slope; buried density boundary possible, NOT verified fault","Lithologic contact, intrusive margin, regional gravity processing artifact"
3232,2132,456600.0,4185300.0,6.74959135055542,0.12916433811187744,"High gravity-gradient proxy with muted topographic slope; buried density boundary possible, NOT verified fault","Lithologic contact, intrusive margin, regional gravity processing artifact"
3232,2135,456900.0,4185300.0,6.225834846496582,0.15023422241210938,"High gravity-gradient proxy with muted topographic slope; buried density boundary possible, NOT verified fault","Lithologic contact, intrusive margin, regional gravity processing artifact"
3233,2126,456000.0,4185200.0,5.331239700317383,0.19800546765327454,"High gravity-gradient proxy with muted topographic slope; buried density boundary possible, NOT verified fault","Lithologic contact, intrusive margin, regional gravity processing artifact"
3235,2123,455700.0,4185000.0,3.9733991622924805,0.15104183554649353,"High gravity-gradient proxy with muted topographic slope; buried density boundary possible, NOT verified fault","Lithologic contact, intrusive margin, regional gravity processing artifact"
3235,2132,456600.0,4185000.0,6.852828502655029,0.13874366879463196,"High gravity-gradient proxy with muted topographic slope; buried density boundary possible, NOT verified fault","Lithologic contact, intrusive margin, regional gravity processing artifact"
3235,2135,456900.0,4185000.0,6.429304122924805,0.19559887051582336,"High gravity-gradient proxy with muted topographic slope; buried density boundary possible, NOT verified fault","Lithologic contact, intrusive margin, regional gravity processing artifact"
3236,2126,456000.0,4184900.0,5.256975173950195,0.10614199191331863,"High gravity-gradient proxy with muted topographic slope; buried density boundary possible, NOT verified fault","Lithologic contact, intrusive margin, regional gravity processing artifact"
3237,2129,456300.0,4184800.0,6.247196197509766,0.1521376669406891,"High gravity-gradient proxy with muted topographic slope; buried density boundary possible, NOT verified fault","Lithologic contact, intrusive margin, regional gravity processing artifact"
3238,2123,455700.0,4184700.0,3.892658233642578,0.16978932917118073,"High gravity-gradient proxy with muted topographic slope; buried density boundary possible, NOT verified fault","Lithologic contact, intrusive margin, regional gravity processing artifact"
3238,2132,456600.0,4184700.0,6.071303367614746,0.09315844625234604,"High gravity-gradient proxy with muted topographic slope; buried density boundary possible, NOT verified fault","Lithologic contact, intrusive margin, regional gravity processing artifact"
3239,2126,456000.0,4184600.0,4.744246006011963,0.16237163543701172,"High gravity-gradient proxy with muted topographic slope; buried density boundary possible, NOT verified fault","Lithologic contact, intrusive margin, regional gravity processing artifact"
3240,2129,456300.0,4184500.0,5.319035530090332,0.15310746431350708,"High gravity-gradient proxy with muted topographic slope; buried density boundary possible, NOT verified fault","Lithologic contact, intrusive margin, regional gravity processing artifact"
3241,2132,456600.0,4184400.0,5.124268054962158,0.18393278121948242,"High gravity-gradient proxy with muted topographic slope; buried density boundary possible, NOT verified fault","Lithologic contact, intrusive margin, regional gravity processing artifact"
