dot_id,row,col,distance_to_mapped_catalogue_m,depth_to_basement_u8,gravity_gradient_u8,reasoning
0,0,1485,12468.0,34,44,"A-only candidate: potential-field edge evidence with no surface expression above threshold. Buried-fault hypothesis: concealed normal fault under basin fill; the confounder to test in Phase 2 is a lithologic contact or basement step of non-tectonic origin. Field check: is there a mapped contact, a paleo-channel, or an intrusive margin at this location?"
1,0,1515,10748.0,6,67,"A-only candidate: potential-field edge evidence with no surface expression above threshold. Buried-fault hypothesis: concealed normal fault under basin fill; the confounder to test in Phase 2 is a lithologic contact or basement step of non-tectonic origin. Field check: is there a mapped contact, a paleo-channel, or an intrusive margin at this location?"
2,0,2517,5818.1,4,51,"A-only candidate: potential-field edge evidence with no surface expression above threshold. Buried-fault hypothesis: concealed normal fault under basin fill; the confounder to test in Phase 2 is a lithologic contact or basement step of non-tectonic origin. Field check: is there a mapped contact, a paleo-channel, or an intrusive margin at this location?"
3,0,2520,6092.6,5,49,"A-only candidate: potential-field edge evidence with no surface expression above threshold. Buried-fault hypothesis: concealed normal fault under basin fill; the confounder to test in Phase 2 is a lithologic contact or basement step of non-tectonic origin. Field check: is there a mapped contact, a paleo-channel, or an intrusive margin at this location?"
4,0,2523,6369.5,6,32,"A-only candidate: potential-field edge evidence with no surface expression above threshold. Buried-fault hypothesis: concealed normal fault under basin fill; the confounder to test in Phase 2 is a lithologic contact or basement step of non-tectonic origin. Field check: is there a mapped contact, a paleo-channel, or an intrusive margin at this location?"
5,0,2966,1969.8,11,19,"A-only candidate: potential-field edge evidence with no surface expression above threshold. Buried-fault hypothesis: concealed normal fault under basin fill; the confounder to test in Phase 2 is a lithologic contact or basement step of non-tectonic origin. Field check: is there a mapped contact, a paleo-channel, or an intrusive margin at this location?"
6,0,2979,922.0,7,28,"A-only candidate: potential-field edge evidence with no surface expression above threshold. Buried-fault hypothesis: concealed normal fault under basin fill; the confounder to test in Phase 2 is a lithologic contact or basement step of non-tectonic origin. Field check: is there a mapped contact, a paleo-channel, or an intrusive margin at this location?"
7,0,2982,761.6,6,27,"A-only candidate: potential-field edge evidence with no surface expression above threshold. Buried-fault hypothesis: concealed normal fault under basin fill; the confounder to test in Phase 2 is a lithologic contact or basement step of non-tectonic origin. Field check: is there a mapped contact, a paleo-channel, or an intrusive margin at this location?"
8,0,2986,608.3,5,25,"A-only candidate: potential-field edge evidence with no surface expression above threshold. Buried-fault hypothesis: concealed normal fault under basin fill; the confounder to test in Phase 2 is a lithologic contact or basement step of non-tectonic origin. Field check: is there a mapped contact, a paleo-channel, or an intrusive margin at this location?"
9,1,1519,10394.7,4,78,"A-only candidate: potential-field edge evidence with no surface expression above threshold. Buried-fault hypothesis: concealed normal fault under basin fill; the confounder to test in Phase 2 is a lithologic contact or basement step of non-tectonic origin. Field check: is there a mapped contact, a paleo-channel, or an intrusive margin at this location?"
10,1,2963,2213.6,12,15,"A-only candidate: potential-field edge evidence with no surface expression above threshold. Buried-fault hypothesis: concealed normal fault under basin fill; the confounder to test in Phase 2 is a lithologic contact or basement step of non-tectonic origin. Field check: is there a mapped contact, a paleo-channel, or an intrusive margin at this location?"
11,1,3259,5800.0,5,52,"A-only candidate: potential-field edge evidence with no surface expression above threshold. Buried-fault hypothesis: concealed normal fault under basin fill; the confounder to test in Phase 2 is a lithologic contact or basement step of non-tectonic origin. Field check: is there a mapped contact, a paleo-channel, or an intrusive margin at this location?"
12,2,2201,905.5,8,12,"A-only candidate: potential-field edge evidence with no surface expression above threshold. Buried-fault hypothesis: concealed normal fault under basin fill; the confounder to test in Phase 2 is a lithologic contact or basement step of non-tectonic origin. Field check: is there a mapped contact, a paleo-channel, or an intrusive margin at this location?"
13,2,2204,608.3,7,13,"A-only candidate: potential-field edge evidence with no surface expression above threshold. Buried-fault hypothesis: concealed normal fault under basin fill; the confounder to test in Phase 2 is a lithologic contact or basement step of non-tectonic origin. Field check: is there a mapped contact, a paleo-channel, or an intrusive margin at this location?"
14,2,2528,6767.6,8,9,"A-only candidate: potential-field edge evidence with no surface expression above threshold. Buried-fault hypothesis: concealed normal fault under basin fill; the confounder to test in Phase 2 is a lithologic contact or basement step of non-tectonic origin. Field check: is there a mapped contact, a paleo-channel, or an intrusive margin at this location?"
15,2,2973,1253.0,8,37,"A-only candidate: potential-field edge evidence with no surface expression above threshold. Buried-fault hypothesis: concealed normal fault under basin fill; the confounder to test in Phase 2 is a lithologic contact or basement step of non-tectonic origin. Field check: is there a mapped contact, a paleo-channel, or an intrusive margin at this location?"
16,3,1499,11681.2,19,27,"A-only candidate: potential-field edge evidence with no surface expression above threshold. Buried-fault hypothesis: concealed normal fault under basin fill; the confounder to test in Phase 2 is a lithologic contact or basement step of non-tectonic origin. Field check: is there a mapped contact, a paleo-channel, or an intrusive margin at this location?"
17,3,1503,11433.7,15,35,"A-only candidate: potential-field edge evidence with no surface expression above threshold. Buried-fault hypothesis: concealed normal fault under basin fill; the confounder to test in Phase 2 is a lithologic contact or basement step of non-tectonic origin. Field check: is there a mapped contact, a paleo-channel, or an intrusive margin at this location?"
18,3,2517,5700.9,3,54,"A-only candidate: potential-field edge evidence with no surface expression above threshold. Buried-fault hypothesis: concealed normal fault under basin fill; the confounder to test in Phase 2 is a lithologic contact or basement step of non-tectonic origin. Field check: is there a mapped contact, a paleo-channel, or an intrusive margin at this location?"
19,3,2520,5980.8,4,52,"A-only candidate: potential-field edge evidence with no surface expression above threshold. Buried-fault hypothesis: concealed normal fault under basin fill; the confounder to test in Phase 2 is a lithologic contact or basement step of non-tectonic origin. Field check: is there a mapped contact, a paleo-channel, or an intrusive margin at this location?"
20,3,2523,6262.6,5,37,"A-only candidate: potential-field edge evidence with no surface expression above threshold. Buried-fault hypothesis: concealed normal fault under basin fill; the confounder to test in Phase 2 is a lithologic contact or basement step of non-tectonic origin. Field check: is there a mapped contact, a paleo-channel, or an intrusive margin at this location?"
21,3,2966,1868.2,11,24,"A-only candidate: potential-field edge evidence with no surface expression above threshold. Buried-fault hypothesis: concealed normal fault under basin fill; the confounder to test in Phase 2 is a lithologic contact or basement step of non-tectonic origin. Field check: is there a mapped contact, a paleo-channel, or an intrusive margin at this location?"
22,3,2969,1581.1,9,36,"A-only candidate: potential-field edge evidence with no surface expression above threshold. Buried-fault hypothesis: concealed normal fault under basin fill; the confounder to test in Phase 2 is a lithologic contact or basement step of non-tectonic origin. Field check: is there a mapped contact, a paleo-channel, or an intrusive margin at this location?"
23,3,2979,707.1,6,36,"A-only candidate: potential-field edge evidence with no surface expression above threshold. Buried-fault hypothesis: concealed normal fault under basin fill; the confounder to test in Phase 2 is a lithologic contact or basement step of non-tectonic origin. Field check: is there a mapped contact, a paleo-channel, or an intrusive margin at this location?"
24,3,2982,500.0,6,37,"A-only candidate: potential-field edge evidence with no surface expression above threshold. Buried-fault hypothesis: concealed normal fault under basin fill; the confounder to test in Phase 2 is a lithologic contact or basement step of non-tectonic origin. Field check: is there a mapped contact, a paleo-channel, or an intrusive margin at this location?"
25,4,1513,10615.1,7,63,"A-only candidate: potential-field edge evidence with no surface expression above threshold. Buried-fault hypothesis: concealed normal fault under basin fill; the confounder to test in Phase 2 is a lithologic contact or basement step of non-tectonic origin. Field check: is there a mapped contact, a paleo-channel, or an intrusive margin at this location?"
26,4,1518,10253.3,5,79,"A-only candidate: potential-field edge evidence with no surface expression above threshold. Buried-fault hypothesis: concealed normal fault under basin fill; the confounder to test in Phase 2 is a lithologic contact or basement step of non-tectonic origin. Field check: is there a mapped contact, a paleo-channel, or an intrusive margin at this location?"
27,4,1622,6896.4,21,40,"A-only candidate: potential-field edge evidence with no surface expression above threshold. Buried-fault hypothesis: concealed normal fault under basin fill; the confounder to test in Phase 2 is a lithologic contact or basement step of non-tectonic origin. Field check: is there a mapped contact, a paleo-channel, or an intrusive margin at this location?"
28,4,2962,2236.1,12,21,"A-only candidate: potential-field edge evidence with no surface expression above threshold. Buried-fault hypothesis: concealed normal fault under basin fill; the confounder to test in Phase 2 is a lithologic contact or basement step of non-tectonic origin. Field check: is there a mapped contact, a paleo-channel, or an intrusive margin at this location?"
29,4,3257,5608.0,4,64,"A-only candidate: potential-field edge evidence with no surface expression above threshold. Buried-fault hypothesis: concealed normal fault under basin fill; the confounder to test in Phase 2 is a lithologic contact or basement step of non-tectonic origin. Field check: is there a mapped contact, a paleo-channel, or an intrusive margin at this location?"
30,4,3261,6007.5,4,48,"A-only candidate: potential-field edge evidence with no surface expression above threshold. Buried-fault hypothesis: concealed normal fault under basin fill; the confounder to test in Phase 2 is a lithologic contact or basement step of non-tectonic origin. Field check: is there a mapped contact, a paleo-channel, or an intrusive margin at this location?"
31,5,1506,11075.2,12,48,"A-only candidate: potential-field edge evidence with no surface expression above threshold. Buried-fault hypothesis: concealed normal fault under basin fill; the confounder to test in Phase 2 is a lithologic contact or basement step of non-tectonic origin. Field check: is there a mapped contact, a paleo-channel, or an intrusive margin at this location?"
32,5,1616,7379.0,20,42,"A-only candidate: potential-field edge evidence with no surface expression above threshold. Buried-fault hypothesis: concealed normal fault under basin fill; the confounder to test in Phase 2 is a lithologic contact or basement step of non-tectonic origin. Field check: is there a mapped contact, a paleo-channel, or an intrusive margin at this location?"
33,5,2527,6580.3,6,19,"A-only candidate: potential-field edge evidence with no surface expression above threshold. Buried-fault hypothesis: concealed normal fault under basin fill; the confounder to test in Phase 2 is a lithologic contact or basement step of non-tectonic origin. Field check: is there a mapped contact, a paleo-channel, or an intrusive margin at this location?"
34,5,2530,6868.0,8,13,"A-only candidate: potential-field edge evidence with no surface expression above threshold. Buried-fault hypothesis: concealed normal fault under basin fill; the confounder to test in Phase 2 is a lithologic contact or basement step of non-tectonic origin. Field check: is there a mapped contact, a paleo-channel, or an intrusive margin at this location?"
35,5,2673,500.0,5,133,"A-only candidate: potential-field edge evidence with no surface expression above threshold. Buried-fault hypothesis: concealed normal fault under basin fill; the confounder to test in Phase 2 is a lithologic contact or basement step of non-tectonic origin. Field check: is there a mapped contact, a paleo-channel, or an intrusive margin at this location?"
36,5,2972,1236.9,8,46,"A-only candidate: potential-field edge evidence with no surface expression above threshold. Buried-fault hypothesis: concealed normal fault under basin fill; the confounder to test in Phase 2 is a lithologic contact or basement step of non-tectonic origin. Field check: is there a mapped contact, a paleo-channel, or an intrusive margin at this location?"
37,5,2976,854.4,6,46,"A-only candidate: potential-field edge evidence with no surface expression above threshold. Buried-fault hypothesis: concealed normal fault under basin fill; the confounder to test in Phase 2 is a lithologic contact or basement step of non-tectonic origin. Field check: is there a mapped contact, a paleo-channel, or an intrusive margin at this location?"
38,6,1619,7066.1,21,34,"A-only candidate: potential-field edge evidence with no surface expression above threshold. Buried-fault hypothesis: concealed normal fault under basin fill; the confounder to test in Phase 2 is a lithologic contact or basement step of non-tectonic origin. Field check: is there a mapped contact, a paleo-channel, or an intrusive margin at this location?"
39,6,2518,5692.1,3,56,"A-only candidate: potential-field edge evidence with no surface expression above threshold. Buried-fault hypothesis: concealed normal fault under basin fill; the confounder to test in Phase 2 is a lithologic contact or basement step of non-tectonic origin. Field check: is there a mapped contact, a paleo-channel, or an intrusive margin at this location?"
40,6,2521,5977.5,4,52,"A-only candidate: potential-field edge evidence with no surface expression above threshold. Buried-fault hypothesis: concealed normal fault under basin fill; the confounder to test in Phase 2 is a lithologic contact or basement step of non-tectonic origin. Field check: is there a mapped contact, a paleo-channel, or an intrusive margin at this location?"
41,6,2524,6264.2,5,35,"A-only candidate: potential-field edge evidence with no surface expression above threshold. Buried-fault hypothesis: concealed normal fault under basin fill; the confounder to test in Phase 2 is a lithologic contact or basement step of non-tectonic origin. Field check: is there a mapped contact, a paleo-channel, or an intrusive margin at this location?"
42,6,2969,1513.3,8,44,"A-only candidate: potential-field edge evidence with no surface expression above threshold. Buried-fault hypothesis: concealed normal fault under basin fill; the confounder to test in Phase 2 is a lithologic contact or basement step of non-tectonic origin. Field check: is there a mapped contact, a paleo-channel, or an intrusive margin at this location?"
43,7,658,3929.4,10,98,"A-only candidate: potential-field edge evidence with no surface expression above threshold. Buried-fault hypothesis: concealed normal fault under basin fill; the confounder to test in Phase 2 is a lithologic contact or basement step of non-tectonic origin. Field check: is there a mapped contact, a paleo-channel, or an intrusive margin at this location?"
44,7,1520,9900.5,4,80,"A-only candidate: potential-field edge evidence with no surface expression above threshold. Buried-fault hypothesis: concealed normal fault under basin fill; the confounder to test in Phase 2 is a lithologic contact or basement step of non-tectonic origin. Field check: is there a mapped contact, a paleo-channel, or an intrusive margin at this location?"
45,7,3259,5831.0,3,59,"A-only candidate: potential-field edge evidence with no surface expression above threshold. Buried-fault hypothesis: concealed normal fault under basin fill; the confounder to test in Phase 2 is a lithologic contact or basement step of non-tectonic origin. Field check: is there a mapped contact, a paleo-channel, or an intrusive margin at this location?"
46,7,3275,7424.3,3,35,"A-only candidate: potential-field edge evidence with no surface expression above threshold. Buried-fault hypothesis: concealed normal fault under basin fill; the confounder to test in Phase 2 is a lithologic contact or basement step of non-tectonic origin. Field check: is there a mapped contact, a paleo-channel, or an intrusive margin at this location?"
47,8,1505,10941.7,13,38,"A-only candidate: potential-field edge evidence with no surface expression above threshold. Buried-fault hypothesis: concealed normal fault under basin fill; the confounder to test in Phase 2 is a lithologic contact or basement step of non-tectonic origin. Field check: is there a mapped contact, a paleo-channel, or an intrusive margin at this location?"
48,8,1514,10272.8,7,65,"A-only candidate: potential-field edge evidence with no surface expression above threshold. Buried-fault hypothesis: concealed normal fault under basin fill; the confounder to test in Phase 2 is a lithologic contact or basement step of non-tectonic origin. Field check: is there a mapped contact, a paleo-channel, or an intrusive margin at this location?"
49,8,1517,10049.9,5,76,"A-only candidate: potential-field edge evidence with no surface expression above threshold. Buried-fault hypothesis: concealed normal fault under basin fill; the confounder to test in Phase 2 is a lithologic contact or basement step of non-tectonic origin. Field check: is there a mapped contact, a paleo-channel, or an intrusive margin at this location?"
50,8,2533,7083.1,8,9,"A-only candidate: potential-field edge evidence with no surface expression above threshold. Buried-fault hypothesis: concealed normal fault under basin fill; the confounder to test in Phase 2 is a lithologic contact or basement step of non-tectonic origin. Field check: is there a mapped contact, a paleo-channel, or an intrusive margin at this location?"
51,8,2678,806.2,4,134,"A-only candidate: potential-field edge evidence with no surface expression above threshold. Buried-fault hypothesis: concealed normal fault under basin fill; the confounder to test in Phase 2 is a lithologic contact or basement step of non-tectonic origin. Field check: is there a mapped contact, a paleo-channel, or an intrusive margin at this location?"
52,8,2974,1000.0,6,65,"A-only candidate: potential-field edge evidence with no surface expression above threshold. Buried-fault hypothesis: concealed normal fault under basin fill; the confounder to test in Phase 2 is a lithologic contact or basement step of non-tectonic origin. Field check: is there a mapped contact, a paleo-channel, or an intrusive margin at this location?"
53,9,2521,5894.1,3,53,"A-only candidate: potential-field edge evidence with no surface expression above threshold. Buried-fault hypothesis: concealed normal fault under basin fill; the confounder to test in Phase 2 is a lithologic contact or basement step of non-tectonic origin. Field check: is there a mapped contact, a paleo-channel, or an intrusive margin at this location?"
54,9,2524,6184.7,4,40,"A-only candidate: potential-field edge evidence with no surface expression above threshold. Buried-fault hypothesis: concealed normal fault under basin fill; the confounder to test in Phase 2 is a lithologic contact or basement step of non-tectonic origin. Field check: is there a mapped contact, a paleo-channel, or an intrusive margin at this location?"
55,9,2967,1702.9,8,46,"A-only candidate: potential-field edge evidence with no surface expression above threshold. Buried-fault hypothesis: concealed normal fault under basin fill; the confounder to test in Phase 2 is a lithologic contact or basement step of non-tectonic origin. Field check: is there a mapped contact, a paleo-channel, or an intrusive margin at this location?"
56,10,2527,6453.7,5,31,"A-only candidate: potential-field edge evidence with no surface expression above threshold. Buried-fault hypothesis: concealed normal fault under basin fill; the confounder to test in Phase 2 is a lithologic contact or basement step of non-tectonic origin. Field check: is there a mapped contact, a paleo-channel, or an intrusive margin at this location?"
57,10,2530,6746.9,6,26,"A-only candidate: potential-field edge evidence with no surface expression above threshold. Buried-fault hypothesis: concealed normal fault under basin fill; the confounder to test in Phase 2 is a lithologic contact or basement step of non-tectonic origin. Field check: is there a mapped contact, a paleo-channel, or an intrusive margin at this location?"
58,10,3261,6067.1,2,54,"A-only candidate: potential-field edge evidence with no surface expression above threshold. Buried-fault hypothesis: concealed normal fault under basin fill; the confounder to test in Phase 2 is a lithologic contact or basement step of non-tectonic origin. Field check: is there a mapped contact, a paleo-channel, or an intrusive margin at this location?"
59,10,3274,7355.3,2,31,"A-only candidate: potential-field edge evidence with no surface expression above threshold. Buried-fault hypothesis: concealed normal fault under basin fill; the confounder to test in Phase 2 is a lithologic contact or basement step of non-tectonic origin. Field check: is there a mapped contact, a paleo-channel, or an intrusive margin at this location?"
60,10,3277,7653.1,2,36,"A-only candidate: potential-field edge evidence with no surface expression above threshold. Buried-fault hypothesis: concealed normal fault under basin fill; the confounder to test in Phase 2 is a lithologic contact or basement step of non-tectonic origin. Field check: is there a mapped contact, a paleo-channel, or an intrusive margin at this location?"
61,11,1516,9924.7,6,72,"A-only candidate: potential-field edge evidence with no surface expression above threshold. Buried-fault hypothesis: concealed normal fault under basin fill; the confounder to test in Phase 2 is a lithologic contact or basement step of non-tectonic origin. Field check: is there a mapped contact, a paleo-channel, or an intrusive margin at this location?"
62,11,1519,9700.0,5,77,"A-only candidate: potential-field edge evidence with no surface expression above threshold. Buried-fault hypothesis: concealed normal fault under basin fill; the confounder to test in Phase 2 is a lithologic contact or basement step of non-tectonic origin. Field check: is there a mapped contact, a paleo-channel, or an intrusive margin at this location?"
63,11,2971,1334.2,6,74,"A-only candidate: potential-field edge evidence with no surface expression above threshold. Buried-fault hypothesis: concealed normal fault under basin fill; the confounder to test in Phase 2 is a lithologic contact or basement step of non-tectonic origin. Field check: is there a mapped contact, a paleo-channel, or an intrusive margin at this location?"
64,12,1505,10600.0,13,36,"A-only candidate: potential-field edge evidence with no surface expression above threshold. Buried-fault hypothesis: concealed normal fault under basin fill; the confounder to test in Phase 2 is a lithologic contact or basement step of non-tectonic origin. Field check: is there a mapped contact, a paleo-channel, or an intrusive margin at this location?"
65,12,2523,6020.8,3,47,"A-only candidate: potential-field edge evidence with no surface expression above threshold. Buried-fault hypothesis: concealed normal fault under basin fill; the confounder to test in Phase 2 is a lithologic contact or basement step of non-tectonic origin. Field check: is there a mapped contact, a paleo-channel, or an intrusive margin at this location?"
66,12,2962,2236.1,9,36,"A-only candidate: potential-field edge evidence with no surface expression above threshold. Buried-fault hypothesis: concealed normal fault under basin fill; the confounder to test in Phase 2 is a lithologic contact or basement step of non-tectonic origin. Field check: is there a mapped contact, a paleo-channel, or an intrusive margin at this location?"
67,12,2965,1941.6,8,44,"A-only candidate: potential-field edge evidence with no surface expression above threshold. Buried-fault hypothesis: concealed normal fault under basin fill; the confounder to test in Phase 2 is a lithologic contact or basement step of non-tectonic origin. Field check: is there a mapped contact, a paleo-channel, or an intrusive margin at this location?"
68,12,2968,1649.2,7,64,"A-only candidate: potential-field edge evidence with no surface expression above threshold. Buried-fault hypothesis: concealed normal fault under basin fill; the confounder to test in Phase 2 is a lithologic contact or basement step of non-tectonic origin. Field check: is there a mapped contact, a paleo-channel, or an intrusive margin at this location?"
69,13,647,4916.3,13,76,"A-only candidate: potential-field edge evidence with no surface expression above threshold. Buried-fault hypothesis: concealed normal fault under basin fill; the confounder to test in Phase 2 is a lithologic contact or basement step of non-tectonic origin. Field check: is there a mapped contact, a paleo-channel, or an intrusive margin at this location?"
70,13,2529,6592.4,5,33,"A-only candidate: potential-field edge evidence with no surface expression above threshold. Buried-fault hypothesis: concealed normal fault under basin fill; the confounder to test in Phase 2 is a lithologic contact or basement step of non-tectonic origin. Field check: is there a mapped contact, a paleo-channel, or an intrusive margin at this location?"
71,13,2532,6888.4,6,25,"A-only candidate: potential-field edge evidence with no surface expression above threshold. Buried-fault hypothesis: concealed normal fault under basin fill; the confounder to test in Phase 2 is a lithologic contact or basement step of non-tectonic origin. Field check: is there a mapped contact, a paleo-channel, or an intrusive margin at this location?"
72,13,2535,7184.7,8,9,"A-only candidate: potential-field edge evidence with no surface expression above threshold. Buried-fault hypothesis: concealed normal fault under basin fill; the confounder to test in Phase 2 is a lithologic contact or basement step of non-tectonic origin. Field check: is there a mapped contact, a paleo-channel, or an intrusive margin at this location?"
73,13,2678,707.1,4,135,"A-only candidate: potential-field edge evidence with no surface expression above threshold. Buried-fault hypothesis: concealed normal fault under basin fill; the confounder to test in Phase 2 is a lithologic contact or basement step of non-tectonic origin. Field check: is there a mapped contact, a paleo-channel, or an intrusive margin at this location?"
74,13,3261,6118.8,2,57,"A-only candidate: potential-field edge evidence with no surface expression above threshold. Buried-fault hypothesis: concealed normal fault under basin fill; the confounder to test in Phase 2 is a lithologic contact or basement step of non-tectonic origin. Field check: is there a mapped contact, a paleo-channel, or an intrusive margin at this location?"
75,14,2526,6280.1,4,39,"A-only candidate: potential-field edge evidence with no surface expression above threshold. Buried-fault hypothesis: concealed normal fault under basin fill; the confounder to test in Phase 2 is a lithologic contact or basement step of non-tectonic origin. Field check: is there a mapped contact, a paleo-channel, or an intrusive margin at this location?"
76,15,644,5203.8,15,76,"A-only candidate: potential-field edge evidence with no surface expression above threshold. Buried-fault hypothesis: concealed normal fault under basin fill; the confounder to test in Phase 2 is a lithologic contact or basement step of non-tectonic origin. Field check: is there a mapped contact, a paleo-channel, or an intrusive margin at this location?"
77,15,2523,5968.2,3,48,"A-only candidate: potential-field edge evidence with no surface expression above threshold. Buried-fault hypothesis: concealed normal fault under basin fill; the confounder to test in Phase 2 is a lithologic contact or basement step of non-tectonic origin. Field check: is there a mapped contact, a paleo-channel, or an intrusive margin at this location?"
78,15,2963,2213.6,8,49,"A-only candidate: potential-field edge evidence with no surface expression above threshold. Buried-fault hypothesis: concealed normal fault under basin fill; the confounder to test in Phase 2 is a lithologic contact or basement step of non-tectonic origin. Field check: is there a mapped contact, a paleo-channel, or an intrusive margin at this location?"
79,15,2966,1931.3,7,61,"A-only candidate: potential-field edge evidence with no surface expression above threshold. Buried-fault hypothesis: concealed normal fault under basin fill; the confounder to test in Phase 2 is a lithologic contact or basement step of non-tectonic origin. Field check: is there a mapped contact, a paleo-channel, or an intrusive margin at this location?"
80,16,1516,9604.7,6,71,"A-only candidate: potential-field edge evidence with no surface expression above threshold. Buried-fault hypothesis: concealed normal fault under basin fill; the confounder to test in Phase 2 is a lithologic contact or basement step of non-tectonic origin. Field check: is there a mapped contact, a paleo-channel, or an intrusive margin at this location?"
81,16,2008,948.7,3,35,"A-only candidate: potential-field edge evidence with no surface expression above threshold. Buried-fault hypothesis: concealed normal fault under basin fill; the confounder to test in Phase 2 is a lithologic contact or basement step of non-tectonic origin. Field check: is there a mapped contact, a paleo-channel, or an intrusive margin at this location?"
82,16,2240,282.8,4,8,"A-only candidate: potential-field edge evidence with no surface expression above threshold. Buried-fault hypothesis: concealed normal fault under basin fill; the confounder to test in Phase 2 is a lithologic contact or basement step of non-tectonic origin. Field check: is there a mapped contact, a paleo-channel, or an intrusive margin at this location?"
83,16,2529,6549.0,5,38,"A-only candidate: potential-field edge evidence with no surface expression above threshold. Buried-fault hypothesis: concealed normal fault under basin fill; the confounder to test in Phase 2 is a lithologic contact or basement step of non-tectonic origin. Field check: is there a mapped contact, a paleo-channel, or an intrusive margin at this location?"
84,16,2532,6846.9,6,31,"A-only candidate: potential-field edge evidence with no surface expression above threshold. Buried-fault hypothesis: concealed normal fault under basin fill; the confounder to test in Phase 2 is a lithologic contact or basement step of non-tectonic origin. Field check: is there a mapped contact, a paleo-channel, or an intrusive margin at this location?"
85,16,2535,7144.9,7,15,"A-only candidate: potential-field edge evidence with no surface expression above threshold. Buried-fault hypothesis: concealed normal fault under basin fill; the confounder to test in Phase 2 is a lithologic contact or basement step of non-tectonic origin. Field check: is there a mapped contact, a paleo-channel, or an intrusive margin at this location?"
86,16,2538,7443.1,8,9,"A-only candidate: potential-field edge evidence with no surface expression above threshold. Buried-fault hypothesis: concealed normal fault under basin fill; the confounder to test in Phase 2 is a lithologic contact or basement step of non-tectonic origin. Field check: is there a mapped contact, a paleo-channel, or an intrusive margin at this location?"
87,16,2677,707.1,5,131,"A-only candidate: potential-field edge evidence with no surface expression above threshold. Buried-fault hypothesis: concealed normal fault under basin fill; the confounder to test in Phase 2 is a lithologic contact or basement step of non-tectonic origin. Field check: is there a mapped contact, a paleo-channel, or an intrusive margin at this location?"
88,16,2680,806.2,4,135,"A-only candidate: potential-field edge evidence with no surface expression above threshold. Buried-fault hypothesis: concealed normal fault under basin fill; the confounder to test in Phase 2 is a lithologic contact or basement step of non-tectonic origin. Field check: is there a mapped contact, a paleo-channel, or an intrusive margin at this location?"
89,16,2683,989.9,3,124,"A-only candidate: potential-field edge evidence with no surface expression above threshold. Buried-fault hypothesis: concealed normal fault under basin fill; the confounder to test in Phase 2 is a lithologic contact or basement step of non-tectonic origin. Field check: is there a mapped contact, a paleo-channel, or an intrusive margin at this location?"
90,16,2940,2012.5,16,43,"A-only candidate: potential-field edge evidence with no surface expression above threshold. Buried-fault hypothesis: concealed normal fault under basin fill; the confounder to test in Phase 2 is a lithologic contact or basement step of non-tectonic origin. Field check: is there a mapped contact, a paleo-channel, or an intrusive margin at this location?"
91,16,3260,6087.7,1,61,"A-only candidate: potential-field edge evidence with no surface expression above threshold. Buried-fault hypothesis: concealed normal fault under basin fill; the confounder to test in Phase 2 is a lithologic contact or basement step of non-tectonic origin. Field check: is there a mapped contact, a paleo-channel, or an intrusive margin at this location?"
92,16,3263,6378.9,1,54,"A-only candidate: potential-field edge evidence with no surface expression above threshold. Buried-fault hypothesis: concealed normal fault under basin fill; the confounder to test in Phase 2 is a lithologic contact or basement step of non-tectonic origin. Field check: is there a mapped contact, a paleo-channel, or an intrusive margin at this location?"
93,17,641,5500.0,17,79,"A-only candidate: potential-field edge evidence with no surface expression above threshold. Buried-fault hypothesis: concealed normal fault under basin fill; the confounder to test in Phase 2 is a lithologic contact or basement step of non-tectonic origin. Field check: is there a mapped contact, a paleo-channel, or an intrusive margin at this location?"
94,17,2011,1216.6,2,33,"A-only candidate: potential-field edge evidence with no surface expression above threshold. Buried-fault hypothesis: concealed normal fault under basin fill; the confounder to test in Phase 2 is a lithologic contact or basement step of non-tectonic origin. Field check: is there a mapped contact, a paleo-channel, or an intrusive margin at this location?"
95,17,2526,6239.4,4,42,"A-only candidate: potential-field edge evidence with no surface expression above threshold. Buried-fault hypothesis: concealed normal fault under basin fill; the confounder to test in Phase 2 is a lithologic contact or basement step of non-tectonic origin. Field check: is there a mapped contact, a paleo-channel, or an intrusive margin at this location?"
96,17,2960,1972.3,8,53,"A-only candidate: potential-field edge evidence with no surface expression above threshold. Buried-fault hypothesis: concealed normal fault under basin fill; the confounder to test in Phase 2 is a lithologic contact or basement step of non-tectonic origin. Field check: is there a mapped contact, a paleo-channel, or an intrusive margin at this location?"
97,18,647,4900.0,10,98,"A-only candidate: potential-field edge evidence with no surface expression above threshold. Buried-fault hypothesis: concealed normal fault under basin fill; the confounder to test in Phase 2 is a lithologic contact or basement step of non-tectonic origin. Field check: is there a mapped contact, a paleo-channel, or an intrusive margin at this location?"
98,18,2234,447.2,4,8,"A-only candidate: potential-field edge evidence with no surface expression above threshold. Buried-fault hypothesis: concealed normal fault under basin fill; the confounder to test in Phase 2 is a lithologic contact or basement step of non-tectonic origin. Field check: is there a mapped contact, a paleo-channel, or an intrusive margin at this location?"
99,18,2237,282.8,4,9,"A-only candidate: potential-field edge evidence with no surface expression above threshold. Buried-fault hypothesis: concealed normal fault under basin fill; the confounder to test in Phase 2 is a lithologic contact or basement step of non-tectonic origin. Field check: is there a mapped contact, a paleo-channel, or an intrusive margin at this location?"
100,19,2189,2765.9,5,3,"A-only candidate: potential-field edge evidence with no surface expression above threshold. Buried-fault hypothesis: concealed normal fault under basin fill; the confounder to test in Phase 2 is a lithologic contact or basement step of non-tectonic origin. Field check: is there a mapped contact, a paleo-channel, or an intrusive margin at this location?"
101,19,2530,6618.9,5,40,"A-only candidate: potential-field edge evidence with no surface expression above threshold. Buried-fault hypothesis: concealed normal fault under basin fill; the confounder to test in Phase 2 is a lithologic contact or basement step of non-tectonic origin. Field check: is there a mapped contact, a paleo-channel, or an intrusive margin at this location?"
102,19,2533,6918.1,5,31,"A-only candidate: potential-field edge evidence with no surface expression above threshold. Buried-fault hypothesis: concealed normal fault under basin fill; the confounder to test in Phase 2 is a lithologic contact or basement step of non-tectonic origin. Field check: is there a mapped contact, a paleo-channel, or an intrusive margin at this location?"
103,19,2539,7516.6,8,14,"A-only candidate: potential-field edge evidence with no surface expression above threshold. Buried-fault hypothesis: concealed normal fault under basin fill; the confounder to test in Phase 2 is a lithologic contact or basement step of non-tectonic origin. Field check: is there a mapped contact, a paleo-channel, or an intrusive margin at this location?"
104,19,2678,447.2,5,132,"A-only candidate: potential-field edge evidence with no surface expression above threshold. Buried-fault hypothesis: concealed normal fault under basin fill; the confounder to test in Phase 2 is a lithologic contact or basement step of non-tectonic origin. Field check: is there a mapped contact, a paleo-channel, or an intrusive margin at this location?"
105,19,2684,894.4,3,117,"A-only candidate: potential-field edge evidence with no surface expression above threshold. Buried-fault hypothesis: concealed normal fault under basin fill; the confounder to test in Phase 2 is a lithologic contact or basement step of non-tectonic origin. Field check: is there a mapped contact, a paleo-channel, or an intrusive margin at this location?"
106,19,2956,1615.5,9,37,"A-only candidate: potential-field edge evidence with no surface expression above threshold. Buried-fault hypothesis: concealed normal fault under basin fill; the confounder to test in Phase 2 is a lithologic contact or basement step of non-tectonic origin. Field check: is there a mapped contact, a paleo-channel, or an intrusive margin at this location?"
107,19,2964,2051.8,6,71,"A-only candidate: potential-field edge evidence with no surface expression above threshold. Buried-fault hypothesis: concealed normal fault under basin fill; the confounder to test in Phase 2 is a lithologic contact or basement step of non-tectonic origin. Field check: is there a mapped contact, a paleo-channel, or an intrusive margin at this location?"
108,20,639,5651.5,17,73,"A-only candidate: potential-field edge evidence with no surface expression above threshold. Buried-fault hypothesis: concealed normal fault under basin fill; the confounder to test in Phase 2 is a lithologic contact or basement step of non-tectonic origin. Field check: is there a mapped contact, a paleo-channel, or an intrusive margin at this location?"
109,20,643,5263.1,13,102,"A-only candidate: potential-field edge evidence with no surface expression above threshold. Buried-fault hypothesis: concealed normal fault under basin fill; the confounder to test in Phase 2 is a lithologic contact or basement step of non-tectonic origin. Field check: is there a mapped contact, a paleo-channel, or an intrusive margin at this location?"
110,20,2526,6212.9,3,43,"A-only candidate: potential-field edge evidence with no surface expression above threshold. Buried-fault hypothesis: concealed normal fault under basin fill; the confounder to test in Phase 2 is a lithologic contact or basement step of non-tectonic origin. Field check: is there a mapped contact, a paleo-channel, or an intrusive margin at this location?"
111,20,2943,1523.2,13,27,"A-only candidate: potential-field edge evidence with no surface expression above threshold. Buried-fault hypothesis: concealed normal fault under basin fill; the confounder to test in Phase 2 is a lithologic contact or basement step of non-tectonic origin. Field check: is there a mapped contact, a paleo-channel, or an intrusive margin at this location?"
112,20,2960,1720.5,7,67,"A-only candidate: potential-field edge evidence with no surface expression above threshold. Buried-fault hypothesis: concealed normal fault under basin fill; the confounder to test in Phase 2 is a lithologic contact or basement step of non-tectonic origin. Field check: is there a mapped contact, a paleo-channel, or an intrusive margin at this location?"
113,20,3257,5913.5,1,69,"A-only candidate: potential-field edge evidence with no surface expression above threshold. Buried-fault hypothesis: concealed normal fault under basin fill; the confounder to test in Phase 2 is a lithologic contact or basement step of non-tectonic origin. Field check: is there a mapped contact, a paleo-channel, or an intrusive margin at this location?"
114,20,3260,6198.4,1,58,"A-only candidate: potential-field edge evidence with no surface expression above threshold. Buried-fault hypothesis: concealed normal fault under basin fill; the confounder to test in Phase 2 is a lithologic contact or basement step of non-tectonic origin. Field check: is there a mapped contact, a paleo-channel, or an intrusive margin at this location?"
115,20,3263,6484.6,1,51,"A-only candidate: potential-field edge evidence with no surface expression above threshold. Buried-fault hypothesis: concealed normal fault under basin fill; the confounder to test in Phase 2 is a lithologic contact or basement step of non-tectonic origin. Field check: is there a mapped contact, a paleo-channel, or an intrusive margin at this location?"
116,21,647,4850.8,8,100,"A-only candidate: potential-field edge evidence with no surface expression above threshold. Buried-fault hypothesis: concealed normal fault under basin fill; the confounder to test in Phase 2 is a lithologic contact or basement step of non-tectonic origin. Field check: is there a mapped contact, a paleo-channel, or an intrusive margin at this location?"
117,21,2010,848.5,4,31,"A-only candidate: potential-field edge evidence with no surface expression above threshold. Buried-fault hypothesis: concealed normal fault under basin fill; the confounder to test in Phase 2 is a lithologic contact or basement step of non-tectonic origin. Field check: is there a mapped contact, a paleo-channel, or an intrusive margin at this location?"
118,21,2536,7206.2,6,22,"A-only candidate: potential-field edge evidence with no surface expression above threshold. Buried-fault hypothesis: concealed normal fault under basin fill; the confounder to test in Phase 2 is a lithologic contact or basement step of non-tectonic origin. Field check: is there a mapped contact, a paleo-channel, or an intrusive margin at this location?"
119,21,2681,538.5,4,134,"A-only candidate: potential-field edge evidence with no surface expression above threshold. Buried-fault hypothesis: concealed normal fault under basin fill; the confounder to test in Phase 2 is a lithologic contact or basement step of non-tectonic origin. Field check: is there a mapped contact, a paleo-channel, or an intrusive margin at this location?"
120,21,2949,1300.0,11,12,"A-only candidate: potential-field edge evidence with no surface expression above threshold. Buried-fault hypothesis: concealed normal fault under basin fill; the confounder to test in Phase 2 is a lithologic contact or basement step of non-tectonic origin. Field check: is there a mapped contact, a paleo-channel, or an intrusive margin at this location?"
121,22,2226,538.5,3,5,"A-only candidate: potential-field edge evidence with no surface expression above threshold. Buried-fault hypothesis: concealed normal fault under basin fill; the confounder to test in Phase 2 is a lithologic contact or basement step of non-tectonic origin. Field check: is there a mapped contact, a paleo-channel, or an intrusive margin at this location?"
122,22,2229,360.6,3,6,"A-only candidate: potential-field edge evidence with no surface expression above threshold. Buried-fault hypothesis: concealed normal fault under basin fill; the confounder to test in Phase 2 is a lithologic contact or basement step of non-tectonic origin. Field check: is there a mapped contact, a paleo-channel, or an intrusive margin at this location?"
123,22,2232,223.6,4,9,"A-only candidate: potential-field edge evidence with no surface expression above threshold. Buried-fault hypothesis: concealed normal fault under basin fill; the confounder to test in Phase 2 is a lithologic contact or basement step of non-tectonic origin. Field check: is there a mapped contact, a paleo-channel, or an intrusive margin at this location?"
124,22,2245,447.2,5,21,"A-only candidate: potential-field edge evidence with no surface expression above threshold. Buried-fault hypothesis: concealed normal fault under basin fill; the confounder to test in Phase 2 is a lithologic contact or basement step of non-tectonic origin. Field check: is there a mapped contact, a paleo-channel, or an intrusive margin at this location?"
125,22,2940,1476.5,13,25,"A-only candidate: potential-field edge evidence with no surface expression above threshold. Buried-fault hypothesis: concealed normal fault under basin fill; the confounder to test in Phase 2 is a lithologic contact or basement step of non-tectonic origin. Field check: is there a mapped contact, a paleo-channel, or an intrusive margin at this location?"
126,22,2953,1236.9,9,31,"A-only candidate: potential-field edge evidence with no surface expression above threshold. Buried-fault hypothesis: concealed normal fault under basin fill; the confounder to test in Phase 2 is a lithologic contact or basement step of non-tectonic origin. Field check: is there a mapped contact, a paleo-channel, or an intrusive margin at this location?"
127,23,611,8360.0,68,31,"A-only candidate: potential-field edge evidence with no surface expression above threshold. Buried-fault hypothesis: concealed normal fault under basin fill; the confounder to test in Phase 2 is a lithologic contact or basement step of non-tectonic origin. Field check: is there a mapped contact, a paleo-channel, or an intrusive margin at this location?"
128,23,641,5393.5,13,107,"A-only candidate: potential-field edge evidence with no surface expression above threshold. Buried-fault hypothesis: concealed normal fault under basin fill; the confounder to test in Phase 2 is a lithologic contact or basement step of non-tectonic origin. Field check: is there a mapped contact, a paleo-channel, or an intrusive margin at this location?"
129,23,2007,500.0,7,31,"A-only candidate: potential-field edge evidence with no surface expression above threshold. Buried-fault hypothesis: concealed normal fault under basin fill; the confounder to test in Phase 2 is a lithologic contact or basement step of non-tectonic origin. Field check: is there a mapped contact, a paleo-channel, or an intrusive margin at this location?"
130,23,2242,360.6,5,17,"A-only candidate: potential-field edge evidence with no surface expression above threshold. Buried-fault hypothesis: concealed normal fault under basin fill; the confounder to test in Phase 2 is a lithologic contact or basement step of non-tectonic origin. Field check: is there a mapped contact, a paleo-channel, or an intrusive margin at this location?"
131,23,2527,6300.8,3,44,"A-only candidate: potential-field edge evidence with no surface expression above threshold. Buried-fault hypothesis: concealed normal fault under basin fill; the confounder to test in Phase 2 is a lithologic contact or basement step of non-tectonic origin. Field check: is there a mapped contact, a paleo-channel, or an intrusive margin at this location?"
132,23,2530,6600.8,4,42,"A-only candidate: potential-field edge evidence with no surface expression above threshold. Buried-fault hypothesis: concealed normal fault under basin fill; the confounder to test in Phase 2 is a lithologic contact or basement step of non-tectonic origin. Field check: is there a mapped contact, a paleo-channel, or an intrusive margin at this location?"
133,23,2533,6900.7,5,35,"A-only candidate: potential-field edge evidence with no surface expression above threshold. Buried-fault hypothesis: concealed normal fault under basin fill; the confounder to test in Phase 2 is a lithologic contact or basement step of non-tectonic origin. Field check: is there a mapped contact, a paleo-channel, or an intrusive margin at this location?"
134,23,2541,7700.6,8,20,"A-only candidate: potential-field edge evidence with no surface expression above threshold. Buried-fault hypothesis: concealed normal fault under basin fill; the confounder to test in Phase 2 is a lithologic contact or basement step of non-tectonic origin. Field check: is there a mapped contact, a paleo-channel, or an intrusive margin at this location?"
135,23,2684,800.0,3,123,"A-only candidate: potential-field edge evidence with no surface expression above threshold. Buried-fault hypothesis: concealed normal fault under basin fill; the confounder to test in Phase 2 is a lithologic contact or basement step of non-tectonic origin. Field check: is there a mapped contact, a paleo-channel, or an intrusive margin at this location?"
136,23,2945,1170.5,11,14,"A-only candidate: potential-field edge evidence with no surface expression above threshold. Buried-fault hypothesis: concealed normal fault under basin fill; the confounder to test in Phase 2 is a lithologic contact or basement step of non-tectonic origin. Field check: is there a mapped contact, a paleo-channel, or an intrusive margin at this location?"
137,23,2956,1253.0,8,50,"A-only candidate: potential-field edge evidence with no surface expression above threshold. Buried-fault hypothesis: concealed normal fault under basin fill; the confounder to test in Phase 2 is a lithologic contact or basement step of non-tectonic origin. Field check: is there a mapped contact, a paleo-channel, or an intrusive margin at this location?"
138,23,2959,1421.3,7,69,"A-only candidate: potential-field edge evidence with no surface expression above threshold. Buried-fault hypothesis: concealed normal fault under basin fill; the confounder to test in Phase 2 is a lithologic contact or basement step of non-tectonic origin. Field check: is there a mapped contact, a paleo-channel, or an intrusive margin at this location?"
139,23,3258,6109.8,1,63,"A-only candidate: potential-field edge evidence with no surface expression above threshold. Buried-fault hypothesis: concealed normal fault under basin fill; the confounder to test in Phase 2 is a lithologic contact or basement step of non-tectonic origin. Field check: is there a mapped contact, a paleo-channel, or an intrusive margin at this location?"
140,23,3261,6390.6,1,51,"A-only candidate: potential-field edge evidence with no surface expression above threshold. Buried-fault hypothesis: concealed normal fault under basin fill; the confounder to test in Phase 2 is a lithologic contact or basement step of non-tectonic origin. Field check: is there a mapped contact, a paleo-channel, or an intrusive margin at this location?"
141,24,638,5671.9,15,73,"A-only candidate: potential-field edge evidence with no surface expression above threshold. Buried-fault hypothesis: concealed normal fault under basin fill; the confounder to test in Phase 2 is a lithologic contact or basement step of non-tectonic origin. Field check: is there a mapped contact, a paleo-channel, or an intrusive margin at this location?"
142,24,645,4982.0,8,116,"A-only candidate: potential-field edge evidence with no surface expression above threshold. Buried-fault hypothesis: concealed normal fault under basin fill; the confounder to test in Phase 2 is a lithologic contact or basement step of non-tectonic origin. Field check: is there a mapped contact, a paleo-channel, or an intrusive margin at this location?"
143,24,2379,1019.8,6,19,"A-only candidate: potential-field edge evidence with no surface expression above threshold. Buried-fault hypothesis: concealed normal fault under basin fill; the confounder to test in Phase 2 is a lithologic contact or basement step of non-tectonic origin. Field check: is there a mapped contact, a paleo-channel, or an intrusive margin at this location?"
144,24,2950,1000.0,9,28,"A-only candidate: potential-field edge evidence with no surface expression above threshold. Buried-fault hypothesis: concealed normal fault under basin fill; the confounder to test in Phase 2 is a lithologic contact or basement step of non-tectonic origin. Field check: is there a mapped contact, a paleo-channel, or an intrusive margin at this location?"
145,24,3264,6706.7,1,44,"A-only candidate: potential-field edge evidence with no surface expression above threshold. Buried-fault hypothesis: concealed normal fault under basin fill; the confounder to test in Phase 2 is a lithologic contact or basement step of non-tectonic origin. Field check: is there a mapped contact, a paleo-channel, or an intrusive margin at this location?"
146,25,2239,360.6,5,13,"A-only candidate: potential-field edge evidence with no surface expression above threshold. Buried-fault hypothesis: concealed normal fault under basin fill; the confounder to test in Phase 2 is a lithologic contact or basement step of non-tectonic origin. Field check: is there a mapped contact, a paleo-channel, or an intrusive margin at this location?"
147,25,2942,1118.0,11,18,"A-only candidate: potential-field edge evidence with no surface expression above threshold. Buried-fault hypothesis: concealed normal fault under basin fill; the confounder to test in Phase 2 is a lithologic contact or basement step of non-tectonic origin. Field check: is there a mapped contact, a paleo-channel, or an intrusive margin at this location?"
148,25,2953,948.7,8,44,"A-only candidate: potential-field edge evidence with no surface expression above threshold. Buried-fault hypothesis: concealed normal fault under basin fill; the confounder to test in Phase 2 is a lithologic contact or basement step of non-tectonic origin. Field check: is there a mapped contact, a paleo-channel, or an intrusive margin at this location?"
149,26,642,5246.9,10,122,"A-only candidate: potential-field edge evidence with no surface expression above threshold. Buried-fault hypothesis: concealed normal fault under basin fill; the confounder to test in Phase 2 is a lithologic contact or basement step of non-tectonic origin. Field check: is there a mapped contact, a paleo-channel, or an intrusive margin at this location?"
150,26,2010,500.0,6,30,"A-only candidate: potential-field edge evidence with no surface expression above threshold. Buried-fault hypothesis: concealed normal fault under basin fill; the confounder to test in Phase 2 is a lithologic contact or basement step of non-tectonic origin. Field check: is there a mapped contact, a paleo-channel, or an intrusive margin at this location?"
151,26,2236,282.8,5,11,"A-only candidate: potential-field edge evidence with no surface expression above threshold. Buried-fault hypothesis: concealed normal fault under basin fill; the confounder to test in Phase 2 is a lithologic contact or basement step of non-tectonic origin. Field check: is there a mapped contact, a paleo-channel, or an intrusive margin at this location?"
152,26,2242,632.5,5,13,"A-only candidate: potential-field edge evidence with no surface expression above threshold. Buried-fault hypothesis: concealed normal fault under basin fill; the confounder to test in Phase 2 is a lithologic contact or basement step of non-tectonic origin. Field check: is there a mapped contact, a paleo-channel, or an intrusive margin at this location?"
153,26,2373,1523.2,7,20,"A-only candidate: potential-field edge evidence with no surface expression above threshold. Buried-fault hypothesis: concealed normal fault under basin fill; the confounder to test in Phase 2 is a lithologic contact or basement step of non-tectonic origin. Field check: is there a mapped contact, a paleo-channel, or an intrusive margin at this location?"
154,26,2382,670.8,5,10,"A-only candidate: potential-field edge evidence with no surface expression above threshold. Buried-fault hypothesis: concealed normal fault under basin fill; the confounder to test in Phase 2 is a lithologic contact or basement step of non-tectonic origin. Field check: is there a mapped contact, a paleo-channel, or an intrusive margin at this location?"
155,26,2529,6503.1,3,44,"A-only candidate: potential-field edge evidence with no surface expression above threshold. Buried-fault hypothesis: concealed normal fault under basin fill; the confounder to test in Phase 2 is a lithologic contact or basement step of non-tectonic origin. Field check: is there a mapped contact, a paleo-channel, or an intrusive margin at this location?"
156,26,2533,6902.9,4,38,"A-only candidate: potential-field edge evidence with no surface expression above threshold. Buried-fault hypothesis: concealed normal fault under basin fill; the confounder to test in Phase 2 is a lithologic contact or basement step of non-tectonic origin. Field check: is there a mapped contact, a paleo-channel, or an intrusive margin at this location?"
157,26,2536,7202.8,5,30,"A-only candidate: potential-field edge evidence with no surface expression above threshold. Buried-fault hypothesis: concealed normal fault under basin fill; the confounder to test in Phase 2 is a lithologic contact or basement step of non-tectonic origin. Field check: is there a mapped contact, a paleo-channel, or an intrusive margin at this location?"
158,26,2542,7802.6,8,24,"A-only candidate: potential-field edge evidence with no surface expression above threshold. Buried-fault hypothesis: concealed normal fault under basin fill; the confounder to test in Phase 2 is a lithologic contact or basement step of non-tectonic origin. Field check: is there a mapped contact, a paleo-channel, or an intrusive margin at this location?"
159,26,2683,565.7,4,135,"A-only candidate: potential-field edge evidence with no surface expression above threshold. Buried-fault hypothesis: concealed normal fault under basin fill; the confounder to test in Phase 2 is a lithologic contact or basement step of non-tectonic origin. Field check: is there a mapped contact, a paleo-channel, or an intrusive margin at this location?"
160,26,2939,1166.2,12,18,"A-only candidate: potential-field edge evidence with no surface expression above threshold. Buried-fault hypothesis: concealed normal fault under basin fill; the confounder to test in Phase 2 is a lithologic contact or basement step of non-tectonic origin. Field check: is there a mapped contact, a paleo-channel, or an intrusive margin at this location?"
161,26,2947,824.6,9,26,"A-only candidate: potential-field edge evidence with no surface expression above threshold. Buried-fault hypothesis: concealed normal fault under basin fill; the confounder to test in Phase 2 is a lithologic contact or basement step of non-tectonic origin. Field check: is there a mapped contact, a paleo-channel, or an intrusive margin at this location?"
162,26,2958,1131.4,6,72,"A-only candidate: potential-field edge evidence with no surface expression above threshold. Buried-fault hypothesis: concealed normal fault under basin fill; the confounder to test in Phase 2 is a lithologic contact or basement step of non-tectonic origin. Field check: is there a mapped contact, a paleo-channel, or an intrusive margin at this location?"
163,26,3256,6001.7,1,67,"A-only candidate: potential-field edge evidence with no surface expression above threshold. Buried-fault hypothesis: concealed normal fault under basin fill; the confounder to test in Phase 2 is a lithologic contact or basement step of non-tectonic origin. Field check: is there a mapped contact, a paleo-channel, or an intrusive margin at this location?"
164,26,3259,6296.8,1,56,"A-only candidate: potential-field edge evidence with no surface expression above threshold. Buried-fault hypothesis: concealed normal fault under basin fill; the confounder to test in Phase 2 is a lithologic contact or basement step of non-tectonic origin. Field check: is there a mapped contact, a paleo-channel, or an intrusive margin at this location?"
165,27,639,5532.6,12,99,"A-only candidate: potential-field edge evidence with no surface expression above threshold. Buried-fault hypothesis: concealed normal fault under basin fill; the confounder to test in Phase 2 is a lithologic contact or basement step of non-tectonic origin. Field check: is there a mapped contact, a paleo-channel, or an intrusive margin at this location?"
166,27,2224,223.6,3,8,"A-only candidate: potential-field edge evidence with no surface expression above threshold. Buried-fault hypothesis: concealed normal fault under basin fill; the confounder to test in Phase 2 is a lithologic contact or basement step of non-tectonic origin. Field check: is there a mapped contact, a paleo-channel, or an intrusive margin at this location?"
167,27,2378,1019.8,6,26,"A-only candidate: potential-field edge evidence with no surface expression above threshold. Buried-fault hypothesis: concealed normal fault under basin fill; the confounder to test in Phase 2 is a lithologic contact or basement step of non-tectonic origin. Field check: is there a mapped contact, a paleo-channel, or an intrusive margin at this location?"
168,27,2526,6207.3,2,44,"A-only candidate: potential-field edge evidence with no surface expression above threshold. Buried-fault hypothesis: concealed normal fault under basin fill; the confounder to test in Phase 2 is a lithologic contact or basement step of non-tectonic origin. Field check: is there a mapped contact, a paleo-channel, or an intrusive margin at this location?"
169,27,2539,7506.0,6,29,"A-only candidate: potential-field edge evidence with no surface expression above threshold. Buried-fault hypothesis: concealed normal fault under basin fill; the confounder to test in Phase 2 is a lithologic contact or basement step of non-tectonic origin. Field check: is there a mapped contact, a paleo-channel, or an intrusive margin at this location?"
170,27,2933,1341.6,13,24,"A-only candidate: potential-field edge evidence with no surface expression above threshold. Buried-fault hypothesis: concealed normal fault under basin fill; the confounder to test in Phase 2 is a lithologic contact or basement step of non-tectonic origin. Field check: is there a mapped contact, a paleo-channel, or an intrusive margin at this location?"
171,27,2936,1208.3,12,23,"A-only candidate: potential-field edge evidence with no surface expression above threshold. Buried-fault hypothesis: concealed normal fault under basin fill; the confounder to test in Phase 2 is a lithologic contact or basement step of non-tectonic origin. Field check: is there a mapped contact, a paleo-channel, or an intrusive margin at this location?"
172,28,2013,412.3,6,32,"A-only candidate: potential-field edge evidence with no surface expression above threshold. Buried-fault hypothesis: concealed normal fault under basin fill; the confounder to test in Phase 2 is a lithologic contact or basement step of non-tectonic origin. Field check: is there a mapped contact, a paleo-channel, or an intrusive margin at this location?"
173,28,2232,282.8,4,9,"A-only candidate: potential-field edge evidence with no surface expression above threshold. Buried-fault hypothesis: concealed normal fault under basin fill; the confounder to test in Phase 2 is a lithologic contact or basement step of non-tectonic origin. Field check: is there a mapped contact, a paleo-channel, or an intrusive margin at this location?"
174,28,2952,632.5,7,62,"A-only candidate: potential-field edge evidence with no surface expression above threshold. Buried-fault hypothesis: concealed normal fault under basin fill; the confounder to test in Phase 2 is a lithologic contact or basement step of non-tectonic origin. Field check: is there a mapped contact, a paleo-channel, or an intrusive margin at this location?"
175,28,2955,781.0,6,68,"A-only candidate: potential-field edge evidence with no surface expression above threshold. Buried-fault hypothesis: concealed normal fault under basin fill; the confounder to test in Phase 2 is a lithologic contact or basement step of non-tectonic origin. Field check: is there a mapped contact, a paleo-channel, or an intrusive margin at this location?"
176,28,3253,5742.8,2,65,"A-only candidate: potential-field edge evidence with no surface expression above threshold. Buried-fault hypothesis: concealed normal fault under basin fill; the confounder to test in Phase 2 is a lithologic contact or basement step of non-tectonic origin. Field check: is there a mapped contact, a paleo-channel, or an intrusive margin at this location?"
177,29,634,6013.3,18,47,"A-only candidate: potential-field edge evidence with no surface expression above threshold. Buried-fault hypothesis: concealed normal fault under basin fill; the confounder to test in Phase 2 is a lithologic contact or basement step of non-tectonic origin. Field check: is there a mapped contact, a paleo-channel, or an intrusive margin at this location?"
178,29,643,5115.7,8,129,"A-only candidate: potential-field edge evidence with no surface expression above threshold. Buried-fault hypothesis: concealed normal fault under basin fill; the confounder to test in Phase 2 is a lithologic contact or basement step of non-tectonic origin. Field check: is there a mapped contact, a paleo-channel, or an intrusive margin at this location?"
179,29,2021,707.1,2,28,"A-only candidate: potential-field edge evidence with no surface expression above threshold. Buried-fault hypothesis: concealed normal fault under basin fill; the confounder to test in Phase 2 is a lithologic contact or basement step of non-tectonic origin. Field check: is there a mapped contact, a paleo-channel, or an intrusive margin at this location?"
180,29,2382,583.1,5,16,"A-only candidate: potential-field edge evidence with no surface expression above threshold. Buried-fault hypothesis: concealed normal fault under basin fill; the confounder to test in Phase 2 is a lithologic contact or basement step of non-tectonic origin. Field check: is there a mapped contact, a paleo-channel, or an intrusive margin at this location?"
181,29,2529,6519.2,3,42,"A-only candidate: potential-field edge evidence with no surface expression above threshold. Buried-fault hypothesis: concealed normal fault under basin fill; the confounder to test in Phase 2 is a lithologic contact or basement step of non-tectonic origin. Field check: is there a mapped contact, a paleo-channel, or an intrusive margin at this location?"
182,29,2532,6818.4,4,40,"A-only candidate: potential-field edge evidence with no surface expression above threshold. Buried-fault hypothesis: concealed normal fault under basin fill; the confounder to test in Phase 2 is a lithologic contact or basement step of non-tectonic origin. Field check: is there a mapped contact, a paleo-channel, or an intrusive margin at this location?"
183,29,2536,7217.3,5,34,"A-only candidate: potential-field edge evidence with no surface expression above threshold. Buried-fault hypothesis: concealed normal fault under basin fill; the confounder to test in Phase 2 is a lithologic contact or basement step of non-tectonic origin. Field check: is there a mapped contact, a paleo-channel, or an intrusive margin at this location?"
184,29,2543,7915.8,8,25,"A-only candidate: potential-field edge evidence with no surface expression above threshold. Buried-fault hypothesis: concealed normal fault under basin fill; the confounder to test in Phase 2 is a lithologic contact or basement step of non-tectonic origin. Field check: is there a mapped contact, a paleo-channel, or an intrusive margin at this location?"
185,29,2944,670.8,9,43,"A-only candidate: potential-field edge evidence with no surface expression above threshold. Buried-fault hypothesis: concealed normal fault under basin fill; the confounder to test in Phase 2 is a lithologic contact or basement step of non-tectonic origin. Field check: is there a mapped contact, a paleo-channel, or an intrusive margin at this location?"
186,29,3258,6251.4,1,59,"A-only candidate: potential-field edge evidence with no surface expression above threshold. Buried-fault hypothesis: concealed normal fault under basin fill; the confounder to test in Phase 2 is a lithologic contact or basement step of non-tectonic origin. Field check: is there a mapped contact, a paleo-channel, or an intrusive margin at this location?"
187,29,3263,6746.9,1,35,"A-only candidate: potential-field edge evidence with no surface expression above threshold. Buried-fault hypothesis: concealed normal fault under basin fill; the confounder to test in Phase 2 is a lithologic contact or basement step of non-tectonic origin. Field check: is there a mapped contact, a paleo-channel, or an intrusive margin at this location?"
188,30,2016,316.2,5,33,"A-only candidate: potential-field edge evidence with no surface expression above threshold. Buried-fault hypothesis: concealed normal fault under basin fill; the confounder to test in Phase 2 is a lithologic contact or basement step of non-tectonic origin. Field check: is there a mapped contact, a paleo-channel, or an intrusive margin at this location?"
189,30,2378,894.4,6,29,"A-only candidate: potential-field edge evidence with no surface expression above threshold. Buried-fault hypothesis: concealed normal fault under basin fill; the confounder to test in Phase 2 is a lithologic contact or basement step of non-tectonic origin. Field check: is there a mapped contact, a paleo-channel, or an intrusive margin at this location?"
190,31,638,5603.6,11,87,"A-only candidate: potential-field edge evidence with no surface expression above threshold. Buried-fault hypothesis: concealed normal fault under basin fill; the confounder to test in Phase 2 is a lithologic contact or basement step of non-tectonic origin. Field check: is there a mapped contact, a paleo-channel, or an intrusive margin at this location?"
191,31,2950,300.0,7,68,"A-only candidate: potential-field edge evidence with no surface expression above threshold. Buried-fault hypothesis: concealed normal fault under basin fill; the confounder to test in Phase 2 is a lithologic contact or basement step of non-tectonic origin. Field check: is there a mapped contact, a paleo-channel, or an intrusive margin at this location?"
192,31,3255,5984.1,2,65,"A-only candidate: potential-field edge evidence with no surface expression above threshold. Buried-fault hypothesis: concealed normal fault under basin fill; the confounder to test in Phase 2 is a lithologic contact or basement step of non-tectonic origin. Field check: is there a mapped contact, a paleo-channel, or an intrusive margin at this location?"
193,32,635,5900.8,14,51,"A-only candidate: potential-field edge evidence with no surface expression above threshold. Buried-fault hypothesis: concealed normal fault under basin fill; the confounder to test in Phase 2 is a lithologic contact or basement step of non-tectonic origin. Field check: is there a mapped contact, a paleo-channel, or an intrusive margin at this location?"
194,32,641,5300.9,8,125,"A-only candidate: potential-field edge evidence with no surface expression above threshold. Buried-fault hypothesis: concealed normal fault under basin fill; the confounder to test in Phase 2 is a lithologic contact or basement step of non-tectonic origin. Field check: is there a mapped contact, a paleo-channel, or an intrusive margin at this location?"
195,32,2020,424.3,3,30,"A-only candidate: potential-field edge evidence with no surface expression above threshold. Buried-fault hypothesis: concealed normal fault under basin fill; the confounder to test in Phase 2 is a lithologic contact or basement step of non-tectonic origin. Field check: is there a mapped contact, a paleo-channel, or an intrusive margin at this location?"
196,32,2531,6747.6,3,41,"A-only candidate: potential-field edge evidence with no surface expression above threshold. Buried-fault hypothesis: concealed normal fault under basin fill; the confounder to test in Phase 2 is a lithologic contact or basement step of non-tectonic origin. Field check: is there a mapped contact, a paleo-channel, or an intrusive margin at this location?"
197,32,2535,7144.9,4,37,"A-only candidate: potential-field edge evidence with no surface expression above threshold. Buried-fault hypothesis: concealed normal fault under basin fill; the confounder to test in Phase 2 is a lithologic contact or basement step of non-tectonic origin. Field check: is there a mapped contact, a paleo-channel, or an intrusive margin at this location?"
198,32,2539,7542.5,5,35,"A-only candidate: potential-field edge evidence with no surface expression above threshold. Buried-fault hypothesis: concealed normal fault under basin fill; the confounder to test in Phase 2 is a lithologic contact or basement step of non-tectonic origin. Field check: is there a mapped contact, a paleo-channel, or an intrusive margin at this location?"
199,32,3262,6691.0,1,32,"A-only candidate: potential-field edge evidence with no surface expression above threshold. Buried-fault hypothesis: concealed normal fault under basin fill; the confounder to test in Phase 2 is a lithologic contact or basement step of non-tectonic origin. Field check: is there a mapped contact, a paleo-channel, or an intrusive margin at this location?"
200,33,2025,707.1,2,28,"A-only candidate: potential-field edge evidence with no surface expression above threshold. Buried-fault hypothesis: concealed normal fault under basin fill; the confounder to test in Phase 2 is a lithologic contact or basement step of non-tectonic origin. Field check: is there a mapped contact, a paleo-channel, or an intrusive margin at this location?"
201,33,3249,5434.2,3,33,"A-only candidate: potential-field edge evidence with no surface expression above threshold. Buried-fault hypothesis: concealed normal fault under basin fill; the confounder to test in Phase 2 is a lithologic contact or basement step of non-tectonic origin. Field check: is there a mapped contact, a paleo-channel, or an intrusive margin at this location?"
202,33,3252,5727.1,2,59,"A-only candidate: potential-field edge evidence with no surface expression above threshold. Buried-fault hypothesis: concealed normal fault under basin fill; the confounder to test in Phase 2 is a lithologic contact or basement step of non-tectonic origin. Field check: is there a mapped contact, a paleo-channel, or an intrusive margin at this location?"
203,33,3259,6413.3,1,48,"A-only candidate: potential-field edge evidence with no surface expression above threshold. Buried-fault hypothesis: concealed normal fault under basin fill; the confounder to test in Phase 2 is a lithologic contact or basement step of non-tectonic origin. Field check: is there a mapped contact, a paleo-channel, or an intrusive margin at this location?"
204,33,3266,7102.1,1,22,"A-only candidate: potential-field edge evidence with no surface expression above threshold. Buried-fault hypothesis: concealed normal fault under basin fill; the confounder to test in Phase 2 is a lithologic contact or basement step of non-tectonic origin. Field check: is there a mapped contact, a paleo-channel, or an intrusive margin at this location?"
205,34,2938,500.0,9,37,"A-only candidate: potential-field edge evidence with no surface expression above threshold. Buried-fault hypothesis: concealed normal fault under basin fill; the confounder to test in Phase 2 is a lithologic contact or basement step of non-tectonic origin. Field check: is there a mapped contact, a paleo-channel, or an intrusive margin at this location?"
206,34,2944,223.6,8,47,"A-only candidate: potential-field edge evidence with no surface expression above threshold. Buried-fault hypothesis: concealed normal fault under basin fill; the confounder to test in Phase 2 is a lithologic contact or basement step of non-tectonic origin. Field check: is there a mapped contact, a paleo-channel, or an intrusive margin at this location?"
207,35,2022,360.6,3,30,"A-only candidate: potential-field edge evidence with no surface expression above threshold. Buried-fault hypothesis: concealed normal fault under basin fill; the confounder to test in Phase 2 is a lithologic contact or basement step of non-tectonic origin. Field check: is there a mapped contact, a paleo-channel, or an intrusive margin at this location?"
208,35,2372,1166.2,7,34,"A-only candidate: potential-field edge evidence with no surface expression above threshold. Buried-fault hypothesis: concealed normal fault under basin fill; the confounder to test in Phase 2 is a lithologic contact or basement step of non-tectonic origin. Field check: is there a mapped contact, a paleo-channel, or an intrusive margin at this location?"
209,35,2536,7283.5,4,39,"A-only candidate: potential-field edge evidence with no surface expression above threshold. Buried-fault hypothesis: concealed normal fault under basin fill; the confounder to test in Phase 2 is a lithologic contact or basement step of non-tectonic origin. Field check: is there a mapped contact, a paleo-channel, or an intrusive margin at this location?"
210,35,2540,7679.2,5,37,"A-only candidate: potential-field edge evidence with no surface expression above threshold. Buried-fault hypothesis: concealed normal fault under basin fill; the confounder to test in Phase 2 is a lithologic contact or basement step of non-tectonic origin. Field check: is there a mapped contact, a paleo-channel, or an intrusive margin at this location?"
211,35,3245,5096.1,5,11,"A-only candidate: potential-field edge evidence with no surface expression above threshold. Buried-fault hypothesis: concealed normal fault under basin fill; the confounder to test in Phase 2 is a lithologic contact or basement step of non-tectonic origin. Field check: is there a mapped contact, a paleo-channel, or an intrusive margin at this location?"
212,36,633,6100.0,14,42,"A-only candidate: potential-field edge evidence with no surface expression above threshold. Buried-fault hypothesis: concealed normal fault under basin fill; the confounder to test in Phase 2 is a lithologic contact or basement step of non-tectonic origin. Field check: is there a mapped contact, a paleo-channel, or an intrusive margin at this location?"
213,36,636,5800.0,11,56,"A-only candidate: potential-field edge evidence with no surface expression above threshold. Buried-fault hypothesis: concealed normal fault under basin fill; the confounder to test in Phase 2 is a lithologic contact or basement step of non-tectonic origin. Field check: is there a mapped contact, a paleo-channel, or an intrusive margin at this location?"
214,36,1806,2701.9,8,26,"A-only candidate: potential-field edge evidence with no surface expression above threshold. Buried-fault hypothesis: concealed normal fault under basin fill; the confounder to test in Phase 2 is a lithologic contact or basement step of non-tectonic origin. Field check: is there a mapped contact, a paleo-channel, or an intrusive margin at this location?"
215,36,2025,500.0,2,29,"A-only candidate: potential-field edge evidence with no surface expression above threshold. Buried-fault hypothesis: concealed normal fault under basin fill; the confounder to test in Phase 2 is a lithologic contact or basement step of non-tectonic origin. Field check: is there a mapped contact, a paleo-channel, or an intrusive margin at this location?"
216,36,2028,721.1,1,26,"A-only candidate: potential-field edge evidence with no surface expression above threshold. Buried-fault hypothesis: concealed normal fault under basin fill; the confounder to test in Phase 2 is a lithologic contact or basement step of non-tectonic origin. Field check: is there a mapped contact, a paleo-channel, or an intrusive margin at this location?"
217,36,2531,6806.6,2,40,"A-only candidate: potential-field edge evidence with no surface expression above threshold. Buried-fault hypothesis: concealed normal fault under basin fill; the confounder to test in Phase 2 is a lithologic contact or basement step of non-tectonic origin. Field check: is there a mapped contact, a paleo-channel, or an intrusive margin at this location?"
218,36,3249,5470.8,3,36,"A-only candidate: potential-field edge evidence with no surface expression above threshold. Buried-fault hypothesis: concealed normal fault under basin fill; the confounder to test in Phase 2 is a lithologic contact or basement step of non-tectonic origin. Field check: is there a mapped contact, a paleo-channel, or an intrusive margin at this location?"
219,36,3253,5852.3,2,59,"A-only candidate: potential-field edge evidence with no surface expression above threshold. Buried-fault hypothesis: concealed normal fault under basin fill; the confounder to test in Phase 2 is a lithologic contact or basement step of non-tectonic origin. Field check: is there a mapped contact, a paleo-channel, or an intrusive margin at this location?"
220,36,3258,6332.5,1,49,"A-only candidate: potential-field edge evidence with no surface expression above threshold. Buried-fault hypothesis: concealed normal fault under basin fill; the confounder to test in Phase 2 is a lithologic contact or basement step of non-tectonic origin. Field check: is there a mapped contact, a paleo-channel, or an intrusive margin at this location?"
221,37,2013,400.0,11,39,"A-only candidate: potential-field edge evidence with no surface expression above threshold. Buried-fault hypothesis: concealed normal fault under basin fill; the confounder to test in Phase 2 is a lithologic contact or basement step of non-tectonic origin. Field check: is there a mapped contact, a paleo-channel, or an intrusive margin at this location?"
222,37,2376,721.1,6,18,"A-only candidate: potential-field edge evidence with no surface expression above threshold. Buried-fault hypothesis: concealed normal fault under basin fill; the confounder to test in Phase 2 is a lithologic contact or basement step of non-tectonic origin. Field check: is there a mapped contact, a paleo-channel, or an intrusive margin at this location?"
223,37,2935,360.6,9,44,"A-only candidate: potential-field edge evidence with no surface expression above threshold. Buried-fault hypothesis: concealed normal fault under basin fill; the confounder to test in Phase 2 is a lithologic contact or basement step of non-tectonic origin. Field check: is there a mapped contact, a paleo-channel, or an intrusive margin at this location?"
224,38,2017,223.6,8,38,"A-only candidate: potential-field edge evidence with no surface expression above threshold. Buried-fault hypothesis: concealed normal fault under basin fill; the confounder to test in Phase 2 is a lithologic contact or basement step of non-tectonic origin. Field check: is there a mapped contact, a paleo-channel, or an intrusive margin at this location?"
225,38,2371,1140.2,7,33,"A-only candidate: potential-field edge evidence with no surface expression above threshold. Buried-fault hypothesis: concealed normal fault under basin fill; the confounder to test in Phase 2 is a lithologic contact or basement step of non-tectonic origin. Field check: is there a mapped contact, a paleo-channel, or an intrusive margin at this location?"
226,38,2542,7924.6,5,38,"A-only candidate: potential-field edge evidence with no surface expression above threshold. Buried-fault hypothesis: concealed normal fault under basin fill; the confounder to test in Phase 2 is a lithologic contact or basement step of non-tectonic origin. Field check: is there a mapped contact, a paleo-channel, or an intrusive margin at this location?"
227,38,3246,5124.5,4,22,"A-only candidate: potential-field edge evidence with no surface expression above threshold. Buried-fault hypothesis: concealed normal fault under basin fill; the confounder to test in Phase 2 is a lithologic contact or basement step of non-tectonic origin. Field check: is there a mapped contact, a paleo-channel, or an intrusive margin at this location?"
228,39,633,6067.1,13,44,"A-only candidate: potential-field edge evidence with no surface expression above threshold. Buried-fault hypothesis: concealed normal fault under basin fill; the confounder to test in Phase 2 is a lithologic contact or basement step of non-tectonic origin. Field check: is there a mapped contact, a paleo-channel, or an intrusive margin at this location?"
229,39,636,5770.6,10,56,"A-only candidate: potential-field edge evidence with no surface expression above threshold. Buried-fault hypothesis: concealed normal fault under basin fill; the confounder to test in Phase 2 is a lithologic contact or basement step of non-tectonic origin. Field check: is there a mapped contact, a paleo-channel, or an intrusive margin at this location?"
230,39,1810,2202.3,6,45,"A-only candidate: potential-field edge evidence with no surface expression above threshold. Buried-fault hypothesis: concealed normal fault under basin fill; the confounder to test in Phase 2 is a lithologic contact or basement step of non-tectonic origin. Field check: is there a mapped contact, a paleo-channel, or an intrusive margin at this location?"
231,39,2027,500.0,2,29,"A-only candidate: potential-field edge evidence with no surface expression above threshold. Buried-fault hypothesis: concealed normal fault under basin fill; the confounder to test in Phase 2 is a lithologic contact or basement step of non-tectonic origin. Field check: is there a mapped contact, a paleo-channel, or an intrusive margin at this location?"
232,39,2030,721.1,1,24,"A-only candidate: potential-field edge evidence with no surface expression above threshold. Buried-fault hypothesis: concealed normal fault under basin fill; the confounder to test in Phase 2 is a lithologic contact or basement step of non-tectonic origin. Field check: is there a mapped contact, a paleo-channel, or an intrusive margin at this location?"
233,39,2379,360.6,5,9,"A-only candidate: potential-field edge evidence with no surface expression above threshold. Buried-fault hypothesis: concealed normal fault under basin fill; the confounder to test in Phase 2 is a lithologic contact or basement step of non-tectonic origin. Field check: is there a mapped contact, a paleo-channel, or an intrusive margin at this location?"
234,39,3249,5385.2,3,38,"A-only candidate: potential-field edge evidence with no surface expression above threshold. Buried-fault hypothesis: concealed normal fault under basin fill; the confounder to test in Phase 2 is a lithologic contact or basement step of non-tectonic origin. Field check: is there a mapped contact, a paleo-channel, or an intrusive margin at this location?"
235,39,3258,6258.6,1,45,"A-only candidate: potential-field edge evidence with no surface expression above threshold. Buried-fault hypothesis: concealed normal fault under basin fill; the confounder to test in Phase 2 is a lithologic contact or basement step of non-tectonic origin. Field check: is there a mapped contact, a paleo-channel, or an intrusive margin at this location?"
236,40,2532,6985.7,2,40,"A-only candidate: potential-field edge evidence with no surface expression above threshold. Buried-fault hypothesis: concealed normal fault under basin fill; the confounder to test in Phase 2 is a lithologic contact or basement step of non-tectonic origin. Field check: is there a mapped contact, a paleo-channel, or an intrusive margin at this location?"
237,40,2937,0.0,8,48,"A-only candidate: potential-field edge evidence with no surface expression above threshold. Buried-fault hypothesis: concealed normal fault under basin fill; the confounder to test in Phase 2 is a lithologic contact or basement step of non-tectonic origin. Field check: is there a mapped contact, a paleo-channel, or an intrusive margin at this location?"
238,41,628,6537.6,17,49,"A-only candidate: potential-field edge evidence with no surface expression above threshold. Buried-fault hypothesis: concealed normal fault under basin fill; the confounder to test in Phase 2 is a lithologic contact or basement step of non-tectonic origin. Field check: is there a mapped contact, a paleo-channel, or an intrusive margin at this location?"
239,41,2015,447.2,11,42,"A-only candidate: potential-field edge evidence with no surface expression above threshold. Buried-fault hypothesis: concealed normal fault under basin fill; the confounder to test in Phase 2 is a lithologic contact or basement step of non-tectonic origin. Field check: is there a mapped contact, a paleo-channel, or an intrusive margin at this location?"
240,41,2024,141.4,4,33,"A-only candidate: potential-field edge evidence with no surface expression above threshold. Buried-fault hypothesis: concealed normal fault under basin fill; the confounder to test in Phase 2 is a lithologic contact or basement step of non-tectonic origin. Field check: is there a mapped contact, a paleo-channel, or an intrusive margin at this location?"
241,41,2372,984.9,6,24,"A-only candidate: potential-field edge evidence with no surface expression above threshold. Buried-fault hypothesis: concealed normal fault under basin fill; the confounder to test in Phase 2 is a lithologic contact or basement step of non-tectonic origin. Field check: is there a mapped contact, a paleo-channel, or an intrusive margin at this location?"
242,41,2375,700.0,6,11,"A-only candidate: potential-field edge evidence with no surface expression above threshold. Buried-fault hypothesis: concealed normal fault under basin fill; the confounder to test in Phase 2 is a lithologic contact or basement step of non-tectonic origin. Field check: is there a mapped contact, a paleo-channel, or an intrusive margin at this location?"
243,41,2544,8178.6,5,37,"A-only candidate: potential-field edge evidence with no surface expression above threshold. Buried-fault hypothesis: concealed normal fault under basin fill; the confounder to test in Phase 2 is a lithologic contact or basement step of non-tectonic origin. Field check: is there a mapped contact, a paleo-channel, or an intrusive margin at this location?"
244,41,2690,500.0,3,159,"A-only candidate: potential-field edge evidence with no surface expression above threshold. Buried-fault hypothesis: concealed normal fault under basin fill; the confounder to test in Phase 2 is a lithologic contact or basement step of non-tectonic origin. Field check: is there a mapped contact, a paleo-channel, or an intrusive margin at this location?"
245,41,3244,4850.8,5,28,"A-only candidate: potential-field edge evidence with no surface expression above threshold. Buried-fault hypothesis: concealed normal fault under basin fill; the confounder to test in Phase 2 is a lithologic contact or basement step of non-tectonic origin. Field check: is there a mapped contact, a paleo-channel, or an intrusive margin at this location?"
246,41,3252,5629.4,3,50,"A-only candidate: potential-field edge evidence with no surface expression above threshold. Buried-fault hypothesis: concealed normal fault under basin fill; the confounder to test in Phase 2 is a lithologic contact or basement step of non-tectonic origin. Field check: is there a mapped contact, a paleo-channel, or an intrusive margin at this location?"
247,41,3255,5913.5,2,51,"A-only candidate: potential-field edge evidence with no surface expression above threshold. Buried-fault hypothesis: concealed normal fault under basin fill; the confounder to test in Phase 2 is a lithologic contact or basement step of non-tectonic origin. Field check: is there a mapped contact, a paleo-channel, or an intrusive margin at this location?"
248,42,636,5731.5,10,57,"A-only candidate: potential-field edge evidence with no surface expression above threshold. Buried-fault hypothesis: concealed normal fault under basin fill; the confounder to test in Phase 2 is a lithologic contact or basement step of non-tectonic origin. Field check: is there a mapped contact, a paleo-channel, or an intrusive margin at this location?"
249,42,639,5433.2,8,73,"A-only candidate: potential-field edge evidence with no surface expression above threshold. Buried-fault hypothesis: concealed normal fault under basin fill; the confounder to test in Phase 2 is a lithologic contact or basement step of non-tectonic origin. Field check: is there a mapped contact, a paleo-channel, or an intrusive margin at this location?"
250,42,1813,1780.4,5,45,"A-only candidate: potential-field edge evidence with no surface expression above threshold. Buried-fault hypothesis: concealed normal fault under basin fill; the confounder to test in Phase 2 is a lithologic contact or basement step of non-tectonic origin. Field check: is there a mapped contact, a paleo-channel, or an intrusive margin at this location?"
251,42,2018,141.4,8,40,"A-only candidate: potential-field edge evidence with no surface expression above threshold. Buried-fault hypothesis: concealed normal fault under basin fill; the confounder to test in Phase 2 is a lithologic contact or basement step of non-tectonic origin. Field check: is there a mapped contact, a paleo-channel, or an intrusive margin at this location?"
252,42,2536,7421.6,3,42,"A-only candidate: potential-field edge evidence with no surface expression above threshold. Buried-fault hypothesis: concealed normal fault under basin fill; the confounder to test in Phase 2 is a lithologic contact or basement step of non-tectonic origin. Field check: is there a mapped contact, a paleo-channel, or an intrusive margin at this location?"
253,42,2548,8590.7,7,33,"A-only candidate: potential-field edge evidence with no surface expression above threshold. Buried-fault hypothesis: concealed normal fault under basin fill; the confounder to test in Phase 2 is a lithologic contact or basement step of non-tectonic origin. Field check: is there a mapped contact, a paleo-channel, or an intrusive margin at this location?"
254,42,2933,100.0,9,51,"A-only candidate: potential-field edge evidence with no surface expression above threshold. Buried-fault hypothesis: concealed normal fault under basin fill; the confounder to test in Phase 2 is a lithologic contact or basement step of non-tectonic origin. Field check: is there a mapped contact, a paleo-channel, or an intrusive margin at this location?"
255,42,3247,5119.6,4,34,"A-only candidate: potential-field edge evidence with no surface expression above threshold. Buried-fault hypothesis: concealed normal fault under basin fill; the confounder to test in Phase 2 is a lithologic contact or basement step of non-tectonic origin. Field check: is there a mapped contact, a paleo-channel, or an intrusive margin at this location?"
256,42,3260,6356.1,1,27,"A-only candidate: potential-field edge evidence with no surface expression above threshold. Buried-fault hypothesis: concealed normal fault under basin fill; the confounder to test in Phase 2 is a lithologic contact or basement step of non-tectonic origin. Field check: is there a mapped contact, a paleo-channel, or an intrusive margin at this location?"
257,43,633,6020.8,12,51,"A-only candidate: potential-field edge evidence with no surface expression above threshold. Buried-fault hypothesis: concealed normal fault under basin fill; the confounder to test in Phase 2 is a lithologic contact or basement step of non-tectonic origin. Field check: is there a mapped contact, a paleo-channel, or an intrusive margin at this location?"
258,43,2368,1000.0,7,34,"A-only candidate: potential-field edge evidence with no surface expression above threshold. Buried-fault hypothesis: concealed normal fault under basin fill; the confounder to test in Phase 2 is a lithologic contact or basement step of non-tectonic origin. Field check: is there a mapped contact, a paleo-channel, or an intrusive margin at this location?"
259,43,2533,7156.8,2,40,"A-only candidate: potential-field edge evidence with no surface expression above threshold. Buried-fault hypothesis: concealed normal fault under basin fill; the confounder to test in Phase 2 is a lithologic contact or basement step of non-tectonic origin. Field check: is there a mapped contact, a paleo-channel, or an intrusive margin at this location?"
260,44,628,6512.3,15,60,"A-only candidate: potential-field edge evidence with no surface expression above threshold. Buried-fault hypothesis: concealed normal fault under basin fill; the confounder to test in Phase 2 is a lithologic contact or basement step of non-tectonic origin. Field check: is there a mapped contact, a paleo-channel, or an intrusive margin at this location?"
261,44,2234,1697.1,4,7,"A-only candidate: potential-field edge evidence with no surface expression above threshold. Buried-fault hypothesis: concealed normal fault under basin fill; the confounder to test in Phase 2 is a lithologic contact or basement step of non-tectonic origin. Field check: is there a mapped contact, a paleo-channel, or an intrusive margin at this location?"
262,44,2371,948.7,6,24,"A-only candidate: potential-field edge evidence with no surface expression above threshold. Buried-fault hypothesis: concealed normal fault under basin fill; the confounder to test in Phase 2 is a lithologic contact or basement step of non-tectonic origin. Field check: is there a mapped contact, a paleo-channel, or an intrusive margin at this location?"
263,44,2374,707.1,6,10,"A-only candidate: potential-field edge evidence with no surface expression above threshold. Buried-fault hypothesis: concealed normal fault under basin fill; the confounder to test in Phase 2 is a lithologic contact or basement step of non-tectonic origin. Field check: is there a mapped contact, a paleo-channel, or an intrusive margin at this location?"
264,44,2692,600.0,3,156,"A-only candidate: potential-field edge evidence with no surface expression above threshold. Buried-fault hypothesis: concealed normal fault under basin fill; the confounder to test in Phase 2 is a lithologic contact or basement step of non-tectonic origin. Field check: is there a mapped contact, a paleo-channel, or an intrusive margin at this location?"
265,44,3250,5345.1,3,43,"A-only candidate: potential-field edge evidence with no surface expression above threshold. Buried-fault hypothesis: concealed normal fault under basin fill; the confounder to test in Phase 2 is a lithologic contact or basement step of non-tectonic origin. Field check: is there a mapped contact, a paleo-channel, or an intrusive margin at this location?"
266,44,3254,5724.5,2,46,"A-only candidate: potential-field edge evidence with no surface expression above threshold. Buried-fault hypothesis: concealed normal fault under basin fill; the confounder to test in Phase 2 is a lithologic contact or basement step of non-tectonic origin. Field check: is there a mapped contact, a paleo-channel, or an intrusive margin at this location?"
267,44,3257,6000.8,2,42,"A-only candidate: potential-field edge evidence with no surface expression above threshold. Buried-fault hypothesis: concealed normal fault under basin fill; the confounder to test in Phase 2 is a lithologic contact or basement step of non-tectonic origin. Field check: is there a mapped contact, a paleo-channel, or an intrusive margin at this location?"
268,45,636,5707.9,9,58,"A-only candidate: potential-field edge evidence with no surface expression above threshold. Buried-fault hypothesis: concealed normal fault under basin fill; the confounder to test in Phase 2 is a lithologic contact or basement step of non-tectonic origin. Field check: is there a mapped contact, a paleo-channel, or an intrusive margin at this location?"
269,45,2016,300.0,12,44,"A-only candidate: potential-field edge evidence with no surface expression above threshold. Buried-fault hypothesis: concealed normal fault under basin fill; the confounder to test in Phase 2 is a lithologic contact or basement step of non-tectonic origin. Field check: is there a mapped contact, a paleo-channel, or an intrusive margin at this location?"
270,45,2379,200.0,5,3,"A-only candidate: potential-field edge evidence with no surface expression above threshold. Buried-fault hypothesis: concealed normal fault under basin fill; the confounder to test in Phase 2 is a lithologic contact or basement step of non-tectonic origin. Field check: is there a mapped contact, a paleo-channel, or an intrusive margin at this location?"
271,45,2545,8367.8,5,39,"A-only candidate: potential-field edge evidence with no surface expression above threshold. Buried-fault hypothesis: concealed normal fault under basin fill; the confounder to test in Phase 2 is a lithologic contact or basement step of non-tectonic origin. Field check: is there a mapped contact, a paleo-channel, or an intrusive margin at this location?"
272,45,2550,8852.7,7,35,"A-only candidate: potential-field edge evidence with no surface expression above threshold. Buried-fault hypothesis: concealed normal fault under basin fill; the confounder to test in Phase 2 is a lithologic contact or basement step of non-tectonic origin. Field check: is there a mapped contact, a paleo-channel, or an intrusive margin at this location?"
273,45,2554,9241.8,9,17,"A-only candidate: potential-field edge evidence with no surface expression above threshold. Buried-fault hypothesis: concealed normal fault under basin fill; the confounder to test in Phase 2 is a lithologic contact or basement step of non-tectonic origin. Field check: is there a mapped contact, a paleo-channel, or an intrusive margin at this location?"
274,45,3260,6239.4,1,25,"A-only candidate: potential-field edge evidence with no surface expression above threshold. Buried-fault hypothesis: concealed normal fault under basin fill; the confounder to test in Phase 2 is a lithologic contact or basement step of non-tectonic origin. Field check: is there a mapped contact, a paleo-channel, or an intrusive margin at this location?"
275,46,631,6203.2,12,59,"A-only candidate: potential-field edge evidence with no surface expression above threshold. Buried-fault hypothesis: concealed normal fault under basin fill; the confounder to test in Phase 2 is a lithologic contact or basement step of non-tectonic origin. Field check: is there a mapped contact, a paleo-channel, or an intrusive margin at this location?"
276,46,1807,2102.4,9,24,"A-only candidate: potential-field edge evidence with no surface expression above threshold. Buried-fault hypothesis: concealed normal fault under basin fill; the confounder to test in Phase 2 is a lithologic contact or basement step of non-tectonic origin. Field check: is there a mapped contact, a paleo-channel, or an intrusive margin at this location?"
277,46,2019,0.0,9,42,"A-only candidate: potential-field edge evidence with no surface expression above threshold. Buried-fault hypothesis: concealed normal fault under basin fill; the confounder to test in Phase 2 is a lithologic contact or basement step of non-tectonic origin. Field check: is there a mapped contact, a paleo-channel, or an intrusive margin at this location?"
278,46,2022,100.0,6,39,"A-only candidate: potential-field edge evidence with no surface expression above threshold. Buried-fault hypothesis: concealed normal fault under basin fill; the confounder to test in Phase 2 is a lithologic contact or basement step of non-tectonic origin. Field check: is there a mapped contact, a paleo-channel, or an intrusive margin at this location?"
279,46,2025,141.4,4,37,"A-only candidate: potential-field edge evidence with no surface expression above threshold. Buried-fault hypothesis: concealed normal fault under basin fill; the confounder to test in Phase 2 is a lithologic contact or basement step of non-tectonic origin. Field check: is there a mapped contact, a paleo-channel, or an intrusive margin at this location?"
280,46,2032,806.2,1,22,"A-only candidate: potential-field edge evidence with no surface expression above threshold. Buried-fault hypothesis: concealed normal fault under basin fill; the confounder to test in Phase 2 is a lithologic contact or basement step of non-tectonic origin. Field check: is there a mapped contact, a paleo-channel, or an intrusive margin at this location?"
281,46,2152,1118.0,7,26,"A-only candidate: potential-field edge evidence with no surface expression above threshold. Buried-fault hypothesis: concealed normal fault under basin fill; the confounder to test in Phase 2 is a lithologic contact or basement step of non-tectonic origin. Field check: is there a mapped contact, a paleo-channel, or an intrusive margin at this location?"
282,46,2155,1019.8,7,20,"A-only candidate: potential-field edge evidence with no surface expression above threshold. Buried-fault hypothesis: concealed normal fault under basin fill; the confounder to test in Phase 2 is a lithologic contact or basement step of non-tectonic origin. Field check: is there a mapped contact, a paleo-channel, or an intrusive margin at this location?"
283,46,2160,1044.0,7,11,"A-only candidate: potential-field edge evidence with no surface expression above threshold. Buried-fault hypothesis: concealed normal fault under basin fill; the confounder to test in Phase 2 is a lithologic contact or basement step of non-tectonic origin. Field check: is there a mapped contact, a paleo-channel, or an intrusive margin at this location?"
284,46,2367,707.1,7,30,"A-only candidate: potential-field edge evidence with no surface expression above threshold. Buried-fault hypothesis: concealed normal fault under basin fill; the confounder to test in Phase 2 is a lithologic contact or basement step of non-tectonic origin. Field check: is there a mapped contact, a paleo-channel, or an intrusive margin at this location?"
285,47,1764,3764.3,55,62,"A-only candidate: potential-field edge evidence with no surface expression above threshold. Buried-fault hypothesis: concealed normal fault under basin fill; the confounder to test in Phase 2 is a lithologic contact or basement step of non-tectonic origin. Field check: is there a mapped contact, a paleo-channel, or an intrusive margin at this location?"
286,47,2364,721.1,7,30,"A-only candidate: potential-field edge evidence with no surface expression above threshold. Buried-fault hypothesis: concealed normal fault under basin fill; the confounder to test in Phase 2 is a lithologic contact or basement step of non-tectonic origin. Field check: is there a mapped contact, a paleo-channel, or an intrusive margin at this location?"
287,47,2370,632.5,6,23,"A-only candidate: potential-field edge evidence with no surface expression above threshold. Buried-fault hypothesis: concealed normal fault under basin fill; the confounder to test in Phase 2 is a lithologic contact or basement step of non-tectonic origin. Field check: is there a mapped contact, a paleo-channel, or an intrusive margin at this location?"
288,47,2373,781.0,6,9,"A-only candidate: potential-field edge evidence with no surface expression above threshold. Buried-fault hypothesis: concealed normal fault under basin fill; the confounder to test in Phase 2 is a lithologic contact or basement step of non-tectonic origin. Field check: is there a mapped contact, a paleo-channel, or an intrusive margin at this location?"
289,47,2376,500.0,5,1,"A-only candidate: potential-field edge evidence with no surface expression above threshold. Buried-fault hypothesis: concealed normal fault under basin fill; the confounder to test in Phase 2 is a lithologic contact or basement step of non-tectonic origin. Field check: is there a mapped contact, a paleo-channel, or an intrusive margin at this location?"
290,47,3248,5056.7,4,41,"A-only candidate: potential-field edge evidence with no surface expression above threshold. Buried-fault hypothesis: concealed normal fault under basin fill; the confounder to test in Phase 2 is a lithologic contact or basement step of non-tectonic origin. Field check: is there a mapped contact, a paleo-channel, or an intrusive margin at this location?"
291,47,3252,5423.1,3,43,"A-only candidate: potential-field edge evidence with no surface expression above threshold. Buried-fault hypothesis: concealed normal fault under basin fill; the confounder to test in Phase 2 is a lithologic contact or basement step of non-tectonic origin. Field check: is there a mapped contact, a paleo-channel, or an intrusive margin at this location?"
292,47,3255,5700.9,2,43,"A-only candidate: potential-field edge evidence with no surface expression above threshold. Buried-fault hypothesis: concealed normal fault under basin fill; the confounder to test in Phase 2 is a lithologic contact or basement step of non-tectonic origin. Field check: is there a mapped contact, a paleo-channel, or an intrusive margin at this location?"
293,48,636,5700.0,8,56,"A-only candidate: potential-field edge evidence with no surface expression above threshold. Buried-fault hypothesis: concealed normal fault under basin fill; the confounder to test in Phase 2 is a lithologic contact or basement step of non-tectonic origin. Field check: is there a mapped contact, a paleo-channel, or an intrusive margin at this location?"
294,48,2547,8640.0,5,44,"A-only candidate: potential-field edge evidence with no surface expression above threshold. Buried-fault hypothesis: concealed normal fault under basin fill; the confounder to test in Phase 2 is a lithologic contact or basement step of non-tectonic origin. Field check: is there a mapped contact, a paleo-channel, or an intrusive margin at this location?"
295,48,3261,6229.8,1,22,"A-only candidate: potential-field edge evidence with no surface expression above threshold. Buried-fault hypothesis: concealed normal fault under basin fill; the confounder to test in Phase 2 is a lithologic contact or basement step of non-tectonic origin. Field check: is there a mapped contact, a paleo-channel, or an intrusive margin at this location?"
296,49,628,6493.8,11,70,"A-only candidate: potential-field edge evidence with no surface expression above threshold. Buried-fault hypothesis: concealed normal fault under basin fill; the confounder to test in Phase 2 is a lithologic contact or basement step of non-tectonic origin. Field check: is there a mapped contact, a paleo-channel, or an intrusive margin at this location?"
297,49,631,6198.4,10,60,"A-only candidate: potential-field edge evidence with no surface expression above threshold. Buried-fault hypothesis: concealed normal fault under basin fill; the confounder to test in Phase 2 is a lithologic contact or basement step of non-tectonic origin. Field check: is there a mapped contact, a paleo-channel, or an intrusive margin at this location?"
298,49,1808,1897.4,8,29,"A-only candidate: potential-field edge evidence with no surface expression above threshold. Buried-fault hypothesis: concealed normal fault under basin fill; the confounder to test in Phase 2 is a lithologic contact or basement step of non-tectonic origin. Field check: is there a mapped contact, a paleo-channel, or an intrusive margin at this location?"
299,49,2018,223.6,11,46,"A-only candidate: potential-field edge evidence with no surface expression above threshold. Buried-fault hypothesis: concealed normal fault under basin fill; the confounder to test in Phase 2 is a lithologic contact or basement step of non-tectonic origin. Field check: is there a mapped contact, a paleo-channel, or an intrusive margin at this location?"
300,49,2027,300.0,4,37,"A-only candidate: potential-field edge evidence with no surface expression above threshold. Buried-fault hypothesis: concealed normal fault under basin fill; the confounder to test in Phase 2 is a lithologic contact or basement step of non-tectonic origin. Field check: is there a mapped contact, a paleo-channel, or an intrusive margin at this location?"
301,49,2030,583.1,2,28,"A-only candidate: potential-field edge evidence with no surface expression above threshold. Buried-fault hypothesis: concealed normal fault under basin fill; the confounder to test in Phase 2 is a lithologic contact or basement step of non-tectonic origin. Field check: is there a mapped contact, a paleo-channel, or an intrusive margin at this location?"
302,49,2033,854.4,1,22,"A-only candidate: potential-field edge evidence with no surface expression above threshold. Buried-fault hypothesis: concealed normal fault under basin fill; the confounder to test in Phase 2 is a lithologic contact or basement step of non-tectonic origin. Field check: is there a mapped contact, a paleo-channel, or an intrusive margin at this location?"
303,50,2021,282.8,8,45,"A-only candidate: potential-field edge evidence with no surface expression above threshold. Buried-fault hypothesis: concealed normal fault under basin fill; the confounder to test in Phase 2 is a lithologic contact or basement step of non-tectonic origin. Field check: is there a mapped contact, a paleo-channel, or an intrusive margin at this location?"
304,50,2024,0.0,6,42,"A-only candidate: potential-field edge evidence with no surface expression above threshold. Buried-fault hypothesis: concealed normal fault under basin fill; the confounder to test in Phase 2 is a lithologic contact or basement step of non-tectonic origin. Field check: is there a mapped contact, a paleo-channel, or an intrusive margin at this location?"
305,50,2368,300.0,6,21,"A-only candidate: potential-field edge evidence with no surface expression above threshold. Buried-fault hypothesis: concealed normal fault under basin fill; the confounder to test in Phase 2 is a lithologic contact or basement step of non-tectonic origin. Field check: is there a mapped contact, a paleo-channel, or an intrusive margin at this location?"
306,50,2372,500.0,6,8,"A-only candidate: potential-field edge evidence with no surface expression above threshold. Buried-fault hypothesis: concealed normal fault under basin fill; the confounder to test in Phase 2 is a lithologic contact or basement step of non-tectonic origin. Field check: is there a mapped contact, a paleo-channel, or an intrusive margin at this location?"
307,50,2375,538.5,5,4,"A-only candidate: potential-field edge evidence with no surface expression above threshold. Buried-fault hypothesis: concealed normal fault under basin fill; the confounder to test in Phase 2 is a lithologic contact or basement step of non-tectonic origin. Field check: is there a mapped contact, a paleo-channel, or an intrusive margin at this location?"
308,50,2378,282.8,5,9,"A-only candidate: potential-field edge evidence with no surface expression above threshold. Buried-fault hypothesis: concealed normal fault under basin fill; the confounder to test in Phase 2 is a lithologic contact or basement step of non-tectonic origin. Field check: is there a mapped contact, a paleo-channel, or an intrusive margin at this location?"
309,50,3250,5126.4,4,41,"A-only candidate: potential-field edge evidence with no surface expression above threshold. Buried-fault hypothesis: concealed normal fault under basin fill; the confounder to test in Phase 2 is a lithologic contact or basement step of non-tectonic origin. Field check: is there a mapped contact, a paleo-channel, or an intrusive margin at this location?"
310,50,3253,5408.3,3,41,"A-only candidate: potential-field edge evidence with no surface expression above threshold. Buried-fault hypothesis: concealed normal fault under basin fill; the confounder to test in Phase 2 is a lithologic contact or basement step of non-tectonic origin. Field check: is there a mapped contact, a paleo-channel, or an intrusive margin at this location?"
311,50,3256,5692.1,2,40,"A-only candidate: potential-field edge evidence with no surface expression above threshold. Buried-fault hypothesis: concealed normal fault under basin fill; the confounder to test in Phase 2 is a lithologic contact or basement step of non-tectonic origin. Field check: is there a mapped contact, a paleo-channel, or an intrusive margin at this location?"
312,51,636,5671.9,6,53,"A-only candidate: potential-field edge evidence with no surface expression above threshold. Buried-fault hypothesis: concealed normal fault under basin fill; the confounder to test in Phase 2 is a lithologic contact or basement step of non-tectonic origin. Field check: is there a mapped contact, a paleo-channel, or an intrusive margin at this location?"
313,51,2548,8823.3,5,47,"A-only candidate: potential-field edge evidence with no surface expression above threshold. Buried-fault hypothesis: concealed normal fault under basin fill; the confounder to test in Phase 2 is a lithologic contact or basement step of non-tectonic origin. Field check: is there a mapped contact, a paleo-channel, or an intrusive margin at this location?"
314,52,626,6648.3,10,84,"A-only candidate: potential-field edge evidence with no surface expression above threshold. Buried-fault hypothesis: concealed normal fault under basin fill; the confounder to test in Phase 2 is a lithologic contact or basement step of non-tectonic origin. Field check: is there a mapped contact, a paleo-channel, or an intrusive margin at this location?"
315,52,629,6350.6,8,67,"A-only candidate: potential-field edge evidence with no surface expression above threshold. Buried-fault hypothesis: concealed normal fault under basin fill; the confounder to test in Phase 2 is a lithologic contact or basement step of non-tectonic origin. Field check: is there a mapped contact, a paleo-channel, or an intrusive margin at this location?"
316,52,1807,1923.5,9,25,"A-only candidate: potential-field edge evidence with no surface expression above threshold. Buried-fault hypothesis: concealed normal fault under basin fill; the confounder to test in Phase 2 is a lithologic contact or basement step of non-tectonic origin. Field check: is there a mapped contact, a paleo-channel, or an intrusive margin at this location?"
317,52,2028,300.0,4,38,"A-only candidate: potential-field edge evidence with no surface expression above threshold. Buried-fault hypothesis: concealed normal fault under basin fill; the confounder to test in Phase 2 is a lithologic contact or basement step of non-tectonic origin. Field check: is there a mapped contact, a paleo-channel, or an intrusive margin at this location?"
318,52,2034,854.4,1,22,"A-only candidate: potential-field edge evidence with no surface expression above threshold. Buried-fault hypothesis: concealed normal fault under basin fill; the confounder to test in Phase 2 is a lithologic contact or basement step of non-tectonic origin. Field check: is there a mapped contact, a paleo-channel, or an intrusive margin at this location?"
319,53,1881,5203.8,5,23,"A-only candidate: potential-field edge evidence with no surface expression above threshold. Buried-fault hypothesis: concealed normal fault under basin fill; the confounder to test in Phase 2 is a lithologic contact or basement step of non-tectonic origin. Field check: is there a mapped contact, a paleo-channel, or an intrusive margin at this location?"
320,53,2020,447.2,10,49,"A-only candidate: potential-field edge evidence with no surface expression above threshold. Buried-fault hypothesis: concealed normal fault under basin fill; the confounder to test in Phase 2 is a lithologic contact or basement step of non-tectonic origin. Field check: is there a mapped contact, a paleo-channel, or an intrusive margin at this location?"
321,53,2023,200.0,8,47,"A-only candidate: potential-field edge evidence with no surface expression above threshold. Buried-fault hypothesis: concealed normal fault under basin fill; the confounder to test in Phase 2 is a lithologic contact or basement step of non-tectonic origin. Field check: is there a mapped contact, a paleo-channel, or an intrusive margin at this location?"
322,53,2369,100.0,6,14,"A-only candidate: potential-field edge evidence with no surface expression above threshold. Buried-fault hypothesis: concealed normal fault under basin fill; the confounder to test in Phase 2 is a lithologic contact or basement step of non-tectonic origin. Field check: is there a mapped contact, a paleo-channel, or an intrusive margin at this location?"
323,53,3250,5028.9,4,39,"A-only candidate: potential-field edge evidence with no surface expression above threshold. Buried-fault hypothesis: concealed normal fault under basin fill; the confounder to test in Phase 2 is a lithologic contact or basement step of non-tectonic origin. Field check: is there a mapped contact, a paleo-channel, or an intrusive margin at this location?"
324,53,3253,5316.0,3,39,"A-only candidate: potential-field edge evidence with no surface expression above threshold. Buried-fault hypothesis: concealed normal fault under basin fill; the confounder to test in Phase 2 is a lithologic contact or basement step of non-tectonic origin. Field check: is there a mapped contact, a paleo-channel, or an intrusive margin at this location?"
325,54,1804,1788.9,12,20,"A-only candidate: potential-field edge evidence with no surface expression above threshold. Buried-fault hypothesis: concealed normal fault under basin fill; the confounder to test in Phase 2 is a lithologic contact or basement step of non-tectonic origin. Field check: is there a mapped contact, a paleo-channel, or an intrusive margin at this location?"
326,54,1875,4609.8,3,42,"A-only candidate: potential-field edge evidence with no surface expression above threshold. Buried-fault hypothesis: concealed normal fault under basin fill; the confounder to test in Phase 2 is a lithologic contact or basement step of non-tectonic origin. Field check: is there a mapped contact, a paleo-channel, or an intrusive margin at this location?"
327,54,2031,509.9,2,27,"A-only candidate: potential-field edge evidence with no surface expression above threshold. Buried-fault hypothesis: concealed normal fault under basin fill; the confounder to test in Phase 2 is a lithologic contact or basement step of non-tectonic origin. Field check: is there a mapped contact, a paleo-channel, or an intrusive margin at this location?"
328,54,2550,9108.2,5,48,"A-only candidate: potential-field edge evidence with no surface expression above threshold. Buried-fault hypothesis: concealed normal fault under basin fill; the confounder to test in Phase 2 is a lithologic contact or basement step of non-tectonic origin. Field check: is there a mapped contact, a paleo-channel, or an intrusive margin at this location?"
329,54,3259,5869.4,2,31,"A-only candidate: potential-field edge evidence with no surface expression above threshold. Buried-fault hypothesis: concealed normal fault under basin fill; the confounder to test in Phase 2 is a lithologic contact or basement step of non-tectonic origin. Field check: is there a mapped contact, a paleo-channel, or an intrusive margin at this location?"
330,55,1878,4916.3,4,34,"A-only candidate: potential-field edge evidence with no surface expression above threshold. Buried-fault hypothesis: concealed normal fault under basin fill; the confounder to test in Phase 2 is a lithologic contact or basement step of non-tectonic origin. Field check: is there a mapped contact, a paleo-channel, or an intrusive margin at this location?"
331,56,1807,1780.4,9,24,"A-only candidate: potential-field edge evidence with no surface expression above threshold. Buried-fault hypothesis: concealed normal fault under basin fill; the confounder to test in Phase 2 is a lithologic contact or basement step of non-tectonic origin. Field check: is there a mapped contact, a paleo-channel, or an intrusive margin at this location?"
332,56,2020,538.5,12,49,"A-only candidate: potential-field edge evidence with no surface expression above threshold. Buried-fault hypothesis: concealed normal fault under basin fill; the confounder to test in Phase 2 is a lithologic contact or basement step of non-tectonic origin. Field check: is there a mapped contact, a paleo-channel, or an intrusive margin at this location?"
333,56,2024,200.0,8,50,"A-only candidate: potential-field edge evidence with no surface expression above threshold. Buried-fault hypothesis: concealed normal fault under basin fill; the confounder to test in Phase 2 is a lithologic contact or basement step of non-tectonic origin. Field check: is there a mapped contact, a paleo-channel, or an intrusive margin at this location?"
334,56,2034,800.0,2,22,"A-only candidate: potential-field edge evidence with no surface expression above threshold. Buried-fault hypothesis: concealed normal fault under basin fill; the confounder to test in Phase 2 is a lithologic contact or basement step of non-tectonic origin. Field check: is there a mapped contact, a paleo-channel, or an intrusive margin at this location?"
335,56,2037,1077.0,1,21,"A-only candidate: potential-field edge evidence with no surface expression above threshold. Buried-fault hypothesis: concealed normal fault under basin fill; the confounder to test in Phase 2 is a lithologic contact or basement step of non-tectonic origin. Field check: is there a mapped contact, a paleo-channel, or an intrusive margin at this location?"
336,57,1804,1526.4,12,20,"A-only candidate: potential-field edge evidence with no surface expression above threshold. Buried-fault hypothesis: concealed normal fault under basin fill; the confounder to test in Phase 2 is a lithologic contact or basement step of non-tectonic origin. Field check: is there a mapped contact, a paleo-channel, or an intrusive margin at this location?"
337,57,1810,1600.0,7,28,"A-only candidate: potential-field edge evidence with no surface expression above threshold. Buried-fault hypothesis: concealed normal fault under basin fill; the confounder to test in Phase 2 is a lithologic contact or basement step of non-tectonic origin. Field check: is there a mapped contact, a paleo-channel, or an intrusive margin at this location?"
338,57,1873,4440.7,3,45,"A-only candidate: potential-field edge evidence with no surface expression above threshold. Buried-fault hypothesis: concealed normal fault under basin fill; the confounder to test in Phase 2 is a lithologic contact or basement step of non-tectonic origin. Field check: is there a mapped contact, a paleo-channel, or an intrusive margin at this location?"
339,57,2373,500.0,5,8,"A-only candidate: potential-field edge evidence with no surface expression above threshold. Buried-fault hypothesis: concealed normal fault under basin fill; the confounder to test in Phase 2 is a lithologic contact or basement step of non-tectonic origin. Field check: is there a mapped contact, a paleo-channel, or an intrusive margin at this location?"
340,57,2552,9123.6,5,47,"A-only candidate: potential-field edge evidence with no surface expression above threshold. Buried-fault hypothesis: concealed normal fault under basin fill; the confounder to test in Phase 2 is a lithologic contact or basement step of non-tectonic origin. Field check: is there a mapped contact, a paleo-channel, or an intrusive margin at this location?"
341,57,2695,1334.2,5,113,"A-only candidate: potential-field edge evidence with no surface expression above threshold. Buried-fault hypothesis: concealed normal fault under basin fill; the confounder to test in Phase 2 is a lithologic contact or basement step of non-tectonic origin. Field check: is there a mapped contact, a paleo-channel, or an intrusive margin at this location?"
342,57,3252,5119.6,3,36,"A-only candidate: potential-field edge evidence with no surface expression above threshold. Buried-fault hypothesis: concealed normal fault under basin fill; the confounder to test in Phase 2 is a lithologic contact or basement step of non-tectonic origin. Field check: is there a mapped contact, a paleo-channel, or an intrusive margin at this location?"
343,57,3255,5412.9,3,36,"A-only candidate: potential-field edge evidence with no surface expression above threshold. Buried-fault hypothesis: concealed normal fault under basin fill; the confounder to test in Phase 2 is a lithologic contact or basement step of non-tectonic origin. Field check: is there a mapped contact, a paleo-channel, or an intrusive margin at this location?"
344,57,3258,5707.0,2,33,"A-only candidate: potential-field edge evidence with no surface expression above threshold. Buried-fault hypothesis: concealed normal fault under basin fill; the confounder to test in Phase 2 is a lithologic contact or basement step of non-tectonic origin. Field check: is there a mapped contact, a paleo-channel, or an intrusive margin at this location?"
345,58,1788,1392.8,32,15,"A-only candidate: potential-field edge evidence with no surface expression above threshold. Buried-fault hypothesis: concealed normal fault under basin fill; the confounder to test in Phase 2 is a lithologic contact or basement step of non-tectonic origin. Field check: is there a mapped contact, a paleo-channel, or an intrusive margin at this location?"
346,58,1791,1300.0,27,16,"A-only candidate: potential-field edge evidence with no surface expression above threshold. Buried-fault hypothesis: concealed normal fault under basin fill; the confounder to test in Phase 2 is a lithologic contact or basement step of non-tectonic origin. Field check: is there a mapped contact, a paleo-channel, or an intrusive margin at this location?"
347,58,1796,1200.0,20,17,"A-only candidate: potential-field edge evidence with no surface expression above threshold. Buried-fault hypothesis: concealed normal fault under basin fill; the confounder to test in Phase 2 is a lithologic contact or basement step of non-tectonic origin. Field check: is there a mapped contact, a paleo-channel, or an intrusive margin at this location?"
348,59,617,7280.1,15,116,"A-only candidate: potential-field edge evidence with no surface expression above threshold. Buried-fault hypothesis: concealed normal fault under basin fill; the confounder to test in Phase 2 is a lithologic contact or basement step of non-tectonic origin. Field check: is there a mapped contact, a paleo-channel, or an intrusive margin at this location?"
349,59,620,6992.1,11,108,"A-only candidate: potential-field edge evidence with no surface expression above threshold. Buried-fault hypothesis: concealed normal fault under basin fill; the confounder to test in Phase 2 is a lithologic contact or basement step of non-tectonic origin. Field check: is there a mapped contact, a paleo-channel, or an intrusive margin at this location?"
350,59,2022,400.0,11,53,"A-only candidate: potential-field edge evidence with no surface expression above threshold. Buried-fault hypothesis: concealed normal fault under basin fill; the confounder to test in Phase 2 is a lithologic contact or basement step of non-tectonic origin. Field check: is there a mapped contact, a paleo-channel, or an intrusive margin at this location?"
351,59,2028,141.4,5,45,"A-only candidate: potential-field edge evidence with no surface expression above threshold. Buried-fault hypothesis: concealed normal fault under basin fill; the confounder to test in Phase 2 is a lithologic contact or basement step of non-tectonic origin. Field check: is there a mapped contact, a paleo-channel, or an intrusive margin at this location?"
352,59,2561,9381.4,8,24,"A-only candidate: potential-field edge evidence with no surface expression above threshold. Buried-fault hypothesis: concealed normal fault under basin fill; the confounder to test in Phase 2 is a lithologic contact or basement step of non-tectonic origin. Field check: is there a mapped contact, a paleo-channel, or an intrusive margin at this location?"
353,60,1803,1220.7,12,19,"A-only candidate: potential-field edge evidence with no surface expression above threshold. Buried-fault hypothesis: concealed normal fault under basin fill; the confounder to test in Phase 2 is a lithologic contact or basement step of non-tectonic origin. Field check: is there a mapped contact, a paleo-channel, or an intrusive margin at this location?"
354,60,3257,5557.9,2,33,"A-only candidate: potential-field edge evidence with no surface expression above threshold. Buried-fault hypothesis: concealed normal fault under basin fill; the confounder to test in Phase 2 is a lithologic contact or basement step of non-tectonic origin. Field check: is there a mapped contact, a paleo-channel, or an intrusive margin at this location?"
355,61,1790,1044.0,27,16,"A-only candidate: potential-field edge evidence with no surface expression above threshold. Buried-fault hypothesis: concealed normal fault under basin fill; the confounder to test in Phase 2 is a lithologic contact or basement step of non-tectonic origin. Field check: is there a mapped contact, a paleo-channel, or an intrusive margin at this location?"
356,61,1793,948.7,23,16,"A-only candidate: potential-field edge evidence with no surface expression above threshold. Buried-fault hypothesis: concealed normal fault under basin fill; the confounder to test in Phase 2 is a lithologic contact or basement step of non-tectonic origin. Field check: is there a mapped contact, a paleo-channel, or an intrusive margin at this location?"
357,61,1797,905.5,18,17,"A-only candidate: potential-field edge evidence with no surface expression above threshold. Buried-fault hypothesis: concealed normal fault under basin fill; the confounder to test in Phase 2 is a lithologic contact or basement step of non-tectonic origin. Field check: is there a mapped contact, a paleo-channel, or an intrusive margin at this location?"
358,61,1806,1345.4,9,21,"A-only candidate: potential-field edge evidence with no surface expression above threshold. Buried-fault hypothesis: concealed normal fault under basin fill; the confounder to test in Phase 2 is a lithologic contact or basement step of non-tectonic origin. Field check: is there a mapped contact, a paleo-channel, or an intrusive margin at this location?"
359,61,2025,200.0,8,56,"A-only candidate: potential-field edge evidence with no surface expression above threshold. Buried-fault hypothesis: concealed normal fault under basin fill; the confounder to test in Phase 2 is a lithologic contact or basement step of non-tectonic origin. Field check: is there a mapped contact, a paleo-channel, or an intrusive margin at this location?"
360,61,2034,700.0,2,22,"A-only candidate: potential-field edge evidence with no surface expression above threshold. Buried-fault hypothesis: concealed normal fault under basin fill; the confounder to test in Phase 2 is a lithologic contact or basement step of non-tectonic origin. Field check: is there a mapped contact, a paleo-channel, or an intrusive margin at this location?"
361,61,2037,1000.0,1,20,"A-only candidate: potential-field edge evidence with no surface expression above threshold. Buried-fault hypothesis: concealed normal fault under basin fill; the confounder to test in Phase 2 is a lithologic contact or basement step of non-tectonic origin. Field check: is there a mapped contact, a paleo-channel, or an intrusive margin at this location?"
362,61,2040,1300.0,0,15,"A-only candidate: potential-field edge evidence with no surface expression above threshold. Buried-fault hypothesis: concealed normal fault under basin fill; the confounder to test in Phase 2 is a lithologic contact or basement step of non-tectonic origin. Field check: is there a mapped contact, a paleo-channel, or an intrusive margin at this location?"
363,61,2372,400.0,5,9,"A-only candidate: potential-field edge evidence with no surface expression above threshold. Buried-fault hypothesis: concealed normal fault under basin fill; the confounder to test in Phase 2 is a lithologic contact or basement step of non-tectonic origin. Field check: is there a mapped contact, a paleo-channel, or an intrusive margin at this location?"
364,61,2554,8858.9,5,43,"A-only candidate: potential-field edge evidence with no surface expression above threshold. Buried-fault hypothesis: concealed normal fault under basin fill; the confounder to test in Phase 2 is a lithologic contact or basement step of non-tectonic origin. Field check: is there a mapped contact, a paleo-channel, or an intrusive margin at this location?"
365,61,2697,1104.5,6,116,"A-only candidate: potential-field edge evidence with no surface expression above threshold. Buried-fault hypothesis: concealed normal fault under basin fill; the confounder to test in Phase 2 is a lithologic contact or basement step of non-tectonic origin. Field check: is there a mapped contact, a paleo-channel, or an intrusive margin at this location?"
366,62,620,6912.3,10,108,"A-only candidate: potential-field edge evidence with no surface expression above threshold. Buried-fault hypothesis: concealed normal fault under basin fill; the confounder to test in Phase 2 is a lithologic contact or basement step of non-tectonic origin. Field check: is there a mapped contact, a paleo-channel, or an intrusive margin at this location?"
367,62,2022,500.0,11,57,"A-only candidate: potential-field edge evidence with no surface expression above threshold. Buried-fault hypothesis: concealed normal fault under basin fill; the confounder to test in Phase 2 is a lithologic contact or basement step of non-tectonic origin. Field check: is there a mapped contact, a paleo-channel, or an intrusive margin at this location?"
368,62,2563,9235.8,8,19,"A-only candidate: potential-field edge evidence with no surface expression above threshold. Buried-fault hypothesis: concealed normal fault under basin fill; the confounder to test in Phase 2 is a lithologic contact or basement step of non-tectonic origin. Field check: is there a mapped contact, a paleo-channel, or an intrusive margin at this location?"
369,63,1803,989.9,12,19,"A-only candidate: potential-field edge evidence with no surface expression above threshold. Buried-fault hypothesis: concealed normal fault under basin fill; the confounder to test in Phase 2 is a lithologic contact or basement step of non-tectonic origin. Field check: is there a mapped contact, a paleo-channel, or an intrusive margin at this location?"
370,63,2031,400.0,3,29,"A-only candidate: potential-field edge evidence with no surface expression above threshold. Buried-fault hypothesis: concealed normal fault under basin fill; the confounder to test in Phase 2 is a lithologic contact or basement step of non-tectonic origin. Field check: is there a mapped contact, a paleo-channel, or an intrusive margin at this location?"
371,63,2560,8988.9,7,31,"A-only candidate: potential-field edge evidence with no surface expression above threshold. Buried-fault hypothesis: concealed normal fault under basin fill; the confounder to test in Phase 2 is a lithologic contact or basement step of non-tectonic origin. Field check: is there a mapped contact, a paleo-channel, or an intrusive margin at this location?"
372,64,1790,761.6,26,15,"A-only candidate: potential-field edge evidence with no surface expression above threshold. Buried-fault hypothesis: concealed normal fault under basin fill; the confounder to test in Phase 2 is a lithologic contact or basement step of non-tectonic origin. Field check: is there a mapped contact, a paleo-channel, or an intrusive margin at this location?"
373,64,1793,670.8,22,16,"A-only candidate: potential-field edge evidence with no surface expression above threshold. Buried-fault hypothesis: concealed normal fault under basin fill; the confounder to test in Phase 2 is a lithologic contact or basement step of non-tectonic origin. Field check: is there a mapped contact, a paleo-channel, or an intrusive margin at this location?"
374,64,1796,600.0,18,16,"A-only candidate: potential-field edge evidence with no surface expression above threshold. Buried-fault hypothesis: concealed normal fault under basin fill; the confounder to test in Phase 2 is a lithologic contact or basement step of non-tectonic origin. Field check: is there a mapped contact, a paleo-channel, or an intrusive margin at this location?"
375,64,1808,1303.8,7,22,"A-only candidate: potential-field edge evidence with no surface expression above threshold. Buried-fault hypothesis: concealed normal fault under basin fill; the confounder to test in Phase 2 is a lithologic contact or basement step of non-tectonic origin. Field check: is there a mapped contact, a paleo-channel, or an intrusive margin at this location?"
376,64,2039,1131.4,1,17,"A-only candidate: potential-field edge evidence with no surface expression above threshold. Buried-fault hypothesis: concealed normal fault under basin fill; the confounder to test in Phase 2 is a lithologic contact or basement step of non-tectonic origin. Field check: is there a mapped contact, a paleo-channel, or an intrusive margin at this location?"
377,64,2353,1486.6,8,14,"A-only candidate: potential-field edge evidence with no surface expression above threshold. Buried-fault hypothesis: concealed normal fault under basin fill; the confounder to test in Phase 2 is a lithologic contact or basement step of non-tectonic origin. Field check: is there a mapped contact, a paleo-channel, or an intrusive margin at this location?"
378,65,2563,8987.2,7,22,"A-only candidate: potential-field edge evidence with no surface expression above threshold. Buried-fault hypothesis: concealed normal fault under basin fill; the confounder to test in Phase 2 is a lithologic contact or basement step of non-tectonic origin. Field check: is there a mapped contact, a paleo-channel, or an intrusive margin at this location?"
379,65,3260,5807.8,2,25,"A-only candidate: potential-field edge evidence with no surface expression above threshold. Buried-fault hypothesis: concealed normal fault under basin fill; the confounder to test in Phase 2 is a lithologic contact or basement step of non-tectonic origin. Field check: is there a mapped contact, a paleo-channel, or an intrusive margin at this location?"
380,66,1802,707.1,12,17,"A-only candidate: potential-field edge evidence with no surface expression above threshold. Buried-fault hypothesis: concealed normal fault under basin fill; the confounder to test in Phase 2 is a lithologic contact or basement step of non-tectonic origin. Field check: is there a mapped contact, a paleo-channel, or an intrusive margin at this location?"
381,66,1805,943.4,9,18,"A-only candidate: potential-field edge evidence with no surface expression above threshold. Buried-fault hypothesis: concealed normal fault under basin fill; the confounder to test in Phase 2 is a lithologic contact or basement step of non-tectonic origin. Field check: is there a mapped contact, a paleo-channel, or an intrusive margin at this location?"
382,66,2023,223.6,11,63,"A-only candidate: potential-field edge evidence with no surface expression above threshold. Buried-fault hypothesis: concealed normal fault under basin fill; the confounder to test in Phase 2 is a lithologic contact or basement step of non-tectonic origin. Field check: is there a mapped contact, a paleo-channel, or an intrusive margin at this location?"
383,66,2032,509.9,3,25,"A-only candidate: potential-field edge evidence with no surface expression above threshold. Buried-fault hypothesis: concealed normal fault under basin fill; the confounder to test in Phase 2 is a lithologic contact or basement step of non-tectonic origin. Field check: is there a mapped contact, a paleo-channel, or an intrusive margin at this location?"
384,66,2035,721.1,2,20,"A-only candidate: potential-field edge evidence with no surface expression above threshold. Buried-fault hypothesis: concealed normal fault under basin fill; the confounder to test in Phase 2 is a lithologic contact or basement step of non-tectonic origin. Field check: is there a mapped contact, a paleo-channel, or an intrusive margin at this location?"
385,66,2347,2022.4,9,12,"A-only candidate: potential-field edge evidence with no surface expression above threshold. Buried-fault hypothesis: concealed normal fault under basin fill; the confounder to test in Phase 2 is a lithologic contact or basement step of non-tectonic origin. Field check: is there a mapped contact, a paleo-channel, or an intrusive margin at this location?"
386,66,2350,1726.3,8,12,"A-only candidate: potential-field edge evidence with no surface expression above threshold. Buried-fault hypothesis: concealed normal fault under basin fill; the confounder to test in Phase 2 is a lithologic contact or basement step of non-tectonic origin. Field check: is there a mapped contact, a paleo-channel, or an intrusive margin at this location?"
387,66,2364,400.0,6,5,"A-only candidate: potential-field edge evidence with no surface expression above threshold. Buried-fault hypothesis: concealed normal fault under basin fill; the confounder to test in Phase 2 is a lithologic contact or basement step of non-tectonic origin. Field check: is there a mapped contact, a paleo-channel, or an intrusive margin at this location?"
388,66,2558,8628.4,5,37,"A-only candidate: potential-field edge evidence with no surface expression above threshold. Buried-fault hypothesis: concealed normal fault under basin fill; the confounder to test in Phase 2 is a lithologic contact or basement step of non-tectonic origin. Field check: is there a mapped contact, a paleo-channel, or an intrusive margin at this location?"
389,67,1789,565.7,26,13,"A-only candidate: potential-field edge evidence with no surface expression above threshold. Buried-fault hypothesis: concealed normal fault under basin fill; the confounder to test in Phase 2 is a lithologic contact or basement step of non-tectonic origin. Field check: is there a mapped contact, a paleo-channel, or an intrusive margin at this location?"
390,67,1808,1170.5,7,20,"A-only candidate: potential-field edge evidence with no surface expression above threshold. Buried-fault hypothesis: concealed normal fault under basin fill; the confounder to test in Phase 2 is a lithologic contact or basement step of non-tectonic origin. Field check: is there a mapped contact, a paleo-channel, or an intrusive margin at this location?"
391,68,2354,1303.8,7,7,"A-only candidate: potential-field edge evidence with no surface expression above threshold. Buried-fault hypothesis: concealed normal fault under basin fill; the confounder to test in Phase 2 is a lithologic contact or basement step of non-tectonic origin. Field check: is there a mapped contact, a paleo-channel, or an intrusive margin at this location?"
392,69,1800,360.6,12,16,"A-only candidate: potential-field edge evidence with no surface expression above threshold. Buried-fault hypothesis: concealed normal fault under basin fill; the confounder to test in Phase 2 is a lithologic contact or basement step of non-tectonic origin. Field check: is there a mapped contact, a paleo-channel, or an intrusive margin at this location?"
393,69,1804,728.0,9,16,"A-only candidate: potential-field edge evidence with no surface expression above threshold. Buried-fault hypothesis: concealed normal fault under basin fill; the confounder to test in Phase 2 is a lithologic contact or basement step of non-tectonic origin. Field check: is there a mapped contact, a paleo-channel, or an intrusive margin at this location?"
394,69,2557,8321.7,4,41,"A-only candidate: potential-field edge evidence with no surface expression above threshold. Buried-fault hypothesis: concealed normal fault under basin fill; the confounder to test in Phase 2 is a lithologic contact or basement step of non-tectonic origin. Field check: is there a mapped contact, a paleo-channel, or an intrusive margin at this location?"
395,69,2560,8487.6,5,38,"A-only candidate: potential-field edge evidence with no surface expression above threshold. Buried-fault hypothesis: concealed normal fault under basin fill; the confounder to test in Phase 2 is a lithologic contact or basement step of non-tectonic origin. Field check: is there a mapped contact, a paleo-channel, or an intrusive margin at this location?"
396,69,2563,8660.8,6,27,"A-only candidate: potential-field edge evidence with no surface expression above threshold. Buried-fault hypothesis: concealed normal fault under basin fill; the confounder to test in Phase 2 is a lithologic contact or basement step of non-tectonic origin. Field check: is there a mapped contact, a paleo-channel, or an intrusive margin at this location?"
397,70,1789,412.3,24,12,"A-only candidate: potential-field edge evidence with no surface expression above threshold. Buried-fault hypothesis: concealed normal fault under basin fill; the confounder to test in Phase 2 is a lithologic contact or basement step of non-tectonic origin. Field check: is there a mapped contact, a paleo-channel, or an intrusive margin at this location?"
398,70,2023,0.0,12,65,"A-only candidate: potential-field edge evidence with no surface expression above threshold. Buried-fault hypothesis: concealed normal fault under basin fill; the confounder to test in Phase 2 is a lithologic contact or basement step of non-tectonic origin. Field check: is there a mapped contact, a paleo-channel, or an intrusive margin at this location?"
399,70,2026,100.0,9,64,"A-only candidate: potential-field edge evidence with no surface expression above threshold. Buried-fault hypothesis: concealed normal fault under basin fill; the confounder to test in Phase 2 is a lithologic contact or basement step of non-tectonic origin. Field check: is there a mapped contact, a paleo-channel, or an intrusive margin at this location?"
400,70,2030,200.0,5,36,"A-only candidate: potential-field edge evidence with no surface expression above threshold. Buried-fault hypothesis: concealed normal fault under basin fill; the confounder to test in Phase 2 is a lithologic contact or basement step of non-tectonic origin. Field check: is there a mapped contact, a paleo-channel, or an intrusive margin at this location?"
401,70,2343,2343.1,11,11,"A-only candidate: potential-field edge evidence with no surface expression above threshold. Buried-fault hypothesis: concealed normal fault under basin fill; the confounder to test in Phase 2 is a lithologic contact or basement step of non-tectonic origin. Field check: is there a mapped contact, a paleo-channel, or an intrusive margin at this location?"
402,70,2346,2100.0,10,13,"A-only candidate: potential-field edge evidence with no surface expression above threshold. Buried-fault hypothesis: concealed normal fault under basin fill; the confounder to test in Phase 2 is a lithologic contact or basement step of non-tectonic origin. Field check: is there a mapped contact, a paleo-channel, or an intrusive margin at this location?"
403,70,2351,1600.0,8,10,"A-only candidate: potential-field edge evidence with no surface expression above threshold. Buried-fault hypothesis: concealed normal fault under basin fill; the confounder to test in Phase 2 is a lithologic contact or basement step of non-tectonic origin. Field check: is there a mapped contact, a paleo-channel, or an intrusive margin at this location?"
404,71,1807,1000.0,7,18,"A-only candidate: potential-field edge evidence with no surface expression above threshold. Buried-fault hypothesis: concealed normal fault under basin fill; the confounder to test in Phase 2 is a lithologic contact or basement step of non-tectonic origin. Field check: is there a mapped contact, a paleo-channel, or an intrusive margin at this location?"
405,71,2040,761.6,1,15,"A-only candidate: potential-field edge evidence with no surface expression above threshold. Buried-fault hypothesis: concealed normal fault under basin fill; the confounder to test in Phase 2 is a lithologic contact or basement step of non-tectonic origin. Field check: is there a mapped contact, a paleo-channel, or an intrusive margin at this location?"
406,71,2356,1100.0,7,3,"A-only candidate: potential-field edge evidence with no surface expression above threshold. Buried-fault hypothesis: concealed normal fault under basin fill; the confounder to test in Phase 2 is a lithologic contact or basement step of non-tectonic origin. Field check: is there a mapped contact, a paleo-channel, or an intrusive margin at this location?"
407,71,2364,300.0,6,8,"A-only candidate: potential-field edge evidence with no surface expression above threshold. Buried-fault hypothesis: concealed normal fault under basin fill; the confounder to test in Phase 2 is a lithologic contact or basement step of non-tectonic origin. Field check: is there a mapped contact, a paleo-channel, or an intrusive margin at this location?"
408,71,2367,0.0,5,10,"A-only candidate: potential-field edge evidence with no surface expression above threshold. Buried-fault hypothesis: concealed normal fault under basin fill; the confounder to test in Phase 2 is a lithologic contact or basement step of non-tectonic origin. Field check: is there a mapped contact, a paleo-channel, or an intrusive margin at this location?"
409,72,1799,200.0,12,15,"A-only candidate: potential-field edge evidence with no surface expression above threshold. Buried-fault hypothesis: concealed normal fault under basin fill; the confounder to test in Phase 2 is a lithologic contact or basement step of non-tectonic origin. Field check: is there a mapped contact, a paleo-channel, or an intrusive margin at this location?"
410,72,2359,800.0,6,2,"A-only candidate: potential-field edge evidence with no surface expression above threshold. Buried-fault hypothesis: concealed normal fault under basin fill; the confounder to test in Phase 2 is a lithologic contact or basement step of non-tectonic origin. Field check: is there a mapped contact, a paleo-channel, or an intrusive margin at this location?"
411,72,2559,8184.1,5,42,"A-only candidate: potential-field edge evidence with no surface expression above threshold. Buried-fault hypothesis: concealed normal fault under basin fill; the confounder to test in Phase 2 is a lithologic contact or basement step of non-tectonic origin. Field check: is there a mapped contact, a paleo-channel, or an intrusive margin at this location?"
412,72,2562,8360.0,5,35,"A-only candidate: potential-field edge evidence with no surface expression above threshold. Buried-fault hypothesis: concealed normal fault under basin fill; the confounder to test in Phase 2 is a lithologic contact or basement step of non-tectonic origin. Field check: is there a mapped contact, a paleo-channel, or an intrusive margin at this location?"
413,73,1804,707.1,8,16,"A-only candidate: potential-field edge evidence with no surface expression above threshold. Buried-fault hypothesis: concealed normal fault under basin fill; the confounder to test in Phase 2 is a lithologic contact or basement step of non-tectonic origin. Field check: is there a mapped contact, a paleo-channel, or an intrusive margin at this location?"
414,73,1810,761.6,5,21,"A-only candidate: potential-field edge evidence with no surface expression above threshold. Buried-fault hypothesis: concealed normal fault under basin fill; the confounder to test in Phase 2 is a lithologic contact or basement step of non-tectonic origin. Field check: is there a mapped contact, a paleo-channel, or an intrusive margin at this location?"
415,73,2348,1802.8,10,11,"A-only candidate: potential-field edge evidence with no surface expression above threshold. Buried-fault hypothesis: concealed normal fault under basin fill; the confounder to test in Phase 2 is a lithologic contact or basement step of non-tectonic origin. Field check: is there a mapped contact, a paleo-channel, or an intrusive margin at this location?"
416,73,2351,1552.4,8,8,"A-only candidate: potential-field edge evidence with no surface expression above threshold. Buried-fault hypothesis: concealed normal fault under basin fill; the confounder to test in Phase 2 is a lithologic contact or basement step of non-tectonic origin. Field check: is there a mapped contact, a paleo-channel, or an intrusive margin at this location?"
417,74,1773,2022.4,36,17,"A-only candidate: potential-field edge evidence with no surface expression above threshold. Buried-fault hypothesis: concealed normal fault under basin fill; the confounder to test in Phase 2 is a lithologic contact or basement step of non-tectonic origin. Field check: is there a mapped contact, a paleo-channel, or an intrusive margin at this location?"
418,74,1796,0.0,14,12,"A-only candidate: potential-field edge evidence with no surface expression above threshold. Buried-fault hypothesis: concealed normal fault under basin fill; the confounder to test in Phase 2 is a lithologic contact or basement step of non-tectonic origin. Field check: is there a mapped contact, a paleo-channel, or an intrusive margin at this location?"
419,74,1807,922.0,6,18,"A-only candidate: potential-field edge evidence with no surface expression above threshold. Buried-fault hypothesis: concealed normal fault under basin fill; the confounder to test in Phase 2 is a lithologic contact or basement step of non-tectonic origin. Field check: is there a mapped contact, a paleo-channel, or an intrusive margin at this location?"
420,74,2354,1236.9,8,2,"A-only candidate: potential-field edge evidence with no surface expression above threshold. Buried-fault hypothesis: concealed normal fault under basin fill; the confounder to test in Phase 2 is a lithologic contact or basement step of non-tectonic origin. Field check: is there a mapped contact, a paleo-channel, or an intrusive margin at this location?"
421,74,2365,200.0,5,10,"A-only candidate: potential-field edge evidence with no surface expression above threshold. Buried-fault hypothesis: concealed normal fault under basin fill; the confounder to test in Phase 2 is a lithologic contact or basement step of non-tectonic origin. Field check: is there a mapped contact, a paleo-channel, or an intrusive margin at this location?"
422,75,1791,424.3,18,11,"A-only candidate: potential-field edge evidence with no surface expression above threshold. Buried-fault hypothesis: concealed normal fault under basin fill; the confounder to test in Phase 2 is a lithologic contact or basement step of non-tectonic origin. Field check: is there a mapped contact, a paleo-channel, or an intrusive margin at this location?"
423,75,2344,1910.5,11,12,"A-only candidate: potential-field edge evidence with no surface expression above threshold. Buried-fault hypothesis: concealed normal fault under basin fill; the confounder to test in Phase 2 is a lithologic contact or basement step of non-tectonic origin. Field check: is there a mapped contact, a paleo-channel, or an intrusive margin at this location?"
424,75,2360,632.5,6,4,"A-only candidate: potential-field edge evidence with no surface expression above threshold. Buried-fault hypothesis: concealed normal fault under basin fill; the confounder to test in Phase 2 is a lithologic contact or basement step of non-tectonic origin. Field check: is there a mapped contact, a paleo-channel, or an intrusive margin at this location?"
425,75,2562,8121.6,5,39,"A-only candidate: potential-field edge evidence with no surface expression above threshold. Buried-fault hypothesis: concealed normal fault under basin fill; the confounder to test in Phase 2 is a lithologic contact or basement step of non-tectonic origin. Field check: is there a mapped contact, a paleo-channel, or an intrusive margin at this location?"
426,75,2566,8373.8,6,21,"A-only candidate: potential-field edge evidence with no surface expression above threshold. Buried-fault hypothesis: concealed normal fault under basin fill; the confounder to test in Phase 2 is a lithologic contact or basement step of non-tectonic origin. Field check: is there a mapped contact, a paleo-channel, or an intrusive margin at this location?"
427,76,2027,100.0,9,62,"A-only candidate: potential-field edge evidence with no surface expression above threshold. Buried-fault hypothesis: concealed normal fault under basin fill; the confounder to test in Phase 2 is a lithologic contact or basement step of non-tectonic origin. Field check: is there a mapped contact, a paleo-channel, or an intrusive margin at this location?"
428,76,2030,200.0,6,35,"A-only candidate: potential-field edge evidence with no surface expression above threshold. Buried-fault hypothesis: concealed normal fault under basin fill; the confounder to test in Phase 2 is a lithologic contact or basement step of non-tectonic origin. Field check: is there a mapped contact, a paleo-channel, or an intrusive margin at this location?"
429,77,1775,1897.4,31,13,"A-only candidate: potential-field edge evidence with no surface expression above threshold. Buried-fault hypothesis: concealed normal fault under basin fill; the confounder to test in Phase 2 is a lithologic contact or basement step of non-tectonic origin. Field check: is there a mapped contact, a paleo-channel, or an intrusive margin at this location?"
430,77,1796,100.0,12,11,"A-only candidate: potential-field edge evidence with no surface expression above threshold. Buried-fault hypothesis: concealed normal fault under basin fill; the confounder to test in Phase 2 is a lithologic contact or basement step of non-tectonic origin. Field check: is there a mapped contact, a paleo-channel, or an intrusive margin at this location?"
431,77,1799,141.4,10,14,"A-only candidate: potential-field edge evidence with no surface expression above threshold. Buried-fault hypothesis: concealed normal fault under basin fill; the confounder to test in Phase 2 is a lithologic contact or basement step of non-tectonic origin. Field check: is there a mapped contact, a paleo-channel, or an intrusive margin at this location?"
432,77,1802,412.3,8,15,"A-only candidate: potential-field edge evidence with no surface expression above threshold. Buried-fault hypothesis: concealed normal fault under basin fill; the confounder to test in Phase 2 is a lithologic contact or basement step of non-tectonic origin. Field check: is there a mapped contact, a paleo-channel, or an intrusive margin at this location?"
433,77,1807,670.8,5,17,"A-only candidate: potential-field edge evidence with no surface expression above threshold. Buried-fault hypothesis: concealed normal fault under basin fill; the confounder to test in Phase 2 is a lithologic contact or basement step of non-tectonic origin. Field check: is there a mapped contact, a paleo-channel, or an intrusive margin at this location?"
434,77,2355,1077.0,8,3,"A-only candidate: potential-field edge evidence with no surface expression above threshold. Buried-fault hypothesis: concealed normal fault under basin fill; the confounder to test in Phase 2 is a lithologic contact or basement step of non-tectonic origin. Field check: is there a mapped contact, a paleo-channel, or an intrusive margin at this location?"
435,77,2363,300.0,6,10,"A-only candidate: potential-field edge evidence with no surface expression above threshold. Buried-fault hypothesis: concealed normal fault under basin fill; the confounder to test in Phase 2 is a lithologic contact or basement step of non-tectonic origin. Field check: is there a mapped contact, a paleo-channel, or an intrusive margin at this location?"
436,77,2371,412.3,5,14,"A-only candidate: potential-field edge evidence with no surface expression above threshold. Buried-fault hypothesis: concealed normal fault under basin fill; the confounder to test in Phase 2 is a lithologic contact or basement step of non-tectonic origin. Field check: is there a mapped contact, a paleo-channel, or an intrusive margin at this location?"
437,77,2751,1860.1,3,148,"A-only candidate: potential-field edge evidence with no surface expression above threshold. Buried-fault hypothesis: concealed normal fault under basin fill; the confounder to test in Phase 2 is a lithologic contact or basement step of non-tectonic origin. Field check: is there a mapped contact, a paleo-channel, or an intrusive margin at this location?"
438,78,1790,640.3,17,10,"A-only candidate: potential-field edge evidence with no surface expression above threshold. Buried-fault hypothesis: concealed normal fault under basin fill; the confounder to test in Phase 2 is a lithologic contact or basement step of non-tectonic origin. Field check: is there a mapped contact, a paleo-channel, or an intrusive margin at this location?"
439,78,1793,412.3,14,10,"A-only candidate: potential-field edge evidence with no surface expression above threshold. Buried-fault hypothesis: concealed normal fault under basin fill; the confounder to test in Phase 2 is a lithologic contact or basement step of non-tectonic origin. Field check: is there a mapped contact, a paleo-channel, or an intrusive margin at this location?"
440,78,2037,400.0,3,18,"A-only candidate: potential-field edge evidence with no surface expression above threshold. Buried-fault hypothesis: concealed normal fault under basin fill; the confounder to test in Phase 2 is a lithologic contact or basement step of non-tectonic origin. Field check: is there a mapped contact, a paleo-channel, or an intrusive margin at this location?"
441,78,2347,1486.6,10,9,"A-only candidate: potential-field edge evidence with no surface expression above threshold. Buried-fault hypothesis: concealed normal fault under basin fill; the confounder to test in Phase 2 is a lithologic contact or basement step of non-tectonic origin. Field check: is there a mapped contact, a paleo-channel, or an intrusive margin at this location?"
442,78,2352,1166.2,8,2,"A-only candidate: potential-field edge evidence with no surface expression above threshold. Buried-fault hypothesis: concealed normal fault under basin fill; the confounder to test in Phase 2 is a lithologic contact or basement step of non-tectonic origin. Field check: is there a mapped contact, a paleo-channel, or an intrusive margin at this location?"
443,78,2748,2059.1,4,142,"A-only candidate: potential-field edge evidence with no surface expression above threshold. Buried-fault hypothesis: concealed normal fault under basin fill; the confounder to test in Phase 2 is a lithologic contact or basement step of non-tectonic origin. Field check: is there a mapped contact, a paleo-channel, or an intrusive margin at this location?"
444,79,2027,316.2,9,63,"A-only candidate: potential-field edge evidence with no surface expression above threshold. Buried-fault hypothesis: concealed normal fault under basin fill; the confounder to test in Phase 2 is a lithologic contact or basement step of non-tectonic origin. Field check: is there a mapped contact, a paleo-channel, or an intrusive margin at this location?"
445,79,2030,223.6,6,34,"A-only candidate: potential-field edge evidence with no surface expression above threshold. Buried-fault hypothesis: concealed normal fault under basin fill; the confounder to test in Phase 2 is a lithologic contact or basement step of non-tectonic origin. Field check: is there a mapped contact, a paleo-channel, or an intrusive margin at this location?"
446,79,2033,0.0,5,17,"A-only candidate: potential-field edge evidence with no surface expression above threshold. Buried-fault hypothesis: concealed normal fault under basin fill; the confounder to test in Phase 2 is a lithologic contact or basement step of non-tectonic origin. Field check: is there a mapped contact, a paleo-channel, or an intrusive margin at this location?"
447,79,2195,3228.0,3,19,"A-only candidate: potential-field edge evidence with no surface expression above threshold. Buried-fault hypothesis: concealed normal fault under basin fill; the confounder to test in Phase 2 is a lithologic contact or basement step of non-tectonic origin. Field check: is there a mapped contact, a paleo-channel, or an intrusive margin at this location?"
448,79,2360,538.5,6,9,"A-only candidate: potential-field edge evidence with no surface expression above threshold. Buried-fault hypothesis: concealed normal fault under basin fill; the confounder to test in Phase 2 is a lithologic contact or basement step of non-tectonic origin. Field check: is there a mapped contact, a paleo-channel, or an intrusive margin at this location?"
449,80,1878,5470.8,3,41,"A-only candidate: potential-field edge evidence with no surface expression above threshold. Buried-fault hypothesis: concealed normal fault under basin fill; the confounder to test in Phase 2 is a lithologic contact or basement step of non-tectonic origin. Field check: is there a mapped contact, a paleo-channel, or an intrusive margin at this location?"
450,80,2198,3544.0,2,21,"A-only candidate: potential-field edge evidence with no surface expression above threshold. Buried-fault hypothesis: concealed normal fault under basin fill; the confounder to test in Phase 2 is a lithologic contact or basement step of non-tectonic origin. Field check: is there a mapped contact, a paleo-channel, or an intrusive margin at this location?"
451,80,2344,1612.5,11,14,"A-only candidate: potential-field edge evidence with no surface expression above threshold. Buried-fault hypothesis: concealed normal fault under basin fill; the confounder to test in Phase 2 is a lithologic contact or basement step of non-tectonic origin. Field check: is there a mapped contact, a paleo-channel, or an intrusive margin at this location?"
452,80,2355,854.4,8,5,"A-only candidate: potential-field edge evidence with no surface expression above threshold. Buried-fault hypothesis: concealed normal fault under basin fill; the confounder to test in Phase 2 is a lithologic contact or basement step of non-tectonic origin. Field check: is there a mapped contact, a paleo-channel, or an intrusive margin at this location?"
453,80,2364,141.4,6,13,"A-only candidate: potential-field edge evidence with no surface expression above threshold. Buried-fault hypothesis: concealed normal fault under basin fill; the confounder to test in Phase 2 is a lithologic contact or basement step of non-tectonic origin. Field check: is there a mapped contact, a paleo-channel, or an intrusive margin at this location?"
454,80,2367,100.0,5,13,"A-only candidate: potential-field edge evidence with no surface expression above threshold. Buried-fault hypothesis: concealed normal fault under basin fill; the confounder to test in Phase 2 is a lithologic contact or basement step of non-tectonic origin. Field check: is there a mapped contact, a paleo-channel, or an intrusive margin at this location?"
455,80,2370,400.0,5,13,"A-only candidate: potential-field edge evidence with no surface expression above threshold. Buried-fault hypothesis: concealed normal fault under basin fill; the confounder to test in Phase 2 is a lithologic contact or basement step of non-tectonic origin. Field check: is there a mapped contact, a paleo-channel, or an intrusive margin at this location?"
456,81,877,6100.0,1,45,"A-only candidate: potential-field edge evidence with no surface expression above threshold. Buried-fault hypothesis: concealed normal fault under basin fill; the confounder to test in Phase 2 is a lithologic contact or basement step of non-tectonic origin. Field check: is there a mapped contact, a paleo-channel, or an intrusive margin at this location?"
457,81,1772,2193.2,29,11,"A-only candidate: potential-field edge evidence with no surface expression above threshold. Buried-fault hypothesis: concealed normal fault under basin fill; the confounder to test in Phase 2 is a lithologic contact or basement step of non-tectonic origin. Field check: is there a mapped contact, a paleo-channel, or an intrusive margin at this location?"
458,81,1775,1923.5,27,11,"A-only candidate: potential-field edge evidence with no surface expression above threshold. Buried-fault hypothesis: concealed normal fault under basin fill; the confounder to test in Phase 2 is a lithologic contact or basement step of non-tectonic origin. Field check: is there a mapped contact, a paleo-channel, or an intrusive margin at this location?"
459,81,1794,141.4,12,10,"A-only candidate: potential-field edge evidence with no surface expression above threshold. Buried-fault hypothesis: concealed normal fault under basin fill; the confounder to test in Phase 2 is a lithologic contact or basement step of non-tectonic origin. Field check: is there a mapped contact, a paleo-channel, or an intrusive margin at this location?"
460,81,1800,316.2,8,14,"A-only candidate: potential-field edge evidence with no surface expression above threshold. Buried-fault hypothesis: concealed normal fault under basin fill; the confounder to test in Phase 2 is a lithologic contact or basement step of non-tectonic origin. Field check: is there a mapped contact, a paleo-channel, or an intrusive margin at this location?"
461,81,1804,500.0,6,15,"A-only candidate: potential-field edge evidence with no surface expression above threshold. Buried-fault hypothesis: concealed normal fault under basin fill; the confounder to test in Phase 2 is a lithologic contact or basement step of non-tectonic origin. Field check: is there a mapped contact, a paleo-channel, or an intrusive margin at this location?"
462,81,1884,6072.9,4,43,"A-only candidate: potential-field edge evidence with no surface expression above threshold. Buried-fault hypothesis: concealed normal fault under basin fill; the confounder to test in Phase 2 is a lithologic contact or basement step of non-tectonic origin. Field check: is there a mapped contact, a paleo-channel, or an intrusive margin at this location?"
463,81,2754,1389.2,3,117,"A-only candidate: potential-field edge evidence with no surface expression above threshold. Buried-fault hypothesis: concealed normal fault under basin fill; the confounder to test in Phase 2 is a lithologic contact or basement step of non-tectonic origin. Field check: is there a mapped contact, a paleo-channel, or an intrusive margin at this location?"
464,82,1778,1612.5,24,7,"A-only candidate: potential-field edge evidence with no surface expression above threshold. Buried-fault hypothesis: concealed normal fault under basin fill; the confounder to test in Phase 2 is a lithologic contact or basement step of non-tectonic origin. Field check: is there a mapped contact, a paleo-channel, or an intrusive margin at this location?"
465,82,1790,500.0,14,10,"A-only candidate: potential-field edge evidence with no surface expression above threshold. Buried-fault hypothesis: concealed normal fault under basin fill; the confounder to test in Phase 2 is a lithologic contact or basement step of non-tectonic origin. Field check: is there a mapped contact, a paleo-channel, or an intrusive margin at this location?"
466,82,1889,6580.3,6,29,"A-only candidate: potential-field edge evidence with no surface expression above threshold. Buried-fault hypothesis: concealed normal fault under basin fill; the confounder to test in Phase 2 is a lithologic contact or basement step of non-tectonic origin. Field check: is there a mapped contact, a paleo-channel, or an intrusive margin at this location?"
467,82,2028,300.0,9,55,"A-only candidate: potential-field edge evidence with no surface expression above threshold. Buried-fault hypothesis: concealed normal fault under basin fill; the confounder to test in Phase 2 is a lithologic contact or basement step of non-tectonic origin. Field check: is there a mapped contact, a paleo-channel, or an intrusive margin at this location?"
468,82,2031,0.0,6,24,"A-only candidate: potential-field edge evidence with no surface expression above threshold. Buried-fault hypothesis: concealed normal fault under basin fill; the confounder to test in Phase 2 is a lithologic contact or basement step of non-tectonic origin. Field check: is there a mapped contact, a paleo-channel, or an intrusive margin at this location?"
469,82,2034,282.8,5,15,"A-only candidate: potential-field edge evidence with no surface expression above threshold. Buried-fault hypothesis: concealed normal fault under basin fill; the confounder to test in Phase 2 is a lithologic contact or basement step of non-tectonic origin. Field check: is there a mapped contact, a paleo-channel, or an intrusive margin at this location?"
470,82,2038,583.1,3,19,"A-only candidate: potential-field edge evidence with no surface expression above threshold. Buried-fault hypothesis: concealed normal fault under basin fill; the confounder to test in Phase 2 is a lithologic contact or basement step of non-tectonic origin. Field check: is there a mapped contact, a paleo-channel, or an intrusive margin at this location?"
471,82,2194,3231.1,2,19,"A-only candidate: potential-field edge evidence with no surface expression above threshold. Buried-fault hypothesis: concealed normal fault under basin fill; the confounder to test in Phase 2 is a lithologic contact or basement step of non-tectonic origin. Field check: is there a mapped contact, a paleo-channel, or an intrusive margin at this location?"
472,82,2745,2154.1,5,125,"A-only candidate: potential-field edge evidence with no surface expression above threshold. Buried-fault hypothesis: concealed normal fault under basin fill; the confounder to test in Phase 2 is a lithologic contact or basement step of non-tectonic origin. Field check: is there a mapped contact, a paleo-channel, or an intrusive margin at this location?"
473,82,2748,1878.8,5,147,"A-only candidate: potential-field edge evidence with no surface expression above threshold. Buried-fault hypothesis: concealed normal fault under basin fill; the confounder to test in Phase 2 is a lithologic contact or basement step of non-tectonic origin. Field check: is there a mapped contact, a paleo-channel, or an intrusive margin at this location?"
474,83,1893,6992.1,7,20,"A-only candidate: potential-field edge evidence with no surface expression above threshold. Buried-fault hypothesis: concealed normal fault under basin fill; the confounder to test in Phase 2 is a lithologic contact or basement step of non-tectonic origin. Field check: is there a mapped contact, a paleo-channel, or an intrusive margin at this location?"
475,83,2041,894.4,2,21,"A-only candidate: potential-field edge evidence with no surface expression above threshold. Buried-fault hypothesis: concealed normal fault under basin fill; the confounder to test in Phase 2 is a lithologic contact or basement step of non-tectonic origin. Field check: is there a mapped contact, a paleo-channel, or an intrusive margin at this location?"
476,84,875,5846.4,1,49,"A-only candidate: potential-field edge evidence with no surface expression above threshold. Buried-fault hypothesis: concealed normal fault under basin fill; the confounder to test in Phase 2 is a lithologic contact or basement step of non-tectonic origin. Field check: is there a mapped contact, a paleo-channel, or an intrusive margin at this location?"
477,84,1773,1969.8,25,9,"A-only candidate: potential-field edge evidence with no surface expression above threshold. Buried-fault hypothesis: concealed normal fault under basin fill; the confounder to test in Phase 2 is a lithologic contact or basement step of non-tectonic origin. Field check: is there a mapped contact, a paleo-channel, or an intrusive margin at this location?"
478,84,1798,300.0,8,13,"A-only candidate: potential-field edge evidence with no surface expression above threshold. Buried-fault hypothesis: concealed normal fault under basin fill; the confounder to test in Phase 2 is a lithologic contact or basement step of non-tectonic origin. Field check: is there a mapped contact, a paleo-channel, or an intrusive margin at this location?"
479,84,2045,1300.0,1,22,"A-only candidate: potential-field edge evidence with no surface expression above threshold. Buried-fault hypothesis: concealed normal fault under basin fill; the confounder to test in Phase 2 is a lithologic contact or basement step of non-tectonic origin. Field check: is there a mapped contact, a paleo-channel, or an intrusive margin at this location?"
480,84,2188,2720.3,3,13,"A-only candidate: potential-field edge evidence with no surface expression above threshold. Buried-fault hypothesis: concealed normal fault under basin fill; the confounder to test in Phase 2 is a lithologic contact or basement step of non-tectonic origin. Field check: is there a mapped contact, a paleo-channel, or an intrusive margin at this location?"
481,84,2191,3008.3,2,16,"A-only candidate: potential-field edge evidence with no surface expression above threshold. Buried-fault hypothesis: concealed normal fault under basin fill; the confounder to test in Phase 2 is a lithologic contact or basement step of non-tectonic origin. Field check: is there a mapped contact, a paleo-channel, or an intrusive margin at this location?"
482,85,1777,1565.2,21,7,"A-only candidate: potential-field edge evidence with no surface expression above threshold. Buried-fault hypothesis: concealed normal fault under basin fill; the confounder to test in Phase 2 is a lithologic contact or basement step of non-tectonic origin. Field check: is there a mapped contact, a paleo-channel, or an intrusive margin at this location?"
483,85,1791,400.0,12,10,"A-only candidate: potential-field edge evidence with no surface expression above threshold. Buried-fault hypothesis: concealed normal fault under basin fill; the confounder to test in Phase 2 is a lithologic contact or basement step of non-tectonic origin. Field check: is there a mapped contact, a paleo-channel, or an intrusive margin at this location?"
484,85,2029,223.6,8,43,"A-only candidate: potential-field edge evidence with no surface expression above threshold. Buried-fault hypothesis: concealed normal fault under basin fill; the confounder to test in Phase 2 is a lithologic contact or basement step of non-tectonic origin. Field check: is there a mapped contact, a paleo-channel, or an intrusive margin at this location?"
485,85,2032,0.0,6,17,"A-only candidate: potential-field edge evidence with no surface expression above threshold. Buried-fault hypothesis: concealed normal fault under basin fill; the confounder to test in Phase 2 is a lithologic contact or basement step of non-tectonic origin. Field check: is there a mapped contact, a paleo-channel, or an intrusive margin at this location?"
486,85,2747,1868.2,5,137,"A-only candidate: potential-field edge evidence with no surface expression above threshold. Buried-fault hypothesis: concealed normal fault under basin fill; the confounder to test in Phase 2 is a lithologic contact or basement step of non-tectonic origin. Field check: is there a mapped contact, a paleo-channel, or an intrusive margin at this location?"
487,86,605,7571.0,15,168,"A-only candidate: potential-field edge evidence with no surface expression above threshold. Buried-fault hypothesis: concealed normal fault under basin fill; the confounder to test in Phase 2 is a lithologic contact or basement step of non-tectonic origin. Field check: is there a mapped contact, a paleo-channel, or an intrusive margin at this location?"
488,86,1803,300.0,5,16,"A-only candidate: potential-field edge evidence with no surface expression above threshold. Buried-fault hypothesis: concealed normal fault under basin fill; the confounder to test in Phase 2 is a lithologic contact or basement step of non-tectonic origin. Field check: is there a mapped contact, a paleo-channel, or an intrusive margin at this location?"
489,86,1806,0.0,4,17,"A-only candidate: potential-field edge evidence with no surface expression above threshold. Buried-fault hypothesis: concealed normal fault under basin fill; the confounder to test in Phase 2 is a lithologic contact or basement step of non-tectonic origin. Field check: is there a mapped contact, a paleo-channel, or an intrusive margin at this location?"
490,86,1887,6519.2,5,39,"A-only candidate: potential-field edge evidence with no surface expression above threshold. Buried-fault hypothesis: concealed normal fault under basin fill; the confounder to test in Phase 2 is a lithologic contact or basement step of non-tectonic origin. Field check: is there a mapped contact, a paleo-channel, or an intrusive margin at this location?"
491,86,1892,6989.3,7,27,"A-only candidate: potential-field edge evidence with no surface expression above threshold. Buried-fault hypothesis: concealed normal fault under basin fill; the confounder to test in Phase 2 is a lithologic contact or basement step of non-tectonic origin. Field check: is there a mapped contact, a paleo-channel, or an intrusive margin at this location?"
492,86,1895,7273.2,8,23,"A-only candidate: potential-field edge evidence with no surface expression above threshold. Buried-fault hypothesis: concealed normal fault under basin fill; the confounder to test in Phase 2 is a lithologic contact or basement step of non-tectonic origin. Field check: is there a mapped contact, a paleo-channel, or an intrusive margin at this location?"
493,86,2038,600.0,3,17,"A-only candidate: potential-field edge evidence with no surface expression above threshold. Buried-fault hypothesis: concealed normal fault under basin fill; the confounder to test in Phase 2 is a lithologic contact or basement step of non-tectonic origin. Field check: is there a mapped contact, a paleo-channel, or an intrusive margin at this location?"
494,86,2041,894.4,2,21,"A-only candidate: potential-field edge evidence with no surface expression above threshold. Buried-fault hypothesis: concealed normal fault under basin fill; the confounder to test in Phase 2 is a lithologic contact or basement step of non-tectonic origin. Field check: is there a mapped contact, a paleo-channel, or an intrusive margin at this location?"
495,86,2744,1802.8,6,130,"A-only candidate: potential-field edge evidence with no surface expression above threshold. Buried-fault hypothesis: concealed normal fault under basin fill; the confounder to test in Phase 2 is a lithologic contact or basement step of non-tectonic origin. Field check: is there a mapped contact, a paleo-channel, or an intrusive margin at this location?"
496,86,2751,1456.0,4,126,"A-only candidate: potential-field edge evidence with no surface expression above threshold. Buried-fault hypothesis: concealed normal fault under basin fill; the confounder to test in Phase 2 is a lithologic contact or basement step of non-tectonic origin. Field check: is there a mapped contact, a paleo-channel, or an intrusive margin at this location?"
497,87,2023,854.4,15,65,"A-only candidate: potential-field edge evidence with no surface expression above threshold. Buried-fault hypothesis: concealed normal fault under basin fill; the confounder to test in Phase 2 is a lithologic contact or basement step of non-tectonic origin. Field check: is there a mapped contact, a paleo-channel, or an intrusive margin at this location?"
498,87,2026,583.1,12,64,"A-only candidate: potential-field edge evidence with no surface expression above threshold. Buried-fault hypothesis: concealed normal fault under basin fill; the confounder to test in Phase 2 is a lithologic contact or basement step of non-tectonic origin. Field check: is there a mapped contact, a paleo-channel, or an intrusive margin at this location?"
499,87,2035,300.0,5,14,"A-only candidate: potential-field edge evidence with no surface expression above threshold. Buried-fault hypothesis: concealed normal fault under basin fill; the confounder to test in Phase 2 is a lithologic contact or basement step of non-tectonic origin. Field check: is there a mapped contact, a paleo-channel, or an intrusive margin at this location?"
500,87,2162,538.5,4,5,"A-only candidate: potential-field edge evidence with no surface expression above threshold. Buried-fault hypothesis: concealed normal fault under basin fill; the confounder to test in Phase 2 is a lithologic contact or basement step of non-tectonic origin. Field check: is there a mapped contact, a paleo-channel, or an intrusive margin at this location?"
501,87,2184,2459.7,3,8,"A-only candidate: potential-field edge evidence with no surface expression above threshold. Buried-fault hypothesis: concealed normal fault under basin fill; the confounder to test in Phase 2 is a lithologic contact or basement step of non-tectonic origin. Field check: is there a mapped contact, a paleo-channel, or an intrusive margin at this location?"
502,87,2187,2731.3,2,10,"A-only candidate: potential-field edge evidence with no surface expression above threshold. Buried-fault hypothesis: concealed normal fault under basin fill; the confounder to test in Phase 2 is a lithologic contact or basement step of non-tectonic origin. Field check: is there a mapped contact, a paleo-channel, or an intrusive margin at this location?"
503,87,2738,1529.7,8,112,"A-only candidate: potential-field edge evidence with no surface expression above threshold. Buried-fault hypothesis: concealed normal fault under basin fill; the confounder to test in Phase 2 is a lithologic contact or basement step of non-tectonic origin. Field check: is there a mapped contact, a paleo-channel, or an intrusive margin at this location?"
504,87,2741,1615.5,7,128,"A-only candidate: potential-field edge evidence with no surface expression above threshold. Buried-fault hypothesis: concealed normal fault under basin fill; the confounder to test in Phase 2 is a lithologic contact or basement step of non-tectonic origin. Field check: is there a mapped contact, a paleo-channel, or an intrusive margin at this location?"
505,88,1778,1341.6,18,5,"A-only candidate: potential-field edge evidence with no surface expression above threshold. Buried-fault hypothesis: concealed normal fault under basin fill; the confounder to test in Phase 2 is a lithologic contact or basement step of non-tectonic origin. Field check: is there a mapped contact, a paleo-channel, or an intrusive margin at this location?"
506,88,1800,509.9,6,16,"A-only candidate: potential-field edge evidence with no surface expression above threshold. Buried-fault hypothesis: concealed normal fault under basin fill; the confounder to test in Phase 2 is a lithologic contact or basement step of non-tectonic origin. Field check: is there a mapped contact, a paleo-channel, or an intrusive margin at this location?"
507,88,2030,200.0,8,30,"A-only candidate: potential-field edge evidence with no surface expression above threshold. Buried-fault hypothesis: concealed normal fault under basin fill; the confounder to test in Phase 2 is a lithologic contact or basement step of non-tectonic origin. Field check: is there a mapped contact, a paleo-channel, or an intrusive margin at this location?"
508,89,448,7465.3,10,28,"A-only candidate: potential-field edge evidence with no surface expression above threshold. Buried-fault hypothesis: concealed normal fault under basin fill; the confounder to test in Phase 2 is a lithologic contact or basement step of non-tectonic origin. Field check: is there a mapped contact, a paleo-channel, or an intrusive margin at this location?"
509,89,451,7657.7,8,49,"A-only candidate: potential-field edge evidence with no surface expression above threshold. Buried-fault hypothesis: concealed normal fault under basin fill; the confounder to test in Phase 2 is a lithologic contact or basement step of non-tectonic origin. Field check: is there a mapped contact, a paleo-channel, or an intrusive margin at this location?"
510,89,461,8345.1,4,113,"A-only candidate: potential-field edge evidence with no surface expression above threshold. Buried-fault hypothesis: concealed normal fault under basin fill; the confounder to test in Phase 2 is a lithologic contact or basement step of non-tectonic origin. Field check: is there a mapped contact, a paleo-channel, or an intrusive margin at this location?"
511,89,464,8563.3,3,89,"A-only candidate: potential-field edge evidence with no surface expression above threshold. Buried-fault hypothesis: concealed normal fault under basin fill; the confounder to test in Phase 2 is a lithologic contact or basement step of non-tectonic origin. Field check: is there a mapped contact, a paleo-channel, or an intrusive margin at this location?"
512,89,467,8786.4,2,17,"A-only candidate: potential-field edge evidence with no surface expression above threshold. Buried-fault hypothesis: concealed normal fault under basin fill; the confounder to test in Phase 2 is a lithologic contact or basement step of non-tectonic origin. Field check: is there a mapped contact, a paleo-channel, or an intrusive margin at this location?"
513,89,475,9402.1,2,84,"A-only candidate: potential-field edge evidence with no surface expression above threshold. Buried-fault hypothesis: concealed normal fault under basin fill; the confounder to test in Phase 2 is a lithologic contact or basement step of non-tectonic origin. Field check: is there a mapped contact, a paleo-channel, or an intrusive margin at this location?"
514,89,490,10623.1,5,115,"A-only candidate: potential-field edge evidence with no surface expression above threshold. Buried-fault hypothesis: concealed normal fault under basin fill; the confounder to test in Phase 2 is a lithologic contact or basement step of non-tectonic origin. Field check: is there a mapped contact, a paleo-channel, or an intrusive margin at this location?"
515,89,494,10960.4,6,122,"A-only candidate: potential-field edge evidence with no surface expression above threshold. Buried-fault hypothesis: concealed normal fault under basin fill; the confounder to test in Phase 2 is a lithologic contact or basement step of non-tectonic origin. Field check: is there a mapped contact, a paleo-channel, or an intrusive margin at this location?"
516,89,1775,1456.0,19,6,"A-only candidate: potential-field edge evidence with no surface expression above threshold. Buried-fault hypothesis: concealed normal fault under basin fill; the confounder to test in Phase 2 is a lithologic contact or basement step of non-tectonic origin. Field check: is there a mapped contact, a paleo-channel, or an intrusive margin at this location?"
517,89,1794,100.0,8,11,"A-only candidate: potential-field edge evidence with no surface expression above threshold. Buried-fault hypothesis: concealed normal fault under basin fill; the confounder to test in Phase 2 is a lithologic contact or basement step of non-tectonic origin. Field check: is there a mapped contact, a paleo-channel, or an intrusive margin at this location?"
518,89,1805,316.2,4,18,"A-only candidate: potential-field edge evidence with no surface expression above threshold. Buried-fault hypothesis: concealed normal fault under basin fill; the confounder to test in Phase 2 is a lithologic contact or basement step of non-tectonic origin. Field check: is there a mapped contact, a paleo-channel, or an intrusive margin at this location?"
519,89,1895,7373.6,7,28,"A-only candidate: potential-field edge evidence with no surface expression above threshold. Buried-fault hypothesis: concealed normal fault under basin fill; the confounder to test in Phase 2 is a lithologic contact or basement step of non-tectonic origin. Field check: is there a mapped contact, a paleo-channel, or an intrusive margin at this location?"
520,89,2040,707.1,3,19,"A-only candidate: potential-field edge evidence with no surface expression above threshold. Buried-fault hypothesis: concealed normal fault under basin fill; the confounder to test in Phase 2 is a lithologic contact or basement step of non-tectonic origin. Field check: is there a mapped contact, a paleo-channel, or an intrusive margin at this location?"
521,89,2745,1565.2,7,126,"A-only candidate: potential-field edge evidence with no surface expression above threshold. Buried-fault hypothesis: concealed normal fault under basin fill; the confounder to test in Phase 2 is a lithologic contact or basement step of non-tectonic origin. Field check: is there a mapped contact, a paleo-channel, or an intrusive margin at this location?"
522,89,2751,1341.6,5,109,"A-only candidate: potential-field edge evidence with no surface expression above threshold. Buried-fault hypothesis: concealed normal fault under basin fill; the confounder to test in Phase 2 is a lithologic contact or basement step of non-tectonic origin. Field check: is there a mapped contact, a paleo-channel, or an intrusive margin at this location?"
523,90,484,10068.8,4,87,"A-only candidate: potential-field edge evidence with no surface expression above threshold. Buried-fault hypothesis: concealed normal fault under basin fill; the confounder to test in Phase 2 is a lithologic contact or basement step of non-tectonic origin. Field check: is there a mapped contact, a paleo-channel, or an intrusive margin at this location?"
524,90,497,11164.7,7,109,"A-only candidate: potential-field edge evidence with no surface expression above threshold. Buried-fault hypothesis: concealed normal fault under basin fill; the confounder to test in Phase 2 is a lithologic contact or basement step of non-tectonic origin. Field check: is there a mapped contact, a paleo-channel, or an intrusive margin at this location?"
525,90,1791,100.0,9,10,"A-only candidate: potential-field edge evidence with no surface expression above threshold. Buried-fault hypothesis: concealed normal fault under basin fill; the confounder to test in Phase 2 is a lithologic contact or basement step of non-tectonic origin. Field check: is there a mapped contact, a paleo-channel, or an intrusive margin at this location?"
526,90,1797,360.6,6,13,"A-only candidate: potential-field edge evidence with no surface expression above threshold. Buried-fault hypothesis: concealed normal fault under basin fill; the confounder to test in Phase 2 is a lithologic contact or basement step of non-tectonic origin. Field check: is there a mapped contact, a paleo-channel, or an intrusive margin at this location?"
527,90,2024,806.2,15,63,"A-only candidate: potential-field edge evidence with no surface expression above threshold. Buried-fault hypothesis: concealed normal fault under basin fill; the confounder to test in Phase 2 is a lithologic contact or basement step of non-tectonic origin. Field check: is there a mapped contact, a paleo-channel, or an intrusive margin at this location?"
528,90,2027,509.9,12,56,"A-only candidate: potential-field edge evidence with no surface expression above threshold. Buried-fault hypothesis: concealed normal fault under basin fill; the confounder to test in Phase 2 is a lithologic contact or basement step of non-tectonic origin. Field check: is there a mapped contact, a paleo-channel, or an intrusive margin at this location?"
529,90,2034,100.0,6,14,"A-only candidate: potential-field edge evidence with no surface expression above threshold. Buried-fault hypothesis: concealed normal fault under basin fill; the confounder to test in Phase 2 is a lithologic contact or basement step of non-tectonic origin. Field check: is there a mapped contact, a paleo-channel, or an intrusive margin at this location?"
530,90,2037,400.0,5,15,"A-only candidate: potential-field edge evidence with no surface expression above threshold. Buried-fault hypothesis: concealed normal fault under basin fill; the confounder to test in Phase 2 is a lithologic contact or basement step of non-tectonic origin. Field check: is there a mapped contact, a paleo-channel, or an intrusive margin at this location?"
531,90,2161,509.9,4,8,"A-only candidate: potential-field edge evidence with no surface expression above threshold. Buried-fault hypothesis: concealed normal fault under basin fill; the confounder to test in Phase 2 is a lithologic contact or basement step of non-tectonic origin. Field check: is there a mapped contact, a paleo-channel, or an intrusive margin at this location?"
532,90,2186,2773.1,2,9,"A-only candidate: potential-field edge evidence with no surface expression above threshold. Buried-fault hypothesis: concealed normal fault under basin fill; the confounder to test in Phase 2 is a lithologic contact or basement step of non-tectonic origin. Field check: is there a mapped contact, a paleo-channel, or an intrusive margin at this location?"
533,90,2741,1334.2,8,134,"A-only candidate: potential-field edge evidence with no surface expression above threshold. Buried-fault hypothesis: concealed normal fault under basin fill; the confounder to test in Phase 2 is a lithologic contact or basement step of non-tectonic origin. Field check: is there a mapped contact, a paleo-channel, or an intrusive margin at this location?"
534,91,472,9042.7,2,81,"A-only candidate: potential-field edge evidence with no surface expression above threshold. Buried-fault hypothesis: concealed normal fault under basin fill; the confounder to test in Phase 2 is a lithologic contact or basement step of non-tectonic origin. Field check: is there a mapped contact, a paleo-channel, or an intrusive margin at this location?"
535,91,478,9521.0,3,109,"A-only candidate: potential-field edge evidence with no surface expression above threshold. Buried-fault hypothesis: concealed normal fault under basin fill; the confounder to test in Phase 2 is a lithologic contact or basement step of non-tectonic origin. Field check: is there a mapped contact, a paleo-channel, or an intrusive margin at this location?"
536,91,481,9765.2,3,116,"A-only candidate: potential-field edge evidence with no surface expression above threshold. Buried-fault hypothesis: concealed normal fault under basin fill; the confounder to test in Phase 2 is a lithologic contact or basement step of non-tectonic origin. Field check: is there a mapped contact, a paleo-channel, or an intrusive margin at this location?"
537,91,487,10262.6,5,36,"A-only candidate: potential-field edge evidence with no surface expression above threshold. Buried-fault hypothesis: concealed normal fault under basin fill; the confounder to test in Phase 2 is a lithologic contact or basement step of non-tectonic origin. Field check: is there a mapped contact, a paleo-channel, or an intrusive margin at this location?"
538,91,603,7679.2,16,174,"A-only candidate: potential-field edge evidence with no surface expression above threshold. Buried-fault hypothesis: concealed normal fault under basin fill; the confounder to test in Phase 2 is a lithologic contact or basement step of non-tectonic origin. Field check: is there a mapped contact, a paleo-channel, or an intrusive margin at this location?"
539,91,1778,1204.2,16,5,"A-only candidate: potential-field edge evidence with no surface expression above threshold. Buried-fault hypothesis: concealed normal fault under basin fill; the confounder to test in Phase 2 is a lithologic contact or basement step of non-tectonic origin. Field check: is there a mapped contact, a paleo-channel, or an intrusive margin at this location?"
540,91,1800,640.3,5,16,"A-only candidate: potential-field edge evidence with no surface expression above threshold. Buried-fault hypothesis: concealed normal fault under basin fill; the confounder to test in Phase 2 is a lithologic contact or basement step of non-tectonic origin. Field check: is there a mapped contact, a paleo-channel, or an intrusive margin at this location?"
541,91,2031,200.0,8,20,"A-only candidate: potential-field edge evidence with no surface expression above threshold. Buried-fault hypothesis: concealed normal fault under basin fill; the confounder to test in Phase 2 is a lithologic contact or basement step of non-tectonic origin. Field check: is there a mapped contact, a paleo-channel, or an intrusive margin at this location?"
542,91,2048,1500.0,1,28,"A-only candidate: potential-field edge evidence with no surface expression above threshold. Buried-fault hypothesis: concealed normal fault under basin fill; the confounder to test in Phase 2 is a lithologic contact or basement step of non-tectonic origin. Field check: is there a mapped contact, a paleo-channel, or an intrusive margin at this location?"
543,91,2156,141.4,5,13,"A-only candidate: potential-field edge evidence with no surface expression above threshold. Buried-fault hypothesis: concealed normal fault under basin fill; the confounder to test in Phase 2 is a lithologic contact or basement step of non-tectonic origin. Field check: is there a mapped contact, a paleo-channel, or an intrusive margin at this location?"
544,91,2183,2555.4,2,8,"A-only candidate: potential-field edge evidence with no surface expression above threshold. Buried-fault hypothesis: concealed normal fault under basin fill; the confounder to test in Phase 2 is a lithologic contact or basement step of non-tectonic origin. Field check: is there a mapped contact, a paleo-channel, or an intrusive margin at this location?"
545,92,434,6414.0,20,96,"A-only candidate: potential-field edge evidence with no surface expression above threshold. Buried-fault hypothesis: concealed normal fault under basin fill; the confounder to test in Phase 2 is a lithologic contact or basement step of non-tectonic origin. Field check: is there a mapped contact, a paleo-channel, or an intrusive margin at this location?"
546,92,448,7234.6,10,38,"A-only candidate: potential-field edge evidence with no surface expression above threshold. Buried-fault hypothesis: concealed normal fault under basin fill; the confounder to test in Phase 2 is a lithologic contact or basement step of non-tectonic origin. Field check: is there a mapped contact, a paleo-channel, or an intrusive margin at this location?"
547,92,451,7433.0,8,61,"A-only candidate: potential-field edge evidence with no surface expression above threshold. Buried-fault hypothesis: concealed normal fault under basin fill; the confounder to test in Phase 2 is a lithologic contact or basement step of non-tectonic origin. Field check: is there a mapped contact, a paleo-channel, or an intrusive margin at this location?"
548,92,460,8066.0,4,118,"A-only candidate: potential-field edge evidence with no surface expression above threshold. Buried-fault hypothesis: concealed normal fault under basin fill; the confounder to test in Phase 2 is a lithologic contact or basement step of non-tectonic origin. Field check: is there a mapped contact, a paleo-channel, or an intrusive margin at this location?"
549,92,464,8363.0,3,93,"A-only candidate: potential-field edge evidence with no surface expression above threshold. Buried-fault hypothesis: concealed normal fault under basin fill; the confounder to test in Phase 2 is a lithologic contact or basement step of non-tectonic origin. Field check: is there a mapped contact, a paleo-channel, or an intrusive margin at this location?"
550,92,490,10462.3,6,114,"A-only candidate: potential-field edge evidence with no surface expression above threshold. Buried-fault hypothesis: concealed normal fault under basin fill; the confounder to test in Phase 2 is a lithologic contact or basement step of non-tectonic origin. Field check: is there a mapped contact, a paleo-channel, or an intrusive margin at this location?"
551,92,494,10804.6,6,124,"A-only candidate: potential-field edge evidence with no surface expression above threshold. Buried-fault hypothesis: concealed normal fault under basin fill; the confounder to test in Phase 2 is a lithologic contact or basement step of non-tectonic origin. Field check: is there a mapped contact, a paleo-channel, or an intrusive margin at this location?"
552,92,1642,141.4,25,56,"A-only candidate: potential-field edge evidence with no surface expression above threshold. Buried-fault hypothesis: concealed normal fault under basin fill; the confounder to test in Phase 2 is a lithologic contact or basement step of non-tectonic origin. Field check: is there a mapped contact, a paleo-channel, or an intrusive margin at this location?"
553,92,1645,360.6,26,69,"A-only candidate: potential-field edge evidence with no surface expression above threshold. Buried-fault hypothesis: concealed normal fault under basin fill; the confounder to test in Phase 2 is a lithologic contact or basement step of non-tectonic origin. Field check: is there a mapped contact, a paleo-channel, or an intrusive margin at this location?"
554,92,2142,860.2,6,17,"A-only candidate: potential-field edge evidence with no surface expression above threshold. Buried-fault hypothesis: concealed normal fault under basin fill; the confounder to test in Phase 2 is a lithologic contact or basement step of non-tectonic origin. Field check: is there a mapped contact, a paleo-channel, or an intrusive margin at this location?"
555,92,2152,141.4,5,15,"A-only candidate: potential-field edge evidence with no surface expression above threshold. Buried-fault hypothesis: concealed normal fault under basin fill; the confounder to test in Phase 2 is a lithologic contact or basement step of non-tectonic origin. Field check: is there a mapped contact, a paleo-channel, or an intrusive margin at this location?"
556,92,2442,3342.2,0,8,"A-only candidate: potential-field edge evidence with no surface expression above threshold. Buried-fault hypothesis: concealed normal fault under basin fill; the confounder to test in Phase 2 is a lithologic contact or basement step of non-tectonic origin. Field check: is there a mapped contact, a paleo-channel, or an intrusive margin at this location?"
557,93,599,8050.5,21,131,"A-only candidate: potential-field edge evidence with no surface expression above threshold. Buried-fault hypothesis: concealed normal fault under basin fill; the confounder to test in Phase 2 is a lithologic contact or basement step of non-tectonic origin. Field check: is there a mapped contact, a paleo-channel, or an intrusive margin at this location?"
558,93,1788,223.6,9,9,"A-only candidate: potential-field edge evidence with no surface expression above threshold. Buried-fault hypothesis: concealed normal fault under basin fill; the confounder to test in Phase 2 is a lithologic contact or basement step of non-tectonic origin. Field check: is there a mapped contact, a paleo-channel, or an intrusive margin at this location?"
559,93,1794,282.8,6,12,"A-only candidate: potential-field edge evidence with no surface expression above threshold. Buried-fault hypothesis: concealed normal fault under basin fill; the confounder to test in Phase 2 is a lithologic contact or basement step of non-tectonic origin. Field check: is there a mapped contact, a paleo-channel, or an intrusive margin at this location?"
560,93,1797,538.5,5,14,"A-only candidate: potential-field edge evidence with no surface expression above threshold. Buried-fault hypothesis: concealed normal fault under basin fill; the confounder to test in Phase 2 is a lithologic contact or basement step of non-tectonic origin. Field check: is there a mapped contact, a paleo-channel, or an intrusive margin at this location?"
561,93,2026,600.0,14,57,"A-only candidate: potential-field edge evidence with no surface expression above threshold. Buried-fault hypothesis: concealed normal fault under basin fill; the confounder to test in Phase 2 is a lithologic contact or basement step of non-tectonic origin. Field check: is there a mapped contact, a paleo-channel, or an intrusive margin at this location?"
562,93,2036,316.2,6,14,"A-only candidate: potential-field edge evidence with no surface expression above threshold. Buried-fault hypothesis: concealed normal fault under basin fill; the confounder to test in Phase 2 is a lithologic contact or basement step of non-tectonic origin. Field check: is there a mapped contact, a paleo-channel, or an intrusive margin at this location?"
563,93,2045,1204.2,2,24,"A-only candidate: potential-field edge evidence with no surface expression above threshold. Buried-fault hypothesis: concealed normal fault under basin fill; the confounder to test in Phase 2 is a lithologic contact or basement step of non-tectonic origin. Field check: is there a mapped contact, a paleo-channel, or an intrusive margin at this location?"
564,93,2145,565.7,5,17,"A-only candidate: potential-field edge evidence with no surface expression above threshold. Buried-fault hypothesis: concealed normal fault under basin fill; the confounder to test in Phase 2 is a lithologic contact or basement step of non-tectonic origin. Field check: is there a mapped contact, a paleo-channel, or an intrusive margin at this location?"
565,93,2148,360.6,5,18,"A-only candidate: potential-field edge evidence with no surface expression above threshold. Buried-fault hypothesis: concealed normal fault under basin fill; the confounder to test in Phase 2 is a lithologic contact or basement step of non-tectonic origin. Field check: is there a mapped contact, a paleo-channel, or an intrusive margin at this location?"
566,93,2744,1166.2,8,126,"A-only candidate: potential-field edge evidence with no surface expression above threshold. Buried-fault hypothesis: concealed normal fault under basin fill; the confounder to test in Phase 2 is a lithologic contact or basement step of non-tectonic origin. Field check: is there a mapped contact, a paleo-channel, or an intrusive margin at this location?"
567,94,473,8940.4,2,95,"A-only candidate: potential-field edge evidence with no surface expression above threshold. Buried-fault hypothesis: concealed normal fault under basin fill; the confounder to test in Phase 2 is a lithologic contact or basement step of non-tectonic origin. Field check: is there a mapped contact, a paleo-channel, or an intrusive margin at this location?"
568,94,476,9183.7,3,105,"A-only candidate: potential-field edge evidence with no surface expression above threshold. Buried-fault hypothesis: concealed normal fault under basin fill; the confounder to test in Phase 2 is a lithologic contact or basement step of non-tectonic origin. Field check: is there a mapped contact, a paleo-channel, or an intrusive margin at this location?"
569,94,480,9513.1,3,120,"A-only candidate: potential-field edge evidence with no surface expression above threshold. Buried-fault hypothesis: concealed normal fault under basin fill; the confounder to test in Phase 2 is a lithologic contact or basement step of non-tectonic origin. Field check: is there a mapped contact, a paleo-channel, or an intrusive margin at this location?"
570,94,483,9763.7,4,109,"A-only candidate: potential-field edge evidence with no surface expression above threshold. Buried-fault hypothesis: concealed normal fault under basin fill; the confounder to test in Phase 2 is a lithologic contact or basement step of non-tectonic origin. Field check: is there a mapped contact, a paleo-channel, or an intrusive margin at this location?"
571,94,1800,848.5,4,17,"A-only candidate: potential-field edge evidence with no surface expression above threshold. Buried-fault hypothesis: concealed normal fault under basin fill; the confounder to test in Phase 2 is a lithologic contact or basement step of non-tectonic origin. Field check: is there a mapped contact, a paleo-channel, or an intrusive margin at this location?"
572,94,2029,300.0,11,35,"A-only candidate: potential-field edge evidence with no surface expression above threshold. Buried-fault hypothesis: concealed normal fault under basin fill; the confounder to test in Phase 2 is a lithologic contact or basement step of non-tectonic origin. Field check: is there a mapped contact, a paleo-channel, or an intrusive margin at this location?"
573,94,2033,100.0,8,13,"A-only candidate: potential-field edge evidence with no surface expression above threshold. Buried-fault hypothesis: concealed normal fault under basin fill; the confounder to test in Phase 2 is a lithologic contact or basement step of non-tectonic origin. Field check: is there a mapped contact, a paleo-channel, or an intrusive margin at this location?"
574,94,2041,824.6,4,22,"A-only candidate: potential-field edge evidence with no surface expression above threshold. Buried-fault hypothesis: concealed normal fault under basin fill; the confounder to test in Phase 2 is a lithologic contact or basement step of non-tectonic origin. Field check: is there a mapped contact, a paleo-channel, or an intrusive margin at this location?"
575,94,2102,1019.8,1,10,"A-only candidate: potential-field edge evidence with no surface expression above threshold. Buried-fault hypothesis: concealed normal fault under basin fill; the confounder to test in Phase 2 is a lithologic contact or basement step of non-tectonic origin. Field check: is there a mapped contact, a paleo-channel, or an intrusive margin at this location?"
576,94,2183,2400.0,2,8,"A-only candidate: potential-field edge evidence with no surface expression above threshold. Buried-fault hypothesis: concealed normal fault under basin fill; the confounder to test in Phase 2 is a lithologic contact or basement step of non-tectonic origin. Field check: is there a mapped contact, a paleo-channel, or an intrusive margin at this location?"
577,94,2186,2418.7,2,9,"A-only candidate: potential-field edge evidence with no surface expression above threshold. Buried-fault hypothesis: concealed normal fault under basin fill; the confounder to test in Phase 2 is a lithologic contact or basement step of non-tectonic origin. Field check: is there a mapped contact, a paleo-channel, or an intrusive margin at this location?"
578,95,448,7009.3,10,54,"A-only candidate: potential-field edge evidence with no surface expression above threshold. Buried-fault hypothesis: concealed normal fault under basin fill; the confounder to test in Phase 2 is a lithologic contact or basement step of non-tectonic origin. Field check: is there a mapped contact, a paleo-channel, or an intrusive margin at this location?"
579,95,458,7715.6,4,114,"A-only candidate: potential-field edge evidence with no surface expression above threshold. Buried-fault hypothesis: concealed normal fault under basin fill; the confounder to test in Phase 2 is a lithologic contact or basement step of non-tectonic origin. Field check: is there a mapped contact, a paleo-channel, or an intrusive margin at this location?"
580,95,469,8560.4,2,81,"A-only candidate: potential-field edge evidence with no surface expression above threshold. Buried-fault hypothesis: concealed normal fault under basin fill; the confounder to test in Phase 2 is a lithologic contact or basement step of non-tectonic origin. Field check: is there a mapped contact, a paleo-channel, or an intrusive margin at this location?"
581,95,1776,854.4,13,5,"A-only candidate: potential-field edge evidence with no surface expression above threshold. Buried-fault hypothesis: concealed normal fault under basin fill; the confounder to test in Phase 2 is a lithologic contact or basement step of non-tectonic origin. Field check: is there a mapped contact, a paleo-channel, or an intrusive margin at this location?"
582,95,1779,800.0,12,6,"A-only candidate: potential-field edge evidence with no surface expression above threshold. Buried-fault hypothesis: concealed normal fault under basin fill; the confounder to test in Phase 2 is a lithologic contact or basement step of non-tectonic origin. Field check: is there a mapped contact, a paleo-channel, or an intrusive margin at this location?"
583,95,2050,1726.3,1,39,"A-only candidate: potential-field edge evidence with no surface expression above threshold. Buried-fault hypothesis: concealed normal fault under basin fill; the confounder to test in Phase 2 is a lithologic contact or basement step of non-tectonic origin. Field check: is there a mapped contact, a paleo-channel, or an intrusive margin at this location?"
584,95,2132,1565.2,5,2,"A-only candidate: potential-field edge evidence with no surface expression above threshold. Buried-fault hypothesis: concealed normal fault under basin fill; the confounder to test in Phase 2 is a lithologic contact or basement step of non-tectonic origin. Field check: is there a mapped contact, a paleo-channel, or an intrusive margin at this location?"
585,95,2135,1300.0,6,11,"A-only candidate: potential-field edge evidence with no surface expression above threshold. Buried-fault hypothesis: concealed normal fault under basin fill; the confounder to test in Phase 2 is a lithologic contact or basement step of non-tectonic origin. Field check: is there a mapped contact, a paleo-channel, or an intrusive margin at this location?"
586,95,2138,1029.6,6,13,"A-only candidate: potential-field edge evidence with no surface expression above threshold. Buried-fault hypothesis: concealed normal fault under basin fill; the confounder to test in Phase 2 is a lithologic contact or basement step of non-tectonic origin. Field check: is there a mapped contact, a paleo-channel, or an intrusive margin at this location?"
587,95,2141,781.0,6,16,"A-only candidate: potential-field edge evidence with no surface expression above threshold. Buried-fault hypothesis: concealed normal fault under basin fill; the confounder to test in Phase 2 is a lithologic contact or basement step of non-tectonic origin. Field check: is there a mapped contact, a paleo-channel, or an intrusive margin at this location?"
588,95,2440,3467.0,0,19,"A-only candidate: potential-field edge evidence with no surface expression above threshold. Buried-fault hypothesis: concealed normal fault under basin fill; the confounder to test in Phase 2 is a lithologic contact or basement step of non-tectonic origin. Field check: is there a mapped contact, a paleo-channel, or an intrusive margin at this location?"
589,96,490,10257.7,6,89,"A-only candidate: potential-field edge evidence with no surface expression above threshold. Buried-fault hypothesis: concealed normal fault under basin fill; the confounder to test in Phase 2 is a lithologic contact or basement step of non-tectonic origin. Field check: is there a mapped contact, a paleo-channel, or an intrusive margin at this location?"
590,96,1797,670.8,4,15,"A-only candidate: potential-field edge evidence with no surface expression above threshold. Buried-fault hypothesis: concealed normal fault under basin fill; the confounder to test in Phase 2 is a lithologic contact or basement step of non-tectonic origin. Field check: is there a mapped contact, a paleo-channel, or an intrusive margin at this location?"
591,96,2146,316.2,5,17,"A-only candidate: potential-field edge evidence with no surface expression above threshold. Buried-fault hypothesis: concealed normal fault under basin fill; the confounder to test in Phase 2 is a lithologic contact or basement step of non-tectonic origin. Field check: is there a mapped contact, a paleo-channel, or an intrusive margin at this location?"
592,96,2443,3720.2,0,11,"A-only candidate: potential-field edge evidence with no surface expression above threshold. Buried-fault hypothesis: concealed normal fault under basin fill; the confounder to test in Phase 2 is a lithologic contact or basement step of non-tectonic origin. Field check: is there a mapped contact, a paleo-channel, or an intrusive margin at this location?"
593,97,445,6660.3,13,20,"A-only candidate: potential-field edge evidence with no surface expression above threshold. Buried-fault hypothesis: concealed normal fault under basin fill; the confounder to test in Phase 2 is a lithologic contact or basement step of non-tectonic origin. Field check: is there a mapped contact, a paleo-channel, or an intrusive margin at this location?"
594,97,487,9947.9,6,9,"A-only candidate: potential-field edge evidence with no surface expression above threshold. Buried-fault hypothesis: concealed normal fault under basin fill; the confounder to test in Phase 2 is a lithologic contact or basement step of non-tectonic origin. Field check: is there a mapped contact, a paleo-channel, or an intrusive margin at this location?"
595,97,505,11539.5,9,114,"A-only candidate: potential-field edge evidence with no surface expression above threshold. Buried-fault hypothesis: concealed normal fault under basin fill; the confounder to test in Phase 2 is a lithologic contact or basement step of non-tectonic origin. Field check: is there a mapped contact, a paleo-channel, or an intrusive margin at this location?"
596,97,1395,3312.1,6,44,"A-only candidate: potential-field edge evidence with no surface expression above threshold. Buried-fault hypothesis: concealed normal fault under basin fill; the confounder to test in Phase 2 is a lithologic contact or basement step of non-tectonic origin. Field check: is there a mapped contact, a paleo-channel, or an intrusive margin at this location?"
597,97,1773,806.2,13,5,"A-only candidate: potential-field edge evidence with no surface expression above threshold. Buried-fault hypothesis: concealed normal fault under basin fill; the confounder to test in Phase 2 is a lithologic contact or basement step of non-tectonic origin. Field check: is there a mapped contact, a paleo-channel, or an intrusive margin at this location?"
598,97,1784,412.3,8,8,"A-only candidate: potential-field edge evidence with no surface expression above threshold. Buried-fault hypothesis: concealed normal fault under basin fill; the confounder to test in Phase 2 is a lithologic contact or basement step of non-tectonic origin. Field check: is there a mapped contact, a paleo-channel, or an intrusive margin at this location?"
599,97,1793,316.2,5,13,"A-only candidate: potential-field edge evidence with no surface expression above threshold. Buried-fault hypothesis: concealed normal fault under basin fill; the confounder to test in Phase 2 is a lithologic contact or basement step of non-tectonic origin. Field check: is there a mapped contact, a paleo-channel, or an intrusive margin at this location?"
